country,restart,loss,form_base,marry_share_of_form,cohab_to_marr,dissolve_cohab,dissolve_marr,kappa_floor,kappa_mid,kappa_steep,form_tilt,period_depth,period_mid,period_steep
CRI,1,1.674006,0.160000,0.300000,0.050000,0.060000,0.015000,0.300000,1990.000000,0.150000,0.005000,0.000000,2018.000000,0.800000
CRI,1,3.683294,0.260447,0.300000,0.050000,0.060000,0.015000,0.300000,1990.000000,0.150000,0.005000,0.000000,2018.000000,0.800000
CRI,1,1.643198,0.160000,0.468328,0.050000,0.060000,0.015000,0.300000,1990.000000,0.150000,0.005000,0.000000,2018.000000,0.800000
CRI,1,1.729004,0.160000,0.300000,0.092403,0.060000,0.015000,0.300000,1990.000000,0.150000,0.005000,0.000000,2018.000000,0.800000
CRI,1,1.068348,0.160000,0.300000,0.050000,0.103183,0.015000,0.300000,1990.000000,0.150000,0.005000,0.000000,2018.000000,0.800000
CRI,1,1.657710,0.160000,0.300000,0.050000,0.060000,0.028199,0.300000,1990.000000,0.150000,0.005000,0.000000,2018.000000,0.800000
CRI,1,1.613609,0.160000,0.300000,0.050000,0.060000,0.015000,0.484914,1990.000000,0.150000,0.005000,0.000000,2018.000000,0.800000
CRI,1,1.595349,0.160000,0.300000,0.050000,0.060000,0.015000,0.300000,1998.763349,0.150000,0.005000,0.000000,2018.000000,0.800000
CRI,1,1.794983,0.160000,0.300000,0.050000,0.060000,0.015000,0.300000,1990.000000,0.282313,0.005000,0.000000,2018.000000,0.800000
CRI,1,1.275411,0.160000,0.300000,0.050000,0.060000,0.015000,0.300000,1990.000000,0.150000,0.023119,0.000000,2018.000000,0.800000
CRI,1,1.674006,0.160000,0.300000,0.050000,0.060000,0.015000,0.300000,1990.000000,0.150000,0.005000,0.000000,2018.000000,0.800000
CRI,1,1.674006,0.160000,0.300000,0.050000,0.060000,0.015000,0.300000,1990.000000,0.150000,0.005000,0.000000,2022.406683,0.800000
CRI,1,1.674006,0.160000,0.300000,0.050000,0.060000,0.015000,0.300000,1990.000000,0.150000,0.005000,0.000000,2018.000000,1.322631
CRI,1,0.291302,0.092549,0.326047,0.055805,0.066289,0.016780,0.328074,1991.664246,0.167328,0.008273,0.000000,2018.839901,0.876985
CRI,1,0.140171,0.055010,0.339486,0.058897,0.069587,0.017732,0.342634,1992.469867,0.176655,0.009885,0.000000,2019.245965,0.917236
CRI,1,0.864996,0.133651,0.332734,0.057335,0.067925,0.017251,0.335312,1992.069392,0.079411,0.009082,0.000000,2019.044152,0.896968
CRI,1,0.822364,0.129645,0.338356,0.026160,0.069308,0.017651,0.341408,1992.403452,0.138748,0.009751,0.000000,2019.212502,0.913839
CRI,1,0.675567,0.125108,0.344970,0.047468,0.070943,0.018127,0.348590,1992.788980,0.136952,0.010528,0.000000,2019.406718,0.474740
CRI,1,0.568112,0.120002,0.352757,0.047057,0.072880,0.018695,0.357063,1993.232883,0.134884,0.011428,0.000000,2013.434105,0.786529
CRI,1,0.499893,0.114296,0.361933,0.046580,0.075178,0.019375,0.367070,1993.742540,0.132509,0.012468,0.000000,2018.127445,0.784300
CRI,1,0.376684,0.107973,0.372752,0.046029,0.077911,0.020191,0.378900,1994.325614,0.129790,0.013666,0.000000,2018.148614,0.781705
CRI,1,0.443971,0.101041,0.385513,0.045393,0.081167,0.009555,0.392898,1994.989717,0.126684,0.015043,0.000000,2018.173284,0.778685
CRI,1,0.149067,0.093539,0.222892,0.044660,0.085052,0.017753,0.409470,1995.741902,0.123152,0.016619,0.000000,2018.202031,0.775172
CRI,1,0.135404,0.085544,0.356591,0.043817,0.089696,0.018248,0.231762,1996.587894,0.119153,0.018411,0.000000,2018.235519,0.771089
CRI,1,0.199834,0.063271,0.386464,0.040971,0.106718,0.020067,0.147666,1999.273502,0.106139,0.024245,0.000000,2018.352308,0.756919
CRI,1,0.058182,0.077185,0.366453,0.042850,0.095250,0.018840,0.383134,1986.509020,0.114648,0.020434,0.000000,2018.274522,0.766344
CRI,1,0.294436,0.054954,0.401686,0.039607,0.115542,0.021026,0.428045,1979.224941,0.100177,0.026883,0.000000,2018.410453,0.749906
CRI,1,0.211553,0.068644,0.378083,0.041745,0.101889,0.019549,0.397910,1995.735552,0.109605,0.001148,0.000000,2018.319933,0.760836
CRI,1,0.096179,0.060155,0.391801,0.040486,0.058869,0.020401,0.415404,1996.580781,0.104001,0.019427,0.000000,2018.372785,0.754446
CRI,1,0.148860,0.062807,0.366407,0.032913,0.089949,0.018337,0.389688,1995.548793,0.204112,0.017458,0.000000,2017.174893,0.648873
CRI,1,0.371150,0.057773,0.365322,0.072382,0.092026,0.018039,0.391463,1995.745030,0.125702,0.018066,0.000000,2016.630884,0.598634
CRI,1,0.271089,0.053094,0.361959,0.044988,0.093885,0.017550,0.391184,1995.866691,0.125548,0.018553,0.000000,2015.916901,1.146885
CRI,1,0.305631,0.048834,0.355618,0.045045,0.095381,0.016829,0.388120,1995.885328,0.125962,0.018865,0.000000,2021.669412,0.780861
CRI,1,0.377653,0.045039,0.345472,0.045254,0.096328,0.015835,0.381383,1995.763465,0.127145,0.018935,0.000000,2018.369526,0.782510
CRI,1,0.367883,0.044212,0.316663,0.046415,0.092377,0.032027,0.354041,1994.688848,0.133071,0.017150,0.000000,2018.356713,0.788787
CRI,1,0.242134,0.098230,0.350359,0.046753,0.076925,0.023566,0.360664,1993.690198,0.133599,0.012834,0.000000,2018.158193,0.785986
CRI,1,0.398201,0.041478,0.320270,0.046088,0.095057,0.019156,0.360085,1995.062964,0.131512,0.018034,0.000000,2018.380585,0.787510
CRI,1,0.151699,0.082956,0.359316,0.046044,0.082042,0.019929,0.374157,1994.511993,0.130218,0.014783,0.000000,2018.206847,0.783153
CRI,1,0.097202,0.076688,0.326330,0.025827,0.079119,0.021754,0.345224,1993.384064,0.136580,0.013062,0.000000,2020.010286,1.048762
CRI,1,0.581682,0.117319,0.377333,0.038336,0.076689,0.010630,0.380710,1994.280408,0.129587,0.013337,0.000000,2018.712022,0.855803
CRI,1,0.184915,0.054834,0.331381,0.044273,0.088324,0.025036,0.360626,1994.587351,0.132191,0.016215,0.000000,2018.446149,0.805188
CRI,1,0.340806,0.105788,0.333330,0.039418,0.072941,0.023141,0.342521,1992.768204,0.137994,0.011010,0.000000,2014.127657,0.868551
CRI,1,0.169931,0.058251,0.349987,0.043579,0.089502,0.018266,0.376484,1995.141571,0.128872,0.016980,0.000000,2020.063562,0.802181
CRI,1,0.263770,0.097392,0.325298,0.039257,0.073607,0.022393,0.337325,1992.655031,0.139049,0.011069,0.000000,2020.911452,0.531448
CRI,1,0.113936,0.083027,0.334297,0.040628,0.078440,0.021099,0.350440,1993.494461,0.135549,0.013006,0.000000,2019.792506,0.653930
CRI,1,0.195329,0.051466,0.333874,0.036838,0.090489,0.016286,0.365221,1994.884767,0.131000,0.016944,0.000000,2019.256491,0.786598
CRI,1,0.041459,0.068070,0.300852,0.040504,0.065489,0.019215,0.324388,1992.612766,0.164173,0.028495,0.000000,2019.255475,0.816802
CRI,1,0.062491,0.067786,0.265746,0.039895,0.050788,0.019050,0.290563,1990.921144,0.199993,0.037205,0.000000,2019.704250,0.845835
CRI,1,0.211744,0.098084,0.337366,0.046523,0.071179,0.023502,0.348483,1993.154180,0.142906,0.017552,0.000000,2018.318684,0.795333
CRI,1,0.112736,0.059769,0.334745,0.039083,0.085440,0.017904,0.361002,1994.462582,0.133885,0.017096,0.000000,2019.026661,0.788775
CRI,1,0.182403,0.092564,0.340446,0.037960,0.072676,0.014287,0.353066,1993.446072,0.141923,0.018408,0.000000,2019.228953,0.774221
CRI,1,0.096036,0.080713,0.338169,0.039462,0.076434,0.016549,0.354949,1993.735883,0.139428,0.017867,0.000000,2019.036507,0.781882
CRI,1,0.177839,0.091566,0.320176,0.037938,0.069627,0.019626,0.334245,1992.606763,0.147474,0.017808,0.000000,2017.339166,0.773821
CRI,1,0.108106,0.064894,0.342419,0.042107,0.084290,0.018599,0.365703,1994.530025,0.133301,0.017188,0.000000,2019.421837,0.795023
CRI,1,0.066669,0.061322,0.308690,0.035298,0.076830,0.017773,0.335106,1993.284161,0.146526,0.020278,0.000000,2019.477567,0.794674
CRI,1,0.157434,0.051711,0.482779,0.035011,0.072683,0.019955,0.292066,1991.486110,0.159361,0.019155,0.000000,2019.685327,0.806104
CRI,1,0.073263,0.079985,0.278369,0.042059,0.081863,0.018285,0.378380,1994.739210,0.131391,0.017263,0.000000,2018.584568,0.782825
CRI,1,0.086765,0.078458,0.303508,0.049265,0.067144,0.019323,0.307568,1991.556760,0.088596,0.018307,0.000000,2020.774070,0.980260
CRI,1,0.124710,0.096771,0.323024,0.026174,0.086672,0.020251,0.346172,1994.591619,0.091635,0.026086,0.000000,2019.166003,0.707012
CRI,1,0.062241,0.062599,0.301435,0.033073,0.066525,0.020034,0.503092,1989.754110,0.130516,0.020046,0.000000,2020.262439,0.833110
CRI,1,0.125606,0.052497,0.330198,0.056395,0.066014,0.018014,0.389505,1991.272476,0.179291,0.010192,0.000000,2019.581364,0.928579
CRI,1,0.067964,0.082368,0.324810,0.031962,0.081218,0.019673,0.356787,1993.795847,0.108482,0.022541,0.000000,2019.270879,0.758445
CRI,1,0.075631,0.060027,0.317441,0.035680,0.073944,0.017055,0.386129,1992.502191,0.117244,0.025242,0.000000,2018.855698,1.018179
CRI,1,0.096121,0.083484,0.314167,0.036549,0.065772,0.019979,0.379451,1991.120005,0.116106,0.023067,0.000000,2019.602405,0.894382
CRI,1,0.106553,0.079787,0.302291,0.033066,0.063924,0.019475,0.376973,1990.441208,0.113959,0.023899,0.000000,2019.242434,0.904846
CRI,1,0.068502,0.075698,0.312080,0.035152,0.068703,0.019253,0.374141,1991.510263,0.118520,0.022307,0.000000,2019.287476,0.876506
CRI,1,0.071900,0.067266,0.315407,0.055566,0.066852,0.016229,0.403284,1991.372565,0.108605,0.028472,0.000000,2018.495240,0.653724
CRI,1,0.115629,0.088112,0.246582,0.038255,0.090201,0.016707,0.332193,1986.574806,0.143611,0.024781,0.000000,2020.139180,0.902152
CRI,1,0.067471,0.065942,0.352409,0.039918,0.065955,0.019424,0.393882,1994.359229,0.112760,0.020824,0.000000,2018.832389,0.789667
CRI,1,0.102036,0.060906,0.321609,0.042962,0.081908,0.016992,0.368541,1993.258066,0.128088,0.020901,0.000000,2018.820939,0.745211
CRI,1,0.067703,0.076981,0.316019,0.038071,0.069610,0.019197,0.376711,1991.666914,0.118995,0.022535,0.000000,2019.410606,0.855342
CRI,1,0.062096,0.062383,0.294736,0.039593,0.069682,0.020985,0.397180,1990.236813,0.103836,0.026462,0.000000,2019.455857,0.866787
CRI,1,0.087779,0.061740,0.327344,0.030290,0.079633,0.018283,0.466193,1992.285940,0.167466,0.027317,0.000000,2017.304983,0.669791
CRI,1,0.052701,0.073792,0.309376,0.043774,0.070148,0.019058,0.344512,1991.740456,0.103930,0.020734,0.000000,2019.977327,0.895124
CRI,1,0.095124,0.083852,0.311838,0.043592,0.071891,0.021046,0.373973,1991.204674,0.124332,0.019941,0.000000,2019.586496,0.626135
CRI,1,0.058459,0.065069,0.316035,0.037533,0.073428,0.017993,0.383075,1992.182267,0.118978,0.023977,0.000000,2019.041474,0.908014
CRI,1,0.063599,0.060687,0.360139,0.036310,0.063316,0.019623,0.382469,1988.243541,0.109107,0.028416,0.000000,2019.912590,0.849638
CRI,1,0.083397,0.070547,0.327689,0.024986,0.077215,0.022665,0.354787,1991.394378,0.132096,0.017178,0.000000,2020.216680,1.043634
CRI,1,0.052505,0.068067,0.318455,0.045923,0.069359,0.017685,0.390923,1991.378019,0.114061,0.025934,0.000000,2018.943154,0.739450
CRI,1,0.077625,0.061773,0.332190,0.042229,0.075345,0.018964,0.386108,1991.234104,0.120297,0.024676,0.000000,2019.415355,0.769201
CRI,1,0.054346,0.071870,0.317047,0.036819,0.070329,0.019180,0.377118,1991.441411,0.118962,0.022912,0.000000,2019.319544,0.848782
CRI,1,0.071177,0.055981,0.318023,0.047319,0.061781,0.018476,0.407558,1988.352545,0.133433,0.024514,0.000000,2019.439837,0.904595
CRI,1,0.050119,0.074499,0.323107,0.035330,0.076064,0.019368,0.369213,1992.508420,0.114252,0.023043,0.000000,2019.313290,0.793326
CRI,1,0.084151,0.059231,0.328038,0.039464,0.073688,0.018967,0.385704,1990.808745,0.120850,0.024600,0.000000,2019.284082,0.793739
CRI,1,0.051174,0.071967,0.319002,0.038415,0.070616,0.019139,0.378951,1991.454158,0.119456,0.023061,0.000000,2019.379071,0.839646
CRI,1,0.068748,0.069817,0.287831,0.037393,0.078430,0.018698,0.366246,1987.302398,0.128752,0.026498,0.000000,2019.932658,0.868312
CRI,1,0.058964,0.066884,0.335651,0.039274,0.068952,0.019240,0.386896,1992.716645,0.116565,0.022316,0.000000,2019.114703,0.808849
CRI,1,0.053673,0.076439,0.334612,0.042986,0.066171,0.020677,0.436355,1988.441119,0.095298,0.027260,0.000000,2019.245995,0.865478
CRI,1,0.076730,0.080440,0.281310,0.042998,0.080575,0.018919,0.395157,1993.487736,0.125217,0.018620,0.000000,2018.674673,0.812352
CRI,1,0.050727,0.064978,0.339526,0.037892,0.067394,0.019445,0.385626,1989.615432,0.112931,0.026190,0.000000,2019.612304,0.840210
CRI,1,0.053448,0.078325,0.344597,0.048063,0.077130,0.018433,0.270473,1992.090576,0.102168,0.028164,0.000000,2018.167326,0.829775
CRI,1,0.092683,0.081753,0.360597,0.041704,0.075026,0.017184,0.340089,1991.933656,0.128081,0.022367,0.000000,2018.825982,0.791194
CRI,1,0.050579,0.066623,0.310566,0.040112,0.070996,0.019981,0.382549,1990.667734,0.109432,0.025479,0.000000,2019.300661,0.847449
CRI,1,0.048623,0.075924,0.314021,0.042187,0.076150,0.018906,0.349110,1989.041086,0.112914,0.026996,0.000000,2019.204132,0.854833
CRI,1,0.066047,0.080220,0.333230,0.044959,0.072019,0.020365,0.347231,1989.079308,0.109662,0.025964,0.000000,2019.303473,0.751757
CRI,1,0.047829,0.068493,0.320291,0.039285,0.073074,0.018565,0.373967,1991.428414,0.116578,0.024484,0.000000,2019.107366,0.867076
CRI,1,0.055660,0.066217,0.278318,0.038849,0.050924,0.019418,0.345708,1995.135390,0.114122,0.029597,0.000000,2020.151548,0.909558
CRI,1,0.045109,0.068764,0.299144,0.039819,0.060404,0.019272,0.354897,1993.163972,0.114254,0.027521,0.000000,2019.703213,0.872210
CRI,1,0.046965,0.070488,0.321587,0.045734,0.069970,0.019090,0.347866,1990.962829,0.109244,0.028253,0.000000,2019.226129,0.826898
CRI,1,0.053837,0.065493,0.302301,0.039648,0.074940,0.017442,0.282092,1994.155474,0.139457,0.024215,0.000000,2019.296472,0.804481
CRI,1,0.044565,0.073500,0.326377,0.042130,0.068301,0.019829,0.395017,1989.946669,0.104821,0.026523,0.000000,2019.258629,0.849946
CRI,1,0.048534,0.063343,0.290159,0.034537,0.062824,0.019833,0.474566,1990.346080,0.130667,0.022897,0.000000,2020.466344,0.842812
CRI,1,0.052631,0.065404,0.320913,0.036572,0.068111,0.019316,0.409986,1990.473868,0.133441,0.030217,0.000000,2018.805237,0.772037
CRI,1,0.048877,0.067381,0.318008,0.038271,0.068616,0.019251,0.393183,1990.794276,0.125373,0.028084,0.000000,2019.106498,0.801641
CRI,1,0.056825,0.070721,0.311723,0.033728,0.068767,0.021070,0.362962,1990.746641,0.123548,0.026017,0.000000,2019.874154,0.944018
CRI,1,0.046049,0.068719,0.316765,0.042572,0.069211,0.018489,0.383852,1991.221117,0.116363,0.025955,0.000000,2019.181134,0.787397
CRI,1,0.052398,0.066401,0.310814,0.041160,0.067301,0.019394,0.375531,1990.629627,0.117457,0.029090,0.000000,2019.419567,0.826555
CRI,1,0.048130,0.070521,0.316945,0.039086,0.069778,0.019203,0.378095,1991.249630,0.118953,0.024666,0.000000,2019.389205,0.836360
CRI,1,0.050083,0.074624,0.287727,0.041934,0.070925,0.019049,0.367694,1992.680825,0.125317,0.025974,0.000000,2019.145393,0.825362
CRI,1,0.047699,0.074127,0.311644,0.039925,0.067315,0.018384,0.368261,1992.015969,0.132260,0.026756,0.000000,2019.434627,0.814630
CRI,1,0.044390,0.066246,0.297501,0.046124,0.061289,0.018808,0.381421,1990.064158,0.129822,0.029495,0.000000,2019.442242,0.873480
CRI,1,0.046918,0.064865,0.335259,0.039595,0.064393,0.019084,0.385276,1989.425213,0.119068,0.027462,0.000000,2019.655371,0.848166
CRI,1,0.047972,0.071297,0.306858,0.043607,0.065910,0.018855,0.358736,1991.154213,0.117996,0.025199,0.000000,2019.782239,0.880883
CRI,1,0.045616,0.062770,0.309602,0.039800,0.057543,0.019191,0.405000,1993.145962,0.131963,0.026047,0.000000,2019.783040,0.830803
CRI,1,0.049987,0.075081,0.337736,0.049509,0.069201,0.018186,0.278921,1992.393670,0.114226,0.030243,0.000000,2018.332700,0.840699
CRI,1,0.048218,0.066042,0.301685,0.037863,0.064381,0.019411,0.421910,1990.868131,0.126353,0.024884,0.000000,2019.961342,0.842284
CRI,1,0.045107,0.071904,0.325488,0.045337,0.067570,0.018588,0.323201,1991.892230,0.118136,0.028559,0.000000,2018.893339,0.841227
CRI,1,0.040764,0.067528,0.311407,0.045041,0.061939,0.018689,0.354930,1991.624249,0.125342,0.029354,0.000000,2019.402852,0.847991
CRI,1,0.041583,0.066093,0.308658,0.048289,0.058248,0.018436,0.343606,1991.810154,0.128660,0.031444,0.000000,2019.409671,0.853847
CRI,1,0.048468,0.066211,0.322347,0.040617,0.064986,0.019006,0.373550,1991.796059,0.127635,0.029536,0.000000,2018.934153,0.799392
CRI,1,0.050054,0.069980,0.310692,0.042843,0.065678,0.018893,0.362414,1991.315696,0.120336,0.026338,0.000000,2019.574579,0.860013
CRI,1,0.041243,0.067799,0.306104,0.042722,0.063698,0.018951,0.339482,1992.122049,0.143529,0.028928,0.000000,2019.329336,0.832297
CRI,1,0.045774,0.066883,0.304409,0.045580,0.061614,0.018748,0.368069,1990.851605,0.127563,0.029425,0.000000,2019.422560,0.860673
CRI,1,0.042987,0.070434,0.318846,0.043565,0.065070,0.019252,0.374744,1990.793946,0.114628,0.027971,0.000000,2019.330906,0.848968
CRI,1,0.043937,0.069673,0.318407,0.045189,0.064715,0.018638,0.338873,1991.758488,0.121687,0.028959,0.000000,2019.150067,0.844605
CRI,1,0.040205,0.068143,0.305241,0.042363,0.061168,0.018979,0.354914,1992.403027,0.119672,0.028452,0.000000,2019.553791,0.860044
CRI,1,0.042201,0.065092,0.310504,0.042353,0.059713,0.018939,0.379622,1992.393804,0.128611,0.027744,0.000000,2019.594173,0.839368
CRI,1,0.041085,0.068120,0.314080,0.043792,0.065510,0.018589,0.369266,1991.423219,0.120771,0.027700,0.000000,2019.292380,0.817306
CRI,1,0.040959,0.066179,0.323222,0.042245,0.063158,0.018886,0.369966,1990.538781,0.122166,0.028423,0.000000,2019.529644,0.848078
CRI,1,0.046036,0.068988,0.316476,0.045386,0.065876,0.018889,0.351389,1991.294956,0.117021,0.028809,0.000000,2019.314738,0.837399
CRI,1,0.040489,0.070731,0.311525,0.042419,0.064591,0.018536,0.361567,1991.820643,0.128756,0.028082,0.000000,2019.418747,0.831197
CRI,1,0.047021,0.068008,0.315832,0.042081,0.067361,0.018627,0.364392,1991.526460,0.120882,0.027009,0.000000,2019.255790,0.857499
CRI,1,0.043272,0.069380,0.309128,0.044319,0.063904,0.018772,0.356831,1991.389956,0.121615,0.027343,0.000000,2019.593767,0.864334
CRI,1,0.039618,0.068434,0.309024,0.045439,0.059586,0.019018,0.355374,1991.551738,0.127376,0.029804,0.000000,2019.565922,0.831210
CRI,1,0.040591,0.068648,0.305651,0.047199,0.055937,0.019216,0.350904,1991.564371,0.130749,0.031104,0.000000,2019.718618,0.818274
CRI,1,0.038148,0.067375,0.307158,0.042138,0.059953,0.018776,0.369122,1991.824019,0.133438,0.028238,0.000000,2019.549552,0.850165
CRI,1,0.040896,0.066587,0.302556,0.040588,0.057132,0.018720,0.378135,1992.085688,0.142455,0.027949,0.000000,2019.665597,0.856596
CRI,1,0.041818,0.069585,0.319751,0.041406,0.063853,0.018921,0.352591,1992.413643,0.123348,0.027390,0.000000,2019.463834,0.825373
CRI,1,0.041834,0.066786,0.305941,0.041161,0.060642,0.019080,0.384716,1991.633719,0.129593,0.027616,0.000000,2019.781587,0.837978
CRI,1,0.042146,0.066643,0.314631,0.041464,0.060887,0.018996,0.370750,1992.039872,0.131049,0.029260,0.000000,2019.375419,0.814385
CRI,1,0.037991,0.065066,0.304294,0.041840,0.059102,0.018479,0.352277,1992.816078,0.142121,0.028873,0.000000,2019.644793,0.823588
CRI,1,0.038568,0.062583,0.297158,0.040999,0.056264,0.018101,0.341291,1993.782333,0.158113,0.029313,0.000000,2019.799263,0.811094
CRI,1,0.042152,0.070401,0.311503,0.042953,0.064314,0.018710,0.343128,1991.308425,0.128851,0.029274,0.000000,2019.390982,0.830435
CRI,1,0.042006,0.069023,0.311253,0.042802,0.063143,0.018767,0.352089,1991.582838,0.128791,0.028899,0.000000,2019.442036,0.832662
CRI,1,0.038998,0.069142,0.306842,0.044100,0.063478,0.018616,0.348625,1991.593085,0.126087,0.027696,0.000000,2019.620464,0.858879
CRI,1,0.044272,0.066775,0.309457,0.042942,0.061269,0.018818,0.366612,1992.051676,0.127846,0.027869,0.000000,2019.584295,0.844571
CRI,1,0.040334,0.068452,0.310804,0.042837,0.062671,0.018780,0.355694,1991.700619,0.128554,0.028644,0.000000,2019.477727,0.835629
CRI,1,0.042247,0.069298,0.315622,0.044936,0.064133,0.018459,0.330138,1992.012428,0.126884,0.029307,0.000000,2019.188166,0.838835
CRI,1,0.037150,0.067403,0.308346,0.042079,0.061502,0.018923,0.370710,1991.728770,0.128911,0.028047,0.000000,2019.635428,0.838192
CRI,1,0.043633,0.066165,0.300052,0.044793,0.060529,0.018615,0.364325,1991.106647,0.134284,0.029621,0.000000,2019.540350,0.853751
CRI,1,0.040294,0.068709,0.314763,0.042232,0.063011,0.018844,0.355507,1992.091359,0.125998,0.027964,0.000000,2019.483000,0.832406
CRI,2,3.555342,0.204509,0.538972,0.059197,0.206587,0.043884,0.805921,1994.393543,1.055666,0.007707,0.000000,2003.500931,0.639711
CRI,2,5.828002,0.315447,0.538972,0.059197,0.206587,0.043884,0.805921,1994.393543,1.055666,0.007707,0.000000,2003.500931,0.639711
CRI,2,5.894613,0.204509,0.690435,0.059197,0.206587,0.043884,0.805921,1994.393543,1.055666,0.007707,0.000000,2003.500931,0.639711
CRI,2,4.502435,0.204509,0.538972,0.106090,0.206587,0.043884,0.805921,1994.393543,1.055666,0.007707,0.000000,2003.500931,0.639711
CRI,2,3.633270,0.204509,0.538972,0.059197,0.228431,0.043884,0.805921,1994.393543,1.055666,0.007707,0.000000,2003.500931,0.639711
CRI,2,2.823316,0.204509,0.538972,0.059197,0.206587,0.063509,0.805921,1994.393543,1.055666,0.007707,0.000000,2003.500931,0.639711
CRI,2,3.892113,0.204509,0.538972,0.059197,0.206587,0.043884,0.902241,1994.393543,1.055666,0.007707,0.000000,2003.500931,0.639711
CRI,2,4.053624,0.204509,0.538972,0.059197,0.206587,0.043884,0.805921,2001.688919,1.055666,0.007707,0.000000,2003.500931,0.639711
CRI,2,3.567696,0.204509,0.538972,0.059197,0.206587,0.043884,0.805921,1994.393543,1.130505,0.007707,0.000000,2003.500931,0.639711
CRI,2,3.206845,0.204509,0.538972,0.059197,0.206587,0.043884,0.805921,1994.393543,1.055666,0.025227,0.000000,2003.500931,0.639711
CRI,2,3.555342,0.204509,0.538972,0.059197,0.206587,0.043884,0.805921,1994.393543,1.055666,0.007707,0.000000,2003.500931,0.639711
CRI,2,3.555342,0.204509,0.538972,0.059197,0.206587,0.043884,0.805921,1994.393543,1.055666,0.007707,0.000000,2006.756192,0.639711
CRI,2,3.555342,0.204509,0.538972,0.059197,0.206587,0.043884,0.805921,1994.393543,1.055666,0.007707,0.000000,2003.500931,1.104168
CRI,2,1.985842,0.221675,0.365339,0.065789,0.211165,0.047189,0.825887,1995.840101,1.071741,0.010923,0.000000,2003.930183,0.705143
CRI,2,1.059022,0.230532,0.217947,0.069277,0.213302,0.048853,0.835247,1996.529655,1.079173,0.012499,0.000000,2004.160863,0.739748
CRI,2,1.517974,0.123313,0.481154,0.067517,0.212245,0.048021,0.830618,1996.187738,1.075506,0.011714,0.000000,2004.044156,0.722288
CRI,2,1.995541,0.192836,0.471390,0.031525,0.213127,0.048714,0.834483,1996.473068,1.078568,0.012368,0.000000,2004.141221,0.736816
CRI,2,1.674911,0.190932,0.459985,0.056305,0.214134,0.049524,0.838902,1985.505191,1.082057,0.013126,0.000000,2004.256887,0.754039
CRI,2,1.594961,0.188727,0.446680,0.055833,0.215280,0.050469,0.680780,1994.121303,1.086014,0.014001,0.000000,2004.395168,0.774505
CRI,2,1.585688,0.186175,0.431191,0.055287,0.179543,0.051572,0.809004,1994.075656,1.090480,0.015011,0.000000,2004.561091,0.798884
CRI,2,1.370465,0.183227,0.413212,0.054655,0.209087,0.052856,0.809515,1994.022304,0.965951,0.016173,0.000000,2004.761002,0.828002
CRI,2,1.117136,0.179829,0.392440,0.053925,0.209493,0.054349,0.810109,1993.959926,1.071517,0.017503,0.000000,2005.002963,0.433831
CRI,2,0.876685,0.175920,0.368595,0.053083,0.209961,0.056081,0.810800,1993.886971,1.074006,0.019021,0.000000,2002.353242,0.740502
CRI,2,0.351872,0.162723,0.290219,0.050217,0.211567,0.062001,0.813204,1993.630106,1.082382,0.024005,0.000000,2001.315167,0.795186
CRI,2,0.563934,0.169226,0.328260,0.051634,0.210771,0.059074,0.812005,1993.758834,1.078258,0.021579,0.000000,2004.088979,0.767491
CRI,2,0.358327,0.163794,0.296378,0.050451,0.211435,0.061519,0.813005,1993.651601,1.081704,0.023610,0.000000,2004.194590,0.790521
CRI,2,0.393206,0.157626,0.261569,0.049098,0.212199,0.064298,0.814166,1993.525983,1.085614,0.005272,0.000000,2004.320632,0.818004
CRI,2,0.218574,0.150663,0.224590,0.047557,0.213074,0.044869,0.815513,1993.378732,1.090030,0.023010,0.000000,2004.471576,0.850892
CRI,2,0.113378,0.128293,0.127427,0.042470,0.216005,0.035755,0.820171,1992.857542,1.104301,0.029205,0.000000,2005.033589,0.972691
CRI,2,0.300344,0.149855,0.220483,0.088342,0.207090,0.057701,0.781699,1990.355976,1.074026,0.021897,0.000000,2003.917486,0.779034
CRI,2,0.224874,0.145277,0.197988,0.056906,0.204624,0.058249,0.765110,2000.370229,1.068909,0.022590,0.000000,2003.756513,0.765546
CRI,2,0.186929,0.140627,0.176589,0.057566,0.201150,0.058603,0.895235,1994.945017,1.061282,0.023156,0.000000,2003.539470,0.743798
CRI,2,0.198293,0.135978,0.156739,0.058518,0.228910,0.058684,0.828481,1995.130852,1.050120,0.023541,0.000000,2003.260361,0.711972
CRI,2,0.560041,0.206572,0.106326,0.046389,0.211479,0.063754,0.806265,1992.727844,1.063605,0.027819,0.000000,2003.562251,0.785932
CRI,2,0.219718,0.143642,0.104439,0.056247,0.214846,0.060974,0.827153,1994.797462,1.137369,0.026114,0.000000,2002.853867,0.678083
CRI,2,0.226809,0.140998,0.088680,0.057400,0.215325,0.060623,0.829328,1994.994443,1.093100,0.026319,0.000000,2002.450072,1.279912
CRI,2,0.419529,0.097731,0.150617,0.042701,0.212045,0.067509,0.802383,1991.964063,1.088534,0.031764,0.000000,2002.733086,0.898714
CRI,2,0.248363,0.125591,0.083467,0.056267,0.214705,0.059366,0.825075,1994.642700,1.091004,0.026560,0.000000,2002.598290,0.890459
CRI,2,0.449767,0.092710,0.254985,0.064292,0.214569,0.053755,0.833295,1995.896886,1.106633,0.019851,0.000000,2002.845473,0.888370
CRI,2,0.253613,0.113956,0.206701,0.059390,0.213816,0.056317,0.826833,1995.141291,1.097211,0.021990,0.000000,2003.011666,0.861969
CRI,2,0.737179,0.201591,0.192851,0.072933,0.214321,0.047611,0.840354,1997.016876,1.086849,0.012298,0.000000,2003.762049,0.770881
CRI,2,0.225477,0.117766,0.160303,0.049111,0.212625,0.062821,0.812471,1993.320333,1.088115,0.027745,0.000000,2002.963968,0.865516
CRI,2,0.178011,0.121102,0.100259,0.064228,0.214243,0.050917,0.829618,1995.631366,1.090148,0.037699,0.000000,2002.208126,0.856438
CRI,2,0.230781,0.110540,0.073241,0.065096,0.215403,0.052094,0.833337,1995.831388,1.095120,0.028692,0.000000,2002.040581,0.897024
CRI,2,0.282126,0.104253,0.060501,0.068157,0.215891,0.049893,0.836339,1996.198224,1.096515,0.029074,0.000000,2006.523841,0.909662
CRI,2,0.416959,0.106828,0.064757,0.035349,0.220772,0.053055,0.868308,1999.539828,1.106681,0.031776,0.000000,2002.594708,0.950904
CRI,2,0.162708,0.137839,0.162120,0.071676,0.210926,0.056549,0.806611,1992.983553,1.083029,0.024646,0.000000,2003.541592,0.819868
CRI,2,0.301847,0.160521,0.277096,0.048263,0.212170,0.061816,0.817037,1994.039622,1.083833,0.024453,0.000000,2001.291071,0.801988
CRI,2,0.205699,0.116281,0.087074,0.062693,0.214991,0.052927,0.831672,1995.677203,1.093467,0.027979,0.000000,2004.507300,0.881906
CRI,2,0.223388,0.147753,0.070369,0.056284,0.214520,0.054999,0.827780,1995.236093,1.082365,0.031884,0.000000,2003.257384,0.850738
CRI,2,0.152436,0.137953,0.167802,0.059411,0.213596,0.051145,0.829961,1995.817755,1.087591,0.028967,0.000000,2003.899127,0.816740
CRI,2,0.203456,0.161971,0.220332,0.050375,0.212553,0.058293,0.820978,1994.625962,1.081867,0.026904,0.000000,2005.372566,0.797750
CRI,2,0.197048,0.130517,0.210370,0.056132,0.212158,0.049276,0.823745,1995.416211,1.082137,0.029323,0.000000,2005.168618,0.476338
CRI,2,0.162786,0.158532,0.122031,0.066688,0.214813,0.044662,0.841483,1997.260106,1.086377,0.028237,0.000000,2004.749775,0.688005
CRI,2,0.159456,0.130738,0.091107,0.059442,0.222529,0.047153,0.884559,1988.223378,1.105593,0.033305,0.000000,2003.933555,0.767135
CRI,2,0.343198,0.125893,0.267119,0.060633,0.215956,0.049148,0.848721,1993.796934,1.098336,0.024825,0.000000,2004.655647,0.675912
CRI,2,0.159006,0.142000,0.097581,0.057349,0.214884,0.053543,0.833221,1994.883978,1.086556,0.030277,0.000000,2003.568367,0.804293
CRI,2,0.179245,0.129305,0.178633,0.060866,0.215645,0.041816,0.850200,1994.267765,0.997373,0.031452,0.000000,2005.442607,0.871577
CRI,2,0.291617,0.162039,0.239878,0.054288,0.215610,0.048102,0.849071,1993.085905,1.062094,0.030377,0.000000,2003.615730,0.668130
CRI,2,0.152938,0.126485,0.112144,0.060505,0.215147,0.051723,0.836166,1995.054010,1.086287,0.028598,0.000000,2004.268992,0.824471
CRI,2,0.181589,0.111537,0.085132,0.069280,0.218268,0.041633,0.860535,1994.273524,1.076194,0.031576,0.000000,2002.874417,0.746470
CRI,2,0.104644,0.129076,0.108239,0.061745,0.192316,0.038491,0.859194,1993.602755,1.106093,0.035146,0.000000,2004.692135,0.841538
CRI,2,0.071696,0.125746,0.090240,0.063407,0.162212,0.029347,0.872752,1992.805759,1.126259,0.039169,0.000000,2005.578634,0.912036
CRI,2,0.133993,0.133655,0.070782,0.065597,0.210718,0.044264,0.870518,1992.844591,1.088718,0.032507,0.000000,2002.978813,1.293705
CRI,2,0.119274,0.122940,0.072371,0.065406,0.221041,0.033106,0.779449,1992.994799,1.109314,0.037916,0.000000,2004.277107,0.982741
CRI,2,0.127710,0.157100,0.144522,0.053646,0.205746,0.048030,0.816808,1993.484707,1.103200,0.032948,0.000000,2005.528201,1.022803
CRI,2,0.151344,0.140435,0.067532,0.060060,0.207237,0.048889,0.823200,1993.358006,1.150334,0.033303,0.000000,2002.933342,0.908087
CRI,2,0.152369,0.153447,0.109978,0.056216,0.207631,0.039532,0.843428,1991.458424,1.115638,0.024330,0.000000,2007.219661,0.932689
CRI,2,0.197063,0.116432,0.089033,0.052485,0.205647,0.044791,0.832021,1988.314993,1.122523,0.034708,0.000000,2003.842758,1.185764
CRI,2,0.132152,0.146937,0.112681,0.062897,0.212682,0.044694,0.839159,1995.280297,1.096624,0.030021,0.000000,2004.508169,0.796320
CRI,2,0.128087,0.135744,0.064608,0.047417,0.210263,0.031728,0.867450,1993.640235,1.126402,0.037684,0.000000,2005.331799,1.014559
CRI,2,0.115664,0.143972,0.105537,0.055664,0.191651,0.037811,0.776318,1998.339591,1.112100,0.031675,0.000000,2005.075710,1.123765
CRI,2,0.087977,0.132881,0.099756,0.057426,0.199184,0.029731,0.833549,1993.208354,1.130252,0.034727,0.000000,2005.875498,1.135926
CRI,2,0.100802,0.150282,0.085353,0.053913,0.195680,0.028051,0.830120,1992.704552,1.135978,0.036818,0.000000,2005.237193,1.167993
CRI,2,0.093910,0.139913,0.053727,0.054039,0.194371,0.025286,0.836347,1991.280305,1.141126,0.037615,0.000000,2005.975162,1.242241
CRI,2,0.099575,0.123663,0.069259,0.056767,0.199536,0.032688,0.821115,1995.639493,1.125524,0.041413,0.000000,2003.027380,1.159268
CRI,2,0.084054,0.132484,0.113599,0.052580,0.198613,0.022866,0.841217,1994.277797,1.067221,0.037516,0.000000,2007.442606,1.232274
CRI,2,0.080168,0.139009,0.117058,0.046098,0.191943,0.023253,0.779107,1994.992917,1.138185,0.038791,0.000000,2008.396861,0.848322
CRI,2,0.079873,0.125181,0.073748,0.045721,0.184927,0.020180,0.809778,1992.477599,1.138824,0.041267,0.000000,2006.524011,1.370849
CRI,2,0.101170,0.133794,0.133585,0.060433,0.183504,0.028430,0.759616,1993.999573,1.116261,0.036242,0.000000,2005.753870,1.174002
CRI,2,0.084497,0.112176,0.059639,0.054674,0.185556,0.014787,0.814058,1994.236652,1.138067,0.040539,0.000000,2005.588691,1.191213
CRI,2,0.166214,0.141551,0.112170,0.043083,0.149631,0.021390,0.851301,1994.903125,1.137893,0.037009,0.000000,2007.398979,1.271874
CRI,2,0.087681,0.127373,0.080471,0.059139,0.208842,0.029882,0.799473,1993.484304,1.117426,0.037695,0.000000,2004.939438,1.051746
CRI,2,0.075044,0.118371,0.073370,0.051614,0.197088,0.017270,0.856450,1987.732076,1.136554,0.042201,0.000000,2006.308829,1.110364
CRI,2,0.084113,0.131195,0.057081,0.068935,0.159468,0.016225,0.826000,1993.391944,1.145789,0.044353,0.000000,2006.593406,1.295454
CRI,2,0.079238,0.125378,0.048698,0.050118,0.197516,0.019402,0.880029,1992.119927,1.142186,0.042281,0.000000,2005.930342,1.103993
CRI,2,0.090545,0.108040,0.065004,0.055614,0.185964,0.018456,0.835361,1993.345072,1.125514,0.042629,0.000000,2006.625843,1.099321
CRI,2,0.064076,0.128678,0.078927,0.052622,0.178839,0.013793,0.845976,1989.731884,1.135967,0.038881,0.000000,2011.412194,1.097960
CRI,2,0.088236,0.131254,0.084398,0.050641,0.166766,0.008411,0.857311,1986.429950,1.140656,0.037384,0.000000,2017.389768,1.067883
CRI,2,0.104408,0.112048,0.112723,0.055052,0.182286,0.016849,0.833134,1994.064375,1.117976,0.042467,0.000000,2007.396727,0.997075
CRI,2,0.078379,0.132408,0.063700,0.054291,0.191500,0.022941,0.835548,1991.998685,1.135997,0.039034,0.000000,2006.310943,1.178758
CRI,2,0.105233,0.149895,0.090164,0.053274,0.191917,0.024079,0.834162,1991.817565,1.136704,0.036531,0.000000,2006.640446,1.147263
CRI,2,0.075719,0.117337,0.070350,0.055022,0.187489,0.019759,0.835062,1992.969997,1.128473,0.041399,0.000000,2006.629492,1.111220
CRI,2,0.059742,0.119616,0.056390,0.051192,0.175177,0.013421,0.836219,1991.919114,1.132092,0.044193,0.000000,2007.598108,1.106400
CRI,2,0.068797,0.113461,0.044284,0.048282,0.161013,0.008578,0.837541,1991.255920,1.132995,0.046520,0.000000,2008.569438,1.091771
CRI,2,0.075876,0.123515,0.064513,0.048453,0.153468,0.011507,0.869860,1991.359225,1.144624,0.043540,0.000000,2009.411817,1.202012
CRI,2,0.083947,0.142351,0.088979,0.051474,0.179331,0.023334,0.867218,1990.023646,1.127374,0.042035,0.000000,2009.200525,1.063672
CRI,2,0.090781,0.123524,0.101299,0.038126,0.203775,0.022723,0.863983,1990.376972,1.113168,0.036155,0.000000,2008.392443,0.933605
CRI,2,0.063240,0.129237,0.065288,0.059875,0.172252,0.017694,0.836216,1992.662690,1.138938,0.042884,0.000000,2007.017049,1.200203
CRI,2,0.070490,0.121808,0.048116,0.052046,0.161695,0.015403,0.849770,1989.085579,1.169850,0.044270,0.000000,2007.402017,0.984459
CRI,2,0.066083,0.110328,0.053395,0.053260,0.181343,0.014000,0.817520,1993.303867,1.150814,0.041370,0.000000,2005.644681,1.133438
CRI,2,0.062947,0.108734,0.039247,0.060659,0.165337,0.012850,0.896223,1987.751843,1.144260,0.044189,0.000000,2005.851028,1.432864
CRI,2,0.055385,0.118056,0.050305,0.063962,0.170235,0.013906,0.889490,1989.805388,1.144543,0.042966,0.000000,2007.470795,0.907141
CRI,2,0.077289,0.114639,0.042643,0.074886,0.162265,0.011434,0.917151,1988.407086,1.147209,0.043696,0.000000,2007.975698,0.715103
CRI,2,0.060039,0.116691,0.077166,0.061038,0.148631,0.013698,0.825889,1989.789765,1.141716,0.042156,0.000000,2008.456982,1.118220
CRI,2,0.062138,0.108142,0.059503,0.057581,0.148968,0.010360,0.871301,1989.539572,1.148199,0.044845,0.000000,2008.377806,1.035643
CRI,2,0.079367,0.113438,0.058010,0.066018,0.187471,0.020600,0.837587,1989.901357,1.140759,0.041479,0.000000,2005.391697,0.987695
CRI,2,0.057560,0.120918,0.062794,0.052457,0.162680,0.013386,0.862341,1990.999513,1.143681,0.043073,0.000000,2008.274205,1.146625
CRI,2,0.063283,0.120019,0.052634,0.057995,0.148701,0.011250,0.875847,1987.809059,1.156065,0.043832,0.000000,2008.132307,1.079418
CRI,2,0.088731,0.119246,0.048289,0.062893,0.125752,0.012096,0.860251,1993.049617,1.153321,0.043447,0.000000,2008.850347,1.075143
CRI,2,0.056811,0.118589,0.065623,0.054274,0.182236,0.015832,0.857408,1989.119539,1.141214,0.042532,0.000000,2006.892610,1.101509
CRI,2,0.060864,0.111142,0.039694,0.049821,0.171184,0.005714,0.839712,1987.349947,1.161492,0.045638,0.000000,2010.112068,1.324054
CRI,2,0.072602,0.113008,0.067143,0.060391,0.173194,0.010321,0.862472,1990.935579,1.103118,0.042005,0.000000,2008.310773,1.299823
CRI,2,0.060484,0.119548,0.052028,0.054043,0.164645,0.013967,0.853033,1989.554855,1.159399,0.043768,0.000000,2007.623147,1.059535
CRI,2,0.078939,0.126429,0.059520,0.059194,0.149335,0.011400,0.892109,1985.798309,1.141511,0.044990,0.000000,2010.941499,1.128826
CRI,2,0.056728,0.114157,0.054835,0.054699,0.173933,0.013307,0.839267,1991.542922,1.148631,0.042452,0.000000,2006.768100,1.132284
CRI,2,0.055760,0.106239,0.040257,0.060270,0.151372,0.011506,0.869908,1989.965087,1.156761,0.046424,0.000000,2004.803457,1.170572
CRI,2,0.072184,0.111645,0.054216,0.055092,0.181453,0.014148,0.837665,1992.139680,1.137129,0.043972,0.000000,2006.637144,1.205379
CRI,2,0.055179,0.117870,0.053023,0.057259,0.157445,0.011922,0.867091,1988.927948,1.151921,0.043867,0.000000,2007.740370,1.110333
CRI,2,0.063510,0.102065,0.043283,0.052924,0.156660,0.008254,0.881340,1986.559323,1.156526,0.044912,0.000000,2007.838897,1.069849
CRI,2,0.058193,0.121855,0.058414,0.058076,0.168485,0.014742,0.848646,1991.212417,1.143881,0.043452,0.000000,2007.217033,1.167013
CRI,2,0.061788,0.123665,0.080838,0.051830,0.164448,0.011870,0.803415,1992.131460,1.152272,0.043634,0.000000,2009.520151,0.830518
CRI,2,0.066597,0.127139,0.052327,0.053718,0.181711,0.014986,0.827340,1990.876256,1.149324,0.042584,0.000000,2006.929596,1.154611
CRI,2,0.056717,0.112615,0.057578,0.056596,0.157714,0.011382,0.861294,1989.877406,1.148482,0.044350,0.000000,2007.999813,1.064801
CRI,2,0.063077,0.109471,0.039084,0.060488,0.166709,0.013049,0.894876,1987.810074,1.144311,0.044100,0.000000,2005.800855,1.438266
CRI,2,0.049724,0.119959,0.065794,0.053898,0.165016,0.012156,0.830774,1991.090206,1.150390,0.043754,0.000000,2008.484520,0.967007
CRI,2,0.066701,0.123369,0.087596,0.063609,0.158712,0.027678,0.867862,1993.117375,1.128325,0.040946,0.000000,2005.197539,0.871020
CRI,2,0.058436,0.114084,0.046963,0.053027,0.168151,0.008765,0.847173,1988.858263,1.154949,0.044747,0.000000,2008.695885,1.202936
CRI,2,0.057694,0.113812,0.061070,0.058636,0.166059,0.011575,0.854705,1990.974805,1.130762,0.043783,0.000000,2007.339718,1.137078
CRI,2,0.066878,0.116116,0.041552,0.051500,0.183079,0.011478,0.881820,1990.941466,1.150199,0.045270,0.000000,2006.414907,1.081002
CRI,2,0.055882,0.116547,0.064979,0.058536,0.157873,0.013111,0.841574,1990.080480,1.143957,0.043077,0.000000,2007.913011,1.108861
CRI,2,0.052991,0.112784,0.055438,0.062736,0.154817,0.011674,0.874654,1988.440901,1.158721,0.043395,0.000000,2007.237272,1.093102
CRI,2,0.060256,0.118030,0.069837,0.062344,0.160163,0.018361,0.869760,1991.463826,1.138561,0.042430,0.000000,2006.058507,0.983855
CRI,2,0.052145,0.115058,0.051485,0.055249,0.166188,0.010621,0.853104,1989.523336,1.151296,0.044240,0.000000,2007.979789,1.146269
CRI,2,0.054371,0.109441,0.053977,0.056540,0.159414,0.010506,0.869128,1988.833285,1.151788,0.044043,0.000000,2007.509909,1.013747
CRI,2,0.058490,0.116423,0.050768,0.055653,0.160815,0.013215,0.865937,1988.717865,1.163381,0.043769,0.000000,2007.413700,1.021948
CRI,2,0.053302,0.114459,0.058222,0.057879,0.164762,0.011968,0.857584,1990.420794,1.140849,0.043780,0.000000,2007.358169,1.107744
CRI,2,0.061072,0.108575,0.048953,0.063110,0.164573,0.011210,0.857666,1988.591331,1.154426,0.044512,0.000000,2006.409139,1.006787
CRI,2,0.053335,0.117710,0.058836,0.054980,0.163155,0.012810,0.861185,1990.409036,1.146574,0.043463,0.000000,2007.779389,1.110848
CRI,2,0.056029,0.110575,0.046393,0.061198,0.139241,0.009053,0.863207,1990.702730,1.157057,0.045032,0.000000,2007.883144,1.051497
CRI,2,0.055091,0.114263,0.053113,0.061867,0.143082,0.010192,0.882358,1988.085997,1.152250,0.045422,0.000000,2008.218778,1.008843
CRI,2,0.052807,0.116107,0.050040,0.060727,0.158056,0.011728,0.866814,1989.519176,1.152988,0.044070,0.000000,2006.998295,1.065097
CRI,2,0.060774,0.119212,0.063608,0.056078,0.177787,0.015245,0.865544,1988.470217,1.142793,0.043066,0.000000,2006.964180,1.080776
CRI,2,0.055091,0.112675,0.049950,0.059886,0.149484,0.010347,0.863794,1990.154208,1.153850,0.044597,0.000000,2007.646609,1.058779
CRI,2,0.052826,0.112471,0.043871,0.058880,0.159550,0.010191,0.887346,1989.125357,1.157560,0.045229,0.000000,2006.895497,1.016055
CRI,2,0.066732,0.124540,0.074143,0.056952,0.167102,0.011406,0.865412,1989.101732,1.145151,0.040442,0.000000,2011.240069,0.934759
CRI,2,0.053597,0.110551,0.045988,0.059427,0.155412,0.011481,0.868796,1989.750652,1.154102,0.045403,0.000000,2006.087227,1.109161
CRI,2,0.050996,0.110871,0.055615,0.052897,0.145300,0.009084,0.837962,1989.254465,1.158577,0.045416,0.000000,2007.484583,1.238854
CRI,2,0.051359,0.109917,0.053108,0.058449,0.156822,0.010181,0.859893,1990.179538,1.153348,0.044980,0.000000,2007.179601,1.043923
CRI,2,0.061307,0.112660,0.053017,0.053515,0.172425,0.011907,0.837747,1991.321267,1.153208,0.043184,0.000000,2006.583366,1.153257
CRI,2,0.057258,0.113860,0.053089,0.059692,0.150763,0.010599,0.872315,1988.914313,1.152491,0.044939,0.000000,2007.788300,1.044047
CRI,2,0.052353,0.115328,0.060400,0.053396,0.155358,0.010521,0.834399,1990.181616,1.154660,0.044646,0.000000,2007.975124,1.098986
CRI,3,11.555770,0.474192,0.524061,0.183118,0.189351,0.015085,0.389535,1992.695121,0.354479,0.001289,0.000000,2020.874475,1.410279
CRI,3,12.545677,0.535803,0.524061,0.183118,0.189351,0.015085,0.389535,1992.695121,0.354479,0.001289,0.000000,2020.874475,1.410279
CRI,3,14.689892,0.474192,0.679117,0.183118,0.189351,0.015085,0.389535,1992.695121,0.354479,0.001289,0.000000,2020.874475,1.410279
CRI,3,13.090629,0.474192,0.524061,0.233137,0.189351,0.015085,0.389535,1992.695121,0.354479,0.001289,0.000000,2020.874475,1.410279
CRI,3,11.637774,0.474192,0.524061,0.183118,0.218547,0.015085,0.389535,1992.695121,0.354479,0.001289,0.000000,2020.874475,1.410279
CRI,3,10.340956,0.474192,0.524061,0.183118,0.189351,0.028334,0.389535,1992.695121,0.354479,0.001289,0.000000,2020.874475,1.410279
CRI,3,13.285734,0.474192,0.524061,0.183118,0.189351,0.015085,0.584671,1992.695121,0.354479,0.001289,0.000000,2020.874475,1.410279
CRI,3,15.654552,0.474192,0.524061,0.183118,0.189351,0.015085,0.389535,2000.594887,0.354479,0.001289,0.000000,2020.874475,1.410279
CRI,3,11.593480,0.474192,0.524061,0.183118,0.189351,0.015085,0.389535,1992.695121,0.575892,0.001289,0.000000,2020.874475,1.410279
CRI,3,10.904101,0.474192,0.524061,0.183118,0.189351,0.015085,0.389535,1992.695121,0.354479,0.020090,0.000000,2020.874475,1.410279
CRI,3,11.555770,0.474192,0.524061,0.183118,0.189351,0.015085,0.389535,1992.695121,0.354479,0.001289,0.000000,2020.874475,1.410279
CRI,3,11.555770,0.474192,0.524061,0.183118,0.189351,0.015085,0.389535,1992.695121,0.354479,0.001289,0.000000,2024.276497,1.410279
CRI,3,11.555770,0.474192,0.524061,0.183118,0.189351,0.015085,0.389535,1992.695121,0.354479,0.001289,0.000000,2020.874475,1.984276
CRI,3,7.020049,0.486832,0.552455,0.192479,0.195264,0.016874,0.421185,1982.204966,0.388005,0.004610,0.000000,2021.559335,1.508381
CRI,3,5.980259,0.492782,0.566371,0.197034,0.198060,0.017829,0.437297,1971.799986,0.405406,0.006256,0.000000,2021.883982,1.557541
CRI,3,7.643734,0.489838,0.357755,0.194768,0.196675,0.017346,0.429220,1989.388532,0.396655,0.005435,0.000000,2021.723150,1.532963
CRI,3,7.787918,0.492295,0.503598,0.196658,0.197831,0.017748,0.236676,1988.812655,0.403940,0.006120,0.000000,2021.857384,1.553446
CRI,3,7.001673,0.495109,0.500166,0.130793,0.199157,0.018226,0.375125,1988.133370,0.412527,0.006916,0.000000,2022.011366,1.577328
CRI,3,6.400013,0.396479,0.496157,0.181385,0.200671,0.018797,0.372746,1987.331762,0.422659,0.007841,0.000000,2022.187435,1.605155
CRI,3,6.988641,0.476140,0.491471,0.181096,0.156432,0.019479,0.369978,1986.385826,0.434628,0.008912,0.000000,2022.387983,1.637546
CRI,3,6.697890,0.476463,0.485995,0.180757,0.192567,0.020299,0.366760,1985.270413,0.232277,0.010152,0.000000,2022.615348,1.675196
CRI,3,5.464847,0.476838,0.479597,0.180362,0.193092,0.021288,0.363022,1983.957624,0.387502,0.011582,0.000000,2022.871652,1.049272
CRI,3,3.803449,0.478146,0.457156,0.178976,0.194900,0.025020,0.350080,1979.349897,0.404633,0.016418,0.000000,2023.694138,0.669237
CRI,3,4.580144,0.477493,0.468382,0.179670,0.194001,0.023101,0.356523,1981.647773,0.396018,0.014036,0.000000,2018.502324,1.477917
CRI,3,3.914227,0.478037,0.459027,0.179092,0.194751,0.024693,0.351150,1979.730677,0.403191,0.016026,0.000000,2022.456038,1.489217
CRI,3,3.516782,0.478669,0.448114,0.178416,0.195617,0.026641,0.344931,1977.529199,0.411643,0.018279,0.000000,2022.692232,1.502405
CRI,3,2.932405,0.480863,0.410123,0.176042,0.198570,0.034178,0.323617,1970.476589,0.441900,0.025476,0.000000,2023.458041,1.548580
CRI,3,3.668631,0.479770,0.429061,0.177231,0.197108,0.030277,0.334184,1973.845257,0.426645,0.000301,0.000000,2023.086871,1.525493
CRI,3,3.384515,0.480682,0.413268,0.176241,0.198328,0.016541,0.325365,1971.012232,0.439341,0.019114,0.000000,2023.397789,1.544733
CRI,3,4.460680,0.458948,0.418881,0.158298,0.189995,0.026364,0.518379,1971.992576,0.393216,0.016913,0.000000,2022.854937,1.400178
CRI,3,3.170208,0.456289,0.574444,0.154077,0.190102,0.028694,0.318826,1969.058370,0.399892,0.019276,0.000000,2023.139945,1.398495
CRI,3,3.344424,0.442140,0.445523,0.218103,0.185657,0.029483,0.359754,1967.536008,0.382240,0.019888,0.000000,2023.071085,1.325172
CRI,3,2.944229,0.459162,0.446608,0.179204,0.220253,0.029676,0.363135,1966.415392,0.353498,0.019853,0.000000,2022.842554,1.215866
CRI,3,3.092134,0.455765,0.445538,0.179285,0.202043,0.030363,0.365733,1964.915918,0.627239,0.020271,0.000000,2022.660854,1.107559
CRI,3,3.408506,0.523167,0.426931,0.178301,0.194355,0.034775,0.358645,1961.679095,0.419509,0.024010,0.000000,2023.133164,1.094337
CRI,3,2.780499,0.452586,0.334555,0.158480,0.196489,0.039784,0.288568,1969.843281,0.439466,0.027620,0.000000,2023.567159,1.065556
CRI,3,3.380074,0.429105,0.235460,0.138421,0.195690,0.053551,0.227270,1968.920623,0.456966,0.035065,0.000000,2024.256937,0.849983
CRI,3,2.886498,0.466006,0.408453,0.173310,0.200798,0.035241,0.350215,1962.092459,0.456851,0.023680,0.000000,2025.767795,1.073055
CRI,3,3.135957,0.484907,0.456080,0.196238,0.205816,0.032868,0.200101,1966.309912,0.470906,0.022238,0.000000,2023.963047,1.092213
CRI,3,2.766835,0.467823,0.415475,0.179307,0.203560,0.036368,0.301824,1960.759246,0.471795,0.023976,0.000000,2024.472614,0.953004
CRI,3,2.644920,0.462495,0.393973,0.179414,0.207540,0.043006,0.278783,1957.330782,0.507697,0.027466,0.000000,2025.222215,0.731102
CRI,3,2.709350,0.465041,0.406840,0.179495,0.205437,0.039152,0.291284,1958.805505,0.487810,0.025386,0.000000,2023.726167,1.871580
CRI,3,2.416765,0.460680,0.431029,0.181604,0.204821,0.034552,0.298991,1959.163144,0.474779,0.037802,0.000000,2024.356172,0.985182
CRI,3,2.133493,0.450390,0.432014,0.183770,0.208336,0.036793,0.282263,1956.729160,0.499584,0.045048,0.000000,2024.879218,0.758555
CRI,3,1.861683,0.377810,0.434009,0.181454,0.209252,0.030378,0.265444,1965.736643,0.495979,0.027858,0.000000,2024.586526,1.336407
CRI,3,0.959558,0.277521,0.437554,0.183020,0.215406,0.028302,0.225437,1968.375126,0.535853,0.029622,0.000000,2025.162141,1.462375
CRI,3,2.023614,0.412937,0.451831,0.184601,0.208783,0.056833,0.277834,1958.996844,0.491207,0.033080,0.000000,2024.661978,0.900305
CRI,3,2.528085,0.451784,0.420562,0.132001,0.220241,0.043039,0.237011,1959.420549,0.573631,0.034287,0.000000,2025.101147,1.022456
CRI,3,2.253074,0.436552,0.274962,0.196069,0.221422,0.046581,0.257980,1958.104259,0.583746,0.036449,0.000000,2025.308959,0.902638
CRI,3,1.751635,0.390905,0.353699,0.153859,0.212942,0.044105,0.408888,1958.218494,0.525973,0.036522,0.000000,2024.938259,1.152186
CRI,3,2.224680,0.417048,0.348896,0.167604,0.217494,0.049446,0.235459,1958.077033,0.364427,0.039301,0.000000,2025.956030,1.144032
CRI,3,2.552372,0.405335,0.332440,0.165728,0.197295,0.053759,0.219542,1957.056703,0.642581,0.041336,0.000000,2026.194064,1.027442
CRI,3,1.688719,0.361025,0.353959,0.167230,0.219294,0.051939,0.234416,1955.955445,0.575878,0.040693,0.000000,2026.224950,0.690796
CRI,3,1.933238,0.362308,0.346733,0.168980,0.220298,0.053619,0.198813,1956.747428,0.580183,0.042952,0.000000,2024.450136,1.012588
CRI,3,1.439407,0.363340,0.423637,0.185191,0.225653,0.051106,0.232294,1955.478588,0.623046,0.043007,0.000000,2026.314726,1.011170
CRI,3,1.391164,0.327176,0.352972,0.165405,0.223099,0.053783,0.221111,1956.631655,0.594578,0.045059,0.000000,2026.507962,0.386030
CRI,3,1.159379,0.305359,0.358631,0.163120,0.223802,0.051611,0.222755,1957.533408,0.588651,0.045805,0.000000,2025.870409,1.156440
CRI,3,1.255529,0.358095,0.426323,0.176449,0.231882,0.040561,0.283224,1957.967721,0.447663,0.039441,0.000000,2024.660083,0.855143
CRI,3,0.736457,0.284826,0.338667,0.213752,0.219107,0.050794,0.271243,1956.268657,0.492601,0.044727,0.000000,2025.853358,0.833457
CRI,3,0.212322,0.200348,0.300527,0.244460,0.218526,0.054681,0.289551,1955.666790,0.453462,0.047048,0.000000,2026.158347,0.748261
CRI,3,0.604664,0.262743,0.498112,0.162937,0.217328,0.048566,0.254492,1956.419543,0.461690,0.045204,0.000000,2025.825606,0.919781
CRI,3,0.518965,0.259465,0.439803,0.191030,0.221249,0.045560,0.281724,1956.256747,0.709753,0.044604,0.000000,2025.113052,0.681393
CRI,3,0.387507,0.191400,0.357473,0.176441,0.229277,0.059903,0.234904,1957.136816,0.597655,0.038247,0.000000,2026.140691,1.027187
CRI,3,0.279902,0.197002,0.324228,0.174210,0.231400,0.040283,0.232103,1955.812495,0.624297,0.046924,0.000000,2026.434681,0.892632
CRI,3,0.314390,0.219821,0.423364,0.190442,0.225637,0.041255,0.326982,1956.675784,0.541522,0.043133,0.000000,2026.729336,0.771580
CRI,3,0.403761,0.169865,0.427862,0.209504,0.232071,0.050226,0.142795,1955.802581,0.598575,0.046929,0.000000,2026.717690,0.616121
CRI,3,0.130554,0.167935,0.440203,0.204510,0.230000,0.042144,0.250380,1957.646407,0.552149,0.046196,0.000000,2025.873017,1.029898
CRI,3,0.319348,0.103303,0.484344,0.220902,0.233967,0.037423,0.258645,1959.330931,0.540344,0.047604,0.000000,2025.673945,1.229186
CRI,3,0.144860,0.141413,0.372425,0.191038,0.225456,0.041490,0.255749,1961.597198,0.494278,0.045375,0.000000,2025.674494,0.707786
CRI,3,0.128114,0.142593,0.447424,0.212834,0.228150,0.036967,0.274487,1957.629171,0.505457,0.043517,0.000000,2025.189763,1.679103
CRI,3,0.475972,0.087073,0.495661,0.232459,0.230340,0.029396,0.304183,1958.324358,0.462314,0.042588,0.000000,2024.199182,2.387987
CRI,3,0.365294,0.101700,0.376499,0.209023,0.216846,0.049372,0.212595,1956.411747,0.665163,0.047283,0.000000,2026.797093,1.052769
CRI,3,0.262214,0.106795,0.448072,0.226321,0.225898,0.038068,0.269167,1956.504784,0.533688,0.043469,0.000000,2026.247761,0.754917
CRI,3,0.470771,0.102520,0.370342,0.217084,0.233069,0.064133,0.273882,1955.154483,0.586092,0.049046,0.000000,2026.803308,0.481958
CRI,3,0.479981,0.093053,0.295286,0.239152,0.233919,0.045398,0.246308,1956.263506,0.683556,0.046420,0.000000,2026.570347,0.773341
CRI,3,0.678020,0.079004,0.324365,0.225909,0.233312,0.048376,0.216420,1956.428427,0.432591,0.047038,0.000000,2027.060354,1.051099
CRI,3,0.198871,0.198747,0.410010,0.200439,0.224835,0.046262,0.264256,1956.297678,0.639978,0.045348,0.000000,2025.801123,0.763688
CRI,3,0.527910,0.252075,0.493145,0.164652,0.218028,0.048683,0.251726,1956.427125,0.450623,0.045322,0.000000,2025.923559,0.936087
CRI,3,0.229089,0.121203,0.341456,0.223695,0.230823,0.046217,0.247655,1956.302607,0.624759,0.046171,0.000000,2026.429219,0.812072
CRI,3,0.576417,0.238260,0.406181,0.195140,0.218932,0.028079,0.221864,1968.281992,0.551535,0.030661,0.000000,2025.425782,1.459427
CRI,3,0.232543,0.128101,0.379206,0.211867,0.230227,0.055001,0.260148,1955.500532,0.577431,0.047894,0.000000,2026.545610,0.660011
CRI,3,0.225075,0.142537,0.341887,0.203780,0.220106,0.041666,0.426899,1957.912866,0.535691,0.043606,0.000000,2025.540834,1.234819
CRI,3,0.223401,0.119253,0.408633,0.235713,0.222372,0.029905,0.315287,1956.164268,0.526377,0.048567,0.000000,2026.209050,0.796083
CRI,3,0.432963,0.225540,0.394457,0.213383,0.233438,0.036284,0.364682,1956.711047,0.439440,0.044147,0.000000,2025.086728,0.737076
CRI,3,0.187145,0.125283,0.380964,0.210124,0.221987,0.046018,0.245584,1956.481413,0.607766,0.046701,0.000000,2026.491816,0.967275
CRI,3,0.419600,0.094901,0.341927,0.232142,0.226632,0.044955,0.229445,1956.412204,0.570168,0.047971,0.000000,2025.157173,1.046788
CRI,3,0.142096,0.180641,0.402530,0.201924,0.225889,0.042172,0.300514,1956.605731,0.548661,0.044905,0.000000,2026.439352,0.835354
CRI,3,0.344927,0.105734,0.456346,0.246305,0.218301,0.046276,0.336715,1958.212231,0.476523,0.045010,0.000000,2025.672245,0.902799
CRI,3,0.145941,0.169790,0.355841,0.195410,0.228689,0.041761,0.255870,1956.151489,0.586851,0.046525,0.000000,2026.269611,0.895167
CRI,3,0.252049,0.209441,0.317540,0.196684,0.225844,0.049236,0.291362,1956.684044,0.574372,0.047908,0.000000,2025.919981,1.083809
CRI,3,0.140033,0.178626,0.348657,0.204628,0.225858,0.046391,0.285707,1956.637379,0.564159,0.047207,0.000000,2026.006861,0.994867
CRI,3,0.199306,0.187127,0.377647,0.211422,0.219720,0.031529,0.305621,1960.817534,0.528484,0.043212,0.000000,2025.376008,1.282077
CRI,3,0.303401,0.210445,0.422944,0.196242,0.216451,0.037118,0.330592,1958.030631,0.467135,0.045830,0.000000,2025.349930,1.162501
CRI,3,0.130063,0.139925,0.361265,0.217295,0.227874,0.043893,0.266949,1956.612613,0.584729,0.046089,0.000000,2026.206302,0.892761
CRI,3,0.273919,0.180932,0.425900,0.219221,0.229430,0.041895,0.163949,1956.227532,0.562275,0.047726,0.000000,2026.391149,0.709984
CRI,3,0.135709,0.151467,0.362303,0.207786,0.222733,0.041723,0.346959,1957.353324,0.542315,0.045041,0.000000,2025.785364,1.088560
CRI,3,0.532154,0.220472,0.350729,0.177319,0.227735,0.056820,0.243023,1958.435469,0.574383,0.038086,0.000000,2025.706151,1.177120
CRI,3,0.125098,0.140087,0.393901,0.223181,0.223810,0.036118,0.296087,1956.531934,0.538306,0.047524,0.000000,2026.093902,0.883100
CRI,3,0.148121,0.124824,0.480585,0.158722,0.231167,0.029081,0.267044,1961.551550,0.664680,0.044098,0.000000,2025.755591,1.267103
CRI,3,0.239242,0.125471,0.414359,0.193890,0.231911,0.051313,0.246474,1955.777902,0.609679,0.047508,0.000000,2026.473438,0.735344
CRI,3,0.118618,0.169876,0.386736,0.207197,0.223307,0.036158,0.290058,1958.588739,0.548633,0.044692,0.000000,2025.703227,1.130584
CRI,3,0.212151,0.114182,0.378076,0.206369,0.227874,0.034458,0.290444,1959.253029,0.484163,0.046243,0.000000,2026.155527,1.315116
CRI,3,0.146401,0.174099,0.401962,0.201939,0.225628,0.043215,0.270651,1956.755799,0.600629,0.045589,0.000000,2025.895167,0.885684
CRI,3,0.211198,0.192266,0.410601,0.195039,0.230645,0.034253,0.315985,1958.852863,0.514236,0.044455,0.000000,2025.179349,1.058478
CRI,3,0.137552,0.139885,0.388315,0.206469,0.224425,0.042978,0.262093,1956.888252,0.584214,0.046239,0.000000,2026.231305,0.989654
CRI,3,0.180595,0.196298,0.301800,0.243690,0.219787,0.054518,0.291131,1955.670511,0.446851,0.047134,0.000000,2026.165255,0.751229
CRI,3,0.118291,0.140291,0.434080,0.183447,0.228759,0.034904,0.272939,1958.805111,0.609401,0.045062,0.000000,2025.865227,1.124980
CRI,3,0.127350,0.136837,0.379694,0.207906,0.227047,0.037860,0.287745,1958.012679,0.509508,0.046069,0.000000,2026.037593,1.144123
CRI,3,0.150922,0.135417,0.430781,0.215920,0.223457,0.038624,0.309421,1960.249639,0.510244,0.044915,0.000000,2025.568102,1.177522
CRI,3,0.113951,0.160607,0.374169,0.200760,0.227476,0.040970,0.268638,1956.698772,0.567541,0.046176,0.000000,2026.114361,0.961810
CRI,3,0.146583,0.166258,0.413798,0.221107,0.227255,0.038804,0.311951,1955.705512,0.615722,0.046294,0.000000,2026.251486,1.473222
CRI,3,0.116446,0.147320,0.382649,0.199038,0.225917,0.040813,0.269122,1958.872226,0.524163,0.045624,0.000000,2025.833201,0.870425
CRI,3,0.168036,0.125120,0.380167,0.210964,0.226848,0.037920,0.261094,1958.535276,0.556175,0.046726,0.000000,2025.262330,1.309182
CRI,3,0.106385,0.165212,0.396906,0.204229,0.226132,0.041096,0.290325,1956.960912,0.550538,0.045435,0.000000,2026.199820,0.943201
CRI,3,0.160700,0.124901,0.443677,0.208294,0.226923,0.033182,0.275817,1958.571688,0.538456,0.043558,0.000000,2025.878939,1.115773
CRI,3,0.122134,0.163727,0.371768,0.205552,0.226128,0.042961,0.283214,1956.994893,0.557715,0.046549,0.000000,2025.975564,1.024423
CRI,3,0.127952,0.164477,0.399713,0.206321,0.228481,0.036310,0.303969,1958.138222,0.514346,0.045249,0.000000,2025.560622,1.127436
CRI,3,0.124254,0.154203,0.432835,0.204746,0.230644,0.036622,0.220755,1957.649922,0.551165,0.046426,0.000000,2026.016253,1.032968
CRI,3,0.118283,0.136829,0.354144,0.208055,0.223723,0.035335,0.304295,1957.356990,0.541171,0.045384,0.000000,2025.957899,1.092244
CRI,3,0.112240,0.163750,0.431446,0.192826,0.225514,0.032398,0.292507,1959.074363,0.501962,0.045385,0.000000,2025.530974,1.280573
CRI,3,0.105070,0.164465,0.343700,0.194364,0.224737,0.038200,0.287672,1957.719907,0.580535,0.047394,0.000000,2026.466658,0.565914
CRI,3,0.135868,0.176334,0.295911,0.184490,0.222859,0.038822,0.294413,1957.766381,0.618524,0.048365,0.000000,2026.877865,0.288270
CRI,3,0.113652,0.142580,0.380115,0.199315,0.223670,0.039191,0.256755,1957.221428,0.582558,0.046756,0.000000,2026.357423,0.869519
CRI,3,0.120227,0.172265,0.400211,0.196174,0.224720,0.037840,0.266704,1957.200097,0.599819,0.046197,0.000000,2026.011409,0.814222
CRI,3,0.154734,0.174201,0.386981,0.173235,0.227988,0.039908,0.254308,1959.527741,0.580782,0.043581,0.000000,2025.938407,1.050919
CRI,3,0.104606,0.148061,0.392168,0.211921,0.224916,0.037051,0.285253,1957.019225,0.548878,0.046848,0.000000,2026.056079,0.923442
CRI,3,0.116706,0.157575,0.342920,0.195912,0.219076,0.039461,0.349624,1957.540624,0.567441,0.045605,0.000000,2026.025553,0.882231
CRI,3,0.106824,0.147379,0.397613,0.193407,0.223658,0.032803,0.288022,1958.498663,0.562495,0.045264,0.000000,2026.073379,0.867490
CRI,3,0.137514,0.136165,0.368806,0.202468,0.224946,0.036796,0.309139,1958.432660,0.514690,0.045538,0.000000,2026.048889,1.095736
CRI,3,0.091184,0.162601,0.392288,0.197765,0.224777,0.037578,0.276938,1957.461220,0.578379,0.046042,0.000000,2026.020841,0.879851
CRI,3,0.123103,0.137124,0.383008,0.189516,0.226506,0.038730,0.282621,1956.971609,0.570364,0.046966,0.000000,2026.355787,0.750271
CRI,3,0.096508,0.161158,0.385803,0.202921,0.224141,0.036794,0.288187,1958.095264,0.554054,0.045379,0.000000,2025.885648,1.026971
CRI,3,0.116822,0.169970,0.330034,0.215518,0.219597,0.040367,0.302778,1956.791012,0.501214,0.046770,0.000000,2026.231339,0.741639
CRI,3,0.136378,0.180275,0.404041,0.193247,0.224721,0.040771,0.271287,1957.782301,0.561897,0.046742,0.000000,2026.194109,0.716431
CRI,3,0.106685,0.146800,0.366406,0.204460,0.223976,0.036665,0.295820,1957.457103,0.546340,0.045767,0.000000,2026.019492,0.989172
CRI,3,0.114941,0.141947,0.436228,0.182783,0.228794,0.035123,0.271611,1958.830871,0.610272,0.045132,0.000000,2025.876046,1.107194
CRI,3,0.111656,0.150719,0.438262,0.201584,0.230468,0.035278,0.221302,1957.914291,0.550324,0.046356,0.000000,2026.072853,0.981592
CRI,3,0.100990,0.161767,0.406113,0.198924,0.225629,0.033130,0.283780,1956.809453,0.598319,0.046451,0.000000,2026.279719,1.013726
CRI,3,0.118369,0.171335,0.348871,0.216354,0.221741,0.038341,0.283269,1956.610954,0.510521,0.046979,0.000000,2026.305504,0.776783
CRI,3,0.110011,0.148881,0.413926,0.191683,0.227197,0.035916,0.274495,1958.096166,0.585140,0.045675,0.000000,2025.991958,1.018180
CRI,3,0.108173,0.149764,0.416489,0.198298,0.223302,0.031883,0.287358,1959.012008,0.555549,0.046065,0.000000,2026.069429,0.913978
CRI,3,0.149026,0.169848,0.416513,0.199581,0.227102,0.032335,0.305602,1958.411582,0.536170,0.045218,0.000000,2025.728015,1.017013
CRI,3,0.110813,0.149040,0.389130,0.199382,0.224568,0.037424,0.268447,1957.475124,0.570913,0.046424,0.000000,2026.217390,0.905080
CRI,3,0.117591,0.145713,0.358873,0.206897,0.225207,0.040005,0.264917,1956.697794,0.629141,0.046778,0.000000,2026.573992,0.618440
CRI,3,0.094860,0.159083,0.412993,0.196435,0.225438,0.034232,0.285444,1958.286483,0.533323,0.045779,0.000000,2025.842987,1.089222
CRI,3,0.142334,0.159822,0.348443,0.197511,0.217947,0.036780,0.357586,1957.445015,0.577053,0.045814,0.000000,2026.128020,0.862897
CRI,3,0.102803,0.152955,0.415327,0.200573,0.227838,0.035651,0.251389,1957.789556,0.556990,0.046227,0.000000,2026.086785,0.951047
CRI,3,0.118724,0.162288,0.400505,0.199932,0.225774,0.034363,0.297525,1957.936784,0.554119,0.045697,0.000000,2025.952987,0.944960
CRI,3,0.108776,0.152268,0.391965,0.199520,0.224874,0.036648,0.275535,1957.583606,0.566708,0.046254,0.000000,2026.154437,0.914951
CRI,3,0.113362,0.163059,0.372352,0.208553,0.222566,0.035964,0.291334,1957.275865,0.536957,0.046526,0.000000,2026.207985,0.821390
CRI,3,0.100466,0.152329,0.403424,0.196032,0.226110,0.035928,0.278644,1957.868176,0.573045,0.045905,0.000000,2026.048117,0.966579
CRI,4,7.188236,0.242181,0.585950,0.122836,0.184245,0.070118,0.618408,2000.024657,1.038163,-0.032369,0.000000,2023.478117,0.835719
CRI,4,9.602492,0.356497,0.585950,0.122836,0.184245,0.070118,0.618408,2000.024657,1.038163,-0.032369,0.000000,2023.478117,0.835719
CRI,4,9.604238,0.242181,0.724374,0.122836,0.184245,0.070118,0.618408,2000.024657,1.038163,-0.032369,0.000000,2023.478117,0.835719
CRI,4,8.447390,0.242181,0.585950,0.182032,0.184245,0.070118,0.618408,2000.024657,1.038163,-0.032369,0.000000,2023.478117,0.835719
CRI,4,7.320661,0.242181,0.585950,0.122836,0.215450,0.070118,0.618408,2000.024657,1.038163,-0.032369,0.000000,2023.478117,0.835719
CRI,4,6.327925,0.242181,0.585950,0.122836,0.184245,0.083929,0.618408,2000.024657,1.038163,-0.032369,0.000000,2023.478117,0.835719
CRI,4,7.401723,0.242181,0.585950,0.122836,0.184245,0.070118,0.782340,2000.024657,1.038163,-0.032369,0.000000,2023.478117,0.835719
CRI,4,7.590805,0.242181,0.585950,0.122836,0.184245,0.070118,0.618408,2005.020457,1.038163,-0.032369,0.000000,2023.478117,0.835719
CRI,4,7.163104,0.242181,0.585950,0.122836,0.184245,0.070118,0.618408,2000.024657,1.121395,-0.032369,0.000000,2023.478117,0.835719
CRI,4,6.413575,0.242181,0.585950,0.122836,0.184245,0.070118,0.618408,2000.024657,1.038163,-0.017733,0.000000,2023.478117,0.835719
CRI,4,7.188236,0.242181,0.585950,0.122836,0.184245,0.070118,0.618408,2000.024657,1.038163,-0.032369,0.000000,2023.478117,0.835719
CRI,4,7.188236,0.242181,0.585950,0.122836,0.184245,0.070118,0.618408,2000.024657,1.038163,-0.032369,0.000000,2025.769858,0.835719
CRI,4,7.188236,0.242181,0.585950,0.122836,0.184245,0.070118,0.618408,2000.024657,1.038163,-0.032369,0.000000,2023.478117,1.368326
CRI,4,5.139437,0.260718,0.413741,0.132612,0.190500,0.072835,0.649160,2001.067619,1.055919,-0.030348,0.000000,2023.961150,0.914929
CRI,4,3.366442,0.270156,0.254762,0.137562,0.193469,0.074133,0.664110,2001.555243,1.064150,-0.029274,0.000000,2024.186148,0.956239
CRI,4,3.916932,0.149850,0.530296,0.135083,0.191998,0.073489,0.656673,2001.314211,1.060087,-0.029816,0.000000,2024.074998,0.935447
CRI,4,4.622492,0.229386,0.520735,0.074635,0.193226,0.074027,0.662876,2001.515455,1.063480,-0.029365,0.000000,2024.167809,0.952755
CRI,4,3.987942,0.227285,0.509508,0.118362,0.194635,0.074645,0.670043,1992.955801,1.067348,-0.028829,0.000000,2024.273747,0.973185
CRI,4,4.698029,0.224845,0.496327,0.117622,0.196248,0.075354,0.455130,1999.825276,1.071740,-0.028192,0.000000,2024.394197,0.997334
CRI,4,4.478630,0.222015,0.480867,0.116761,0.150018,0.076164,0.623059,1999.791748,1.076701,-0.027430,0.000000,2024.530513,1.025923
CRI,4,4.052895,0.218737,0.462768,0.115759,0.187644,0.077086,0.623833,1999.752524,1.082274,-0.026518,0.000000,2024.683932,0.551202
CRI,4,3.663984,0.214945,0.441645,0.114594,0.188199,0.078129,0.624734,1999.706616,1.088491,-0.025422,0.000000,2021.184540,0.913737
CRI,4,3.240114,0.210567,0.417115,0.113240,0.188842,0.079302,0.625784,1999.652857,1.095371,-0.024101,0.000000,2024.190848,0.927173
CRI,4,1.953510,0.195652,0.334282,0.108554,0.191057,0.083039,0.629451,1999.463002,1.116524,-0.019127,0.000000,2024.510311,0.975131
CRI,4,2.496880,0.203028,0.374916,0.110887,0.189956,0.081242,0.627620,1999.558260,1.106493,-0.021680,0.000000,2024.353553,0.950973
CRI,4,1.983548,0.196870,0.340917,0.108942,0.190874,0.082749,0.629146,1999.478924,1.005148,-0.019561,0.000000,2024.484592,0.971080
CRI,4,1.968782,0.189835,0.303130,0.106691,0.191933,0.084385,0.630924,1999.385786,1.100503,-0.033762,0.000000,2024.632353,0.994845
CRI,4,1.458611,0.181839,0.262201,0.104091,0.193152,0.070948,0.632994,1999.276333,1.108483,-0.020207,0.000000,2024.797935,1.022974
CRI,4,0.639186,0.155745,0.150631,0.095239,0.197273,0.062546,0.640201,1998.886522,1.131994,-0.012597,0.000000,2025.322661,1.124606
CRI,4,1.713346,0.185575,0.281011,0.105311,0.180906,0.079041,0.792103,1999.327968,1.095007,-0.023004,0.000000,2024.156433,0.877644
CRI,4,1.603318,0.174926,0.229054,0.160020,0.182223,0.080911,0.642946,1996.863886,1.105845,-0.020390,0.000000,2024.381589,0.907577
CRI,4,1.149100,0.173988,0.224742,0.118723,0.217620,0.079852,0.684844,1998.482349,1.100063,-0.021486,0.000000,2023.978310,0.821793
CRI,4,1.144510,0.169949,0.206695,0.120232,0.198256,0.079460,0.693792,1998.303205,1.098085,-0.021644,0.000000,2023.663984,1.477667
CRI,4,0.760115,0.154647,0.146799,0.117924,0.192223,0.082227,0.653282,2003.821703,1.113822,-0.017455,0.000000,2024.031168,1.000419
CRI,4,1.290736,0.234643,0.105538,0.099396,0.194890,0.084255,0.666160,1997.842138,1.125019,-0.013668,0.000000,2024.224757,1.050896
CRI,4,0.767664,0.168174,0.109336,0.116276,0.199404,0.081624,0.702670,1999.378209,1.111176,-0.017288,0.000000,2026.168540,1.098494
CRI,4,0.458621,0.116948,0.187499,0.091669,0.195536,0.085624,0.672086,1996.724400,1.132796,-0.009810,0.000000,2024.895313,1.076773
CRI,4,0.650868,0.074278,0.159861,0.072240,0.196549,0.089568,0.676037,1993.694448,1.153361,0.001859,0.000000,2025.204671,1.139755
CRI,4,0.622336,0.149480,0.104426,0.113179,0.199664,0.080606,0.713017,1998.679778,1.106502,-0.017304,0.000000,2024.835997,1.104213
CRI,4,0.621651,0.147391,0.095845,0.115871,0.200228,0.078559,0.724558,1998.626895,1.162729,-0.019140,0.000000,2024.773623,1.105486
CRI,4,0.379655,0.146750,0.090575,0.119768,0.200591,0.075299,0.737197,1998.595523,1.134371,0.003655,0.000000,2024.655130,1.099164
CRI,4,0.218538,0.128385,0.051711,0.126505,0.204541,0.069601,0.782356,1998.184414,1.146921,0.023885,0.000000,2024.666469,1.153211
CRI,4,0.429743,0.132151,0.059889,0.120842,0.203468,0.074776,0.761844,1998.294420,1.127195,-0.009398,0.000000,2024.797500,1.150778
CRI,4,0.348381,0.132021,0.056660,0.126944,0.213749,0.078711,0.580944,1998.261555,1.145968,-0.002230,0.000000,2025.188627,1.312696
CRI,4,0.452488,0.134003,0.055768,0.073132,0.216866,0.076277,0.737211,2000.711315,1.144909,-0.002217,0.000000,2025.132095,1.349377
CRI,4,0.527828,0.087249,0.103587,0.122727,0.211619,0.070056,0.728192,2000.360148,1.133975,-0.007809,0.000000,2025.381429,1.238439
CRI,4,0.285428,0.108485,0.046650,0.103746,0.184331,0.074315,0.718095,2000.101310,1.154224,0.003590,0.000000,2025.725750,1.587531
CRI,4,0.329725,0.103066,0.041091,0.099699,0.205947,0.073849,0.713563,2000.533358,1.160890,0.008178,0.000000,2026.127590,0.924897
CRI,4,0.366026,0.095946,0.058199,0.100714,0.205956,0.069518,0.706695,1999.744993,1.160687,0.007436,0.000000,2023.561779,1.249997
CRI,4,0.369071,0.096641,0.041026,0.096449,0.213570,0.066058,0.759002,1992.197896,1.164492,0.011744,0.000000,2025.887756,1.401597
CRI,4,0.529810,0.088601,0.034746,0.119477,0.212227,0.084688,0.785820,1998.446425,1.159335,0.010598,0.000000,2024.954023,1.312766
CRI,4,0.505706,0.084723,0.037796,0.102070,0.212213,0.069977,0.737012,1998.617617,1.174702,0.019624,0.000000,2025.441033,1.370471
CRI,4,0.607235,0.078475,0.035584,0.097330,0.213525,0.071030,0.727888,1998.668991,1.139453,0.026618,0.000000,2025.588409,1.414774
CRI,4,0.455713,0.091733,0.043357,0.101825,0.210506,0.073052,0.727058,1998.658477,1.146318,0.016563,0.000000,2025.404140,1.335379
CRI,4,0.312617,0.131220,0.105702,0.091341,0.201503,0.059054,0.645281,1998.881503,1.141817,-0.000180,0.000000,2025.509777,1.205842
CRI,4,0.326111,0.142538,0.035221,0.083817,0.200386,0.075877,0.700100,1996.463060,1.165023,0.018771,0.000000,2025.124793,1.274042
CRI,4,0.553887,0.159709,0.090549,0.099511,0.197405,0.076847,0.684029,1998.103677,1.105199,-0.008944,0.000000,2025.001583,1.129915
CRI,4,0.369736,0.099291,0.045289,0.101427,0.208867,0.071800,0.724308,1998.490689,1.164567,0.012988,0.000000,2025.336930,1.309000
CRI,4,0.219030,0.112974,0.024741,0.112069,0.215376,0.052993,0.755231,2000.099779,1.167472,0.023503,0.000000,2025.593909,1.468691
CRI,4,0.358766,0.148811,0.050316,0.103087,0.202823,0.068151,0.708667,1998.601567,1.162373,-0.000262,0.000000,2025.153778,1.223206
CRI,4,0.277385,0.103846,0.039207,0.142495,0.191373,0.062766,0.692837,1995.784896,1.165625,0.018563,0.000000,2025.427271,1.189058
CRI,4,0.292476,0.101163,0.035182,0.093680,0.205781,0.062466,0.651164,1998.195655,1.177305,0.027986,0.000000,2025.786511,1.396279
CRI,4,0.221794,0.135036,0.042154,0.111077,0.199491,0.064351,0.682178,1997.945434,1.156148,0.011655,0.000000,2025.408998,1.248982
CRI,4,0.282871,0.146521,0.046870,0.118949,0.190518,0.069989,0.626922,2003.160754,1.154681,0.012885,0.000000,2024.640688,1.135346
CRI,4,0.262166,0.158074,0.033847,0.117466,0.197591,0.066640,0.674006,1998.177960,1.158064,0.017793,0.000000,2026.516259,1.263110
CRI,4,0.291245,0.103164,0.035378,0.117404,0.200119,0.067791,0.665912,1999.287163,1.155397,0.026499,0.000000,2025.858061,1.296909
CRI,4,0.167798,0.111819,0.030931,0.092948,0.183216,0.052583,0.788133,1999.765032,1.170007,0.031314,0.000000,2025.928185,1.205204
CRI,4,0.125542,0.102881,0.025914,0.077971,0.162931,0.037785,0.859177,2000.459124,1.177739,0.040469,0.000000,2026.226804,1.152689
CRI,4,0.159836,0.143028,0.035527,0.115293,0.187034,0.052914,0.705897,1997.344703,1.162134,0.029759,0.000000,2024.927734,1.665517
CRI,4,0.296237,0.103487,0.041583,0.139361,0.191404,0.045943,0.720139,2001.314417,1.157111,0.023281,0.000000,2025.970628,1.348988
CRI,4,0.254266,0.108163,0.022822,0.138810,0.188279,0.062925,0.777788,1999.721816,1.175654,0.037814,0.000000,2025.728945,1.443660
CRI,4,0.273442,0.138083,0.028542,0.090794,0.198307,0.076371,0.722491,1996.628302,1.169775,0.025395,0.000000,2025.167798,1.313521
CRI,4,0.251642,0.148586,0.031069,0.135436,0.180698,0.064833,0.791471,1999.844767,1.140506,0.019839,0.000000,2025.289706,1.253399
CRI,4,0.252427,0.154715,0.030343,0.113154,0.184468,0.058779,0.798269,1998.893469,1.168008,0.020424,0.000000,2025.091216,1.344593
CRI,4,0.173411,0.156141,0.025046,0.128910,0.200250,0.047968,0.769104,1997.782527,1.170656,0.038335,0.000000,2025.142660,1.030429
CRI,4,0.137459,0.117093,0.023776,0.114844,0.196403,0.049490,0.849999,1991.768255,1.172442,0.036883,0.000000,2026.131821,1.453053
CRI,4,0.200134,0.167711,0.024050,0.089172,0.196416,0.055323,0.831027,2000.295154,1.164910,0.036096,0.000000,2025.666648,1.440897
CRI,4,0.300544,0.131152,0.028098,0.140249,0.188958,0.035502,0.825676,2000.181591,1.159118,0.033209,0.000000,2025.952775,1.334344
CRI,4,0.180697,0.136321,0.028429,0.102317,0.196073,0.067493,0.751449,1997.592121,1.167396,0.027556,0.000000,2025.386036,1.318719
CRI,4,0.170887,0.111376,0.024584,0.109034,0.189479,0.047267,0.864107,1998.734283,1.171761,0.038682,0.000000,2023.817349,1.394869
CRI,4,0.252252,0.163339,0.044151,0.085474,0.198835,0.048678,0.805640,1996.896104,1.150285,0.019888,0.000000,2024.892196,1.208099
CRI,4,0.172308,0.115519,0.027691,0.103713,0.204077,0.051332,0.787004,1997.494094,1.159131,0.037491,0.000000,2025.541762,1.281782
CRI,4,0.293102,0.102959,0.022685,0.137115,0.191748,0.061745,0.775808,1999.509731,1.174629,0.039609,0.000000,2025.792833,1.433006
CRI,4,0.151628,0.145879,0.034024,0.097346,0.197125,0.051999,0.798475,1997.589140,1.157922,0.026316,0.000000,2025.143687,1.263332
CRI,4,0.191087,0.113207,0.026167,0.081429,0.209725,0.043180,0.791939,1996.060224,1.180117,0.040131,0.000000,2025.439204,1.387813
CRI,4,0.131447,0.121147,0.022461,0.097749,0.195651,0.040189,0.881138,1997.877893,1.176193,0.044615,0.000000,2025.326366,1.415812
CRI,4,0.104434,0.146310,0.030417,0.094536,0.169004,0.049674,0.856392,1994.939893,1.169446,0.043267,0.000000,2025.072942,1.189755
CRI,4,0.277507,0.165937,0.035402,0.086349,0.136800,0.048013,0.892393,1991.809170,1.170389,0.046870,0.000000,2024.776740,1.057981
CRI,4,0.070068,0.131796,0.021262,0.077531,0.179336,0.029696,0.847756,1996.693886,1.183084,0.044651,0.000000,2025.943901,1.513899
CRI,4,0.086575,0.133532,0.020248,0.058246,0.163972,0.015356,0.873921,1995.902213,1.190539,0.047790,0.000000,2026.397921,1.697544
CRI,4,0.220901,0.096215,0.028328,0.110332,0.186387,0.039497,0.806001,1993.313579,1.177159,0.040595,0.000000,2025.108745,1.234158
CRI,4,0.128156,0.146424,0.024852,0.094244,0.194021,0.051342,0.825021,1998.795658,1.168468,0.037366,0.000000,2025.537108,1.388570
CRI,4,0.167542,0.149485,0.025260,0.121805,0.164595,0.052909,0.847645,1998.574703,1.156600,0.036178,0.000000,2025.379498,1.285943
CRI,4,0.109277,0.126298,0.023553,0.102028,0.178225,0.027073,0.885809,1997.299699,1.172128,0.044787,0.000000,2025.431715,1.349123
CRI,4,0.142203,0.106054,0.025605,0.074827,0.168552,0.041809,0.890177,1997.021406,1.169291,0.040567,0.000000,2025.694746,1.710412
CRI,4,0.109068,0.141684,0.023485,0.091468,0.155669,0.037069,0.892802,1997.238788,1.179041,0.041638,0.000000,2025.346124,1.514368
CRI,4,0.138173,0.152728,0.025591,0.083933,0.169493,0.039258,0.835001,1995.606501,1.171050,0.041185,0.000000,2026.599676,1.419532
CRI,4,0.124629,0.114284,0.024923,0.068395,0.194082,0.031983,0.850593,1995.258166,1.182488,0.043397,0.000000,2025.925214,1.552652
CRI,4,0.100593,0.115145,0.021364,0.066621,0.174496,0.028905,0.938521,1996.281256,1.182318,0.046515,0.000000,2026.355645,1.159420
CRI,4,0.086853,0.108445,0.021024,0.076140,0.157417,0.026374,0.920418,1995.789975,1.186281,0.047979,0.000000,2026.383843,1.538907
CRI,4,0.099796,0.149628,0.021944,0.099138,0.186940,0.032475,0.857061,1996.187630,1.183481,0.045517,0.000000,2026.100354,1.074176
CRI,4,0.165459,0.103476,0.021634,0.091582,0.188800,0.033729,0.908091,1997.651584,1.184038,0.045709,0.000000,2024.758681,1.293267
CRI,4,0.093380,0.138750,0.024113,0.085808,0.174615,0.037843,0.856767,1996.137656,1.175038,0.042612,0.000000,2026.263723,1.387745
CRI,4,0.131497,0.139161,0.022457,0.061120,0.155373,0.023672,0.899020,2001.061407,1.183501,0.047484,0.000000,2025.567149,1.250000
CRI,4,0.090215,0.133316,0.022736,0.072600,0.166857,0.029252,0.888292,1999.164256,1.181235,0.046141,0.000000,2025.721334,1.300077
CRI,4,0.119312,0.136707,0.023837,0.070367,0.150648,0.029432,0.873178,1996.278372,1.181627,0.043933,0.000000,2026.350860,1.267252
CRI,4,0.059453,0.111666,0.021870,0.069654,0.144611,0.018535,0.920214,1994.747606,1.187369,0.047826,0.000000,2026.322206,1.273881
CRI,4,0.052955,0.097420,0.021160,0.059170,0.115835,0.009556,0.947491,1992.415929,1.192038,0.049136,0.000000,2026.620554,1.217599
CRI,4,0.122659,0.157153,0.021168,0.081279,0.172699,0.022801,0.914356,1990.830312,1.184868,0.048026,0.000000,2025.759418,1.526553
CRI,4,0.202227,0.149531,0.021104,0.094404,0.132033,0.026091,0.927044,1996.457903,1.181216,0.047624,0.000000,2026.058391,1.124329
CRI,4,0.081068,0.122299,0.023390,0.074395,0.180853,0.030444,0.874341,1995.564326,1.182178,0.044863,0.000000,2025.959276,1.443079
CRI,4,0.119359,0.104051,0.025558,0.079037,0.160236,0.037504,0.863174,2000.496606,1.177674,0.040845,0.000000,2026.231744,1.135631
CRI,4,0.086425,0.115474,0.023766,0.079594,0.163437,0.033451,0.877976,1998.504034,1.179738,0.043688,0.000000,2026.123187,1.230298
CRI,4,0.104647,0.116668,0.021689,0.092504,0.182940,0.030478,0.907868,1996.554242,1.181298,0.046933,0.000000,2025.550548,1.382227
CRI,4,0.133793,0.124690,0.021611,0.061668,0.157140,0.033615,0.901005,1995.359953,1.188504,0.046722,0.000000,2026.442595,1.305305
CRI,4,0.076023,0.125894,0.022916,0.090768,0.173221,0.028632,0.889788,1996.832131,1.177636,0.045354,0.000000,2025.729332,1.338136
CRI,4,0.100970,0.108837,0.021595,0.069843,0.182111,0.023038,0.893993,1995.353345,1.184503,0.048193,0.000000,2026.534989,1.118796
CRI,4,0.113623,0.130787,0.023259,0.065630,0.154512,0.027401,0.874142,1995.878539,1.183163,0.045377,0.000000,2026.540225,1.200396
CRI,4,0.085818,0.120057,0.021991,0.085236,0.176342,0.029691,0.900287,1996.387386,1.181783,0.046599,0.000000,2025.843735,1.336126
CRI,4,0.104592,0.100705,0.020398,0.062794,0.171002,0.012703,0.924812,1997.643519,1.190598,0.048150,0.000000,2026.853152,1.418381
CRI,4,0.090944,0.133395,0.024622,0.085825,0.169506,0.037950,0.877242,1995.649146,1.177195,0.045093,0.000000,2025.669424,1.245804
CRI,4,0.111685,0.140177,0.023126,0.088794,0.154478,0.035086,0.894285,1997.319439,1.180131,0.041926,0.000000,2025.498327,1.516352
CRI,4,0.074076,0.115983,0.021887,0.074305,0.175677,0.025761,0.894066,1995.862593,1.183508,0.047352,0.000000,2026.322097,1.214811
CRI,4,0.088558,0.132754,0.023857,0.094192,0.163318,0.027932,0.809018,1996.370013,1.182782,0.045906,0.000000,2025.755865,1.482496
CRI,4,0.076159,0.099897,0.023035,0.062168,0.144157,0.024016,0.910501,1996.492911,1.181443,0.046868,0.000000,2025.998989,1.645100
CRI,4,0.075676,0.102127,0.021363,0.069217,0.153677,0.018289,0.917641,1996.600487,1.188339,0.048390,0.000000,2025.761141,1.360999
CRI,4,0.074885,0.101642,0.020988,0.066664,0.156563,0.015856,0.909437,1997.217526,1.188580,0.047954,0.000000,2026.344953,1.524922
CRI,4,0.118325,0.097207,0.021411,0.078111,0.157617,0.019649,0.903680,1992.899290,1.187208,0.047649,0.000000,2026.395207,1.506780
CRI,4,0.068630,0.123234,0.022319,0.073953,0.164590,0.026610,0.892329,1997.777676,1.182946,0.046588,0.000000,2025.910735,1.351237
CRI,4,0.132353,0.096415,0.020919,0.056533,0.161477,0.020508,0.951716,1996.411540,1.186076,0.047853,0.000000,2026.389609,1.302308
CRI,4,0.062319,0.122590,0.022696,0.083591,0.162860,0.025930,0.861491,1996.380402,1.183671,0.046512,0.000000,2025.932927,1.437116
CRI,4,0.060064,0.120512,0.024068,0.072581,0.168125,0.021757,0.866781,1997.068194,1.182012,0.045252,0.000000,2025.671693,1.231170
CRI,4,0.063282,0.113993,0.021120,0.068243,0.163051,0.015222,0.911379,1993.852692,1.188069,0.048569,0.000000,2025.916569,1.539966
CRI,4,0.063109,0.108692,0.021927,0.060942,0.146691,0.015635,0.893332,1995.825999,1.187628,0.047660,0.000000,2026.197721,1.465342
CRI,4,0.063047,0.104615,0.021029,0.068149,0.135000,0.013415,0.918093,1996.680690,1.188101,0.048658,0.000000,2026.133790,1.361789
CRI,4,0.092298,0.129038,0.020960,0.082314,0.171855,0.016003,0.886245,1995.793125,1.189393,0.048066,0.000000,2026.118587,1.121883
CRI,4,0.074318,0.106504,0.022277,0.066840,0.151392,0.021783,0.904914,1996.320165,1.183859,0.047222,0.000000,2026.029531,1.511868
CRI,4,0.072430,0.099589,0.020959,0.052606,0.138648,0.012376,0.909829,1995.346235,1.191682,0.048817,0.000000,2026.384357,1.448803
CRI,4,0.066844,0.122260,0.021936,0.067521,0.157045,0.018993,0.877925,1995.378205,1.184878,0.046727,0.000000,2026.448609,1.440373
CRI,4,0.077673,0.126668,0.022985,0.070243,0.154246,0.022409,0.883003,1994.372993,1.183821,0.047207,0.000000,2025.920564,1.264334
CRI,4,0.067439,0.107397,0.021303,0.067547,0.155986,0.017333,0.903381,1996.541582,1.187540,0.047788,0.000000,2026.247160,1.459128
CRI,4,0.053672,0.121072,0.021181,0.070183,0.160102,0.015711,0.888146,1995.391571,1.189038,0.048020,0.000000,2026.286183,1.268460
CRI,4,0.063161,0.111985,0.021318,0.062395,0.131149,0.011885,0.898609,1995.781290,1.189980,0.048021,0.000000,2025.980804,1.576844
CRI,4,0.083152,0.132921,0.022734,0.088900,0.168114,0.024746,0.878862,1996.357515,1.179542,0.045233,0.000000,2025.825882,1.360289
CRI,4,0.060305,0.107054,0.021246,0.060432,0.146306,0.014855,0.902830,1995.603477,1.189575,0.048317,0.000000,2026.258867,1.426597
CRI,4,0.060806,0.097025,0.022074,0.058742,0.119340,0.008667,0.934729,1994.795818,1.190709,0.049139,0.000000,2026.337060,1.282092
CRI,4,0.059136,0.099741,0.021108,0.059405,0.128767,0.008123,0.913328,1992.985554,1.191674,0.048912,0.000000,2026.425556,1.431697
CRI,4,0.063376,0.113055,0.021919,0.063880,0.133463,0.011691,0.905018,1993.816053,1.189331,0.048499,0.000000,2026.153984,1.319671
CRI,4,0.062051,0.098021,0.021289,0.063312,0.128294,0.009718,0.928489,1994.800681,1.191713,0.049116,0.000000,2025.857038,1.318179
CRI,4,0.073055,0.103511,0.021218,0.066832,0.151331,0.015552,0.911641,1996.451344,1.188727,0.048221,0.000000,2026.150081,1.438604
CRI,4,0.056245,0.110589,0.021713,0.064609,0.137993,0.012570,0.906714,1994.502317,1.189183,0.048434,0.000000,2026.153009,1.349212
COL,1,1.127290,0.160000,0.300000,0.050000,0.060000,0.015000,0.300000,1990.000000,0.150000,0.005000,0.000000,2018.000000,0.800000
COL,1,2.225084,0.260447,0.300000,0.050000,0.060000,0.015000,0.300000,1990.000000,0.150000,0.005000,0.000000,2018.000000,0.800000
COL,1,2.069038,0.160000,0.468328,0.050000,0.060000,0.015000,0.300000,1990.000000,0.150000,0.005000,0.000000,2018.000000,0.800000
COL,1,2.929634,0.160000,0.300000,0.092403,0.060000,0.015000,0.300000,1990.000000,0.150000,0.005000,0.000000,2018.000000,0.800000
COL,1,1.317362,0.160000,0.300000,0.050000,0.103183,0.015000,0.300000,1990.000000,0.150000,0.005000,0.000000,2018.000000,0.800000
COL,1,0.838571,0.160000,0.300000,0.050000,0.060000,0.028199,0.300000,1990.000000,0.150000,0.005000,0.000000,2018.000000,0.800000
COL,1,1.567149,0.160000,0.300000,0.050000,0.060000,0.015000,0.484914,1990.000000,0.150000,0.005000,0.000000,2018.000000,0.800000
COL,1,2.032051,0.160000,0.300000,0.050000,0.060000,0.015000,0.300000,1998.763349,0.150000,0.005000,0.000000,2018.000000,0.800000
COL,1,1.265839,0.160000,0.300000,0.050000,0.060000,0.015000,0.300000,1990.000000,0.282313,0.005000,0.000000,2018.000000,0.800000
COL,1,0.957872,0.160000,0.300000,0.050000,0.060000,0.015000,0.300000,1990.000000,0.150000,0.023119,0.000000,2018.000000,0.800000
COL,1,1.127290,0.160000,0.300000,0.050000,0.060000,0.015000,0.300000,1990.000000,0.150000,0.005000,0.000000,2018.000000,0.800000
COL,1,1.127290,0.160000,0.300000,0.050000,0.060000,0.015000,0.300000,1990.000000,0.150000,0.005000,0.000000,2022.406683,0.800000
COL,1,1.127290,0.160000,0.300000,0.050000,0.060000,0.015000,0.300000,1990.000000,0.150000,0.005000,0.000000,2018.000000,1.322631
COL,1,0.700769,0.174644,0.326047,0.024737,0.066289,0.016780,0.328074,1991.664246,0.167328,0.008273,0.000000,2018.839901,0.876985
COL,1,0.580556,0.182322,0.339486,0.011644,0.069587,0.017732,0.342634,1992.469867,0.176655,0.009885,0.000000,2019.245965,0.917236
COL,1,1.165641,0.094692,0.332734,0.039851,0.067925,0.017251,0.335312,1992.069392,0.171935,0.009082,0.000000,2019.044152,0.896968
COL,1,0.412434,0.150216,0.180399,0.038340,0.069308,0.017651,0.341408,1992.403452,0.175861,0.009751,0.000000,2019.212502,0.913839
COL,1,0.136470,0.145509,0.102366,0.033432,0.074282,0.019109,0.363175,1993.545985,0.190231,0.012066,0.000000,2019.787850,0.974402
COL,1,0.157909,0.147847,0.264991,0.035814,0.071769,0.018369,0.352210,1980.705949,0.182922,0.010915,0.000000,2019.502924,0.943831
COL,1,0.298713,0.145897,0.259424,0.033819,0.073860,0.018984,0.186074,1989.932190,0.188996,0.011875,0.000000,2019.740751,0.969268
COL,1,0.375731,0.143649,0.253031,0.031616,0.036849,0.019722,0.308673,1989.920879,0.196302,0.012983,0.000000,2020.013259,0.999438
COL,1,0.204158,0.141063,0.245711,0.029206,0.064538,0.020609,0.310133,1989.907679,0.095211,0.014259,0.000000,2020.324256,1.035282
COL,1,1.391858,0.243160,0.207121,0.035173,0.056376,0.018562,0.272654,1987.353500,0.145970,0.011219,0.000000,2019.578433,0.951819
COL,1,0.605471,0.121450,0.297764,0.038634,0.064903,0.017572,0.318932,1990.935417,0.165077,0.009619,0.000000,2019.179408,0.910493
COL,1,0.155010,0.143851,0.232534,0.026459,0.064818,0.021745,0.309190,1989.695440,0.170044,0.015806,0.000000,2020.697482,0.564179
COL,1,0.106536,0.141295,0.222434,0.023680,0.065645,0.023060,0.310737,1989.644493,0.173611,0.017488,0.000000,2015.285262,0.942417
COL,1,0.042297,0.132658,0.189780,0.015935,0.068593,0.028088,0.316189,1989.465765,0.186625,0.023011,0.000000,2011.117867,1.019085
COL,1,0.050660,0.136917,0.205581,0.019452,0.067109,0.025493,0.313457,1989.555209,0.180014,0.020324,0.000000,2019.418073,0.980325
COL,1,0.049092,0.133360,0.192340,0.016477,0.068344,0.027645,0.315733,1989.480684,0.185509,0.022574,0.000000,2019.643297,1.012568
COL,1,0.114352,0.129314,0.177812,0.013548,0.069803,0.030292,0.318401,1989.393599,0.192103,0.004203,0.000000,2019.901713,1.050898
COL,1,0.054159,0.124735,0.162092,0.010758,0.071529,0.016568,0.321529,1989.291813,0.200052,0.022375,0.000000,2020.197123,1.096534
COL,1,0.447100,0.164858,0.146859,0.011534,0.067395,0.026555,0.302925,1988.040268,0.188058,0.020470,0.000000,2019.266106,1.003514
COL,1,0.060305,0.107209,0.108090,0.038249,0.062463,0.028046,0.274837,1985.570925,0.177665,0.021848,0.000000,2019.203000,1.011158
COL,1,0.521209,0.110938,0.248760,0.046441,0.063735,0.019048,0.307501,1989.809366,0.165235,0.011751,0.000000,2019.172225,0.925704
COL,1,0.158274,0.149617,0.168140,0.016579,0.066468,0.024514,0.304065,1988.487714,0.182105,0.018397,0.000000,2019.242687,0.983722
COL,1,0.173973,0.128748,0.134266,0.015726,0.113115,0.026621,0.301006,1987.680329,0.156157,0.020212,0.000000,2018.245491,0.927082
COL,1,0.111625,0.124097,0.116663,0.012824,0.069032,0.029032,0.486327,1987.285123,0.157206,0.022449,0.000000,2018.286134,0.949433
COL,1,0.134548,0.125688,0.109092,0.013032,0.079556,0.028487,0.349996,1986.863441,0.323958,0.021663,0.000000,2017.252806,0.873406
COL,1,0.282444,0.137196,0.195147,0.023674,0.037903,0.022452,0.368544,1988.987814,0.233221,0.016123,0.000000,2019.291801,0.968570
COL,1,0.053581,0.130815,0.147551,0.017438,0.090104,0.025534,0.317197,1988.009747,0.172959,0.019216,0.000000,2018.512651,0.937353
COL,1,0.064006,0.115242,0.152878,0.022672,0.076260,0.024607,0.367541,1988.107182,0.199320,0.018145,0.000000,2018.171515,0.904981
COL,1,0.207846,0.111868,0.086701,0.009422,0.071490,0.033383,0.320669,1996.031309,0.201282,0.025798,0.000000,2017.657669,0.937349
COL,1,0.064851,0.137994,0.202676,0.025978,0.071699,0.021562,0.344181,1984.850762,0.187370,0.014981,0.000000,2019.058823,0.942208
COL,1,0.161365,0.114240,0.097219,0.012998,0.080106,0.028830,0.370682,1987.268796,0.219595,0.021598,0.000000,2015.923165,1.524141
COL,1,0.052763,0.135862,0.188063,0.022226,0.068458,0.023391,0.324011,1989.098243,0.181418,0.017308,0.000000,2019.618618,0.750381
COL,1,0.158585,0.111604,0.243495,0.009417,0.069239,0.033213,0.309891,1982.149818,0.195189,0.025496,0.000000,2016.991157,0.942081
COL,1,0.046636,0.136258,0.127491,0.024624,0.073001,0.022152,0.349446,1990.913033,0.191460,0.015714,0.000000,2019.127003,0.966262
COL,1,0.140195,0.131147,0.234976,0.027323,0.063410,0.021804,0.322174,1989.976581,0.100012,0.015555,0.000000,2019.844555,1.064286
COL,1,0.074711,0.127033,0.132523,0.015734,0.075316,0.026706,0.342928,1987.656096,0.246273,0.020198,0.000000,2017.932540,0.919042
COL,1,0.065809,0.127097,0.138699,0.026967,0.073553,0.019885,0.358207,1987.176171,0.183847,0.032018,0.000000,2016.828984,0.864961
COL,1,0.150545,0.132955,0.216280,0.032002,0.075129,0.019523,0.202970,1989.270696,0.229441,0.019232,0.000000,2018.328095,0.946608
COL,1,0.065387,0.126259,0.136376,0.016205,0.070527,0.026416,0.404638,1987.787279,0.173081,0.021665,0.000000,2018.296632,0.948726
COL,1,0.066498,0.129762,0.192141,0.026487,0.068086,0.021365,0.323486,1988.930663,0.137151,0.021767,0.000000,2018.733943,0.982624
COL,1,0.044259,0.129075,0.175295,0.023298,0.069852,0.022623,0.328290,1988.614505,0.159345,0.021380,0.000000,2018.536575,0.966494
COL,1,0.100102,0.130030,0.190964,0.015057,0.069164,0.029072,0.304332,1989.630481,0.181367,0.004278,0.000000,2019.994125,1.059192
COL,1,0.041606,0.127825,0.150344,0.023368,0.072441,0.021958,0.344305,1987.798718,0.183224,0.026514,0.000000,2017.665663,0.911325
COL,1,0.057184,0.131159,0.197218,0.026668,0.072476,0.021391,0.256470,1989.039530,0.194399,0.019070,0.000000,2018.549969,0.963369
COL,1,0.065706,0.118936,0.131956,0.016727,0.071425,0.026187,0.293557,1992.416217,0.180753,0.025840,0.000000,2017.678341,0.973541
COL,1,0.037714,0.132986,0.182369,0.023304,0.071631,0.022660,0.331105,1986.826888,0.185696,0.017910,0.000000,2018.722731,0.949984
COL,1,0.090507,0.145730,0.180751,0.019315,0.066317,0.022689,0.267791,1989.194829,0.167765,0.023104,0.000000,2018.678119,1.020288
COL,1,0.034166,0.122259,0.159450,0.021786,0.073697,0.024117,0.340967,1988.380968,0.190981,0.019430,0.000000,2018.299364,0.933044
COL,1,0.161356,0.159664,0.266956,0.010060,0.082681,0.019193,0.371307,1992.008060,0.190639,0.019083,0.000000,2017.458934,0.901045
COL,1,0.032292,0.118577,0.136260,0.027769,0.067197,0.025616,0.297395,1987.244085,0.180833,0.021171,0.000000,2018.781345,0.982937
COL,1,0.083105,0.128849,0.140202,0.014925,0.070937,0.026136,0.402081,1988.426376,0.172084,0.022197,0.000000,2018.186853,0.950222
COL,1,0.032880,0.130578,0.181295,0.023121,0.072089,0.022516,0.289368,1988.886859,0.188595,0.019870,0.000000,2018.459804,0.960072
COL,1,0.077671,0.136496,0.174244,0.040744,0.071973,0.034064,0.322526,1988.101664,0.165466,0.018441,0.000000,2016.028805,0.808279
COL,1,0.040404,0.127585,0.165056,0.015187,0.071640,0.020141,0.321778,1988.996602,0.190861,0.021421,0.000000,2019.236756,1.019716
COL,1,0.066803,0.129636,0.194659,0.025384,0.053422,0.022135,0.327672,1989.543375,0.194680,0.022004,0.000000,2018.040315,0.968052
COL,1,0.033001,0.130520,0.158235,0.019173,0.079885,0.024653,0.319798,1988.396948,0.178179,0.019928,0.000000,2018.395581,0.944973
COL,1,0.045900,0.123962,0.148470,0.019477,0.074096,0.024411,0.320115,1988.345849,0.185125,0.024136,0.000000,2016.619414,1.223138
COL,1,0.048188,0.120967,0.128180,0.022259,0.076746,0.022205,0.331930,1987.673671,0.187433,0.021993,0.000000,2016.354631,0.998416
COL,1,0.041258,0.122214,0.128259,0.027491,0.076863,0.019580,0.332321,1987.444637,0.182203,0.019613,0.000000,2015.503596,0.964123
COL,1,0.046324,0.134952,0.192475,0.021193,0.068471,0.024093,0.316177,1989.221282,0.179474,0.019820,0.000000,2018.771473,0.972305
COL,1,0.063325,0.119601,0.206873,0.018655,0.071316,0.024484,0.294415,1985.586614,0.173773,0.026200,0.000000,2015.891508,1.005599
COL,1,0.031388,0.131907,0.144094,0.022986,0.072578,0.022720,0.335204,1989.627069,0.186897,0.018543,0.000000,2018.358626,0.976013
COL,1,0.057263,0.120308,0.130822,0.022004,0.076673,0.022299,0.329598,1987.448580,0.186680,0.022422,0.000000,2016.213757,1.000067
COL,1,0.037579,0.131146,0.174969,0.021393,0.070470,0.023635,0.319503,1988.782981,0.181252,0.020483,0.000000,2018.156779,0.979204
COL,1,0.041605,0.132235,0.174679,0.024294,0.070335,0.021879,0.325493,1988.409809,0.180350,0.017278,0.000000,2018.642317,0.744869
COL,1,0.028303,0.127522,0.147853,0.020466,0.074680,0.023497,0.316899,1988.105924,0.213297,0.019587,0.000000,2016.752545,0.927876
COL,1,0.043767,0.126752,0.135710,0.019173,0.077165,0.023942,0.311289,1987.850100,0.245613,0.018668,0.000000,2015.819842,0.908923
COL,1,0.051507,0.123248,0.130740,0.030913,0.077059,0.018091,0.329135,1987.003078,0.186754,0.017228,0.000000,2023.391386,0.863958
COL,1,0.041182,0.130246,0.173079,0.018866,0.070654,0.025301,0.319399,1988.859418,0.186657,0.021627,0.000000,2014.649367,0.978884
COL,1,0.036286,0.128324,0.169312,0.020520,0.072766,0.024026,0.297810,1988.866531,0.190800,0.012014,0.000000,2018.057235,0.979863
COL,1,0.048822,0.123412,0.144911,0.019174,0.075330,0.024483,0.311088,1988.336507,0.195635,0.021341,0.000000,2016.952380,1.221443
COL,1,0.035965,0.129977,0.166750,0.022908,0.071565,0.022511,0.321857,1988.391492,0.184070,0.018321,0.000000,2018.231421,0.850753
COL,1,0.047396,0.134892,0.205352,0.016363,0.068040,0.027749,0.302839,1989.441848,0.193990,0.018864,0.000000,2020.302542,0.948756
COL,1,0.029838,0.125277,0.144467,0.024196,0.074598,0.021437,0.324806,1987.949957,0.185089,0.019427,0.000000,2016.791412,0.960268
COL,1,0.026922,0.125779,0.148261,0.024944,0.074780,0.021031,0.316272,1987.888120,0.189118,0.016353,0.000000,2021.238372,0.931233
COL,1,0.041012,0.123598,0.137155,0.028610,0.076894,0.019103,0.314715,1987.397002,0.190359,0.013542,0.000000,2023.565624,0.907941
COL,1,0.045139,0.128101,0.152766,0.033259,0.074297,0.026520,0.313007,1987.561418,0.184664,0.015694,0.000000,2017.500078,0.878627
COL,1,0.027773,0.127714,0.161900,0.018558,0.072299,0.021621,0.319572,1988.640954,0.189295,0.020043,0.000000,2018.816970,0.983290
COL,1,0.034079,0.122052,0.135342,0.021135,0.074419,0.023522,0.302130,1989.997619,0.190411,0.019690,0.000000,2018.062109,0.950733
COL,1,0.034704,0.122298,0.135224,0.022979,0.076294,0.022532,0.310468,1988.287668,0.196647,0.016940,0.000000,2018.615313,0.917411
COL,1,0.049967,0.124000,0.134640,0.024400,0.074520,0.021919,0.334901,1988.106156,0.187792,0.025429,0.000000,2018.803162,0.906614
COL,1,0.030120,0.127230,0.159931,0.021433,0.073202,0.023487,0.306847,1988.677347,0.190044,0.015657,0.000000,2018.246311,0.961234
COL,1,0.033910,0.121981,0.135775,0.021627,0.076030,0.023571,0.307816,1988.631028,0.195673,0.019490,0.000000,2018.636366,1.060638
COL,1,0.032142,0.129585,0.167536,0.021342,0.071268,0.023726,0.318699,1988.791193,0.182996,0.021215,0.000000,2018.256461,1.011983
COL,1,0.031414,0.130886,0.143322,0.022436,0.073407,0.022097,0.285957,1988.766734,0.187121,0.019109,0.000000,2018.566040,1.008979
COL,1,0.033018,0.132637,0.170375,0.023353,0.072524,0.022431,0.320765,1986.902633,0.187137,0.018749,0.000000,2018.879124,1.000468
COL,1,0.041784,0.134571,0.176324,0.023119,0.070389,0.022198,0.317106,1988.022012,0.180719,0.018828,0.000000,2018.353378,0.885054
COL,1,0.030265,0.125022,0.144988,0.021991,0.074596,0.023222,0.310123,1988.479340,0.191837,0.019325,0.000000,2018.566005,1.015059
COL,1,0.034125,0.122554,0.136832,0.021195,0.074182,0.023464,0.302510,1989.973017,0.189782,0.019663,0.000000,2018.050066,0.943514
COL,1,0.029091,0.130048,0.161332,0.022795,0.072936,0.022686,0.316143,1987.684262,0.187796,0.018979,0.000000,2018.675169,0.986051
COL,1,0.026458,0.124478,0.147894,0.026515,0.066072,0.021016,0.302854,1988.399594,0.200976,0.018317,0.000000,2018.588588,1.005955
COL,1,0.037734,0.121555,0.142968,0.031072,0.059768,0.019351,0.294587,1988.400916,0.213283,0.017495,0.000000,2018.684370,1.037243
COL,1,0.041451,0.123431,0.124550,0.022547,0.072448,0.022794,0.336496,1987.823522,0.191996,0.018114,0.000000,2018.546239,0.998143
COL,1,0.029471,0.128757,0.165185,0.022976,0.072179,0.022585,0.300760,1988.622768,0.189440,0.019436,0.000000,2018.481449,0.969510
COL,1,0.046505,0.137741,0.171283,0.018117,0.078447,0.019505,0.328463,1989.674522,0.201710,0.016431,0.000000,2018.169679,0.972841
COL,1,0.032414,0.123123,0.144312,0.024993,0.069913,0.023978,0.304993,1987.860588,0.185868,0.020023,0.000000,2018.630230,0.980408
COL,1,0.030279,0.125127,0.148077,0.025719,0.070344,0.021023,0.309520,1988.144366,0.194970,0.017343,0.000000,2019.978810,0.968177
COL,1,0.026961,0.126086,0.154748,0.022211,0.069142,0.021317,0.311148,1988.520395,0.195061,0.019187,0.000000,2018.703132,0.994587
COL,1,0.028939,0.125991,0.147873,0.023312,0.070296,0.022232,0.309830,1988.252930,0.207060,0.018956,0.000000,2017.687599,0.966459
COL,1,0.029419,0.127235,0.154475,0.024591,0.069452,0.021839,0.309457,1988.042905,0.194290,0.018649,0.000000,2018.631929,0.995975
COL,1,0.026315,0.126601,0.156316,0.024688,0.069084,0.021790,0.301806,1988.511285,0.195135,0.018879,0.000000,2018.535093,0.987638
COL,1,0.032535,0.124877,0.146171,0.025331,0.070256,0.021226,0.313720,1988.175172,0.192892,0.018875,0.000000,2017.706415,0.982961
COL,1,0.027740,0.125847,0.153801,0.023851,0.069581,0.022227,0.304847,1988.538632,0.195445,0.017001,0.000000,2018.418183,0.983451
COL,1,0.029548,0.124750,0.146434,0.024157,0.070255,0.022099,0.306476,1988.439480,0.196361,0.018823,0.000000,2018.577300,1.010502
COL,1,0.031644,0.128143,0.145982,0.024693,0.069278,0.021856,0.318797,1989.016770,0.193827,0.018430,0.000000,2018.473943,0.990921
COL,1,0.027765,0.127645,0.145590,0.024398,0.069680,0.021552,0.294330,1988.583449,0.193942,0.018715,0.000000,2018.577317,1.007466
COL,1,0.032396,0.127008,0.157429,0.023801,0.068639,0.022342,0.310718,1988.595718,0.191804,0.019786,0.000000,2018.423216,1.008966
COL,1,0.033321,0.121493,0.141960,0.027136,0.066633,0.023237,0.300117,1987.824281,0.190675,0.019763,0.000000,2018.685217,0.994409
COL,1,0.030327,0.130958,0.159190,0.021949,0.072102,0.020250,0.315510,1989.040783,0.201343,0.017381,0.000000,2018.380220,0.989321
COL,1,0.034281,0.128437,0.156835,0.022977,0.068720,0.022024,0.302152,1988.838760,0.200467,0.018044,0.000000,2019.430803,1.001879
COL,1,0.029435,0.125758,0.148770,0.024723,0.069870,0.021423,0.310804,1988.341752,0.194762,0.018668,0.000000,2018.151768,0.987672
COL,1,0.030217,0.126076,0.144247,0.024615,0.070545,0.020772,0.305119,1988.377544,0.202109,0.016912,0.000000,2018.707331,0.972475
COL,1,0.029266,0.124619,0.155256,0.023712,0.070111,0.021061,0.295037,1987.844061,0.201409,0.018052,0.000000,2018.695940,0.987246
COL,1,0.025833,0.120922,0.141765,0.026996,0.067016,0.022858,0.294843,1987.617843,0.193901,0.019198,0.000000,2018.839977,0.988499
COL,1,0.041073,0.116178,0.133760,0.029894,0.064559,0.024248,0.284828,1986.895033,0.190270,0.020085,0.000000,2019.065570,0.988088
COL,1,0.026497,0.125855,0.151326,0.023244,0.068168,0.022344,0.298229,1988.434922,0.200062,0.019539,0.000000,2016.924936,1.013339
COL,1,0.029300,0.124870,0.156577,0.024061,0.067580,0.022881,0.301421,1988.211553,0.192657,0.020373,0.000000,2018.021000,1.015826
COL,1,0.027854,0.126218,0.155975,0.024501,0.067423,0.021647,0.299243,1988.111285,0.197684,0.018776,0.000000,2018.061063,0.978557
COL,1,0.027856,0.125282,0.154745,0.023904,0.067396,0.022366,0.293128,1988.170940,0.199798,0.018949,0.000000,2018.473615,0.999736
COL,1,0.029285,0.123508,0.149074,0.023919,0.067466,0.022030,0.291755,1988.490391,0.201214,0.019018,0.000000,2017.962573,0.992039
COL,1,0.029661,0.125618,0.145867,0.024422,0.069316,0.020882,0.298016,1988.368970,0.204377,0.017016,0.000000,2018.565738,0.968561
COL,1,0.026055,0.125057,0.153832,0.024151,0.068012,0.022369,0.300568,1988.250944,0.195531,0.019552,0.000000,2018.158519,1.003892
COL,1,0.029308,0.127266,0.154020,0.024607,0.069525,0.021756,0.309312,1988.049490,0.194770,0.018509,0.000000,2018.654231,0.994003
COL,1,0.026936,0.124437,0.150296,0.024089,0.067977,0.021962,0.296086,1988.380458,0.199586,0.018891,0.000000,2018.137644,0.992530
COL,1,0.024635,0.126103,0.147086,0.024886,0.066545,0.022905,0.306114,1988.782203,0.194284,0.019605,0.000000,2017.823898,0.999699
COL,1,0.031893,0.126851,0.143157,0.025492,0.064807,0.023868,0.311745,1989.245706,0.190804,0.020365,0.000000,2017.374978,1.005958
COL,1,0.030514,0.124748,0.154294,0.025586,0.065756,0.021818,0.290831,1988.465170,0.186922,0.018820,0.000000,2018.847381,1.026546
COL,1,0.030004,0.125679,0.149454,0.023862,0.069143,0.022128,0.305012,1988.306059,0.201859,0.018922,0.000000,2017.983500,0.981291
COL,1,0.025910,0.123487,0.144401,0.025921,0.066780,0.022881,0.300447,1988.202694,0.194093,0.019402,0.000000,2018.338256,0.994090
COL,1,0.025312,0.125579,0.150423,0.024516,0.067276,0.022636,0.303334,1988.517163,0.194907,0.019579,0.000000,2017.991829,1.001795
COL,1,0.026302,0.126351,0.151634,0.024787,0.067807,0.022343,0.303955,1988.646901,0.194709,0.019243,0.000000,2018.182458,0.993659
COL,1,0.026351,0.125288,0.147489,0.025689,0.066308,0.021946,0.304481,1988.591208,0.197606,0.018965,0.000000,2018.209695,1.002825
COL,1,0.027117,0.125979,0.149191,0.024052,0.067354,0.022623,0.302156,1988.608819,0.197155,0.019572,0.000000,2017.378114,1.006507
COL,1,0.029202,0.125268,0.148683,0.024484,0.067259,0.022430,0.301075,1988.581672,0.196920,0.019249,0.000000,2017.981315,0.996111
COL,1,0.026374,0.126095,0.150871,0.023514,0.067836,0.022101,0.308625,1988.651446,0.194672,0.019396,0.000000,2018.268154,0.997141
COL,1,0.028818,0.125975,0.150408,0.024363,0.068053,0.022564,0.305480,1988.660545,0.194864,0.018317,0.000000,2018.123074,0.991556
COL,1,0.029011,0.126872,0.146336,0.024641,0.068102,0.022221,0.300187,1988.682911,0.194113,0.019162,0.000000,2018.203953,1.003579
COL,2,9.620621,0.204509,0.538972,0.059197,0.206587,0.043884,0.805921,1994.393543,1.055666,0.007707,0.000000,2003.500931,0.639711
COL,2,11.833990,0.315447,0.538972,0.059197,0.206587,0.043884,0.805921,1994.393543,1.055666,0.007707,0.000000,2003.500931,0.639711
COL,2,13.778472,0.204509,0.690435,0.059197,0.206587,0.043884,0.805921,1994.393543,1.055666,0.007707,0.000000,2003.500931,0.639711
COL,2,11.716710,0.204509,0.538972,0.106090,0.206587,0.043884,0.805921,1994.393543,1.055666,0.007707,0.000000,2003.500931,0.639711
COL,2,9.817803,0.204509,0.538972,0.059197,0.228431,0.043884,0.805921,1994.393543,1.055666,0.007707,0.000000,2003.500931,0.639711
COL,2,8.135940,0.204509,0.538972,0.059197,0.206587,0.063509,0.805921,1994.393543,1.055666,0.007707,0.000000,2003.500931,0.639711
COL,2,9.808604,0.204509,0.538972,0.059197,0.206587,0.043884,0.902241,1994.393543,1.055666,0.007707,0.000000,2003.500931,0.639711
COL,2,10.214730,0.204509,0.538972,0.059197,0.206587,0.043884,0.805921,2001.688919,1.055666,0.007707,0.000000,2003.500931,0.639711
COL,2,9.513055,0.204509,0.538972,0.059197,0.206587,0.043884,0.805921,1994.393543,1.130505,0.007707,0.000000,2003.500931,0.639711
COL,2,9.083043,0.204509,0.538972,0.059197,0.206587,0.043884,0.805921,1994.393543,1.055666,0.025227,0.000000,2003.500931,0.639711
COL,2,9.620621,0.204509,0.538972,0.059197,0.206587,0.043884,0.805921,1994.393543,1.055666,0.007707,0.000000,2003.500931,0.639711
COL,2,9.620621,0.204509,0.538972,0.059197,0.206587,0.043884,0.805921,1994.393543,1.055666,0.007707,0.000000,2006.756192,0.639711
COL,2,9.620621,0.204509,0.538972,0.059197,0.206587,0.043884,0.805921,1994.393543,1.055666,0.007707,0.000000,2003.500931,1.104168
COL,2,6.215246,0.221675,0.365339,0.065789,0.211165,0.047189,0.825887,1995.840101,1.071741,0.010923,0.000000,2003.930183,0.705143
COL,2,3.191111,0.230532,0.217947,0.069277,0.213302,0.048853,0.835247,1996.529655,1.079173,0.012499,0.000000,2004.160863,0.739748
COL,2,6.962273,0.123313,0.481154,0.067517,0.212245,0.048021,0.830618,1996.187738,1.075506,0.011714,0.000000,2004.044156,0.722288
COL,2,6.259907,0.192836,0.471390,0.031525,0.213127,0.048714,0.834483,1996.473068,1.078568,0.012368,0.000000,2004.141221,0.736816
COL,2,6.071741,0.190932,0.459985,0.056305,0.214134,0.049524,0.838902,1985.505191,1.082057,0.013126,0.000000,2004.256887,0.754039
COL,2,5.961254,0.188727,0.446680,0.055833,0.177289,0.050469,0.843937,1994.121303,1.086014,0.014001,0.000000,2004.395168,0.774505
COL,2,5.573954,0.186175,0.431191,0.055287,0.207296,0.051572,0.690245,1994.075656,1.090480,0.015011,0.000000,2004.561091,0.798884
COL,2,5.401412,0.183227,0.413212,0.054655,0.207413,0.052856,0.816812,1994.022304,1.095491,0.016173,0.000000,2004.761002,0.414226
COL,2,4.973288,0.179829,0.392440,0.053925,0.207550,0.054349,0.818581,1993.959926,1.101074,0.017503,0.000000,2002.206595,0.704149
COL,2,4.348161,0.175920,0.368595,0.053083,0.207708,0.056081,0.820627,1993.886971,1.107245,0.019021,0.000000,2004.165922,0.715364
COL,2,3.785663,0.171436,0.341478,0.052114,0.207893,0.058082,0.822992,1993.801612,1.113997,0.020740,0.000000,2004.286378,0.728621
COL,2,3.445523,0.166312,0.311038,0.051001,0.208107,0.060384,0.825720,1993.701694,1.018401,0.022674,0.000000,2004.430500,0.744319
COL,2,2.904213,0.160481,0.277473,0.049726,0.208356,0.063012,0.828861,1993.584674,1.107194,0.003893,0.000000,2004.603587,0.762949
COL,2,1.847884,0.141342,0.179780,0.045465,0.209219,0.071545,0.839501,1993.171333,1.126098,-0.007965,0.000000,2005.252217,0.830795
COL,2,2.647654,0.150663,0.224590,0.047557,0.208790,0.044869,0.834249,1993.378732,1.117143,0.020071,0.000000,2004.919496,0.796362
COL,2,1.524007,0.250050,0.232800,0.038760,0.202061,0.060019,0.810626,1990.856061,1.109729,0.017836,0.000000,2004.422494,0.719101
COL,2,0.381333,0.329589,0.148931,0.028764,0.196233,0.065678,0.799974,1987.861687,1.123397,0.020695,0.000000,2004.622207,0.717512
COL,2,2.232857,0.184526,0.193991,0.079538,0.197885,0.062133,0.800237,1988.961256,1.114280,0.018590,0.000000,2004.399937,0.701703
COL,2,1.478364,0.185326,0.170026,0.049476,0.193297,0.063379,0.787807,1999.319603,1.116303,0.018766,0.000000,2004.304768,0.677105
COL,2,1.312050,0.186938,0.147497,0.048897,0.224559,0.064542,0.770549,1993.272203,1.117715,0.018719,0.000000,2004.154299,0.643704
COL,2,1.107438,0.189626,0.126876,0.048379,0.207614,0.065571,0.897283,1993.183275,1.118303,0.018369,0.000000,2003.937841,0.600302
COL,2,0.852245,0.193733,0.108523,0.047956,0.207531,0.066398,0.829865,1993.096270,1.117772,0.017611,0.000000,2003.646498,1.157146
COL,2,0.651137,0.199713,0.092650,0.047669,0.207391,0.066940,0.830024,1993.014428,1.115705,0.016301,0.000000,2007.908717,0.792451
COL,2,0.536061,0.208167,0.079324,0.047573,0.207178,0.067091,0.829603,1992.942033,1.111473,0.014244,0.000000,2005.060063,0.793615
COL,2,0.410341,0.219891,0.068478,0.047739,0.206871,0.066706,0.828402,1992.884669,1.104081,0.011178,0.000000,2005.058460,0.790580
COL,2,0.320596,0.235930,0.059951,0.048258,0.206442,0.065592,0.826156,1992.849511,1.161275,0.006764,0.000000,2005.006555,0.781961
COL,2,0.293401,0.275324,0.032794,0.046933,0.205589,0.068070,0.826374,1992.414408,1.182949,-0.002017,0.000000,2005.315860,0.801287
COL,2,0.468515,0.176802,0.061334,0.032304,0.198979,0.077666,0.814637,1988.828828,1.156343,0.015499,0.000000,2005.533564,0.797186
COL,2,0.218705,0.269699,0.049668,0.045456,0.202679,0.083868,0.812306,1991.706546,1.141841,0.006615,0.000000,2004.794516,0.740659
COL,2,0.544490,0.338610,0.030298,0.044435,0.199373,0.092928,0.800527,1990.839597,1.151401,-0.000652,0.000000,2004.732977,0.713912
COL,2,0.249372,0.241599,0.046426,0.022975,0.213401,0.075759,0.846350,1996.167591,1.147398,0.006218,0.000000,2005.424608,0.846294
COL,2,0.172841,0.319284,0.041270,0.038541,0.203777,0.067895,0.809706,1992.898712,1.142180,0.030963,0.000000,2004.575348,0.717733
COL,2,0.573409,0.415301,0.027223,0.035428,0.200852,0.065980,0.793300,1992.761497,1.148919,0.041150,0.000000,2004.264125,0.665726
COL,2,0.212910,0.283662,0.036231,0.033801,0.218456,0.076058,0.859810,1983.698308,1.152184,0.010988,0.000000,2005.622414,0.885836
COL,2,0.411265,0.299115,0.033687,0.032124,0.179946,0.076820,0.882327,1989.994225,1.155608,0.009684,0.000000,2006.099215,0.974772
COL,2,0.483423,0.315383,0.031713,0.030280,0.201519,0.077648,0.737609,1989.535724,1.159669,0.008551,0.000000,2006.850951,1.112291
COL,2,0.595586,0.331842,0.030194,0.028236,0.200550,0.078625,0.821085,1989.009159,1.164503,0.007815,0.000000,2008.037773,0.566958
COL,2,0.796492,0.347613,0.029033,0.025957,0.199493,0.079860,0.819395,1988.397623,1.170147,0.007789,0.000000,2003.731057,0.817363
COL,2,0.259394,0.234170,0.063840,0.041149,0.205513,0.070547,0.827414,1991.909979,1.134648,0.014247,0.000000,2006.645275,0.798629
COL,2,0.721374,0.199164,0.101608,0.046808,0.207223,0.067020,0.829432,1992.915269,1.121169,0.017280,0.000000,2003.524042,1.158424
COL,2,0.291957,0.297230,0.037374,0.032142,0.202289,0.076026,0.823201,1990.020158,1.156552,0.010267,0.000000,2006.648209,0.687453
COL,2,0.676775,0.336997,0.031630,0.025910,0.199722,0.079785,0.819812,1988.461628,1.172173,0.010392,0.000000,2006.097032,0.841906
COL,2,0.225105,0.238504,0.059845,0.041068,0.205401,0.070629,0.827195,1991.868691,1.133301,0.013296,0.000000,2005.305707,0.805503
COL,2,0.504083,0.215809,0.091547,0.043172,0.206166,0.068538,0.896019,1992.327973,1.132763,0.016722,0.000000,2004.261536,0.546748
COL,2,0.248079,0.289639,0.038597,0.033141,0.202715,0.075558,0.788073,1990.251432,1.154122,0.010658,0.000000,2006.116359,0.945458
COL,2,0.526231,0.380756,0.038192,0.040739,0.208967,0.068090,0.842692,1993.193031,1.137279,0.009033,0.000000,2005.439935,0.815245
COL,2,0.204209,0.222855,0.053741,0.034257,0.201635,0.075477,0.821994,1989.963124,1.152178,0.013925,0.000000,2005.510043,0.801674
COL,2,0.379316,0.237534,0.082789,0.041388,0.223353,0.068863,0.743434,1992.113844,1.137543,0.015566,0.000000,2004.835654,0.636109
COL,2,0.398155,0.321453,0.038777,0.026930,0.207816,0.078809,0.805119,1989.025271,1.173610,0.014864,0.000000,2005.800196,0.767204
COL,2,0.237094,0.295309,0.043869,0.031200,0.207581,0.076112,0.811155,1990.023744,1.163323,0.013957,0.000000,2005.607525,0.773001
COL,2,0.361055,0.207544,0.024787,0.045474,0.217944,0.080913,0.834620,1994.227461,1.170510,0.003396,0.000000,2006.512332,0.853963
COL,2,0.432151,0.291103,0.026869,0.032281,0.185214,0.080346,0.884318,1990.590699,1.167904,0.007151,0.000000,2006.551495,0.997746
COL,2,0.192576,0.250597,0.056653,0.038927,0.216242,0.072058,0.786877,1991.738806,1.147027,0.013530,0.000000,2005.228272,0.715737
COL,2,0.335611,0.331874,0.138828,0.028458,0.194317,0.066253,0.806362,1987.793515,1.125438,0.020387,0.000000,2004.683739,0.731529
COL,2,0.190333,0.299673,0.075675,0.032084,0.201199,0.070413,0.813753,1989.495204,1.140654,0.016449,0.000000,2005.098583,0.760873
COL,2,0.131870,0.264161,0.081069,0.025743,0.208522,0.079904,0.813186,1989.323615,1.049550,0.027028,0.000000,2005.735089,0.774224
COL,2,0.231075,0.258630,0.146352,0.018780,0.209928,0.084449,0.806310,1987.699811,0.826945,0.036474,0.000000,2005.953721,0.760942
COL,2,0.244956,0.237691,0.075988,0.036669,0.212389,0.073515,0.814811,1991.647234,1.122759,0.019948,0.000000,2004.427687,0.914672
COL,2,0.265458,0.301619,0.043346,0.027970,0.210687,0.079019,0.808155,1989.699019,1.146984,0.017227,0.000000,2004.125039,0.810576
COL,2,0.182004,0.250535,0.057506,0.037432,0.206855,0.072842,0.822747,1991.368529,1.137965,0.015003,0.000000,2005.928744,0.801604
COL,2,0.170287,0.295275,0.061132,0.053229,0.201073,0.073780,0.780878,1983.712364,1.132320,0.025326,0.000000,2005.197758,0.757298
COL,2,0.268962,0.247865,0.085650,0.040918,0.211834,0.073688,0.839776,1989.461929,1.117548,0.024019,0.000000,2004.459256,0.646583
COL,2,0.187230,0.279044,0.045640,0.034954,0.205141,0.075099,0.802045,1990.055290,1.146791,0.014255,0.000000,2005.664237,0.863277
COL,2,0.260994,0.307490,0.039241,0.036745,0.200672,0.075976,0.813743,1987.718403,1.153932,0.014383,0.000000,2006.400482,0.663699
COL,2,0.169294,0.254660,0.063067,0.036688,0.209694,0.074145,0.814544,1990.695825,1.132027,0.018603,0.000000,2004.869258,0.846598
COL,2,0.236323,0.242690,0.070075,0.044164,0.206465,0.073025,0.817915,1989.533290,1.093915,0.021055,0.000000,2004.972314,0.803219
COL,2,0.165488,0.255558,0.061702,0.040556,0.206746,0.073820,0.816243,1989.656368,1.118118,0.019358,0.000000,2005.125634,0.795587
COL,2,0.185511,0.302722,0.050377,0.033577,0.208818,0.078647,0.799230,1987.202351,1.138644,0.022550,0.000000,2005.229419,0.769176
COL,2,0.117268,0.275989,0.060944,0.028658,0.212166,0.061664,0.812808,1986.596863,1.129040,0.029711,0.000000,2005.856651,0.840884
COL,2,0.123184,0.279147,0.068014,0.022537,0.216292,0.047222,0.813058,1983.902324,1.121689,0.037207,0.000000,2006.449080,0.894320
COL,2,0.291430,0.260864,0.104502,0.037773,0.192507,0.070151,0.743170,1994.604769,1.108383,0.029270,0.000000,2005.037223,0.694678
COL,2,0.170290,0.277920,0.044780,0.034759,0.213099,0.074659,0.835593,1986.616206,1.143617,0.016160,0.000000,2005.471497,0.834971
COL,2,0.161963,0.333462,0.059880,0.037367,0.213623,0.070659,0.796078,1988.360624,1.105939,0.027423,0.000000,2005.136048,0.776122
COL,2,0.220089,0.317809,0.057243,0.032633,0.197557,0.073969,0.831318,1985.867716,1.106369,0.029614,0.000000,2005.398153,0.878300
COL,2,0.149922,0.267078,0.056800,0.037262,0.212176,0.072543,0.798731,1990.332448,1.138808,0.018067,0.000000,2005.270353,0.754161
COL,2,0.131416,0.262824,0.042669,0.040554,0.215089,0.075806,0.803851,1988.401791,1.115730,0.027665,0.000000,2005.563774,0.827109
COL,2,0.153284,0.280493,0.068449,0.038223,0.213437,0.071332,0.815763,1987.541815,1.099050,0.031048,0.000000,2004.990586,0.722410
COL,2,0.196800,0.253602,0.064335,0.040616,0.210875,0.065617,0.821021,1990.431744,1.104519,0.025912,0.000000,2005.368787,0.804222
COL,2,0.149695,0.290289,0.053407,0.035230,0.209340,0.075757,0.804857,1988.026346,1.131387,0.023418,0.000000,2005.263998,0.777833
COL,2,0.150954,0.312678,0.055275,0.036112,0.213063,0.072887,0.794133,1985.603366,1.103977,0.032731,0.000000,2004.624967,0.767828
COL,2,0.222503,0.243190,0.086604,0.034682,0.216934,0.078016,0.805435,1982.567421,1.088431,0.018095,0.000000,2005.999422,0.865031
COL,2,0.138209,0.299962,0.048441,0.037543,0.207405,0.070648,0.808645,1990.486532,1.131661,0.028164,0.000000,2004.903705,0.752717
COL,2,0.142443,0.287210,0.078856,0.038949,0.207397,0.071122,0.770702,1989.857594,1.082188,0.033701,0.000000,2004.944243,0.731730
COL,2,0.145396,0.268623,0.057993,0.023564,0.218891,0.071607,0.825991,1993.398712,1.091662,0.028197,0.000000,2005.164678,0.803033
COL,2,0.138220,0.312022,0.055521,0.032523,0.213478,0.070780,0.795979,1987.255505,1.083605,0.034477,0.000000,2005.561470,0.710564
COL,2,0.185974,0.320606,0.055723,0.028244,0.217014,0.070606,0.790584,1987.938477,1.097009,0.035877,0.000000,2005.360809,0.743477
COL,2,0.123416,0.271558,0.060124,0.037109,0.209529,0.073038,0.810064,1989.231861,1.113250,0.024345,0.000000,2005.183667,0.782320
COL,2,0.223344,0.233491,0.057401,0.030710,0.209959,0.074148,0.813410,1989.387612,1.111453,0.029602,0.000000,2005.358210,0.763365
COL,2,0.135914,0.308044,0.059246,0.035595,0.212734,0.071556,0.800520,1988.619112,1.107346,0.027983,0.000000,2005.190911,0.772918
COL,2,0.159668,0.289404,0.049637,0.029639,0.210035,0.073552,0.790840,1990.352464,1.118746,0.025203,0.000000,2005.547396,0.828267
COL,2,0.123949,0.282716,0.062893,0.035896,0.212610,0.071897,0.809755,1988.257443,1.104346,0.029693,0.000000,2005.125553,0.747893
COL,2,0.169078,0.252833,0.062155,0.031384,0.210354,0.071853,0.815217,1992.530282,1.114573,0.022364,0.000000,2006.065267,0.776888
COL,2,0.134608,0.297535,0.056887,0.034876,0.212401,0.072631,0.799565,1987.412778,1.106733,0.030466,0.000000,2004.957158,0.770086
COL,2,0.154763,0.303121,0.060435,0.030054,0.211315,0.072217,0.811038,1987.504570,1.058472,0.036787,0.000000,2005.291615,0.793580
COL,2,0.131968,0.276008,0.057678,0.035332,0.211962,0.072462,0.801863,1989.639409,1.124131,0.023850,0.000000,2005.275662,0.763880
COL,2,0.138397,0.277359,0.065396,0.031839,0.214440,0.068109,0.804563,1990.095075,1.070844,0.033575,0.000000,2005.299948,0.767241
COL,2,0.133412,0.300624,0.061164,0.049133,0.202835,0.072019,0.777446,1983.747227,1.115092,0.030596,0.000000,2005.424392,0.737147
COL,2,0.150577,0.284109,0.044802,0.031445,0.214733,0.072641,0.832368,1986.656039,1.126341,0.023685,0.000000,2005.747069,0.809796
COL,2,0.119030,0.286434,0.067586,0.036941,0.209337,0.071507,0.787480,1989.073199,1.095047,0.031525,0.000000,2005.136312,0.750708
COL,2,0.141888,0.295521,0.052653,0.039427,0.206802,0.075877,0.799326,1986.226180,1.135498,0.023402,0.000000,2005.340633,0.770071
COL,2,0.125564,0.281881,0.061826,0.033606,0.212643,0.070173,0.803263,1989.151030,1.090988,0.031366,0.000000,2005.310097,0.767948
COL,2,0.156327,0.256296,0.062917,0.038827,0.207751,0.073402,0.808977,1989.421317,1.128856,0.021323,0.000000,2005.047442,0.840553
COL,2,0.121495,0.297941,0.057247,0.034009,0.212110,0.071450,0.799289,1987.803880,1.096881,0.031734,0.000000,2005.429377,0.741579
COL,2,0.129890,0.267700,0.075766,0.033102,0.214497,0.073653,0.794717,1985.664476,1.070781,0.029694,0.000000,2005.815006,0.792938
COL,2,0.156923,0.253276,0.063098,0.034512,0.209693,0.073133,0.802071,1987.126655,1.098311,0.030138,0.000000,2005.606431,0.775668
COL,2,0.120600,0.294183,0.060177,0.035321,0.211992,0.071956,0.800909,1988.249151,1.105159,0.028537,0.000000,2005.292509,0.773605
COL,2,0.137556,0.262913,0.066484,0.035299,0.209974,0.071957,0.803238,1988.476225,1.098694,0.027280,0.000000,2005.925147,0.779105
COL,2,0.135949,0.288806,0.059092,0.034981,0.211806,0.072463,0.800488,1987.680206,1.104780,0.029703,0.000000,2005.186893,0.772334
COL,2,0.117588,0.281202,0.064147,0.032569,0.210772,0.066768,0.800444,1987.846294,1.113571,0.030634,0.000000,2005.487548,0.794893
COL,2,0.115768,0.285061,0.060559,0.031837,0.212079,0.067013,0.806928,1987.427601,1.117900,0.029130,0.000000,2005.569212,0.806755
COL,2,0.113084,0.286932,0.059054,0.031232,0.212138,0.066737,0.806137,1987.202704,1.114342,0.030743,0.000000,2005.639989,0.790124
COL,2,0.120585,0.273772,0.060532,0.032644,0.210865,0.067611,0.811440,1987.927323,1.121513,0.027138,0.000000,2005.512410,0.811235
COL,2,0.119573,0.279349,0.061908,0.032098,0.212388,0.066981,0.811286,1987.431798,1.117544,0.029702,0.000000,2005.481887,0.793425
COL,2,0.114839,0.278932,0.061383,0.031045,0.212405,0.066048,0.808080,1987.886024,1.111885,0.030552,0.000000,2005.578347,0.803837
COL,2,0.109849,0.271837,0.067817,0.030809,0.213347,0.067954,0.803920,1986.131732,1.103861,0.029702,0.000000,2005.835801,0.816668
COL,2,0.117474,0.269385,0.050514,0.034157,0.213652,0.069183,0.808369,1987.504901,1.122651,0.028706,0.000000,2005.708815,0.833977
COL,2,0.126985,0.270058,0.070065,0.027166,0.210378,0.071663,0.812997,1987.974248,1.095966,0.028400,0.000000,2005.795634,0.807074
COL,2,0.116661,0.275998,0.059279,0.031841,0.212064,0.067292,0.807394,1988.136137,1.126624,0.026911,0.000000,2005.560451,0.801733
COL,2,0.113328,0.288267,0.061054,0.037722,0.207705,0.067048,0.795692,1985.179306,1.122357,0.030157,0.000000,2005.637423,0.787801
COL,2,0.116220,0.286730,0.058865,0.031632,0.212283,0.067385,0.806272,1987.005840,1.118591,0.030091,0.000000,2005.392638,0.804941
COL,2,0.117185,0.288889,0.052396,0.037877,0.213266,0.061608,0.800049,1986.405328,1.136541,0.030476,0.000000,2005.416967,0.807091
COL,2,0.108764,0.287662,0.058642,0.032427,0.213195,0.065045,0.799741,1986.196969,1.118422,0.032092,0.000000,2005.680135,0.802258
COL,2,0.128571,0.294651,0.057730,0.032319,0.214316,0.063728,0.793692,1985.319545,1.116835,0.034236,0.000000,2005.765413,0.797795
COL,2,0.122831,0.283438,0.056865,0.033034,0.211836,0.065367,0.797929,1986.493775,1.122491,0.030168,0.000000,2005.745176,0.821707
COL,2,0.111836,0.280370,0.060589,0.032330,0.212251,0.066581,0.808011,1987.198309,1.118808,0.029819,0.000000,2005.546842,0.800430
COL,2,0.118179,0.281443,0.054489,0.032517,0.213652,0.065553,0.810110,1985.962506,1.126854,0.029077,0.000000,2005.749501,0.821146
COL,2,0.118037,0.281262,0.061516,0.032556,0.211509,0.066467,0.802894,1987.379462,1.117087,0.030253,0.000000,2005.552179,0.801400
COL,2,0.124044,0.279727,0.062998,0.031609,0.213271,0.066515,0.801839,1986.164356,1.111417,0.030926,0.000000,2005.757578,0.809440
COL,2,0.118165,0.284012,0.059604,0.032378,0.212725,0.065817,0.803909,1986.699064,1.118615,0.030982,0.000000,2005.613192,0.801344
COL,2,0.120044,0.287297,0.058848,0.031825,0.212669,0.065896,0.802959,1986.701275,1.116405,0.031427,0.000000,2005.660035,0.796175
COL,2,0.112904,0.287965,0.059831,0.034988,0.210527,0.066054,0.797724,1985.689244,1.120412,0.031144,0.000000,2005.658749,0.795006
COL,2,0.118801,0.283291,0.059990,0.031729,0.212802,0.065548,0.803944,1987.045904,1.115212,0.031334,0.000000,2005.629069,0.803047
COL,2,0.107195,0.286361,0.059590,0.032131,0.212640,0.066036,0.803359,1986.814500,1.118161,0.030654,0.000000,2005.624469,0.804504
COL,2,0.119714,0.287196,0.058754,0.032028,0.212741,0.066225,0.803027,1986.602312,1.118507,0.031112,0.000000,2005.534980,0.803598
COL,2,0.121163,0.281819,0.058959,0.032133,0.212633,0.066178,0.803596,1987.172534,1.122624,0.029624,0.000000,2005.620054,0.801995
COL,2,0.114053,0.288276,0.055388,0.035060,0.213230,0.063344,0.799895,1986.301204,1.128013,0.031297,0.000000,2005.547376,0.804672
COL,2,0.120546,0.281814,0.059778,0.030491,0.212683,0.063371,0.806358,1986.397126,1.123903,0.030930,0.000000,2005.767893,0.821415
COL,3,21.573073,0.474192,0.524061,0.183118,0.189351,0.015085,0.389535,1992.695121,0.354479,0.001289,0.000000,2020.874475,1.410279
COL,3,22.645048,0.535803,0.524061,0.183118,0.189351,0.015085,0.389535,1992.695121,0.354479,0.001289,0.000000,2020.874475,1.410279
COL,3,26.514530,0.474192,0.679117,0.183118,0.189351,0.015085,0.389535,1992.695121,0.354479,0.001289,0.000000,2020.874475,1.410279
COL,3,24.358053,0.474192,0.524061,0.233137,0.189351,0.015085,0.389535,1992.695121,0.354479,0.001289,0.000000,2020.874475,1.410279
COL,3,22.033206,0.474192,0.524061,0.183118,0.218547,0.015085,0.389535,1992.695121,0.354479,0.001289,0.000000,2020.874475,1.410279
COL,3,19.580671,0.474192,0.524061,0.183118,0.189351,0.028334,0.389535,1992.695121,0.354479,0.001289,0.000000,2020.874475,1.410279
COL,3,24.175841,0.474192,0.524061,0.183118,0.189351,0.015085,0.584671,1992.695121,0.354479,0.001289,0.000000,2020.874475,1.410279
COL,3,27.000521,0.474192,0.524061,0.183118,0.189351,0.015085,0.389535,2000.594887,0.354479,0.001289,0.000000,2020.874475,1.410279
COL,3,21.714130,0.474192,0.524061,0.183118,0.189351,0.015085,0.389535,1992.695121,0.575892,0.001289,0.000000,2020.874475,1.410279
COL,3,21.119072,0.474192,0.524061,0.183118,0.189351,0.015085,0.389535,1992.695121,0.354479,0.020090,0.000000,2020.874475,1.410279
COL,3,21.573073,0.474192,0.524061,0.183118,0.189351,0.015085,0.389535,1992.695121,0.354479,0.001289,0.000000,2020.874475,1.410279
COL,3,21.573073,0.474192,0.524061,0.183118,0.189351,0.015085,0.389535,1992.695121,0.354479,0.001289,0.000000,2024.276497,1.410279
COL,3,21.573073,0.474192,0.524061,0.183118,0.189351,0.015085,0.389535,1992.695121,0.354479,0.001289,0.000000,2020.874475,1.984276
COL,3,13.661277,0.486832,0.552455,0.192479,0.195264,0.016874,0.421185,1982.204966,0.388005,0.004610,0.000000,2021.559335,1.508381
COL,3,10.362525,0.492782,0.566371,0.197034,0.198060,0.017829,0.437297,1971.799986,0.405406,0.006256,0.000000,2021.883982,1.557541
COL,3,15.133016,0.489838,0.357755,0.194768,0.196675,0.017346,0.429220,1989.388532,0.396655,0.005435,0.000000,2021.723150,1.532963
COL,3,14.697005,0.492295,0.503598,0.128407,0.197831,0.017748,0.435948,1988.812655,0.403940,0.006120,0.000000,2021.857384,1.553446
COL,3,13.414521,0.495109,0.500166,0.178663,0.199157,0.018226,0.242389,1988.133370,0.412527,0.006916,0.000000,2022.011366,1.577328
COL,3,13.256517,0.396479,0.496157,0.177915,0.200671,0.018797,0.383881,1987.331762,0.422659,0.007841,0.000000,2022.187435,1.605155
COL,3,13.383258,0.476140,0.491471,0.177041,0.156432,0.019479,0.382942,1986.385826,0.434628,0.008912,0.000000,2022.387983,1.637546
COL,3,12.711993,0.476463,0.485995,0.176019,0.192567,0.020299,0.381848,1985.270413,0.232277,0.010152,0.000000,2022.615348,1.675196
COL,3,10.503430,0.476838,0.479597,0.174823,0.193092,0.021288,0.380572,1983.957624,0.387502,0.011582,0.000000,2022.871652,1.049272
COL,3,9.083208,0.477275,0.472122,0.173423,0.193699,0.022485,0.379087,1982.417998,0.393169,0.013225,0.000000,2018.281299,1.558593
COL,3,5.251750,0.478795,0.445933,0.168494,0.195789,0.027042,0.373907,1977.095746,0.413344,0.018720,0.000000,2014.072226,1.632684
COL,3,6.766439,0.478037,0.459027,0.170964,0.194751,0.024693,0.376493,1979.730677,0.403191,0.016026,0.000000,2021.785724,1.595683
COL,3,5.414552,0.478669,0.448114,0.168906,0.195617,0.026641,0.374337,1977.529199,0.411643,0.018279,0.000000,2021.929219,1.626525
COL,3,4.625685,0.479404,0.435403,0.166496,0.196614,0.029034,0.371829,1975.043397,0.421615,-0.001188,0.000000,2022.093581,1.662393
COL,3,3.269886,0.481949,0.391371,0.158000,0.200001,0.038305,0.363108,1967.501864,0.457391,-0.012178,0.000000,2022.643012,1.786377
COL,3,4.324387,0.480682,0.413268,0.162258,0.198328,0.016541,0.367457,1971.012232,0.439341,0.015949,0.000000,2022.373315,1.724744
COL,3,3.852902,0.462378,0.587535,0.144140,0.191461,0.026998,0.320944,1971.389806,0.401684,0.013834,0.000000,2021.700287,1.635027
COL,3,3.306564,0.453856,0.458002,0.210966,0.189077,0.028238,0.297741,1969.436308,0.394048,0.014430,0.000000,2021.536770,1.628207
COL,3,7.799515,0.442332,0.454419,0.169768,0.185737,0.029518,0.519088,1967.510138,0.382667,0.014891,0.000000,2021.291238,1.612875
COL,3,4.227350,0.459370,0.456988,0.170198,0.220304,0.029717,0.377304,1966.387188,0.353975,0.013984,0.000000,2020.659891,1.548432
COL,3,4.349116,0.525524,0.445738,0.168009,0.192792,0.032821,0.375281,1963.521269,0.353891,0.015967,0.000000,2020.623724,1.571483
COL,3,4.003384,0.478169,0.449232,0.168596,0.200905,0.033108,0.376208,1962.409002,0.614684,0.014747,0.000000,2019.702459,1.483655
COL,3,4.141418,0.478018,0.450583,0.168764,0.201663,0.034016,0.376751,1961.045581,0.448490,0.013889,0.000000,2018.707336,2.158990
COL,3,1.401519,0.457669,0.344765,0.140288,0.197571,0.042602,0.314551,1966.093707,0.436900,0.019931,0.000000,2019.462982,1.782074
COL,3,0.732376,0.437438,0.247938,0.111926,0.197324,0.057855,0.261118,1963.840268,0.453055,0.025772,0.000000,2018.070252,1.890543
COL,3,1.348471,0.503760,0.418631,0.159250,0.209621,0.031912,0.216609,1969.298728,0.473466,0.013853,0.000000,2019.623945,1.774430
COL,3,1.831273,0.478245,0.407400,0.156067,0.204876,0.038851,0.300645,1960.449880,0.463252,0.012313,0.000000,2018.613889,1.820236
COL,3,1.944507,0.477540,0.411433,0.156006,0.205559,0.038639,0.291116,1959.784557,0.463111,0.008825,0.000000,2017.787006,1.822139
COL,3,1.678835,0.477203,0.407881,0.154331,0.206902,0.040260,0.278834,1958.650832,0.469834,0.006577,0.000000,2024.418534,1.847032
COL,3,1.212293,0.398511,0.401824,0.152530,0.211285,0.035042,0.263269,1965.005885,0.558361,0.008021,0.000000,2020.743210,1.948251
COL,3,1.107464,0.452379,0.432225,0.156711,0.208890,0.061109,0.254193,1959.523854,0.482897,0.006665,0.000000,2018.352676,1.840149
COL,3,1.286119,0.473385,0.384901,0.146412,0.177917,0.047826,0.229194,1960.803393,0.602712,0.007530,0.000000,2020.040061,2.048290
COL,3,0.994742,0.453390,0.380380,0.144131,0.200211,0.045281,0.209590,1965.912051,0.522119,0.006539,0.000000,2021.983244,1.395976
COL,3,0.971295,0.448775,0.370490,0.140219,0.200863,0.048427,0.188463,1964.624493,0.353023,0.004196,0.000000,2021.530955,2.072854
COL,3,0.950346,0.463482,0.219560,0.164063,0.210370,0.059478,0.207680,1958.564228,0.548277,0.003528,0.000000,2019.466524,2.007849
COL,3,1.168152,0.473103,0.288390,0.088874,0.214875,0.063208,0.212223,1958.255948,0.584073,0.001000,0.000000,2019.287707,2.072087
COL,3,0.797067,0.441868,0.331203,0.129775,0.208981,0.056333,0.151570,1958.057871,0.536241,0.027218,0.000000,2017.092106,1.975549
COL,3,0.920793,0.440729,0.300503,0.127429,0.204358,0.058908,0.176333,1962.900668,0.542683,0.012499,0.000000,2022.088507,1.966703
COL,3,1.084281,0.432954,0.287679,0.122700,0.204961,0.061937,0.154465,1962.418269,0.556078,0.009049,0.000000,2021.974441,1.992088
COL,3,1.068615,0.426039,0.269344,0.119249,0.202523,0.063987,0.151856,1966.859476,0.563829,0.015048,0.000000,2013.682906,1.990328
COL,3,0.872046,0.369967,0.239677,0.108265,0.198108,0.076135,0.187942,1957.788458,0.575381,0.008066,0.000000,2019.752926,2.090148
COL,3,0.676985,0.396612,0.244686,0.114147,0.224054,0.066756,0.171262,1961.727882,0.443495,0.014443,0.000000,2019.278464,1.828970
COL,3,0.608006,0.351240,0.189482,0.099060,0.235424,0.074824,0.147260,1962.236024,0.370986,0.017704,0.000000,2018.883077,1.713018
COL,3,1.915048,0.466138,0.202075,0.100039,0.205982,0.081932,0.132978,1958.566880,0.453747,0.015564,0.000000,2018.158513,1.895783
COL,3,0.701903,0.416924,0.344944,0.138932,0.210010,0.047877,0.223847,1962.837585,0.531663,0.009958,0.000000,2020.139564,1.935237
COL,3,0.441914,0.378079,0.304631,0.174234,0.200688,0.056194,0.169606,1967.303213,0.421894,0.022873,0.000000,2019.862975,1.737888
COL,3,0.494166,0.321779,0.312940,0.214609,0.192123,0.052572,0.151174,1975.978667,0.349352,0.031188,0.000000,2020.142044,1.559334
COL,3,1.078186,0.391440,0.175715,0.107033,0.206308,0.057554,0.129968,1965.851051,0.508647,0.020682,0.000000,2020.931607,1.962599
COL,3,0.517223,0.406531,0.264642,0.137383,0.210347,0.055950,0.211136,1962.274602,0.430236,0.020429,0.000000,2016.764232,1.803714
COL,3,1.153784,0.448438,0.427593,0.159197,0.209760,0.060123,0.266673,1959.508260,0.462143,0.008706,0.000000,2017.390280,1.807930
COL,3,0.890530,0.406604,0.225305,0.119577,0.207192,0.058201,0.156763,1963.813114,0.496882,0.017873,0.000000,2020.122090,1.924749
COL,3,0.593306,0.413021,0.292740,0.146255,0.213731,0.052489,0.232843,1958.842723,0.400636,0.015289,0.000000,2023.990250,1.766722
COL,3,0.599282,0.374143,0.189263,0.121634,0.217373,0.071339,0.172895,1958.520850,0.419004,0.024103,0.000000,2017.626032,2.339825
COL,3,0.477400,0.366230,0.172994,0.122377,0.219172,0.072072,0.189872,1958.409515,0.610789,0.028471,0.000000,2017.502996,1.791550
COL,3,0.329939,0.328221,0.292851,0.093996,0.212953,0.064460,0.169416,1964.193426,0.416000,0.031939,0.000000,2019.538199,1.825672
COL,3,0.298461,0.252712,0.334553,0.065726,0.214192,0.066845,0.152645,1969.003126,0.356063,0.040004,0.000000,2019.573909,1.730423
COL,3,0.259885,0.325069,0.217790,0.116479,0.219333,0.066280,0.195150,1959.695466,0.391105,0.030595,0.000000,2015.838265,1.829647
COL,3,0.242184,0.262627,0.183516,0.111134,0.225098,0.069713,0.205156,1958.580246,0.324509,0.036767,0.000000,2012.170377,1.758818
COL,3,0.223660,0.340676,0.282428,0.122826,0.220031,0.068756,0.228170,1958.567594,0.403614,0.029827,0.000000,2017.060808,1.845543
COL,3,0.248567,0.305970,0.314174,0.124461,0.225106,0.073450,0.272180,1957.207861,0.360531,0.034414,0.000000,2015.379897,1.805166
COL,3,0.232085,0.374289,0.273602,0.137134,0.228032,0.047446,0.197894,1966.309890,0.313156,0.037794,0.000000,2017.012850,1.620103
COL,3,0.150481,0.281213,0.186944,0.116407,0.224380,0.067780,0.253121,1967.711384,0.311422,0.026910,0.000000,2019.672009,1.687997
COL,3,0.654907,0.201131,0.136875,0.109914,0.229972,0.072872,0.319426,1977.246512,0.226097,0.026755,0.000000,2020.820973,1.537797
COL,3,0.256573,0.259567,0.244634,0.135243,0.233018,0.067976,0.145574,1959.982178,0.357869,0.028485,0.000000,2019.038017,1.744176
COL,3,0.401783,0.256998,0.158759,0.107900,0.229979,0.078484,0.159969,1960.244487,0.272000,0.039836,0.000000,2016.629130,1.663958
COL,3,0.240563,0.311227,0.289418,0.150328,0.194797,0.053843,0.244798,1960.398656,0.390927,0.038918,0.000000,2017.656894,1.881203
COL,3,0.206008,0.277005,0.309316,0.130937,0.221248,0.055108,0.223039,1966.366462,0.340541,0.037470,0.000000,2018.916965,1.081963
COL,3,0.517382,0.214577,0.203519,0.104750,0.225236,0.073786,0.163940,1967.424110,0.347574,0.042964,0.000000,2009.284109,1.624202
COL,3,0.233415,0.263015,0.223635,0.114710,0.222708,0.069020,0.179346,1964.464708,0.360429,0.039031,0.000000,2013.450280,1.660114
COL,3,0.684081,0.199496,0.220464,0.109354,0.228913,0.072890,0.176717,1962.233478,0.311264,0.042754,0.000000,2018.129044,1.561727
COL,3,0.281579,0.355786,0.253055,0.130209,0.215962,0.060506,0.202062,1962.264302,0.398444,0.028385,0.000000,2017.111800,1.744128
COL,3,0.484953,0.236847,0.346663,0.125177,0.222060,0.054815,0.198832,1970.752345,0.174430,0.039313,0.000000,2017.342631,1.566193
COL,3,0.264038,0.333967,0.208367,0.123075,0.219917,0.068121,0.192081,1960.169735,0.475311,0.031769,0.000000,2017.462994,1.735977
COL,3,0.517253,0.218486,0.188374,0.072289,0.234670,0.072656,0.226313,1958.962583,0.297753,0.042510,0.000000,2014.288534,1.620869
COL,3,0.234419,0.338253,0.271870,0.146823,0.212506,0.060613,0.182550,1964.455345,0.388474,0.029731,0.000000,2018.582377,1.708829
COL,3,0.487596,0.351599,0.378069,0.138359,0.207052,0.044729,0.244003,1965.560481,0.478857,0.026637,0.000000,2018.100647,1.702719
COL,3,0.259996,0.280373,0.201038,0.115279,0.225600,0.071456,0.178327,1961.291185,0.317074,0.037339,0.000000,2017.004190,1.673669
COL,3,0.336842,0.360534,0.168646,0.198578,0.227179,0.060285,0.260741,1958.228502,0.371030,0.025491,0.000000,2014.510040,1.626432
COL,3,0.208119,0.279340,0.285688,0.093956,0.217924,0.065254,0.175387,1965.038599,0.359770,0.037319,0.000000,2018.398641,1.704578
COL,3,0.292549,0.245123,0.235131,0.118933,0.226175,0.067390,0.195196,1962.140794,0.324547,0.039485,0.000000,2017.407259,1.605802
COL,3,0.186311,0.328107,0.248486,0.127363,0.218817,0.062279,0.200328,1962.233256,0.379133,0.031780,0.000000,2017.185950,1.709816
COL,3,0.201137,0.265529,0.291595,0.126714,0.222776,0.058666,0.206737,1965.396704,0.252208,0.037312,0.000000,2017.008731,1.609678
COL,3,0.217795,0.316412,0.318750,0.136683,0.215939,0.052429,0.227572,1964.417058,0.378273,0.031726,0.000000,2017.468208,1.661900
COL,3,0.345161,0.346991,0.278321,0.116887,0.197433,0.053817,0.292940,1967.773987,0.339237,0.039743,0.000000,2015.028819,1.576719
COL,3,0.172285,0.281181,0.252780,0.130589,0.227117,0.064629,0.174970,1961.391720,0.353154,0.031949,0.000000,2018.090510,1.702676
COL,3,0.319500,0.346989,0.374067,0.144678,0.213187,0.050838,0.207941,1972.866645,0.378598,0.032075,0.000000,2022.039550,1.552197
COL,3,0.175650,0.283521,0.222604,0.119280,0.222488,0.065331,0.205850,1960.579138,0.337545,0.035702,0.000000,2014.907080,1.707712
COL,3,0.226171,0.293551,0.236523,0.101171,0.236137,0.068850,0.167984,1968.005019,0.305497,0.028089,0.000000,2017.047938,1.395011
COL,3,0.240887,0.259470,0.246696,0.097266,0.231805,0.064023,0.223399,1963.133444,0.294968,0.037732,0.000000,2015.797117,1.520744
COL,3,0.189441,0.318492,0.265422,0.133908,0.218513,0.061477,0.192147,1964.109694,0.363591,0.032039,0.000000,2017.912889,1.662131
COL,3,0.243654,0.343856,0.306146,0.131105,0.223993,0.053763,0.229730,1963.072218,0.320194,0.025899,0.000000,2021.138467,1.570364
COL,3,0.192880,0.283029,0.242614,0.118743,0.223034,0.065441,0.191015,1964.099674,0.350088,0.036497,0.000000,2015.550152,1.637745
COL,3,0.342194,0.219006,0.247092,0.106122,0.216752,0.076451,0.207607,1961.418151,0.374726,0.027707,0.000000,2017.908201,1.613487
COL,3,0.178896,0.335423,0.266804,0.129162,0.225587,0.055421,0.200287,1964.873517,0.327891,0.035716,0.000000,2017.239464,1.618449
COL,3,0.265425,0.304664,0.290774,0.147526,0.195508,0.054644,0.249684,1960.191095,0.387646,0.038470,0.000000,2017.905254,1.869967
COL,3,0.179667,0.296326,0.249376,0.112208,0.230063,0.065507,0.186024,1965.496947,0.324872,0.031193,0.000000,2017.264828,1.515123
COL,3,0.261687,0.250835,0.238783,0.122778,0.224938,0.054144,0.178572,1974.981076,0.280870,0.037518,0.000000,2017.925828,1.365103
COL,3,0.164291,0.318090,0.271056,0.122814,0.221331,0.065319,0.214860,1960.781748,0.370336,0.032032,0.000000,2017.279685,1.727877
COL,3,0.270942,0.274825,0.202843,0.107213,0.228707,0.072049,0.177285,1963.166486,0.300738,0.036159,0.000000,2017.494254,1.564051
COL,3,0.156883,0.305973,0.286506,0.129120,0.219634,0.057680,0.214057,1964.090833,0.357840,0.032929,0.000000,2017.474722,1.637518
COL,3,0.195607,0.316296,0.229222,0.157841,0.227534,0.058916,0.237356,1962.510480,0.316963,0.029230,0.000000,2016.368641,1.509593
COL,3,0.259525,0.325219,0.199064,0.122921,0.225871,0.069246,0.189270,1961.099436,0.331373,0.027286,0.000000,2015.347187,2.173418
COL,3,0.159028,0.288991,0.278637,0.128921,0.222472,0.058823,0.214184,1964.795550,0.338234,0.035364,0.000000,2018.068773,1.356840
COL,3,0.254379,0.340766,0.210911,0.127478,0.224450,0.066096,0.205695,1961.657361,0.453963,0.027052,0.000000,2017.540862,1.636425
COL,3,0.150574,0.284171,0.269726,0.126905,0.223203,0.060576,0.206476,1964.332478,0.295528,0.035188,0.000000,2017.142691,1.616371
COL,3,0.257354,0.284461,0.277053,0.093689,0.218234,0.066122,0.174118,1964.614030,0.368127,0.036642,0.000000,2018.277313,1.752795
COL,3,0.142505,0.308321,0.240584,0.141095,0.225470,0.060768,0.220085,1962.996951,0.329297,0.031329,0.000000,2016.857617,1.570838
COL,3,0.177006,0.321963,0.261995,0.134224,0.223854,0.058838,0.222354,1962.778793,0.330497,0.028365,0.000000,2019.213800,1.614962
COL,3,0.152450,0.287053,0.238863,0.119100,0.228388,0.062480,0.226434,1962.564866,0.312609,0.033013,0.000000,2017.199209,1.582573
COL,3,0.191969,0.270756,0.253689,0.124146,0.229490,0.061713,0.221876,1964.578290,0.288916,0.033455,0.000000,2017.927926,1.512973
COL,3,0.169571,0.313726,0.249779,0.126557,0.221864,0.062138,0.205554,1962.769373,0.355112,0.032211,0.000000,2017.373418,1.660950
COL,3,0.180141,0.305231,0.252856,0.142202,0.216151,0.057764,0.242090,1961.219057,0.344372,0.034138,0.000000,2017.868775,1.731643
COL,3,0.151690,0.298551,0.250243,0.119512,0.227175,0.063630,0.198965,1964.252177,0.329678,0.031966,0.000000,2017.417130,1.569581
COL,3,0.179083,0.260394,0.233498,0.123179,0.222448,0.068863,0.225294,1961.569491,0.341562,0.028463,0.000000,2017.922464,1.621260
COL,3,0.144324,0.316590,0.258187,0.127659,0.224834,0.058945,0.206324,1963.942067,0.331275,0.034120,0.000000,2017.411902,1.619152
COL,3,0.201006,0.272731,0.237338,0.117176,0.224427,0.065811,0.200450,1963.593162,0.339031,0.036543,0.000000,2015.513840,1.625442
COL,3,0.158220,0.309608,0.255671,0.129905,0.223999,0.060627,0.216712,1962.976134,0.332617,0.030699,0.000000,2018.340139,1.617583
COL,3,0.168011,0.315406,0.284667,0.133850,0.225937,0.058538,0.218470,1967.337015,0.331147,0.028540,0.000000,2020.219452,1.516858
COL,3,0.204074,0.323479,0.256965,0.122996,0.220863,0.058243,0.264038,1967.135287,0.312707,0.032337,0.000000,2017.702093,1.490862
COL,3,0.159767,0.291710,0.253822,0.128679,0.225677,0.063071,0.194597,1962.556863,0.342745,0.032046,0.000000,2017.994020,1.650070
COL,3,0.160854,0.287221,0.260714,0.127351,0.226859,0.060987,0.224797,1965.105467,0.308995,0.032049,0.000000,2018.509125,1.531234
COL,3,0.176297,0.280887,0.224417,0.119099,0.223096,0.064891,0.212609,1961.015755,0.328151,0.035693,0.000000,2015.094313,1.677562
COL,3,0.151840,0.306752,0.268684,0.130120,0.225253,0.060162,0.216993,1965.409307,0.330397,0.030542,0.000000,2019.050077,1.557166
COL,3,0.159347,0.276365,0.236008,0.131274,0.228005,0.057181,0.216546,1968.923788,0.286134,0.032528,0.000000,2018.588536,1.437234
COL,3,0.149040,0.305305,0.241599,0.127351,0.222942,0.061048,0.205589,1963.758047,0.340358,0.032590,0.000000,2017.377411,1.619254
COL,3,0.148451,0.303063,0.246224,0.125806,0.223781,0.058577,0.239174,1966.879186,0.306397,0.032682,0.000000,2017.804384,1.495085
COL,3,0.185699,0.323001,0.266389,0.122340,0.220224,0.064613,0.219091,1961.113358,0.369432,0.032230,0.000000,2017.052630,1.716887
COL,3,0.153789,0.287955,0.243361,0.129025,0.226252,0.059084,0.217180,1966.493490,0.305634,0.032454,0.000000,2018.214165,1.507344
COL,3,0.170954,0.310094,0.219868,0.124678,0.226746,0.063098,0.222004,1964.250001,0.308810,0.028331,0.000000,2017.619742,1.820173
COL,3,0.152842,0.294255,0.263032,0.127857,0.223601,0.059907,0.216119,1964.656842,0.330712,0.033806,0.000000,2017.957324,1.473153
COL,3,0.151975,0.286928,0.241706,0.123368,0.225299,0.061216,0.219330,1966.634409,0.313851,0.033937,0.000000,2017.273854,1.538516
COL,3,0.155652,0.287379,0.208063,0.123189,0.229662,0.064631,0.222932,1965.707370,0.284155,0.031990,0.000000,2018.114024,1.501950
COL,3,0.147612,0.292016,0.225979,0.124665,0.227482,0.062938,0.220687,1965.283816,0.301503,0.032228,0.000000,2017.955819,1.535895
COL,3,0.153414,0.306073,0.243751,0.122563,0.224112,0.063925,0.220331,1963.273456,0.333209,0.032438,0.000000,2017.327056,1.636885
COL,3,0.133772,0.301535,0.243653,0.124170,0.224662,0.062737,0.219540,1964.001425,0.326166,0.032442,0.000000,2017.551846,1.604584
COL,3,0.153794,0.300964,0.222188,0.123107,0.226878,0.063595,0.221986,1964.790432,0.307277,0.030746,0.000000,2017.522549,1.692507
COL,3,0.159141,0.295931,0.252358,0.126665,0.224456,0.060842,0.217575,1964.690105,0.324745,0.033080,0.000000,2017.849365,1.528157
COL,3,0.148983,0.304928,0.242115,0.132576,0.225069,0.061757,0.219813,1963.487046,0.327729,0.031892,0.000000,2017.206812,1.587719
COL,4,14.450242,0.242181,0.585950,0.122836,0.184245,0.070118,0.618408,2000.024657,1.038163,-0.032369,0.000000,2023.478117,0.835719
COL,4,17.584127,0.356497,0.585950,0.122836,0.184245,0.070118,0.618408,2000.024657,1.038163,-0.032369,0.000000,2023.478117,0.835719
COL,4,18.656443,0.242181,0.724374,0.122836,0.184245,0.070118,0.618408,2000.024657,1.038163,-0.032369,0.000000,2023.478117,0.835719
COL,4,17.073952,0.242181,0.585950,0.182032,0.184245,0.070118,0.618408,2000.024657,1.038163,-0.032369,0.000000,2023.478117,0.835719
COL,4,14.986117,0.242181,0.585950,0.122836,0.215450,0.070118,0.618408,2000.024657,1.038163,-0.032369,0.000000,2023.478117,0.835719
COL,4,13.458645,0.242181,0.585950,0.122836,0.184245,0.083929,0.618408,2000.024657,1.038163,-0.032369,0.000000,2023.478117,0.835719
COL,4,14.673199,0.242181,0.585950,0.122836,0.184245,0.070118,0.782340,2000.024657,1.038163,-0.032369,0.000000,2023.478117,0.835719
COL,4,15.173980,0.242181,0.585950,0.122836,0.184245,0.070118,0.618408,2005.020457,1.038163,-0.032369,0.000000,2023.478117,0.835719
COL,4,14.384525,0.242181,0.585950,0.122836,0.184245,0.070118,0.618408,2000.024657,1.121395,-0.032369,0.000000,2023.478117,0.835719
COL,4,13.884119,0.242181,0.585950,0.122836,0.184245,0.070118,0.618408,2000.024657,1.038163,-0.017733,0.000000,2023.478117,0.835719
COL,4,14.450242,0.242181,0.585950,0.122836,0.184245,0.070118,0.618408,2000.024657,1.038163,-0.032369,0.000000,2023.478117,0.835719
COL,4,14.450242,0.242181,0.585950,0.122836,0.184245,0.070118,0.618408,2000.024657,1.038163,-0.032369,0.000000,2025.769858,0.835719
COL,4,14.450242,0.242181,0.585950,0.122836,0.184245,0.070118,0.618408,2000.024657,1.038163,-0.032369,0.000000,2023.478117,1.368326
COL,4,10.646928,0.260718,0.413741,0.132612,0.190500,0.072835,0.649160,2001.067619,1.055919,-0.030348,0.000000,2023.961150,0.914929
COL,4,7.041761,0.270156,0.254762,0.137562,0.193469,0.074133,0.664110,2001.555243,1.064150,-0.029274,0.000000,2024.186148,0.956239
COL,4,10.579279,0.149850,0.530296,0.135083,0.191998,0.073489,0.656673,2001.314211,1.060087,-0.029816,0.000000,2024.074998,0.935447
COL,4,9.881309,0.229386,0.520735,0.074635,0.193226,0.074027,0.662876,2001.515455,1.063480,-0.029365,0.000000,2024.167809,0.952755
COL,4,9.723698,0.227285,0.509508,0.118362,0.194635,0.074645,0.670043,1992.955801,1.067348,-0.028829,0.000000,2024.273747,0.973185
COL,4,10.393943,0.224845,0.496327,0.117622,0.147361,0.075354,0.678308,1999.825276,1.071740,-0.028192,0.000000,2024.394197,0.997334
COL,4,9.948248,0.222015,0.480867,0.116761,0.185204,0.076164,0.465959,1999.791748,1.076701,-0.027430,0.000000,2024.530513,1.025923
COL,4,9.556382,0.218737,0.462768,0.115759,0.185363,0.077086,0.634996,1999.752524,1.082274,-0.026518,0.000000,2024.683932,0.551202
COL,4,8.761846,0.214945,0.441645,0.114594,0.185548,0.078129,0.637732,1999.706616,1.088491,-0.025422,0.000000,2021.184540,0.913737
COL,4,8.105533,0.210567,0.417115,0.113240,0.185764,0.079302,0.640912,1999.652857,1.095371,-0.024101,0.000000,2024.190848,0.927173
COL,4,7.164544,0.205523,0.388844,0.111669,0.186015,0.080611,0.644607,1999.589866,1.102911,-0.022502,0.000000,2024.299985,0.943000
COL,4,6.277225,0.199729,0.356622,0.109848,0.186306,0.082058,0.648897,1999.516005,0.997256,-0.020561,0.000000,2024.423950,0.961667
COL,4,3.866754,0.180268,0.254470,0.103575,0.187321,0.086459,0.663724,1999.254340,0.891523,-0.013192,0.000000,2024.830188,1.028651
COL,4,5.114489,0.189835,0.303130,0.106691,0.186815,0.084385,0.656348,1999.385786,1.086516,-0.033762,0.000000,2024.632353,0.994845
COL,4,4.751875,0.181839,0.262201,0.104091,0.187237,0.070948,0.662500,1999.276333,1.093193,-0.020207,0.000000,2024.797935,1.022974
COL,4,4.156753,0.290656,0.271359,0.088502,0.178199,0.081833,0.625519,1997.353818,1.081313,-0.021860,0.000000,2024.417244,0.931640
COL,4,4.395497,0.213334,0.267148,0.099262,0.215606,0.081331,0.593125,1998.712198,1.072080,-0.022691,0.000000,2024.103873,0.862028
COL,4,4.088112,0.214667,0.249438,0.097266,0.195523,0.081445,0.793822,1998.560895,1.066144,-0.022727,0.000000,2023.875914,0.811251
COL,4,4.326966,0.205194,0.187862,0.148634,0.188135,0.084097,0.655707,1995.781400,1.079537,-0.019113,0.000000,2024.215542,0.854241
COL,4,2.777334,0.203605,0.159202,0.104476,0.185463,0.084950,0.645954,2003.425212,1.077966,-0.017982,0.000000,2024.098207,0.816840
COL,4,1.575444,0.192326,0.079680,0.097825,0.180522,0.088657,0.633621,2006.179156,1.082987,-0.011588,0.000000,2024.007867,0.745432
COL,4,2.405879,0.207371,0.134768,0.103996,0.194014,0.085041,0.680272,2000.048897,1.062701,-0.018312,0.000000,2023.495636,1.394116
COL,4,2.223377,0.209829,0.115706,0.103384,0.195180,0.085261,0.684555,2000.149595,1.050244,-0.018338,0.000000,2026.084467,0.986743
COL,4,1.994201,0.214075,0.099504,0.103073,0.196460,0.085243,0.688598,2000.281958,1.031388,-0.018834,0.000000,2024.732186,0.982856
COL,4,1.851879,0.220696,0.086190,0.103179,0.197857,0.084902,0.692217,2000.452895,1.002801,-0.019943,0.000000,2024.703413,0.973310
COL,4,1.589002,0.156916,0.118239,0.075927,0.191578,0.090126,0.678235,1998.068677,1.047346,-0.009622,0.000000,2024.881774,0.962771
COL,4,1.451443,0.223140,0.083100,0.097205,0.198579,0.084083,0.689276,2000.254380,1.009846,0.002943,0.000000,2024.508440,0.919743
COL,4,0.909723,0.240871,0.046601,0.092631,0.203820,0.083930,0.705082,2000.667312,0.957869,0.023049,0.000000,2024.445030,0.883524
COL,4,1.384481,0.242631,0.072628,0.097805,0.200842,0.092992,0.690443,2000.579111,0.971010,-0.008821,0.000000,2024.266457,0.871136
COL,4,1.293937,0.213388,0.058465,0.102352,0.161046,0.089955,0.763402,2001.343096,0.986556,-0.003271,0.000000,2024.957614,1.034743
COL,4,0.494320,0.223116,0.067939,0.056966,0.193477,0.088956,0.729347,2003.902509,0.953668,-0.004789,0.000000,2024.978445,1.075602
COL,4,0.291772,0.232370,0.044372,0.030825,0.196022,0.090859,0.762247,2006.183521,0.861584,0.002858,0.000000,2025.306735,1.196283
COL,4,1.648788,0.143171,0.038832,0.092128,0.204287,0.091518,0.774097,2004.303557,0.905854,0.002879,0.000000,2024.952637,1.034485
COL,4,0.770232,0.191709,0.033516,0.082841,0.190550,0.092786,0.593292,2004.346409,0.900481,0.008449,0.000000,2025.502791,1.214641
COL,4,0.487933,0.229500,0.027817,0.074243,0.198921,0.090857,0.729953,2004.579707,1.071532,0.001196,0.000000,2024.850003,1.004466
COL,4,0.514643,0.204204,0.031783,0.069547,0.193497,0.092453,0.722946,2004.689204,0.911052,0.010145,0.000000,2025.955109,0.655805
COL,4,0.479882,0.200863,0.030063,0.065185,0.192017,0.093170,0.725135,2005.178809,0.903385,0.014783,0.000000,2023.176855,0.924698
COL,4,0.480970,0.194648,0.028654,0.060174,0.189886,0.094035,0.727248,2005.671160,0.907912,0.020396,0.000000,2024.894242,0.918938
COL,4,0.521831,0.184440,0.027454,0.054413,0.186911,0.095057,0.729509,2006.156405,0.929967,0.026916,0.000000,2024.952167,0.919232
COL,4,0.336061,0.282685,0.043273,0.056785,0.175352,0.091691,0.629870,2003.796169,1.023387,0.010469,0.000000,2024.702826,0.844575
COL,4,0.242558,0.286699,0.023211,0.066898,0.187936,0.093086,0.727387,2007.552673,0.860015,0.024381,0.000000,2024.747155,0.891241
COL,4,0.338117,0.359623,0.020550,0.062680,0.186059,0.094237,0.750139,2008.969540,0.727121,0.035738,0.000000,2024.677970,0.856767
COL,4,0.193882,0.258682,0.023370,0.046669,0.199192,0.094510,0.777657,2002.424680,0.722465,0.030291,0.000000,2025.564790,1.161812
COL,4,0.360981,0.294646,0.020777,0.030620,0.207014,0.096234,0.832692,1999.583225,0.457089,0.041237,0.000000,2026.117047,1.402786
COL,4,0.278881,0.209090,0.022417,0.040684,0.178081,0.091372,0.745008,2007.119411,0.882139,0.032956,0.000000,2025.569736,1.060930
COL,4,0.330181,0.237290,0.022107,0.032167,0.213701,0.094164,0.665201,2007.384907,0.840613,0.033789,0.000000,2025.110205,0.898834
COL,4,0.288398,0.209458,0.022015,0.030181,0.179253,0.097092,0.722175,2008.084829,0.857459,0.015068,0.000000,2025.622772,1.054324
COL,4,0.321421,0.264064,0.022923,0.028939,0.192594,0.094081,0.824489,2007.227750,0.913901,0.028997,0.000000,2024.635774,0.730259
COL,4,0.272453,0.287235,0.024553,0.041992,0.196872,0.091150,0.735666,2006.096932,0.880335,0.011836,0.000000,2025.190594,0.955378
COL,4,0.348095,0.278472,0.022448,0.029195,0.191152,0.094015,0.744088,2007.342395,0.895496,0.028355,0.000000,2023.664291,1.345497
COL,4,0.428538,0.259146,0.023050,0.022774,0.183708,0.095434,0.739662,2007.698047,0.580897,0.036490,0.000000,2024.975783,0.978466
COL,4,0.541603,0.309817,0.022313,0.024616,0.192434,0.093247,0.744308,2007.381592,0.806997,0.026911,0.000000,2024.946136,1.077599
COL,4,0.233515,0.221319,0.026228,0.048711,0.190530,0.093846,0.731578,2006.176237,0.884390,0.022121,0.000000,2024.907287,0.957266
COL,4,0.657539,0.306367,0.021833,0.021215,0.190063,0.094205,0.747353,2007.751622,0.808707,0.032007,0.000000,2026.233482,1.077163
COL,4,0.227525,0.225528,0.026585,0.050180,0.191533,0.093444,0.730801,2006.000905,0.881203,0.019769,0.000000,2024.201481,0.961589
COL,4,0.395995,0.238543,0.026894,0.068961,0.198944,0.090871,0.731611,2004.848169,1.067637,0.002490,0.000000,2024.981182,1.017533
COL,4,0.231441,0.243631,0.025625,0.053328,0.195395,0.092297,0.733638,2005.769311,0.989649,0.013156,0.000000,2024.979833,1.007687
COL,4,0.349452,0.214964,0.029846,0.061034,0.192902,0.092680,0.725254,2005.156423,0.881877,0.013302,0.000000,2026.058185,0.665976
COL,4,0.238911,0.262036,0.023470,0.035391,0.191593,0.093704,0.739460,2006.905093,0.892128,0.025048,0.000000,2024.426081,1.152336
COL,4,0.431943,0.208100,0.020741,0.029114,0.207905,0.094986,0.830994,2008.191822,0.668083,0.032044,0.000000,2025.365338,1.164735
COL,4,0.200662,0.263255,0.029920,0.048388,0.184703,0.092664,0.689226,2005.392935,0.957636,0.016788,0.000000,2024.880873,0.919102
COL,4,0.307656,0.255636,0.030757,0.055299,0.158893,0.092558,0.810866,2005.193464,0.926614,0.003605,0.000000,2024.951094,1.105749
COL,4,0.367779,0.227877,0.029651,0.067093,0.183232,0.092378,0.641122,2005.028770,0.857760,0.006602,0.000000,2025.429348,1.390695
COL,4,0.221090,0.254828,0.023943,0.036108,0.190342,0.093692,0.786687,2006.784775,0.900475,0.024268,0.000000,2024.852046,0.873087
COL,4,0.323817,0.235805,0.022215,0.033375,0.213441,0.094102,0.656185,2007.319059,0.838065,0.033180,0.000000,2025.142518,0.924818
COL,4,0.195607,0.250620,0.027257,0.048945,0.175574,0.092976,0.777838,2005.836387,0.905977,0.012433,0.000000,2024.999980,1.058911
COL,4,0.229992,0.262332,0.020785,0.063764,0.180734,0.095442,0.721330,2006.553847,0.913059,0.034475,0.000000,2024.710312,0.826931
COL,4,0.338471,0.296689,0.028252,0.072734,0.197459,0.085222,0.761356,2002.697026,0.925304,0.029659,0.000000,2024.092529,0.913784
COL,4,0.207771,0.230121,0.022869,0.038101,0.184144,0.095561,0.732330,2007.292198,0.875326,0.019164,0.000000,2025.300879,1.018138
COL,4,0.283817,0.300985,0.027086,0.055166,0.199232,0.095341,0.737353,2005.051600,0.901753,0.006844,0.000000,2024.108933,0.901131
COL,4,0.197787,0.230826,0.023164,0.043973,0.183832,0.092585,0.743108,2006.695714,0.887119,0.027830,0.000000,2025.259425,1.019613
COL,4,0.279813,0.212674,0.023545,0.053929,0.178559,0.095600,0.747872,2006.428711,0.904560,0.031822,0.000000,2024.628065,1.014144
COL,4,0.191097,0.267879,0.024277,0.044751,0.192636,0.092544,0.738753,2006.182453,0.886508,0.017656,0.000000,2025.058315,0.969882
COL,4,0.288520,0.210339,0.025271,0.030818,0.189199,0.094252,0.757525,2003.967025,0.927025,0.020400,0.000000,2025.134652,1.097357
COL,4,0.189384,0.266837,0.023635,0.055716,0.188253,0.093397,0.735135,2006.916558,0.877662,0.023419,0.000000,2024.848097,0.940474
COL,4,0.265157,0.233819,0.024915,0.063502,0.184857,0.093634,0.745292,2005.175072,0.894948,0.019358,0.000000,2025.454457,0.812945
COL,4,0.178782,0.254870,0.023786,0.041202,0.189955,0.093687,0.740926,2006.537034,0.892834,0.023694,0.000000,2024.712345,1.061388
COL,4,0.201846,0.281254,0.022519,0.045609,0.185886,0.093459,0.754398,2006.144057,0.903879,0.022728,0.000000,2025.017801,1.008561
COL,4,0.218690,0.263960,0.022440,0.040444,0.178702,0.094931,0.755814,2006.571440,0.754393,0.031246,0.000000,2024.952475,0.958256
COL,4,0.257992,0.245483,0.040803,0.030672,0.193366,0.091319,0.772382,2005.794118,0.830936,0.006782,0.000000,2025.240353,1.179315
COL,4,0.194898,0.258083,0.021789,0.053601,0.184050,0.094632,0.734725,2006.376872,0.893745,0.029229,0.000000,2024.850562,0.908282
COL,4,0.250330,0.289059,0.022024,0.040277,0.181466,0.094121,0.764498,2006.433045,0.868064,0.027108,0.000000,2025.700057,1.018570
COL,4,0.187739,0.240869,0.024906,0.047536,0.189116,0.093620,0.739502,2006.113262,0.877950,0.021725,0.000000,2024.639479,0.975661
COL,4,0.183137,0.256080,0.023511,0.058083,0.182551,0.093877,0.695866,2005.431192,0.843461,0.022498,0.000000,2025.173880,1.133881
COL,4,0.241579,0.245755,0.026022,0.055419,0.194317,0.092165,0.721586,2005.501051,0.979624,0.011783,0.000000,2025.116420,1.069683
COL,4,0.183877,0.259368,0.023059,0.043833,0.182843,0.094341,0.747529,2006.328543,0.819580,0.027200,0.000000,2024.994213,0.985482
COL,4,0.201532,0.285435,0.025179,0.059875,0.189235,0.090746,0.748171,2004.076359,0.874529,0.026982,0.000000,2024.689421,1.002701
COL,4,0.218184,0.234688,0.026648,0.052834,0.188110,0.093277,0.724643,2005.474214,0.838935,0.024497,0.000000,2024.946991,1.011268
COL,4,0.183456,0.269369,0.023212,0.047336,0.186447,0.093414,0.747165,2005.985732,0.888398,0.023177,0.000000,2025.000235,1.009237
COL,4,0.224889,0.228267,0.022987,0.038345,0.184239,0.095555,0.731065,2007.273541,0.872627,0.019245,0.000000,2025.298205,1.018252
COL,4,0.188745,0.270772,0.024514,0.053760,0.188011,0.092268,0.743962,2005.097346,0.874054,0.025182,0.000000,2024.851922,1.006576
COL,4,0.185830,0.250656,0.021362,0.048759,0.189329,0.094296,0.792113,2006.418807,0.755607,0.030036,0.000000,2025.124943,1.122289
COL,4,0.197217,0.287438,0.023727,0.054456,0.191028,0.094602,0.753557,2004.952162,0.822011,0.020130,0.000000,2024.704505,1.033067
COL,4,0.179839,0.272939,0.023577,0.051665,0.189281,0.094153,0.750972,2005.453181,0.838962,0.022193,0.000000,2024.851746,1.029695
COL,4,0.201200,0.270464,0.021440,0.049479,0.199963,0.094470,0.711355,2005.919762,0.787550,0.034233,0.000000,2024.962055,0.989549
COL,4,0.172127,0.255535,0.024849,0.049078,0.182274,0.093381,0.762292,2005.857377,0.878601,0.018995,0.000000,2024.990538,1.041338
COL,4,0.181338,0.262461,0.026902,0.044440,0.192632,0.092514,0.761459,2005.213345,0.799215,0.018028,0.000000,2025.128810,1.171167
COL,4,0.203701,0.262491,0.024138,0.050702,0.174908,0.092293,0.713455,2007.955081,0.961472,0.014130,0.000000,2024.206873,0.917885
COL,4,0.175936,0.259632,0.023547,0.047652,0.193719,0.094020,0.762614,2004.460185,0.790756,0.026829,0.000000,2025.273527,1.098108
COL,4,0.187019,0.251998,0.023160,0.053363,0.182985,0.094528,0.758772,2005.528364,0.802962,0.028990,0.000000,2024.880727,1.126808
COL,4,0.189607,0.250572,0.023633,0.042458,0.186754,0.094003,0.765933,2004.160835,0.799841,0.024984,0.000000,2025.094114,1.192100
COL,4,0.157913,0.262741,0.023634,0.052128,0.187881,0.093553,0.743070,2006.371692,0.859114,0.023816,0.000000,2024.911255,1.000489
COL,4,0.204926,0.245433,0.022821,0.043843,0.186978,0.095048,0.757470,2006.485045,0.801147,0.022976,0.000000,2025.099840,1.118988
COL,4,0.176856,0.264364,0.024014,0.051127,0.187753,0.093074,0.747385,2005.484745,0.856617,0.024642,0.000000,2024.915584,1.034111
COL,4,0.176928,0.279541,0.022509,0.050284,0.185614,0.093896,0.762972,2005.446170,0.792789,0.026776,0.000000,2025.325696,1.162520
COL,4,0.202565,0.272648,0.023751,0.044278,0.191985,0.092762,0.744654,2006.028808,0.867371,0.018585,0.000000,2025.188065,1.014531
COL,4,0.158704,0.257112,0.023298,0.050963,0.185316,0.094129,0.755293,2005.658617,0.819652,0.026646,0.000000,2024.960210,1.098201
COL,4,0.199913,0.275126,0.030040,0.048901,0.185142,0.093018,0.699235,2004.892828,0.916152,0.016446,0.000000,2024.920215,1.014988
COL,4,0.175088,0.256707,0.022247,0.048794,0.188300,0.093999,0.771028,2006.082684,0.799400,0.027069,0.000000,2025.074920,1.094970
COL,4,0.187911,0.265808,0.024264,0.055222,0.192325,0.092896,0.753455,2004.962111,0.858518,0.020075,0.000000,2025.067134,1.172987
COL,4,0.180526,0.260973,0.023324,0.046483,0.185304,0.094008,0.749019,2006.023238,0.829536,0.025537,0.000000,2025.012591,1.030824
COL,4,0.181780,0.254465,0.024085,0.051101,0.188761,0.093987,0.754117,2005.391552,0.775241,0.024792,0.000000,2025.063255,1.151224
COL,4,0.197878,0.267456,0.023833,0.040502,0.193366,0.093551,0.806231,2005.944620,0.813666,0.025797,0.000000,2024.863843,1.028374
COL,4,0.163158,0.258909,0.023589,0.053206,0.185373,0.093797,0.726528,2005.564836,0.836136,0.023348,0.000000,2025.099022,1.107043
COL,4,0.166083,0.269847,0.023223,0.046625,0.186905,0.093400,0.751843,2006.005740,0.887278,0.023318,0.000000,2024.987210,1.004997
COL,4,0.172023,0.263009,0.021677,0.053961,0.181751,0.094820,0.742646,2006.272216,0.880322,0.029994,0.000000,2024.894149,0.960342
COL,4,0.182105,0.264840,0.023113,0.052945,0.188790,0.093669,0.754260,2005.556127,0.860846,0.024204,0.000000,2024.994976,1.083641
COL,4,0.166613,0.261938,0.023270,0.048036,0.186187,0.093925,0.750336,2005.910890,0.837511,0.025208,0.000000,2025.008196,1.043903
COL,4,0.161373,0.251185,0.022849,0.047078,0.184259,0.093472,0.752218,2006.182997,0.851514,0.027832,0.000000,2025.173681,1.087224
COL,4,0.195554,0.268550,0.022568,0.059935,0.182554,0.093919,0.763770,2004.919548,0.785928,0.027163,0.000000,2025.363975,1.059413
COL,4,0.179573,0.258269,0.023436,0.045365,0.188158,0.093745,0.746768,2006.184569,0.867844,0.024592,0.000000,2024.887282,1.060894
COL,4,0.168017,0.259922,0.023462,0.051543,0.186607,0.093848,0.749231,2006.029894,0.839689,0.025258,0.000000,2024.935818,1.048762
COL,4,0.163474,0.256941,0.023218,0.049552,0.186087,0.093513,0.747672,2006.278453,0.855326,0.025881,0.000000,2025.045036,1.043391
COL,4,0.176701,0.260823,0.023611,0.052665,0.186635,0.093676,0.734881,2005.986906,0.847733,0.023583,0.000000,2025.006434,1.053080
COL,4,0.170986,0.266287,0.023423,0.049315,0.187394,0.093477,0.747482,2006.192784,0.873385,0.023568,0.000000,2024.949440,1.002741
COL,4,0.168912,0.262339,0.023447,0.050048,0.187038,0.093742,0.746720,2006.147657,0.848409,0.024518,0.000000,2024.960065,1.022072
COL,4,0.169282,0.262875,0.022469,0.053038,0.184862,0.094219,0.742858,2006.322266,0.869823,0.027051,0.000000,2024.902712,0.980298
COL,4,0.171587,0.259130,0.024198,0.050585,0.185117,0.093468,0.752806,2006.122407,0.868946,0.021467,0.000000,2024.951123,1.020804
COL,4,0.161057,0.259718,0.022858,0.050439,0.188090,0.093780,0.757321,2006.229753,0.829917,0.025479,0.000000,2024.994067,1.047182
COL,4,0.167794,0.261185,0.023591,0.049850,0.190849,0.093791,0.752971,2005.507712,0.825779,0.025353,0.000000,2025.097386,1.048716
COL,4,0.164627,0.263552,0.023819,0.051626,0.187817,0.093318,0.745234,2005.950515,0.857867,0.024231,0.000000,2024.913420,1.017225
COL,4,0.183045,0.271108,0.023020,0.051199,0.186754,0.093727,0.753155,2005.933091,0.826751,0.025326,0.000000,2025.125083,1.080028
COL,4,0.161328,0.258795,0.023710,0.046403,0.188924,0.093620,0.741999,2006.455260,0.876249,0.023755,0.000000,2024.813152,1.030701
COL,4,0.181418,0.251386,0.023883,0.049957,0.187820,0.093614,0.740533,2006.336176,0.881119,0.023699,0.000000,2024.781138,0.973751
COL,4,0.169184,0.256271,0.023647,0.050266,0.187554,0.093643,0.743727,2006.239026,0.868006,0.024112,0.000000,2024.870341,0.999765
COL,4,0.181099,0.260794,0.023253,0.048172,0.188089,0.093660,0.759946,2006.326792,0.864670,0.025521,0.000000,2024.884653,0.990868
COL,4,0.178459,0.260816,0.023518,0.051511,0.187001,0.093672,0.741300,2006.074500,0.852014,0.024077,0.000000,2024.976387,1.037338
COL,4,0.170686,0.261228,0.023223,0.051278,0.187986,0.093668,0.750263,2006.301354,0.844688,0.024657,0.000000,2024.952908,1.023693
