country,restart,loss,form_base,marry_share_of_form,cohab_to_marr,dissolve_cohab,dissolve_marr,kappa_floor,kappa_mid,kappa_steep,form_tilt,period_depth,period_mid,period_steep
CRI,1,1.726491,0.160000,0.300000,0.050000,0.060000,0.015000,0.300000,1990.000000,0.150000,0.005000,0.150000,2018.000000,0.800000
CRI,1,3.741874,0.260447,0.300000,0.050000,0.060000,0.015000,0.300000,1990.000000,0.150000,0.005000,0.150000,2018.000000,0.800000
CRI,1,1.659019,0.160000,0.468328,0.050000,0.060000,0.015000,0.300000,1990.000000,0.150000,0.005000,0.150000,2018.000000,0.800000
CRI,1,1.676578,0.160000,0.300000,0.092403,0.060000,0.015000,0.300000,1990.000000,0.150000,0.005000,0.150000,2018.000000,0.800000
CRI,1,1.103627,0.160000,0.300000,0.050000,0.103183,0.015000,0.300000,1990.000000,0.150000,0.005000,0.150000,2018.000000,0.800000
CRI,1,1.683074,0.160000,0.300000,0.050000,0.060000,0.028199,0.300000,1990.000000,0.150000,0.005000,0.150000,2018.000000,0.800000
CRI,1,1.621219,0.160000,0.300000,0.050000,0.060000,0.015000,0.484914,1990.000000,0.150000,0.005000,0.150000,2018.000000,0.800000
CRI,1,1.600046,0.160000,0.300000,0.050000,0.060000,0.015000,0.300000,1998.763349,0.150000,0.005000,0.150000,2018.000000,0.800000
CRI,1,1.834300,0.160000,0.300000,0.050000,0.060000,0.015000,0.300000,1990.000000,0.282313,0.005000,0.150000,2018.000000,0.800000
CRI,1,1.291308,0.160000,0.300000,0.050000,0.060000,0.015000,0.300000,1990.000000,0.150000,0.023119,0.150000,2018.000000,0.800000
CRI,1,1.777116,0.160000,0.300000,0.050000,0.060000,0.015000,0.300000,1990.000000,0.150000,0.005000,0.279706,2018.000000,0.800000
CRI,1,1.706840,0.160000,0.300000,0.050000,0.060000,0.015000,0.300000,1990.000000,0.150000,0.005000,0.150000,2022.406683,0.800000
CRI,1,1.728666,0.160000,0.300000,0.050000,0.060000,0.015000,0.300000,1990.000000,0.150000,0.005000,0.150000,2018.000000,1.322631
CRI,1,0.281686,0.092549,0.326047,0.055805,0.066289,0.016780,0.328074,1991.664246,0.167328,0.008273,0.167620,2018.839901,0.876985
CRI,1,0.122304,0.055010,0.339486,0.058897,0.069587,0.017732,0.342634,1992.469867,0.176655,0.009885,0.177022,2019.245965,0.917236
CRI,1,0.865497,0.133651,0.332734,0.057335,0.067925,0.017251,0.335312,1992.069392,0.079411,0.009082,0.172271,2019.044152,0.896968
CRI,1,0.796926,0.129645,0.338356,0.058634,0.069308,0.017651,0.341408,1992.403452,0.138748,0.009751,0.078087,2019.212502,0.913839
CRI,1,0.703069,0.125108,0.344970,0.060178,0.070943,0.018127,0.348590,1992.788980,0.136952,0.010528,0.142329,2019.406718,0.474740
CRI,1,0.627778,0.120002,0.352757,0.062018,0.072880,0.018695,0.357063,1993.232883,0.134884,0.011428,0.141082,2019.630247,0.786529
CRI,1,0.514327,0.114296,0.361933,0.064216,0.075178,0.019375,0.367070,1993.742540,0.132509,0.012468,0.139639,2013.742596,0.784300
CRI,1,0.659308,0.107973,0.372752,0.066851,0.077911,0.009049,0.378900,1994.325614,0.129790,0.013666,0.137971,2018.453819,0.781705
CRI,1,0.271274,0.101041,0.385513,0.032079,0.081167,0.016753,0.392898,1994.989717,0.126684,0.015043,0.136046,2018.528487,0.778685
CRI,1,0.160150,0.093539,0.222892,0.058964,0.085052,0.017061,0.409470,1995.741902,0.123152,0.016619,0.133829,2018.615237,0.775172
CRI,1,0.201492,0.085544,0.356591,0.060571,0.089696,0.017425,0.231762,1996.587894,0.119153,0.018411,0.131280,2018.715945,0.771089
CRI,1,0.099939,0.077185,0.366453,0.062487,0.095250,0.017858,0.383134,1986.509020,0.114648,0.020434,0.128358,2018.832745,0.766344
CRI,1,0.322648,0.054954,0.401686,0.069539,0.115542,0.019440,0.428045,1979.224941,0.100177,0.026883,0.118560,2019.235485,0.749906
CRI,1,0.323883,0.068644,0.378083,0.064777,0.101889,0.018374,0.397910,1995.735552,0.109605,0.001148,0.125018,2018.968052,0.760836
CRI,1,0.221454,0.060155,0.391801,0.067526,0.058869,0.018990,0.415404,1996.580781,0.104001,0.019427,0.121216,2019.124577,0.754446
CRI,1,0.273939,0.062807,0.366407,0.060858,0.089949,0.016830,0.389688,1995.548793,0.204112,0.017458,0.098386,2018.099041,0.648873
CRI,1,0.236365,0.057773,0.365322,0.059892,0.092026,0.016313,0.391463,1995.745030,0.125702,0.018066,0.218176,2017.727298,0.598634
CRI,1,0.301903,0.053094,0.361959,0.058307,0.093885,0.015594,0.391184,1995.866691,0.125548,0.018553,0.134821,2017.219948,1.146885
CRI,1,0.198575,0.054134,0.332794,0.051064,0.088896,0.031310,0.362427,1994.684065,0.131755,0.016425,0.138563,2018.027623,0.786488
CRI,1,0.378650,0.044397,0.348956,0.053466,0.097334,0.018103,0.385325,1995.941577,0.126278,0.019297,0.135089,2016.461776,0.781656
CRI,1,0.459540,0.040577,0.337803,0.049955,0.098616,0.017259,0.378146,1995.829445,0.127517,0.019439,0.135741,2022.050170,0.783439
CRI,1,0.283520,0.050628,0.343768,0.053264,0.092489,0.017770,0.375364,1995.324444,0.128748,0.017763,0.136707,2020.321606,0.783655
CRI,1,0.390644,0.103944,0.349735,0.060134,0.075589,0.018428,0.358423,1993.508197,0.134239,0.012345,0.140586,2020.583535,0.786422
CRI,1,0.252427,0.053616,0.349151,0.055077,0.091663,0.018184,0.378521,1995.355848,0.128225,0.017625,0.136446,2017.571455,0.782846
CRI,1,0.085954,0.060950,0.317033,0.048084,0.070180,0.018125,0.343338,1993.665426,0.158528,0.030019,0.153847,2018.062143,0.811533
CRI,1,0.071798,0.057539,0.288501,0.041136,0.056796,0.018001,0.317518,1992.567789,0.189978,0.038677,0.170168,2017.594202,0.837749
CRI,1,0.082391,0.080998,0.319964,0.050674,0.070948,0.021728,0.337565,1992.951179,0.148554,0.020417,0.148604,2019.794249,0.483203
CRI,1,0.158425,0.093205,0.333591,0.055073,0.068850,0.019835,0.346401,1993.137822,0.148373,0.021593,0.148623,2016.494489,0.688093
CRI,1,0.072816,0.078226,0.306771,0.047230,0.067790,0.021461,0.326011,1992.465468,0.087942,0.022530,0.214698,2018.645470,0.836468
CRI,1,0.266847,0.048370,0.277774,0.089873,0.073537,0.022427,0.312590,1992.644952,0.134451,0.025717,0.172258,2018.238377,0.708079
CRI,1,0.154514,0.057213,0.303017,0.071186,0.075405,0.020891,0.331803,1993.249569,0.132467,0.023266,0.162555,2018.311294,0.725262
CRI,1,0.144935,0.090442,0.302953,0.058140,0.061970,0.021224,0.318293,1991.862047,0.133561,0.024399,0.176700,2019.280300,0.695143
CRI,1,0.156422,0.089827,0.278715,0.053165,0.057375,0.024483,0.295443,1990.709460,0.137615,0.024994,0.104032,2019.384593,0.920914
CRI,1,0.166718,0.092072,0.240653,0.044892,0.089766,0.022153,0.258336,1988.574967,0.173739,0.024674,0.186043,2018.053124,0.765380
CRI,1,0.067644,0.065114,0.251379,0.047938,0.058933,0.024940,0.457399,1987.060722,0.161818,0.026498,0.182725,2018.365782,0.747894
CRI,1,0.188075,0.057246,0.207476,0.042467,0.046583,0.029425,0.586391,1981.625050,0.188070,0.029962,0.213695,2018.188367,0.736491
CRI,1,0.437155,0.108737,0.258888,0.056417,0.055277,0.012734,0.322043,1988.079577,0.151603,0.029471,0.181622,2019.096170,0.726852
CRI,1,0.090574,0.063719,0.313326,0.052363,0.079621,0.025533,0.352106,1993.146975,0.136473,0.020059,0.148462,2018.300260,0.771256
CRI,1,0.161543,0.059248,0.368763,0.065328,0.053348,0.019428,0.455973,1994.943051,0.110131,0.021423,0.129871,2019.111255,0.748137
CRI,1,0.079948,0.065843,0.333985,0.059658,0.061350,0.020084,0.401940,1993.462076,0.123532,0.022259,0.142413,2018.852308,0.752421
CRI,1,0.076720,0.055386,0.414476,0.050153,0.053605,0.025644,0.294687,1987.138288,0.155762,0.029425,0.182666,2018.603624,0.734904
CRI,1,0.126734,0.051366,0.300853,0.052944,0.064872,0.023257,0.344125,1989.172216,0.130409,0.026646,0.170937,2020.803522,0.834957
CRI,1,0.221077,0.048757,0.361988,0.054808,0.078697,0.018612,0.408027,1991.448443,0.139383,0.023682,0.253735,2018.412512,0.607857
CRI,1,0.055634,0.076318,0.298440,0.053572,0.062304,0.022906,0.321843,1990.895486,0.138055,0.024670,0.131985,2019.146686,0.833806
CRI,1,0.097354,0.078538,0.334489,0.038170,0.058170,0.022260,0.365907,1988.361573,0.145780,0.025617,0.163807,2019.612380,0.798697
CRI,1,0.152339,0.049597,0.339965,0.044371,0.070390,0.022089,0.388752,1989.279527,0.146712,0.024724,0.148555,2018.720304,0.850814
CRI,1,0.053581,0.077089,0.311998,0.054419,0.064010,0.021438,0.335250,1991.231370,0.136740,0.024481,0.169299,2019.142033,0.731918
CRI,1,0.151454,0.093375,0.344166,0.049122,0.067183,0.019852,0.359795,1992.289800,0.151418,0.021967,0.153461,2016.663917,0.693204
CRI,1,0.067271,0.059019,0.311398,0.051967,0.065445,0.022369,0.348010,1989.972919,0.135386,0.025529,0.166427,2019.863141,0.797724
CRI,1,0.122870,0.087363,0.300746,0.043025,0.061920,0.026768,0.362239,1988.538070,0.106578,0.036432,0.146469,2018.562452,0.610690
CRI,1,0.068081,0.061380,0.329578,0.054554,0.067616,0.019741,0.347485,1991.521730,0.155917,0.018209,0.168950,2019.077608,0.832117
CRI,1,0.081647,0.059340,0.271038,0.039392,0.039843,0.027002,0.317298,1994.957841,0.172992,0.029687,0.209034,2019.022721,0.749322
CRI,1,0.115637,0.055887,0.289302,0.064602,0.065613,0.022667,0.325414,1994.420877,0.140354,0.025809,0.172891,2018.110902,0.710697
CRI,1,0.048376,0.071902,0.322867,0.043756,0.059975,0.022361,0.355564,1989.964040,0.144405,0.025665,0.166042,2019.249194,0.775991
CRI,1,0.077293,0.069688,0.311157,0.046318,0.044456,0.019210,0.339248,1989.248540,0.151322,0.031325,0.193584,2019.587975,0.737306
CRI,1,0.081914,0.054159,0.303180,0.047175,0.046847,0.022252,0.354112,1988.818225,0.139459,0.032561,0.201813,2018.037532,1.187740
CRI,1,0.055664,0.059591,0.307330,0.048031,0.052218,0.022120,0.349939,1989.889565,0.141682,0.029946,0.187323,2018.492985,0.971511
CRI,1,0.072851,0.073301,0.361783,0.062053,0.084361,0.017049,0.381288,1985.514311,0.115546,0.024230,0.140284,2018.764959,0.847512
CRI,1,0.114153,0.067004,0.300267,0.041405,0.060601,0.022632,0.295956,1985.907166,0.160251,0.031521,0.205687,2018.921757,0.860711
CRI,1,0.044037,0.066131,0.325382,0.054592,0.061162,0.020701,0.374002,1991.692735,0.131880,0.024821,0.156550,2018.869696,0.778535
CRI,1,0.096511,0.062811,0.325072,0.055095,0.084939,0.023899,0.360509,1990.817502,0.127930,0.021229,0.146506,2018.029826,0.885175
CRI,1,0.046371,0.067881,0.314606,0.048399,0.052935,0.020312,0.344503,1989.645683,0.145122,0.029086,0.180847,2019.211395,0.772498
CRI,1,0.075974,0.082758,0.222113,0.050658,0.072277,0.017072,0.418884,1993.145192,0.122773,0.023568,0.155433,2019.145569,0.894943
CRI,1,0.049295,0.074539,0.263735,0.050532,0.067264,0.018977,0.385989,1991.722501,0.130333,0.025128,0.161920,2019.011652,0.852899
CRI,1,0.081427,0.062082,0.248460,0.039117,0.042783,0.026094,0.328749,1995.389649,0.168640,0.028991,0.205800,2019.028524,0.778747
CRI,1,0.042528,0.070267,0.331308,0.055518,0.072240,0.019048,0.367811,1988.182248,0.127082,0.025483,0.154845,2018.831220,0.829943
CRI,1,0.052391,0.057464,0.301471,0.053327,0.055725,0.020574,0.391570,1988.205310,0.232481,0.030799,0.126329,2019.175657,0.788210
CRI,1,0.134097,0.078095,0.322457,0.063327,0.066383,0.024893,0.414044,1987.326178,0.112619,0.006124,0.154031,2020.372823,0.778940
CRI,1,0.048208,0.061933,0.296790,0.045982,0.059098,0.019571,0.340510,1991.315336,0.167025,0.033274,0.166014,2018.330094,0.822768
CRI,1,0.071574,0.072970,0.276774,0.046807,0.054410,0.022797,0.380314,1988.433088,0.139417,0.034307,0.154702,2018.880214,0.782819
CRI,1,0.040623,0.064037,0.315900,0.052529,0.064133,0.020475,0.355563,1990.769280,0.151630,0.022966,0.165295,2019.028472,0.819596
CRI,1,0.071223,0.068451,0.371331,0.054107,0.063527,0.017321,0.266069,1993.329161,0.132820,0.027439,0.140186,2019.675882,0.882625
CRI,1,0.050605,0.065928,0.278863,0.049425,0.060059,0.022844,0.405413,1988.705644,0.154063,0.026736,0.171244,2018.702646,0.780118
CRI,1,0.060871,0.077364,0.299443,0.049528,0.056309,0.019527,0.372795,1990.428787,0.162218,0.028542,0.155170,2017.954324,0.826105
CRI,1,0.048487,0.072162,0.302407,0.050129,0.058505,0.020211,0.366525,1990.315252,0.155082,0.027815,0.157925,2018.450684,0.818945
CRI,1,0.064641,0.079160,0.302635,0.053937,0.071439,0.019454,0.373623,1990.581398,0.157418,0.023502,0.133186,2019.359168,0.650870
CRI,1,0.041791,0.063831,0.306152,0.049456,0.056641,0.021430,0.355792,1990.063514,0.145473,0.028453,0.172397,2018.713528,0.883055
CRI,1,0.046897,0.059923,0.312902,0.047716,0.059401,0.018541,0.409805,1989.426731,0.162917,0.029532,0.197055,2018.640321,0.774695
CRI,1,0.057151,0.057048,0.299470,0.045918,0.057048,0.019384,0.407938,1988.767592,0.169292,0.030455,0.158940,2018.560143,0.888601
CRI,1,0.040766,0.071320,0.308839,0.052185,0.062219,0.020910,0.352815,1990.627924,0.144282,0.026080,0.166661,2018.998360,0.769090
CRI,1,0.076904,0.079438,0.311198,0.046714,0.066632,0.020266,0.344295,1992.138944,0.090529,0.023153,0.219236,2018.494819,0.824024
CRI,1,0.041819,0.062119,0.303887,0.051608,0.058327,0.020497,0.379503,1989.219666,0.184953,0.029057,0.145857,2019.007905,0.797059
CRI,1,0.045298,0.068019,0.339708,0.050810,0.061680,0.017851,0.327452,1991.755920,0.142967,0.028048,0.160073,2019.023764,0.835366
CRI,1,0.045517,0.059493,0.370968,0.049744,0.054065,0.021340,0.335951,1988.747340,0.171398,0.029958,0.168994,2018.717024,0.760926
CRI,1,0.058996,0.059447,0.339150,0.050080,0.061584,0.020237,0.349549,1989.945369,0.146670,0.027828,0.175147,2019.312370,0.783531
CRI,1,0.037116,0.068674,0.311387,0.050117,0.059265,0.020218,0.362246,1990.223062,0.152938,0.027818,0.162099,2018.670015,0.809989
CRI,1,0.060810,0.059218,0.316245,0.058420,0.059969,0.017928,0.361540,1990.339680,0.159008,0.030159,0.166015,2018.417616,0.832624
CRI,1,0.043644,0.068422,0.321205,0.047108,0.059973,0.021184,0.357053,1990.058239,0.147935,0.026850,0.166035,2019.044971,0.789887
CRI,1,0.053976,0.069770,0.347474,0.055941,0.061003,0.020815,0.379882,1988.741017,0.134623,0.020223,0.166047,2019.446675,0.780085
CRI,1,0.039719,0.063779,0.309070,0.048327,0.059570,0.019877,0.350161,1990.685476,0.158310,0.030508,0.166022,2018.615800,0.811948
CRI,1,0.050930,0.073020,0.329807,0.054083,0.060723,0.022184,0.304148,1990.863701,0.137400,0.025325,0.134854,2019.146519,0.834806
CRI,1,0.045928,0.062885,0.317086,0.049249,0.059729,0.019406,0.382052,1989.790163,0.156156,0.028533,0.179746,2018.768229,0.789427
CRI,1,0.070965,0.063472,0.328483,0.053489,0.069103,0.020138,0.372155,1990.674117,0.156208,0.025725,0.147574,2018.497557,0.840090
CRI,1,0.039009,0.066742,0.318046,0.049633,0.056702,0.020269,0.351321,1989.904950,0.147823,0.028279,0.172025,2019.035651,0.789024
CRI,1,0.039001,0.069226,0.326120,0.052649,0.061065,0.021220,0.330196,1990.551261,0.143846,0.026284,0.147395,2018.991849,0.822338
CRI,1,0.052338,0.075329,0.269249,0.052624,0.068515,0.019277,0.374916,1991.840468,0.127087,0.023995,0.153498,2019.087515,0.863238
CRI,1,0.041624,0.063006,0.344030,0.050452,0.057459,0.020809,0.345497,1989.540240,0.159147,0.028570,0.165009,2018.810377,0.785659
CRI,1,0.041212,0.064785,0.297696,0.051467,0.059619,0.023531,0.387183,1988.452892,0.155328,0.026243,0.162950,2018.746026,0.778968
CRI,1,0.050225,0.066395,0.306786,0.047382,0.059872,0.020840,0.341922,1987.960986,0.172818,0.029548,0.167693,2018.880658,0.835897
CRI,1,0.040113,0.066196,0.320679,0.052713,0.060838,0.020735,0.365857,1990.788133,0.141167,0.026067,0.159279,2018.872437,0.792608
CRI,1,0.045479,0.063844,0.310777,0.055914,0.061205,0.020290,0.359996,1989.791190,0.153070,0.027560,0.157034,2018.674544,0.824553
CRI,1,0.036325,0.067238,0.318581,0.049198,0.060279,0.020958,0.357788,1989.991619,0.149203,0.027029,0.163748,2018.953093,0.798456
CRI,1,0.042577,0.061775,0.298979,0.046489,0.048654,0.022876,0.347708,1991.889399,0.182541,0.029080,0.169905,2018.910485,0.779577
CRI,1,0.044397,0.068008,0.323063,0.053141,0.065752,0.019956,0.362736,1989.135969,0.139241,0.026420,0.158506,2018.851069,0.817146
CRI,1,0.036649,0.067951,0.314973,0.049656,0.059771,0.020585,0.360014,1990.107487,0.151060,0.027426,0.162922,2018.812112,0.804208
CRI,1,0.036381,0.068223,0.322340,0.050900,0.060671,0.021089,0.343852,1990.272314,0.146502,0.026659,0.155398,2018.972482,0.810335
CRI,1,0.045892,0.066989,0.318314,0.049415,0.058472,0.020611,0.354547,1989.948304,0.148512,0.027660,0.167846,2018.994422,0.793730
CRI,1,0.041530,0.065478,0.313806,0.048761,0.059924,0.020412,0.353965,1990.339906,0.153695,0.028821,0.164882,2018.785233,0.805182
CRI,1,0.036497,0.066715,0.319629,0.050931,0.060558,0.020846,0.361812,1990.391680,0.145133,0.026552,0.161501,2018.912812,0.795528
CRI,1,0.039605,0.065612,0.317239,0.050842,0.062186,0.020715,0.356675,1990.382166,0.150412,0.025053,0.164520,2018.990824,0.808978
CRI,1,0.038555,0.069241,0.313690,0.050674,0.061244,0.020934,0.355297,1990.310908,0.146723,0.026558,0.165199,2018.975742,0.783675
CRI,1,0.043574,0.065997,0.308042,0.050322,0.059948,0.022218,0.372359,1989.227856,0.152237,0.026638,0.163348,2018.849861,0.788669
CRI,1,0.038377,0.065076,0.331188,0.049822,0.058858,0.020883,0.351616,1989.766456,0.154101,0.027809,0.164377,2018.881880,0.792039
CRI,1,0.043421,0.065506,0.312334,0.049327,0.058440,0.021193,0.356789,1990.027580,0.147327,0.027749,0.168028,2018.833712,0.840037
CRI,1,0.038746,0.064611,0.311187,0.050391,0.059298,0.020726,0.368574,1989.607143,0.166212,0.028060,0.154594,2018.980521,0.797757
CRI,1,0.042589,0.068731,0.324913,0.052283,0.066087,0.019986,0.362784,1989.094505,0.137722,0.026265,0.159246,2018.892262,0.814094
CRI,1,0.037681,0.066366,0.316279,0.051100,0.062751,0.021140,0.362325,1989.975458,0.151299,0.026459,0.156855,2018.812129,0.812670
CRI,1,0.037979,0.067429,0.328100,0.050311,0.061695,0.019426,0.343123,1990.806121,0.147443,0.027458,0.160126,2018.950755,0.821905
CRI,1,0.040577,0.068270,0.326344,0.051490,0.063823,0.020093,0.356111,1990.150521,0.152376,0.026286,0.154363,2018.986210,0.768458
CRI,1,0.038667,0.065001,0.313970,0.048445,0.056016,0.021324,0.349072,1991.232672,0.165667,0.027773,0.162094,2018.943635,0.785783
CRI,1,0.041814,0.068138,0.325107,0.051893,0.061229,0.021036,0.357011,1990.163054,0.150418,0.024938,0.156086,2019.075801,0.791318
CRI,1,0.036839,0.066130,0.316612,0.049529,0.060248,0.020567,0.354725,1990.295758,0.152869,0.027893,0.162647,2018.858328,0.801700
CRI,1,0.039062,0.065011,0.310998,0.048828,0.056877,0.021448,0.354631,1990.376516,0.151802,0.027837,0.168140,2018.854478,0.834570
CRI,1,0.037326,0.067532,0.318961,0.049123,0.057547,0.020930,0.353729,1990.143895,0.154019,0.029397,0.158384,2018.826994,0.797317
CRI,1,0.035104,0.068602,0.326635,0.051197,0.063019,0.020128,0.355619,1990.110692,0.152979,0.027024,0.153379,2018.959004,0.766576
CRI,1,0.037471,0.070494,0.334598,0.052416,0.066250,0.019491,0.356114,1989.977196,0.153571,0.026610,0.146400,2019.011033,0.734117
CRI,1,0.038972,0.069735,0.329052,0.049746,0.061112,0.020733,0.339819,1990.953510,0.137701,0.026617,0.166625,2018.829191,0.797099
CRI,1,0.035812,0.065845,0.315605,0.050229,0.059748,0.020728,0.361281,1989.947492,0.158614,0.027705,0.157535,2018.942811,0.797593
CRI,1,0.040025,0.069460,0.326479,0.052044,0.065264,0.020052,0.361123,1989.097003,0.137150,0.026903,0.158203,2018.866180,0.811195
CRI,1,0.038796,0.066080,0.317073,0.049325,0.058238,0.021000,0.352066,1990.708349,0.158066,0.027558,0.161114,2018.924304,0.792082
CRI,1,0.037540,0.067205,0.321096,0.050712,0.061369,0.020426,0.358445,1990.029164,0.155773,0.027367,0.155446,2018.950910,0.781974
CRI,1,0.039328,0.067916,0.322595,0.050190,0.061639,0.020540,0.356703,1990.051194,0.151080,0.027027,0.158495,2018.956049,0.782400
CRI,1,0.038991,0.068412,0.324484,0.051049,0.061838,0.020604,0.349711,1990.191575,0.149708,0.026842,0.154386,2018.965745,0.788240
CRI,1,0.037875,0.067650,0.323123,0.051064,0.061780,0.020485,0.358709,1990.251406,0.149008,0.026789,0.157398,2018.935923,0.780956
CRI,1,0.037665,0.068275,0.320777,0.050422,0.061380,0.020356,0.357813,1990.109089,0.152017,0.027226,0.158093,2018.885711,0.785231
CRI,1,0.037602,0.067351,0.321604,0.050358,0.061623,0.020346,0.355172,1990.203320,0.152924,0.027462,0.157959,2018.908738,0.783998
CRI,1,0.039840,0.068064,0.322786,0.050152,0.060241,0.020526,0.354674,1990.127296,0.153498,0.028234,0.155866,2018.893123,0.781839
CRI,2,2.256339,0.204509,0.538972,0.059197,0.206587,0.043884,0.805921,1994.393543,1.055666,0.007707,0.183084,2003.500931,0.639711
CRI,2,3.962930,0.315447,0.538972,0.059197,0.206587,0.043884,0.805921,1994.393543,1.055666,0.007707,0.183084,2003.500931,0.639711
CRI,2,3.688668,0.204509,0.690435,0.059197,0.206587,0.043884,0.805921,1994.393543,1.055666,0.007707,0.183084,2003.500931,0.639711
CRI,2,2.910372,0.204509,0.538972,0.106090,0.206587,0.043884,0.805921,1994.393543,1.055666,0.007707,0.183084,2003.500931,0.639711
CRI,2,2.194674,0.204509,0.538972,0.059197,0.228431,0.043884,0.805921,1994.393543,1.055666,0.007707,0.183084,2003.500931,0.639711
CRI,2,1.666180,0.204509,0.538972,0.059197,0.206587,0.063509,0.805921,1994.393543,1.055666,0.007707,0.183084,2003.500931,0.639711
CRI,2,2.464987,0.204509,0.538972,0.059197,0.206587,0.043884,0.902241,1994.393543,1.055666,0.007707,0.183084,2003.500931,0.639711
CRI,2,2.622182,0.204509,0.538972,0.059197,0.206587,0.043884,0.805921,2001.688919,1.055666,0.007707,0.183084,2003.500931,0.639711
CRI,2,2.213419,0.204509,0.538972,0.059197,0.206587,0.043884,0.805921,1994.393543,1.130505,0.007707,0.183084,2003.500931,0.639711
CRI,2,1.841541,0.204509,0.538972,0.059197,0.206587,0.043884,0.805921,1994.393543,1.055666,0.025227,0.183084,2003.500931,0.639711
CRI,2,1.330369,0.204509,0.538972,0.059197,0.206587,0.043884,0.805921,1994.393543,1.055666,0.007707,0.329612,2003.500931,0.639711
CRI,2,2.251588,0.204509,0.538972,0.059197,0.206587,0.043884,0.805921,1994.393543,1.055666,0.007707,0.183084,2006.756192,0.639711
CRI,2,2.225367,0.204509,0.538972,0.059197,0.206587,0.043884,0.805921,1994.393543,1.055666,0.007707,0.183084,2003.500931,1.104168
CRI,2,1.172442,0.120513,0.566984,0.065789,0.211165,0.047189,0.825887,1995.840101,1.071741,0.010923,0.203601,2003.930183,0.705143
CRI,2,1.052255,0.069928,0.580667,0.069277,0.213302,0.048853,0.835247,1996.529655,1.079173,0.012499,0.214469,2004.160863,0.739748
CRI,2,0.732802,0.172691,0.372357,0.067517,0.212245,0.048021,0.830618,1996.187738,1.075506,0.011714,0.208984,2004.044156,0.722288
CRI,2,0.255541,0.158171,0.225724,0.071977,0.214840,0.050103,0.842000,1997.031710,1.084494,0.013663,0.222885,2004.341120,0.766522
CRI,2,0.854395,0.165310,0.490289,0.031919,0.213562,0.049061,0.836388,1996.614235,1.080075,0.012694,0.215856,2004.190471,0.744161
CRI,2,0.684650,0.159344,0.482068,0.057050,0.214629,0.049929,0.841075,1985.725132,1.083767,0.013502,0.221702,2004.315708,0.762762
CRI,2,0.580276,0.152598,0.472458,0.056697,0.215842,0.050942,0.684855,1994.333961,1.087947,0.014436,0.228662,2004.465669,0.784887
CRI,2,0.582012,0.145023,0.461232,0.056289,0.217212,0.052122,0.812381,1994.324018,1.092653,0.015511,0.236968,2004.645927,0.811275
CRI,2,0.444568,0.136588,0.448135,0.055815,0.218751,0.053496,0.813442,1994.312412,1.097918,0.016746,0.246909,2002.137857,0.842830
CRI,2,0.416158,0.127295,0.432882,0.055266,0.220468,0.055093,0.814673,1994.298866,1.103763,0.018158,0.258844,2004.025972,0.443966
CRI,2,0.356069,0.117189,0.415172,0.054631,0.222367,0.056941,0.816102,1994.283053,0.995450,0.019764,0.273216,2004.119592,0.759197
CRI,2,0.276530,0.106376,0.394699,0.053897,0.193871,0.059074,0.817758,1994.264592,1.091985,0.021579,0.290569,2004.231083,0.780643
CRI,2,0.432415,0.095037,0.371179,0.053050,0.219833,0.061519,0.819676,1994.243039,1.097173,0.002310,0.311571,2004.364278,0.806207
CRI,2,0.438110,0.083435,0.344402,0.052076,0.221667,0.041460,0.821893,1994.217871,1.102939,0.020184,0.337015,2004.523970,0.836764
CRI,2,0.720200,0.071916,0.314297,0.050957,0.223683,0.060790,0.824453,1994.188477,1.109293,0.022051,0.189057,2004.716203,0.873391
CRI,2,0.501808,0.210847,0.240309,0.040742,0.220287,0.057913,0.791592,1991.398248,1.096127,0.019417,0.290639,2004.068417,0.781671
CRI,2,0.363547,0.094465,0.278450,0.087997,0.221085,0.059154,0.781897,1990.331636,1.097831,0.020296,0.302707,2004.019591,0.783451
CRI,2,0.899258,0.222342,0.441762,0.064104,0.209548,0.047077,0.788596,1992.459262,1.062773,0.010332,0.361747,2003.462758,0.651624
CRI,2,0.399997,0.095743,0.344639,0.054029,0.220623,0.057435,0.815961,1993.765760,1.099239,0.019319,0.225711,2004.372424,0.813524
CRI,2,0.406238,0.094392,0.260533,0.056922,0.220652,0.059259,0.762723,2000.262771,1.094983,0.020183,0.318296,2003.805249,0.758604
CRI,2,0.366093,0.096779,0.248645,0.057797,0.218881,0.058302,0.788943,1994.719510,1.086682,0.019083,0.314411,2003.406829,0.704293
CRI,2,0.510251,0.085197,0.211168,0.057566,0.220612,0.060636,0.890857,1994.773429,1.091231,0.020810,0.340457,2003.391359,0.715534
CRI,2,0.344467,0.098547,0.265910,0.057348,0.219477,0.058260,0.854248,1994.664277,1.090419,0.019280,0.310181,2003.636987,0.732428
CRI,2,1.049990,0.054517,0.437241,0.082117,0.216058,0.053814,0.833742,1997.808383,1.081668,0.015920,0.275333,2003.663291,0.710684
CRI,2,0.201563,0.151751,0.283789,0.049072,0.219275,0.056896,0.802816,1993.153155,1.092670,0.018562,0.286768,2003.963776,0.763456
CRI,2,0.472492,0.085170,0.211631,0.060472,0.217798,0.058781,0.811981,1995.118393,1.078629,0.018923,0.329212,2007.218099,0.645553
CRI,2,0.325381,0.121409,0.381613,0.056953,0.218515,0.054830,0.813077,1994.516352,1.093373,0.017298,0.266199,2002.963126,0.789860
CRI,2,0.262531,0.148294,0.299457,0.065586,0.213935,0.071703,0.801612,1995.257600,1.070533,0.014903,0.230191,2003.381646,0.643972
CRI,2,0.162490,0.140220,0.264895,0.066698,0.215054,0.054795,0.800887,1995.398625,1.072876,0.031236,0.238795,2003.362109,0.644684
CRI,2,0.149078,0.169363,0.219847,0.074402,0.212435,0.051351,0.790958,1995.955698,1.058923,0.039585,0.206942,2002.939845,0.574191
CRI,2,0.271702,0.110018,0.190964,0.067385,0.212883,0.060638,0.802237,1995.617404,1.055702,0.023666,0.279314,2003.467378,1.153221
CRI,2,0.220807,0.151813,0.323377,0.067340,0.211202,0.056744,0.852246,1987.077740,1.060238,0.022362,0.219155,2003.615039,0.771615
CRI,2,0.194145,0.161343,0.239666,0.073256,0.209450,0.058462,0.813727,1994.249955,1.046639,0.023653,0.308864,2003.031703,0.712306
CRI,2,0.347806,0.173313,0.331900,0.071480,0.209926,0.057623,0.841724,1993.197354,1.056040,0.024582,0.220436,2003.834594,0.823915
CRI,2,0.410013,0.194920,0.307589,0.043928,0.204746,0.056504,0.855539,1997.559752,1.032019,0.024169,0.217636,2003.220096,0.748139
CRI,2,0.249708,0.113725,0.285573,0.074911,0.217558,0.058496,0.802532,1992.316679,1.083984,0.021296,0.279822,2003.805433,0.774512
CRI,2,0.210464,0.158499,0.180347,0.076448,0.201647,0.058980,0.824989,1993.777943,1.125591,0.024883,0.244302,2003.096396,0.774705
CRI,2,0.306536,0.105041,0.214974,0.059433,0.215120,0.058531,0.794052,1994.932807,1.102586,0.020156,0.305121,2003.216536,0.705336
CRI,2,0.329078,0.185786,0.263557,0.074336,0.203529,0.057940,0.765428,1993.527859,1.074012,0.025489,0.215668,2003.325510,0.789535
CRI,2,0.209286,0.159461,0.264144,0.069792,0.208037,0.058020,0.790676,1993.816461,1.078306,0.024019,0.237267,2003.401145,0.774965
CRI,2,0.219749,0.159388,0.162117,0.077251,0.202742,0.061813,0.811094,1993.562331,1.067747,0.028085,0.249578,2004.159352,0.729759
CRI,2,0.394516,0.194951,0.289861,0.077459,0.204909,0.058750,0.831419,1992.885262,1.048374,0.026974,0.207606,2004.009610,0.820860
CRI,2,0.213679,0.123161,0.232212,0.063623,0.212765,0.058586,0.803933,1994.435396,1.090971,0.021966,0.278553,2003.400978,0.733015
CRI,2,0.316085,0.197045,0.133053,0.086687,0.224553,0.058124,0.806737,1993.616828,1.062503,0.025789,0.217694,2002.929052,0.734902
CRI,2,0.200936,0.124695,0.311426,0.061071,0.203417,0.058837,0.815049,1994.104095,1.085197,0.022672,0.271111,2003.866676,0.769018
CRI,2,0.413404,0.194783,0.317638,0.069388,0.208869,0.056225,0.823996,1991.880125,1.101187,0.023647,0.226101,2003.657495,0.435564
CRI,2,0.188910,0.127461,0.218325,0.067882,0.211911,0.059548,0.807859,1994.730913,1.068532,0.023661,0.265343,2003.514096,0.927087
CRI,2,0.107116,0.142896,0.193108,0.071661,0.207322,0.041631,0.825523,1992.189337,1.089214,0.031914,0.280981,2003.772931,0.875208
CRI,2,0.077574,0.140260,0.152747,0.074840,0.203670,0.027453,0.836601,1990.536904,1.097617,0.037636,0.308674,2003.982535,1.009492
CRI,2,0.151974,0.131130,0.243922,0.065731,0.204247,0.060470,0.780888,1988.836140,1.078198,0.035784,0.304784,2002.879628,0.776320
CRI,2,0.273116,0.185136,0.185495,0.061650,0.197925,0.052491,0.820517,1993.555055,1.077745,0.033152,0.248377,2003.152263,0.768615
CRI,2,0.178956,0.128859,0.257575,0.071425,0.213336,0.057011,0.807151,1992.630881,1.082451,0.024677,0.271746,2003.632165,0.773035
CRI,2,0.200904,0.136216,0.153873,0.069450,0.206405,0.054321,0.753344,1998.547823,1.101757,0.032686,0.323889,2003.324254,0.771742
CRI,2,0.169170,0.126176,0.307158,0.059146,0.214824,0.047794,0.794895,1994.096911,1.101077,0.028655,0.300757,2002.766730,0.822758
CRI,2,0.143167,0.163775,0.230766,0.071273,0.205645,0.049348,0.800810,1993.154306,1.081673,0.034453,0.273973,2003.289396,0.834849
CRI,2,0.145767,0.128142,0.303730,0.058356,0.216514,0.047322,0.773020,1993.723667,1.017110,0.033790,0.316068,2003.646130,0.800800
CRI,2,0.161846,0.122714,0.215804,0.062332,0.212604,0.046518,0.806844,1993.669503,1.077335,0.035661,0.338908,2003.361421,0.804897
CRI,2,0.126452,0.124609,0.190336,0.089762,0.197943,0.045933,0.795584,1994.403973,1.058133,0.040226,0.292597,2002.793592,0.823976
CRI,2,0.094133,0.151631,0.156710,0.078733,0.214652,0.041840,0.778867,1993.514773,1.062412,0.040306,0.312709,2002.712682,0.827508
CRI,2,0.163449,0.141490,0.317087,0.071066,0.213440,0.044295,0.838841,1987.021910,1.031380,0.035290,0.259330,2003.063013,0.834183
CRI,2,0.155613,0.116445,0.220542,0.066993,0.211310,0.037922,0.789310,1991.229419,1.089591,0.041794,0.264963,2003.363862,0.923230
CRI,2,0.082710,0.145627,0.242442,0.072164,0.208712,0.033530,0.792453,1990.063420,1.074460,0.043372,0.308380,2002.878142,0.708559
CRI,2,0.071439,0.147013,0.202812,0.068714,0.206304,0.032277,0.790680,1991.908691,1.058199,0.044547,0.307776,2002.673814,0.842002
CRI,2,0.081303,0.156873,0.179159,0.067386,0.202408,0.022223,0.782067,1991.541916,1.044521,0.047677,0.326692,2002.284846,0.878006
CRI,2,0.079678,0.153888,0.154698,0.084210,0.202915,0.038243,0.802448,1989.947979,1.022920,0.044726,0.279492,2003.494898,0.794563
CRI,2,0.128040,0.139367,0.131110,0.072850,0.202703,0.040612,0.743766,1996.877864,1.094845,0.043235,0.326356,2003.232646,0.777111
CRI,2,0.111010,0.163612,0.184350,0.084566,0.201910,0.037524,0.772898,1991.506353,1.058140,0.043894,0.246755,2002.924919,0.801008
CRI,2,0.191056,0.181529,0.174857,0.082158,0.201765,0.046026,0.788779,1993.968996,1.036423,0.039647,0.314551,2002.854762,0.676821
CRI,2,0.104868,0.130458,0.208292,0.070589,0.209079,0.039904,0.789177,1991.935761,1.077970,0.041299,0.276906,2003.229679,0.856621
CRI,2,0.129472,0.162069,0.152871,0.084553,0.209897,0.022858,0.798299,1996.444777,1.051134,0.044624,0.269526,2003.398936,0.823889
CRI,2,0.082861,0.124290,0.160502,0.076737,0.200776,0.025788,0.789734,1989.550146,1.070167,0.043295,0.395235,2003.411408,1.137735
CRI,2,0.122394,0.163692,0.100490,0.099709,0.191911,0.025845,0.809218,1991.394014,1.106839,0.046468,0.282088,2002.714204,0.899339
CRI,2,0.069261,0.128062,0.118319,0.088306,0.203309,0.021307,0.783796,1991.697600,1.059643,0.047144,0.326303,2002.920988,0.874311
CRI,2,0.109576,0.112954,0.084799,0.097658,0.202106,0.012491,0.774905,1990.946078,1.047348,0.048839,0.354175,2002.750807,0.894491
CRI,2,0.176275,0.124399,0.172874,0.075212,0.197265,0.046723,0.783971,1986.934037,1.089745,0.042135,0.341307,2002.753601,0.894378
CRI,2,0.088638,0.151856,0.157661,0.082153,0.206988,0.027988,0.794784,1994.321948,1.061754,0.044082,0.286613,2003.226322,0.841152
CRI,2,0.116213,0.147115,0.206938,0.088829,0.205810,0.025698,0.838528,1985.815304,1.037216,0.043873,0.276749,2002.897173,0.957518
CRI,2,0.103434,0.168523,0.145010,0.071896,0.211119,0.019333,0.802480,1987.421248,1.075822,0.046138,0.306782,2003.370315,0.928450
CRI,2,0.118574,0.129104,0.284141,0.060095,0.217903,0.035435,0.787292,1990.083911,1.005224,0.039230,0.322072,2003.591048,0.856135
CRI,2,0.088633,0.137106,0.222313,0.068772,0.212520,0.032883,0.792940,1990.415250,1.036881,0.041779,0.311815,2003.351478,0.866807
CRI,2,0.122143,0.142296,0.143215,0.065590,0.208169,0.036954,0.741882,1995.776330,1.086985,0.043337,0.334071,2003.451980,0.788253
CRI,2,0.077294,0.145898,0.189031,0.082591,0.206409,0.028296,0.817477,1988.519963,1.051163,0.043743,0.290536,2003.027995,0.913214
CRI,2,0.094398,0.125161,0.161952,0.068913,0.212304,0.023937,0.821117,1990.211263,1.068726,0.043287,0.377706,2003.439354,0.963198
CRI,2,0.079309,0.156139,0.136863,0.082366,0.206169,0.020086,0.811938,1989.466121,1.045789,0.045524,0.359588,2003.150418,0.920968
CRI,2,0.128220,0.118921,0.195153,0.082751,0.203021,0.041243,0.800732,1994.072343,1.042894,0.039764,0.335979,2002.983737,0.848334
CRI,2,0.069107,0.154743,0.156296,0.074516,0.209208,0.023869,0.802044,1989.179565,1.068211,0.045044,0.313958,2003.269798,0.907990
CRI,2,0.120977,0.166084,0.174056,0.087164,0.200998,0.034820,0.776964,1991.376305,1.051095,0.044309,0.259965,2002.897792,0.807919
CRI,2,0.073648,0.134478,0.164904,0.073213,0.209696,0.026428,0.810759,1990.505566,1.064498,0.043558,0.346315,2003.296313,0.922753
CRI,2,0.065700,0.134727,0.181337,0.075735,0.196893,0.017230,0.824273,1987.339365,1.058217,0.046380,0.325040,2003.784322,0.958311
CRI,2,0.072348,0.126910,0.194884,0.074265,0.185846,0.010070,0.844078,1983.999944,1.056079,0.047826,0.331292,2004.443282,1.028094
CRI,2,0.081366,0.131841,0.184475,0.071487,0.204374,0.025773,0.814953,1985.114679,1.058295,0.044444,0.359657,2003.280271,0.963739
CRI,2,0.066820,0.145169,0.125829,0.085717,0.196296,0.020639,0.820110,1988.597207,1.083148,0.046292,0.340597,2003.146078,0.952784
CRI,2,0.101169,0.163857,0.168692,0.078599,0.208259,0.025892,0.827616,1989.320815,1.055237,0.045853,0.255608,2003.048455,0.687829
CRI,2,0.074776,0.133313,0.162514,0.077200,0.202737,0.025814,0.799743,1989.492910,1.066566,0.044047,0.357738,2003.317324,1.012408
CRI,2,0.067846,0.138192,0.102913,0.084335,0.199157,0.018450,0.826332,1988.703014,1.048882,0.045880,0.343678,2003.693220,1.169473
CRI,2,0.086158,0.153717,0.124077,0.087374,0.203032,0.023433,0.806896,1993.847898,1.064522,0.045310,0.291113,2003.312469,0.911391
CRI,2,0.070040,0.137042,0.167219,0.075266,0.204041,0.025174,0.812963,1987.429861,1.059875,0.044674,0.341888,2003.288295,0.950487
CRI,2,0.056798,0.129136,0.150194,0.072922,0.204673,0.013420,0.820850,1988.984287,1.096788,0.045049,0.384111,2003.075844,1.124351
CRI,2,0.085705,0.118147,0.147989,0.067678,0.205532,0.007197,0.829537,1988.495861,1.122153,0.045203,0.440938,2002.883297,1.310507
CRI,2,0.077742,0.123203,0.172283,0.073102,0.201066,0.026054,0.813213,1989.390727,1.088421,0.044074,0.305070,2003.399849,1.015203
CRI,2,0.067386,0.130804,0.162702,0.075350,0.202382,0.024460,0.812895,1989.409586,1.078875,0.044473,0.318301,2003.335940,0.991151
CRI,2,0.062279,0.135817,0.156118,0.080605,0.203462,0.018569,0.781297,1988.101203,1.028159,0.048225,0.357420,2002.594859,0.923464
CRI,2,0.082214,0.128958,0.121851,0.072670,0.200051,0.016636,0.797265,1990.066685,1.077975,0.047020,0.389315,2003.346448,1.022170
CRI,2,0.065108,0.141491,0.169583,0.080034,0.204882,0.024969,0.812575,1988.910867,1.058305,0.044789,0.313966,2003.105019,0.939779
CRI,2,0.071597,0.142587,0.143074,0.078326,0.204241,0.018343,0.817222,1989.007193,1.062347,0.046934,0.312288,2003.021173,0.910747
CRI,2,0.061957,0.142742,0.137676,0.083394,0.195499,0.016752,0.807599,1987.706608,1.064088,0.047509,0.317590,2002.996552,0.997628
CRI,2,0.062027,0.134650,0.157714,0.078895,0.200315,0.024008,0.799196,1989.027248,1.066499,0.044908,0.352806,2003.265334,1.025315
CRI,2,0.066277,0.128633,0.106205,0.091309,0.196949,0.012207,0.826155,1985.446745,1.071740,0.047175,0.365420,2003.799033,1.135950
CRI,2,0.061216,0.136626,0.119808,0.086600,0.198262,0.014530,0.807385,1989.764334,1.072099,0.047399,0.334052,2003.177860,1.046434
CRI,2,0.074217,0.147691,0.169657,0.073469,0.198184,0.016351,0.837377,1984.997829,1.074289,0.045212,0.351126,2003.622290,1.161897
CRI,2,0.063038,0.132741,0.129491,0.084437,0.202066,0.019973,0.798287,1990.097696,1.063437,0.046747,0.332432,2003.084165,0.941925
CRI,2,0.072063,0.118950,0.124531,0.088902,0.189657,0.013979,0.821077,1987.849587,1.065268,0.047433,0.367344,2003.209451,1.129648
CRI,2,0.063072,0.145018,0.147683,0.077962,0.204855,0.021013,0.806941,1988.849888,1.067481,0.045789,0.326948,2003.254620,0.960895
CRI,2,0.069159,0.134552,0.200299,0.077707,0.202082,0.018790,0.792713,1988.357616,1.085339,0.046890,0.333925,2002.774327,0.842575
CRI,2,0.065569,0.137274,0.121583,0.082646,0.199900,0.018535,0.818351,1988.616853,1.058832,0.046158,0.341228,2003.441786,1.082422
CRI,2,0.060046,0.143264,0.121021,0.088160,0.198411,0.013226,0.808190,1987.503178,1.053078,0.047835,0.363816,2003.095235,1.021183
CRI,2,0.074433,0.128777,0.155504,0.077985,0.204629,0.014793,0.798510,1988.148469,1.042078,0.047027,0.344677,2003.273589,1.072908
CRI,2,0.063694,0.140910,0.132675,0.083741,0.198479,0.019034,0.814885,1988.485331,1.073874,0.046490,0.341615,2003.177543,0.982079
CRI,2,0.073170,0.147529,0.190847,0.071806,0.204280,0.026168,0.789639,1991.632896,1.056162,0.045957,0.316704,2002.619027,0.872411
CRI,2,0.059364,0.133146,0.122983,0.086161,0.198859,0.014944,0.817521,1987.049573,1.067991,0.046909,0.352961,2003.467594,1.066578
CRI,2,0.062277,0.140656,0.104874,0.088712,0.204625,0.018709,0.790533,1989.829531,1.071407,0.046924,0.361408,2002.590099,1.059822
CRI,2,0.056550,0.138616,0.152705,0.082469,0.202622,0.017422,0.792320,1988.782472,1.072846,0.047208,0.348149,2002.724415,0.933674
CRI,2,0.063913,0.139291,0.171011,0.082380,0.203940,0.016885,0.778315,1988.865103,1.079384,0.047623,0.351632,2002.418218,0.864088
CRI,2,0.061834,0.134012,0.107566,0.085548,0.197038,0.011792,0.795114,1988.466268,1.075610,0.048162,0.382646,2002.959914,1.074728
CRI,2,0.059388,0.133444,0.132768,0.082086,0.203359,0.014695,0.789148,1988.888788,1.060545,0.047528,0.360413,2002.857524,1.045793
CRI,2,0.066276,0.127825,0.117189,0.088781,0.196547,0.012402,0.794651,1988.530998,1.066094,0.048123,0.381469,2002.728266,1.082641
CRI,2,0.060293,0.140541,0.139386,0.080585,0.202877,0.018515,0.803921,1988.770331,1.067135,0.046553,0.340248,2003.115300,0.990592
CRI,2,0.060804,0.141034,0.135289,0.081461,0.199719,0.012935,0.804350,1987.019039,1.070665,0.047536,0.377031,2002.886196,1.111786
CRI,2,0.062246,0.138723,0.109600,0.085465,0.197580,0.013150,0.823399,1988.875360,1.103026,0.045264,0.354704,2003.482536,1.165514
CRI,2,0.067418,0.133632,0.164388,0.077043,0.195011,0.012273,0.820519,1986.954019,1.075029,0.047040,0.349639,2003.661145,1.039006
CRI,2,0.063255,0.138871,0.117292,0.085700,0.202351,0.016889,0.798358,1989.123811,1.072321,0.046953,0.358451,2002.828015,1.054598
CRI,2,0.064963,0.133801,0.151444,0.077600,0.203656,0.015314,0.806984,1988.883470,1.085375,0.046276,0.365965,2002.895416,1.026664
CRI,2,0.062357,0.135857,0.137048,0.084302,0.200767,0.016144,0.805228,1987.921622,1.070438,0.047062,0.350552,2003.076388,0.998903
CRI,2,0.063740,0.136008,0.142396,0.082277,0.202992,0.016011,0.790739,1988.835655,1.066820,0.047373,0.354260,2002.790264,0.988841
CRI,2,0.059521,0.140924,0.135948,0.085286,0.200550,0.015206,0.800373,1988.146014,1.063273,0.047541,0.355948,2002.904596,0.976869
CRI,2,0.062309,0.139575,0.145899,0.081523,0.202750,0.017962,0.798183,1988.776402,1.070018,0.046897,0.344189,2002.914070,0.961888
CRI,2,0.060389,0.139821,0.143741,0.081964,0.201187,0.015041,0.798402,1987.906537,1.071760,0.047377,0.362480,2002.804269,1.020649
CRI,3,11.317138,0.474192,0.524061,0.183118,0.189351,0.015085,0.389535,1992.695121,0.354479,0.001289,0.152051,2020.874475,1.410279
CRI,3,12.398351,0.535803,0.524061,0.183118,0.189351,0.015085,0.389535,1992.695121,0.354479,0.001289,0.152051,2020.874475,1.410279
CRI,3,14.442935,0.474192,0.679117,0.183118,0.189351,0.015085,0.389535,1992.695121,0.354479,0.001289,0.152051,2020.874475,1.410279
CRI,3,12.934326,0.474192,0.524061,0.233137,0.189351,0.015085,0.389535,1992.695121,0.354479,0.001289,0.152051,2020.874475,1.410279
CRI,3,11.427824,0.474192,0.524061,0.183118,0.218547,0.015085,0.389535,1992.695121,0.354479,0.001289,0.152051,2020.874475,1.410279
CRI,3,10.134722,0.474192,0.524061,0.183118,0.189351,0.028334,0.389535,1992.695121,0.354479,0.001289,0.152051,2020.874475,1.410279
CRI,3,13.070349,0.474192,0.524061,0.183118,0.189351,0.015085,0.584671,1992.695121,0.354479,0.001289,0.152051,2020.874475,1.410279
CRI,3,15.358118,0.474192,0.524061,0.183118,0.189351,0.015085,0.389535,2000.594887,0.354479,0.001289,0.152051,2020.874475,1.410279
CRI,3,11.363194,0.474192,0.524061,0.183118,0.189351,0.015085,0.389535,1992.695121,0.575892,0.001289,0.152051,2020.874475,1.410279
CRI,3,10.751869,0.474192,0.524061,0.183118,0.189351,0.015085,0.389535,1992.695121,0.354479,0.020090,0.152051,2020.874475,1.410279
CRI,3,11.142647,0.474192,0.524061,0.183118,0.189351,0.015085,0.389535,1992.695121,0.354479,0.001289,0.282903,2020.874475,1.410279
CRI,3,11.534408,0.474192,0.524061,0.183118,0.189351,0.015085,0.389535,1992.695121,0.354479,0.001289,0.152051,2024.276497,1.410279
CRI,3,11.396460,0.474192,0.524061,0.183118,0.189351,0.015085,0.389535,1992.695121,0.354479,0.001289,0.152051,2020.874475,1.984276
CRI,3,6.922010,0.486832,0.552455,0.192479,0.195264,0.016874,0.421185,1982.204966,0.388005,0.004610,0.169860,2021.559335,1.508381
CRI,3,5.874415,0.492782,0.566371,0.197034,0.198060,0.017829,0.437297,1971.799986,0.405406,0.006256,0.179359,2021.883982,1.557541
CRI,3,7.518930,0.489838,0.357755,0.194768,0.196675,0.017346,0.429220,1989.388532,0.396655,0.005435,0.174560,2021.723150,1.532963
CRI,3,7.763943,0.492295,0.503598,0.196658,0.197831,0.017748,0.236676,1988.812655,0.403940,0.006120,0.178552,2021.857384,1.553446
CRI,3,6.908287,0.495109,0.500166,0.130793,0.199157,0.018226,0.375125,1988.133370,0.412527,0.006916,0.183299,2022.011366,1.577328
CRI,3,6.323617,0.396479,0.496157,0.181385,0.200671,0.018797,0.372746,1987.331762,0.422659,0.007841,0.188957,2022.187435,1.605155
CRI,3,6.222292,0.476140,0.491471,0.181096,0.202394,0.019479,0.369978,1986.385826,0.434628,0.008912,0.195723,2017.099769,1.637546
CRI,3,6.064655,0.476463,0.485995,0.180757,0.159425,0.020299,0.366760,1985.270413,0.448784,0.010152,0.203841,2021.246786,1.675196
CRI,3,5.303416,0.476838,0.479597,0.180362,0.195180,0.021288,0.363022,1983.957624,0.465541,0.011582,0.213618,2021.307531,1.049272
CRI,3,3.600270,0.478146,0.457156,0.178976,0.197940,0.025020,0.350080,1979.349897,0.525886,0.016418,0.250405,2021.517173,0.669237
CRI,3,4.658416,0.477493,0.468382,0.179670,0.196573,0.023101,0.356523,1981.647773,0.263674,0.014036,0.231516,2021.412930,1.477917
CRI,3,3.798377,0.478037,0.459027,0.179092,0.197714,0.024693,0.351150,1979.730677,0.438798,0.016026,0.247189,2021.499880,1.489217
CRI,3,3.457838,0.478669,0.448114,0.178416,0.199022,0.026641,0.344931,1977.529199,0.453719,0.018279,0.126193,2021.600305,1.502405
CRI,3,2.843860,0.480863,0.410123,0.176042,0.203408,0.034178,0.323617,1970.476589,0.507444,0.025476,0.080088,2021.943144,1.548580
CRI,3,3.500555,0.479770,0.429061,0.177231,0.201252,0.030277,0.334184,1973.845257,0.480315,0.000301,0.220348,2021.773409,1.525493
CRI,3,3.315749,0.480682,0.413268,0.176241,0.203054,0.016541,0.325365,1971.012232,0.502890,0.019114,0.233603,2021.915089,1.544733
CRI,3,4.156925,0.458948,0.418881,0.158298,0.196119,0.026364,0.518379,1971.992576,0.464421,0.016913,0.210264,2020.949052,1.400178
CRI,3,3.037372,0.456289,0.574444,0.154077,0.197193,0.028694,0.318826,1969.058370,0.484063,0.019276,0.221379,2020.961431,1.398495
CRI,3,3.157748,0.442140,0.445523,0.218103,0.194298,0.029483,0.359754,1967.536008,0.479209,0.019888,0.217962,2020.447736,1.325172
CRI,3,3.629212,0.527161,0.441116,0.178864,0.191503,0.030761,0.359944,1965.688462,0.478125,0.020925,0.216699,2019.912164,1.252340
CRI,3,3.382048,0.481368,0.437435,0.178783,0.187484,0.031993,0.361013,1963.966037,0.472994,0.021834,0.212968,2024.245603,1.159633
CRI,3,2.858715,0.481860,0.434839,0.178793,0.221962,0.033108,0.363250,1962.409002,0.462558,0.022555,0.206092,2021.952589,1.044750
CRI,3,2.859611,0.462259,0.333686,0.158420,0.201241,0.039996,0.288084,1969.690337,0.518422,0.027773,0.238264,2021.332568,1.071457
CRI,3,2.846891,0.476517,0.407365,0.173241,0.203360,0.035477,0.349584,1961.991034,0.746158,0.023880,0.185928,2021.794926,1.079965
CRI,3,3.297067,0.495791,0.454793,0.196163,0.204891,0.033134,0.199596,1966.137753,0.551684,0.022479,0.201265,2022.345445,1.100346
CRI,3,2.873170,0.481837,0.413990,0.179214,0.204609,0.036694,0.301034,1960.644343,0.598541,0.024245,0.163394,2021.986972,0.961833
CRI,3,2.259288,0.401010,0.427257,0.179499,0.211490,0.030900,0.283979,1969.017954,0.577073,0.020251,0.179597,2023.518028,1.128893
CRI,3,1.391274,0.310591,0.420349,0.179816,0.219185,0.030970,0.250061,1970.918666,0.627494,0.019911,0.162959,2024.766913,1.069219
CRI,3,2.488185,0.449174,0.405277,0.179528,0.209993,0.038480,0.276510,1959.675707,0.545005,0.024949,0.141962,2022.885295,1.896834
CRI,3,2.239440,0.441667,0.429186,0.181641,0.208551,0.033810,0.281513,1960.281839,0.602835,0.037506,0.151851,2022.838813,1.012518
CRI,3,2.317596,0.432298,0.419466,0.180578,0.220761,0.032342,0.246979,1966.244539,0.632506,0.026687,0.148623,2019.384111,1.337957
CRI,3,2.175116,0.424081,0.444723,0.183802,0.212932,0.056784,0.264605,1960.571242,0.623189,0.029990,0.123620,2022.080162,0.942860
CRI,3,2.096437,0.387722,0.401682,0.160957,0.212623,0.038205,0.427035,1962.554341,0.585472,0.028455,0.134253,2021.587874,1.337456
CRI,3,2.395658,0.445380,0.403561,0.125043,0.222334,0.043888,0.256238,1961.048462,0.677393,0.031665,0.112702,2023.406596,1.113758
CRI,3,2.158155,0.428599,0.258759,0.188439,0.223766,0.047585,0.281854,1959.522353,0.704310,0.033701,0.098110,2023.384532,1.002696
CRI,3,1.761469,0.385596,0.378391,0.165369,0.221778,0.040448,0.295721,1966.289527,0.606847,0.031558,0.125837,2022.773160,1.453386
CRI,3,1.863141,0.397762,0.469121,0.186974,0.226316,0.037204,0.310196,1958.909843,0.701564,0.029117,0.072905,2023.514472,1.395337
CRI,3,1.783773,0.353865,0.371295,0.168366,0.209286,0.045120,0.235088,1962.551453,0.794148,0.034188,0.072143,2023.264165,1.486091
CRI,3,1.386127,0.337987,0.392134,0.173169,0.226398,0.044178,0.229081,1963.099089,0.521013,0.034685,0.068802,2023.603584,1.517090
CRI,3,0.896008,0.257888,0.384578,0.173133,0.233583,0.048704,0.181588,1963.705643,0.413302,0.038548,0.040236,2024.333952,1.741230
CRI,3,1.018825,0.290062,0.385180,0.169860,0.230261,0.048099,0.226772,1957.957469,0.743486,0.035561,0.146707,2023.856693,1.080763
CRI,3,0.988181,0.305958,0.386628,0.164665,0.229311,0.045097,0.259634,1964.942498,0.739032,0.037229,0.083468,2023.223640,0.684558
CRI,3,0.866161,0.285774,0.385520,0.220469,0.221058,0.039842,0.280683,1963.498814,0.619018,0.033129,0.100957,2022.652552,1.286225
CRI,3,0.338908,0.205167,0.376591,0.253557,0.220401,0.037866,0.293459,1965.002160,0.589658,0.033825,0.095499,2022.241493,1.375388
CRI,3,0.634028,0.262420,0.363014,0.185623,0.222560,0.053016,0.298978,1959.344953,0.656970,0.037800,0.069811,2025.564998,1.071244
CRI,3,0.498650,0.221617,0.343188,0.185233,0.232369,0.054651,0.265744,1964.175235,0.695140,0.027248,0.059507,2024.091899,1.413921
CRI,3,0.272061,0.209233,0.313185,0.183321,0.232465,0.031591,0.282898,1964.458329,0.687061,0.035271,0.065709,2024.872395,1.578537
CRI,3,0.119640,0.125505,0.255610,0.183080,0.238174,0.021493,0.292343,1967.095523,0.718381,0.037448,0.047277,2025.779917,1.904399
CRI,3,0.127297,0.158676,0.508542,0.177695,0.227881,0.035372,0.267271,1968.215967,0.607957,0.032582,0.074132,2024.374141,1.664212
CRI,3,0.348128,0.162380,0.369275,0.206302,0.236154,0.044056,0.147814,1964.149183,0.729616,0.037480,0.047828,2025.733175,1.362612
CRI,3,0.302219,0.126717,0.292231,0.185318,0.229480,0.046286,0.194687,1973.014262,0.619369,0.038148,0.084307,2024.986826,1.299656
CRI,3,0.169292,0.128549,0.369230,0.205454,0.239864,0.038493,0.253034,1967.105021,0.491988,0.034837,0.087405,2025.372481,1.181831
CRI,3,0.532616,0.087264,0.360688,0.214003,0.237245,0.042769,0.193468,1963.250251,0.665109,0.037508,0.046044,2025.915374,1.169028
CRI,3,0.508461,0.099438,0.311929,0.206941,0.240048,0.055193,0.221906,1959.878879,0.650866,0.044127,0.027430,2024.768561,1.579358
CRI,3,0.473161,0.090193,0.332404,0.220758,0.235796,0.038472,0.243967,1978.806488,0.517185,0.038120,0.023088,2025.605927,1.651812
CRI,3,0.776587,0.067430,0.322367,0.232294,0.237303,0.040266,0.210310,1965.705984,0.485417,0.036709,0.034510,2026.187026,2.257526
CRI,3,0.716941,0.067124,0.314364,0.234312,0.234602,0.035518,0.303354,1967.553105,0.821453,0.034854,0.070323,2025.853523,1.256820
CRI,3,0.581647,0.256733,0.374511,0.176443,0.229527,0.042862,0.281950,1965.572001,0.804307,0.036619,0.091291,2023.604300,0.631251
CRI,3,1.246726,0.306782,0.393639,0.162334,0.232227,0.049149,0.191272,1963.686591,0.463728,0.038534,0.047447,2023.775815,1.436281
CRI,3,0.309669,0.100546,0.333455,0.219022,0.234038,0.038799,0.271888,1966.484426,0.736898,0.035857,0.063796,2025.444902,1.301140
CRI,3,0.731795,0.069788,0.338378,0.221508,0.241100,0.030000,0.191059,1979.099294,0.649304,0.035387,0.047076,2024.216474,1.673968
CRI,3,0.247518,0.194924,0.356788,0.195238,0.229106,0.046973,0.268755,1962.130066,0.655055,0.037231,0.063323,2025.275502,1.215337
CRI,3,0.786796,0.068104,0.324558,0.231077,0.237821,0.039860,0.202173,1966.349472,0.470364,0.036763,0.033366,2026.096267,2.282379
CRI,3,0.222092,0.190109,0.361746,0.191605,0.231987,0.042106,0.260210,1965.762486,0.724579,0.036655,0.071447,2024.404535,0.983626
CRI,3,0.399320,0.231991,0.337950,0.193516,0.229287,0.039842,0.306937,1969.849921,0.625131,0.035675,0.072106,2023.592690,1.654516
CRI,3,0.876762,0.235294,0.393004,0.198867,0.220578,0.026597,0.285681,1980.070057,0.635166,0.018927,0.135722,2024.949213,1.253056
CRI,3,0.254351,0.124744,0.331424,0.204956,0.236849,0.047566,0.236783,1962.859284,0.646946,0.040720,0.041561,2024.814577,1.497018
CRI,3,0.323423,0.096424,0.357855,0.221943,0.233823,0.026103,0.234859,1970.572952,0.582184,0.042586,0.061837,2025.580501,1.429601
CRI,3,0.470667,0.236802,0.373344,0.186918,0.229530,0.038233,0.254474,1959.672923,0.768130,0.036178,0.172387,2024.046335,1.161576
CRI,3,0.192107,0.189723,0.362929,0.195955,0.231300,0.038292,0.251818,1962.472158,0.707414,0.036687,0.108062,2024.501689,1.280758
CRI,3,0.445751,0.088994,0.371816,0.215468,0.236211,0.036632,0.192490,1962.835584,0.677338,0.038692,0.064154,2025.957514,1.100802
CRI,3,0.181158,0.185954,0.346290,0.199252,0.231268,0.039030,0.274792,1967.782935,0.638243,0.036487,0.070037,2024.337357,1.513260
CRI,3,0.246354,0.135072,0.336659,0.202172,0.228327,0.031958,0.412727,1968.649688,0.555925,0.036870,0.101835,2023.679735,1.406861
CRI,3,0.441713,0.097556,0.323277,0.124445,0.240590,0.036754,0.239784,1968.223184,0.691391,0.040283,0.051772,2026.451109,1.399282
CRI,3,0.153935,0.172025,0.362949,0.229861,0.227551,0.037587,0.279358,1965.745651,0.615242,0.035707,0.082190,2023.758059,1.381354
CRI,3,0.461995,0.225716,0.342062,0.174670,0.231364,0.052287,0.307455,1962.759350,0.704068,0.027332,0.084310,2023.765163,1.337309
CRI,3,0.167820,0.120407,0.353878,0.211219,0.233238,0.031917,0.251771,1968.244222,0.612879,0.040029,0.066868,2025.206788,1.406428
CRI,3,0.338205,0.223431,0.370223,0.176752,0.230964,0.036734,0.263787,1966.121858,0.527450,0.038234,0.082410,2023.918904,1.484162
CRI,3,0.166131,0.123878,0.342492,0.209311,0.233316,0.038278,0.269847,1966.392976,0.685597,0.036486,0.068047,2025.120053,1.346465
CRI,3,0.472722,0.181004,0.424872,0.215430,0.235723,0.028794,0.374100,1961.058998,0.657741,0.035652,0.060104,2024.542307,1.493627
CRI,3,0.180417,0.138814,0.323347,0.193264,0.231241,0.041630,0.232215,1969.133170,0.628986,0.037561,0.077538,2024.880649,1.347676
CRI,3,0.267295,0.186745,0.379960,0.194887,0.226469,0.026956,0.315832,1970.949930,0.627222,0.031131,0.131456,2024.738697,1.271979
CRI,3,0.132078,0.138351,0.343297,0.202487,0.234755,0.042011,0.255124,1964.492079,0.642022,0.038840,0.055985,2024.795753,1.440217
CRI,3,0.210085,0.112109,0.351668,0.205790,0.235899,0.026764,0.277822,1972.927476,0.616889,0.036323,0.086875,2024.100253,1.593997
CRI,3,0.282964,0.158886,0.374739,0.199603,0.237378,0.039797,0.155815,1965.376572,0.724773,0.036606,0.052194,2025.600958,1.429477
CRI,3,0.157066,0.140723,0.346019,0.201533,0.231028,0.033844,0.333698,1967.770810,0.598468,0.036804,0.086485,2024.253917,1.412510
CRI,3,0.232256,0.105967,0.346678,0.211291,0.234606,0.028703,0.278429,1968.558127,0.535047,0.036846,0.077529,2025.067972,1.942915
CRI,3,0.149243,0.165203,0.357955,0.196711,0.232678,0.038549,0.264687,1966.417971,0.677983,0.036703,0.072925,2024.581511,1.211380
CRI,3,0.246085,0.191741,0.357748,0.195974,0.229695,0.046714,0.258665,1962.116077,0.654191,0.037228,0.061773,2025.366054,1.256210
CRI,3,0.127825,0.128708,0.353184,0.203383,0.234539,0.031263,0.272947,1969.560314,0.626235,0.036554,0.079851,2024.457843,1.508829
CRI,3,0.263964,0.106035,0.344953,0.207003,0.235144,0.032897,0.288872,1973.929801,0.549215,0.036854,0.046592,2025.045602,1.607039
CRI,3,0.123451,0.164966,0.358400,0.198775,0.232339,0.036910,0.260761,1964.639430,0.668355,0.036729,0.088078,2024.645221,1.361324
CRI,3,0.252889,0.106095,0.363609,0.203759,0.235317,0.031887,0.262790,1966.240734,0.624263,0.037089,0.075797,2025.223952,1.347776
CRI,3,0.120609,0.162426,0.350587,0.200389,0.232368,0.037185,0.271758,1967.383995,0.634751,0.036640,0.071438,2024.579308,1.471697
CRI,3,0.146688,0.147572,0.392458,0.210540,0.235491,0.028944,0.316533,1964.861610,0.634487,0.035815,0.067516,2024.682045,1.534172
CRI,3,0.128986,0.162708,0.349133,0.199573,0.222036,0.030175,0.303250,1966.229628,0.790509,0.038521,0.057170,2023.932069,1.763242
CRI,3,0.197445,0.181669,0.363602,0.191363,0.231200,0.036271,0.313873,1964.930346,0.704347,0.032315,0.073075,2023.919528,1.594415
CRI,3,0.126693,0.133774,0.356299,0.206451,0.232749,0.032980,0.266461,1967.350100,0.635953,0.038440,0.068373,2024.923618,1.453302
CRI,3,0.167418,0.179049,0.377626,0.192942,0.231009,0.029276,0.293327,1966.764961,0.623712,0.037122,0.071873,2023.994663,1.672501
CRI,3,0.136862,0.136105,0.351146,0.205351,0.232765,0.035921,0.275598,1966.485150,0.670237,0.036647,0.068986,2024.868172,1.427580
CRI,3,0.120609,0.157609,0.374855,0.201710,0.233565,0.033754,0.226709,1965.277830,0.721814,0.036784,0.054212,2025.005313,1.608725
CRI,3,0.140176,0.126585,0.359670,0.162729,0.236886,0.029624,0.265128,1967.152158,0.723009,0.037971,0.053261,2025.525801,1.677647
CRI,3,0.136880,0.126238,0.364961,0.196011,0.233681,0.027437,0.279891,1966.568248,0.668944,0.037270,0.057114,2025.063097,1.921218
CRI,3,0.174587,0.138082,0.327115,0.178539,0.230169,0.036512,0.227113,1968.650612,0.717444,0.038297,0.060048,2025.033931,1.669239
CRI,3,0.115238,0.145149,0.375704,0.202982,0.234302,0.030749,0.292347,1965.724669,0.655465,0.036474,0.065572,2024.773265,1.568042
CRI,3,0.124447,0.164254,0.361382,0.228708,0.227483,0.035959,0.278115,1965.919239,0.617227,0.035921,0.078589,2023.878294,1.507322
CRI,3,0.167671,0.171851,0.355519,0.206383,0.230804,0.040038,0.263130,1966.369573,0.663778,0.036460,0.077379,2024.299149,1.189654
CRI,3,0.117192,0.136547,0.362592,0.198656,0.233002,0.030356,0.275636,1966.518342,0.667653,0.037071,0.061658,2024.886285,1.742708
CRI,3,0.110530,0.159946,0.371335,0.195948,0.231859,0.030162,0.267299,1966.457570,0.662049,0.037159,0.062977,2024.527851,1.738732
CRI,3,0.138508,0.173053,0.381583,0.191085,0.231390,0.027488,0.263214,1966.443797,0.657947,0.037409,0.060158,2024.346071,1.888980
CRI,3,0.144436,0.161214,0.384214,0.197813,0.228932,0.023463,0.290582,1969.141723,0.693357,0.034345,0.078962,2024.559913,1.775141
CRI,3,0.124627,0.143797,0.353357,0.201329,0.233458,0.036881,0.263700,1965.528041,0.654939,0.037835,0.061061,2024.738147,1.524488
CRI,3,0.136553,0.134197,0.378884,0.201045,0.239667,0.035083,0.237934,1966.952070,0.516216,0.034619,0.078199,2025.406642,1.412435
CRI,3,0.100424,0.155154,0.356482,0.199942,0.228032,0.031366,0.285937,1966.407143,0.724896,0.037635,0.061869,2024.355625,1.676527
CRI,3,0.140596,0.174519,0.375285,0.196602,0.229832,0.033946,0.267719,1963.687772,0.702046,0.037008,0.053587,2024.989870,1.696000
CRI,3,0.111340,0.139089,0.358661,0.201710,0.233469,0.031923,0.271634,1967.883360,0.645351,0.036669,0.072356,2024.597945,1.555810
CRI,3,0.104698,0.138960,0.220274,0.223433,0.236621,0.029389,0.274137,1964.633857,0.725751,0.040552,0.057589,2025.092858,1.522838
CRI,3,0.114071,0.165657,0.323090,0.200421,0.233475,0.031042,0.276258,1964.928040,0.713446,0.036046,0.060739,2024.601106,1.744184
CRI,3,0.104242,0.158063,0.320976,0.205421,0.232769,0.026632,0.281251,1966.563423,0.704585,0.036421,0.067956,2024.771187,1.710478
CRI,3,0.112907,0.137339,0.306955,0.169251,0.237985,0.025994,0.267234,1966.262141,0.754786,0.038348,0.051366,2025.570438,1.760620
CRI,3,0.110669,0.132541,0.301506,0.199087,0.235536,0.023643,0.286005,1968.012309,0.720152,0.037891,0.041596,2025.146450,1.962754
CRI,3,0.100057,0.130133,0.300863,0.197243,0.235987,0.021548,0.276985,1965.250839,0.765820,0.038171,0.047210,2025.287165,1.938077
CRI,3,0.165433,0.116225,0.277551,0.195653,0.237523,0.015761,0.279623,1964.295570,0.826336,0.038877,0.038236,2025.589666,2.146918
CRI,3,0.132164,0.129972,0.268157,0.195135,0.235349,0.022353,0.338193,1967.347840,0.688547,0.038260,0.060963,2024.946538,1.862933
CRI,3,0.107964,0.150276,0.346543,0.200086,0.234029,0.030640,0.251826,1965.768956,0.713560,0.037167,0.055831,2024.990713,1.673368
CRI,3,0.133085,0.167828,0.407307,0.215274,0.228723,0.036721,0.259152,1965.295456,0.691227,0.037587,0.071669,2023.728751,1.524866
CRI,3,0.111170,0.135119,0.290051,0.191591,0.236275,0.024831,0.283800,1966.625243,0.711633,0.037483,0.052513,2025.372740,1.812333
CRI,3,0.093138,0.154419,0.282149,0.199830,0.235637,0.025817,0.276550,1965.843583,0.748346,0.038016,0.053638,2024.998948,1.704731
CRI,3,0.101898,0.164045,0.246282,0.200415,0.236806,0.023721,0.277007,1965.517562,0.786882,0.038465,0.050005,2025.053924,1.685647
CRI,3,0.090313,0.146869,0.257045,0.194895,0.234669,0.024700,0.257968,1966.664737,0.774626,0.038786,0.048718,2025.140089,1.896635
CRI,3,0.106456,0.147735,0.208057,0.190737,0.234849,0.021994,0.241861,1967.156841,0.829695,0.039808,0.041912,2025.309280,2.049272
CRI,3,0.123841,0.125722,0.292605,0.196602,0.235622,0.023485,0.270269,1967.888719,0.729315,0.039538,0.050746,2025.366259,1.751735
CRI,3,0.098682,0.154805,0.315315,0.199473,0.234038,0.029031,0.274752,1965.614741,0.717429,0.037001,0.058081,2024.808682,1.746073
CRI,3,0.112413,0.155074,0.309714,0.228135,0.229368,0.028749,0.280640,1966.301222,0.680806,0.037207,0.061247,2024.163014,1.732834
CRI,3,0.104910,0.150471,0.309023,0.215176,0.231942,0.028044,0.277248,1966.291442,0.699624,0.037501,0.058622,2024.568698,1.739796
CRI,3,0.089721,0.155155,0.255003,0.202420,0.234707,0.022664,0.277085,1964.607240,0.796050,0.038949,0.041789,2025.241876,1.958788
CRI,3,0.083011,0.163735,0.211452,0.202775,0.235293,0.018810,0.279837,1963.233190,0.863481,0.039956,0.031571,2025.521322,2.140151
CRI,4,7.075676,0.242181,0.585950,0.122836,0.184245,0.070118,0.618408,2000.024657,1.038163,-0.032369,0.255864,2023.478117,0.835719
CRI,4,9.418774,0.356497,0.585950,0.122836,0.184245,0.070118,0.618408,2000.024657,1.038163,-0.032369,0.255864,2023.478117,0.835719
CRI,4,9.453607,0.242181,0.724374,0.122836,0.184245,0.070118,0.618408,2000.024657,1.038163,-0.032369,0.255864,2023.478117,0.835719
CRI,4,8.366287,0.242181,0.585950,0.182032,0.184245,0.070118,0.618408,2000.024657,1.038163,-0.032369,0.255864,2023.478117,0.835719
CRI,4,7.097563,0.242181,0.585950,0.122836,0.215450,0.070118,0.618408,2000.024657,1.038163,-0.032369,0.255864,2023.478117,0.835719
CRI,4,6.187180,0.242181,0.585950,0.122836,0.184245,0.083929,0.618408,2000.024657,1.038163,-0.032369,0.255864,2023.478117,0.835719
CRI,4,7.232510,0.242181,0.585950,0.122836,0.184245,0.070118,0.782340,2000.024657,1.038163,-0.032369,0.255864,2023.478117,0.835719
CRI,4,7.478171,0.242181,0.585950,0.122836,0.184245,0.070118,0.618408,2005.020457,1.038163,-0.032369,0.255864,2023.478117,0.835719
CRI,4,7.039572,0.242181,0.585950,0.122836,0.184245,0.070118,0.618408,2000.024657,1.121395,-0.032369,0.255864,2023.478117,0.835719
CRI,4,6.287572,0.242181,0.585950,0.122836,0.184245,0.070118,0.618408,2000.024657,1.038163,-0.017733,0.255864,2023.478117,0.835719
CRI,4,6.948727,0.242181,0.585950,0.122836,0.184245,0.070118,0.618408,2000.024657,1.038163,-0.032369,0.428122,2023.478117,0.835719
CRI,4,7.185727,0.242181,0.585950,0.122836,0.184245,0.070118,0.618408,2000.024657,1.038163,-0.032369,0.255864,2025.769858,0.835719
CRI,4,7.072820,0.242181,0.585950,0.122836,0.184245,0.070118,0.618408,2000.024657,1.038163,-0.032369,0.255864,2023.478117,1.368326
CRI,4,5.038130,0.260718,0.413741,0.132612,0.190500,0.072835,0.649160,2001.067619,1.055919,-0.030348,0.281542,2023.961150,0.914929
CRI,4,3.365140,0.270156,0.254762,0.137562,0.193469,0.074133,0.664110,2001.555243,1.064150,-0.029274,0.294926,2024.186148,0.956239
CRI,4,3.845487,0.149850,0.530296,0.135083,0.191998,0.073489,0.656673,2001.314211,1.060087,-0.029816,0.288190,2024.074998,0.935447
CRI,4,4.544902,0.229386,0.520735,0.074635,0.193226,0.074027,0.662876,2001.515455,1.063480,-0.029365,0.293797,2024.167809,0.952755
CRI,4,3.918887,0.227285,0.509508,0.118362,0.194635,0.074645,0.670043,1992.955801,1.067348,-0.028829,0.300414,2024.273747,0.973185
CRI,4,4.630583,0.224845,0.496327,0.117622,0.196248,0.075354,0.455130,1999.825276,1.071740,-0.028192,0.308234,2024.394197,0.997334
CRI,4,4.047734,0.222015,0.480867,0.116761,0.198086,0.076164,0.623059,1999.791748,1.076701,-0.027430,0.317489,2020.593283,1.025923
CRI,4,4.054851,0.218737,0.462768,0.115759,0.153090,0.077086,0.623833,1999.752524,1.082274,-0.026518,0.328459,2023.742136,1.059818
CRI,4,3.605329,0.214945,0.441645,0.114594,0.190411,0.078129,0.624734,1999.706616,1.088491,-0.025422,0.341477,2023.784888,1.100062
CRI,4,3.062114,0.210567,0.417115,0.113240,0.191399,0.079302,0.625784,1999.652857,1.095371,-0.024101,0.356945,2023.834319,0.607668
CRI,4,1.751235,0.195652,0.334282,0.108554,0.194767,0.083039,0.629451,1999.463002,1.116524,-0.019127,0.413000,2024.003566,0.378265
CRI,4,2.385949,0.203028,0.374916,0.110887,0.193101,0.081242,0.627620,1999.558260,0.987927,-0.021680,0.384646,2023.919670,0.943458
CRI,4,1.960001,0.196870,0.340917,0.108942,0.194492,0.082749,0.629146,1999.478924,1.089084,-0.019561,0.217157,2023.989684,0.962208
CRI,4,1.961609,0.189835,0.303130,0.106691,0.196084,0.084385,0.630924,1999.385786,1.096024,-0.033762,0.369284,2024.070099,0.984354
CRI,4,1.473626,0.181839,0.262201,0.104091,0.197900,0.070948,0.632994,1999.276333,1.103623,-0.020207,0.389996,2024.162206,1.010551
CRI,4,0.638658,0.155745,0.150631,0.095239,0.203896,0.062546,0.640201,1998.886522,1.126386,-0.012597,0.464624,2024.470363,1.105096
CRI,4,1.594803,0.185575,0.281011,0.105311,0.187653,0.079041,0.792103,1999.327968,1.088088,-0.023004,0.356095,2023.214987,0.863492
CRI,4,1.525932,0.174926,0.229054,0.160020,0.189951,0.080911,0.642946,1996.863886,1.098493,-0.020390,0.382930,2023.319219,0.890721
CRI,4,1.286298,0.177309,0.240220,0.119903,0.221103,0.078868,0.684013,1998.532317,1.084864,-0.022694,0.354752,2023.711907,0.770220
CRI,4,1.044262,0.167721,0.197125,0.119416,0.195142,0.080129,0.694356,1998.268218,1.091365,-0.020794,0.372725,2025.916122,0.759671
CRI,4,0.770660,0.154803,0.147337,0.117985,0.198649,0.082182,0.653237,2003.823258,1.102551,-0.017523,0.404292,2023.949107,0.771261
CRI,4,1.227843,0.234881,0.105986,0.099462,0.202076,0.084207,0.666108,1997.845271,1.113332,-0.013752,0.439160,2024.132807,0.778506
CRI,4,0.735091,0.168400,0.109879,0.116358,0.205154,0.081561,0.702614,1999.381516,1.095079,-0.017380,0.396473,2024.454868,0.607994
CRI,4,0.423882,0.117141,0.188569,0.091755,0.204404,0.085563,0.672016,1996.728934,1.118058,-0.009929,0.466440,2024.124345,0.661032
CRI,4,0.711487,0.074454,0.161255,0.072351,0.209222,0.089499,0.675934,1993.702195,1.136873,0.001675,0.556122,2024.093130,0.542727
CRI,4,0.585690,0.149760,0.105129,0.113289,0.206411,0.080516,0.712942,1998.684500,1.157837,-0.017430,0.383358,2024.410878,0.630450
CRI,4,0.392207,0.154567,0.113642,0.118718,0.205497,0.076003,0.722688,1998.746777,1.121190,0.003407,0.401293,2024.327546,0.554769
CRI,4,0.214571,0.138968,0.069549,0.124905,0.209697,0.070800,0.762954,1998.416725,1.131536,0.023595,0.417579,2024.450816,0.407177
CRI,4,0.417560,0.140038,0.075629,0.119059,0.209146,0.076102,0.745032,1998.467048,1.132042,-0.009124,0.616188,2024.475344,0.490736
CRI,4,0.385406,0.133055,0.061159,0.121247,0.211015,0.074387,0.761605,1998.311721,1.112305,-0.007852,0.428864,2024.536912,1.227588
CRI,4,0.329377,0.133075,0.058029,0.127423,0.218724,0.078307,0.580571,1998.281779,1.137632,-0.000372,0.500360,2025.292853,0.620439
CRI,4,0.415487,0.135250,0.057333,0.073555,0.220912,0.075768,0.736864,2000.731038,1.136432,-0.000049,0.491912,2025.478373,0.562786
CRI,4,0.303349,0.127290,0.045248,0.099314,0.189554,0.077518,0.708543,1999.675309,1.149680,0.006810,0.544396,2025.469508,0.624282
CRI,4,0.524658,0.083274,0.080112,0.119716,0.211038,0.069176,0.731649,2000.552725,1.138285,-0.000016,0.475518,2025.372972,0.594374
CRI,4,0.354283,0.107528,0.042005,0.099785,0.218300,0.072911,0.711643,2000.548275,1.155721,0.011482,0.559990,2023.041142,0.584929
CRI,4,0.300216,0.109946,0.043881,0.098204,0.218637,0.068265,0.756932,1992.087763,1.156584,0.012576,0.553709,2025.304988,0.548882
CRI,4,0.393993,0.093705,0.047966,0.096808,0.215865,0.066544,0.722162,1997.731690,1.165479,0.017132,0.586774,2025.043821,0.688109
CRI,4,0.521567,0.093349,0.034042,0.118362,0.218526,0.084434,0.786251,1998.070073,1.156000,0.017008,0.540330,2025.118066,0.325164
CRI,4,0.477978,0.089819,0.036636,0.100730,0.218400,0.069639,0.737673,1998.176743,1.122739,0.026145,0.642139,2025.270715,0.546467
CRI,4,0.377595,0.163290,0.039387,0.091863,0.215721,0.080911,0.720261,1995.493993,1.144934,0.015184,0.583350,2024.253890,0.572011
CRI,4,0.445136,0.159963,0.105484,0.088953,0.207114,0.062730,0.642763,1997.969938,1.120207,-0.002389,0.527272,2024.423060,1.077885
CRI,4,0.827315,0.181913,0.114705,0.103553,0.205119,0.079081,0.685903,1997.826984,1.154262,-0.018072,0.398940,2024.061371,0.764596
CRI,4,0.323333,0.107429,0.046027,0.101432,0.215434,0.072213,0.725252,1998.089992,1.132133,0.016401,0.584751,2025.003708,0.595480
CRI,4,0.482762,0.096172,0.035138,0.118487,0.218049,0.084706,0.784473,1998.055552,1.156965,0.015219,0.530027,2025.072963,0.329955
CRI,4,0.303765,0.141176,0.076285,0.095945,0.210099,0.069390,0.682073,1997.991383,1.131486,0.002135,0.527961,2024.596246,0.824242
CRI,4,0.163974,0.136045,0.025649,0.116091,0.220767,0.057266,0.763029,1999.391016,1.159399,0.023436,0.598695,2025.366655,0.593758
CRI,4,0.163366,0.146483,0.020938,0.129113,0.226855,0.038920,0.801492,2000.560981,1.171641,0.034897,0.659054,2025.843390,0.562335
CRI,4,0.269181,0.114628,0.029888,0.090582,0.220128,0.065605,0.704343,1998.140972,1.157465,0.029129,0.455582,2025.322338,0.808826
CRI,4,0.228454,0.115499,0.031976,0.143672,0.207930,0.064144,0.707580,1994.895664,1.157439,0.026639,0.576583,2024.230502,0.755188
CRI,4,0.322370,0.171374,0.033959,0.123435,0.212668,0.073425,0.720357,1997.972497,1.119416,0.013434,0.479397,2024.635345,0.629921
CRI,4,0.217358,0.126968,0.027812,0.099132,0.217585,0.065237,0.669138,1997.321330,1.168865,0.034895,0.640766,2025.143600,0.283760
CRI,4,0.316475,0.098629,0.034478,0.130768,0.213430,0.052887,0.706732,2000.116754,1.154318,0.022426,0.501891,2025.486327,0.598326
CRI,4,0.144504,0.148126,0.031879,0.127206,0.209600,0.060444,0.714629,1994.809122,1.142914,0.026999,0.516358,2026.361617,0.587371
CRI,4,0.165573,0.172944,0.028708,0.141665,0.204571,0.053518,0.716115,1991.244662,1.135256,0.032900,0.494227,2027.095066,0.588596
CRI,4,0.153284,0.122099,0.025568,0.099555,0.207344,0.049679,0.831573,1996.994755,1.160129,0.036928,0.578012,2025.131347,0.548389
CRI,4,0.159439,0.154062,0.026350,0.125028,0.209890,0.053854,0.741526,1997.011844,1.166581,0.030230,0.492098,2025.428441,0.563858
CRI,4,0.321324,0.094374,0.030466,0.103153,0.212375,0.048739,0.749568,1996.971842,1.175944,0.034194,0.598681,2025.820817,0.522639
CRI,4,0.221558,0.109762,0.031248,0.108084,0.212448,0.055385,0.742458,1997.227287,1.167293,0.030095,0.569758,2025.566355,0.547855
CRI,4,0.254183,0.167132,0.029672,0.093068,0.211427,0.070413,0.767263,1993.773159,1.159268,0.029067,0.588365,2025.085536,0.542702
CRI,4,0.182579,0.120862,0.021765,0.126957,0.214868,0.054298,0.799158,1995.707880,1.175353,0.041808,0.573293,2025.915739,0.358791
CRI,4,0.136156,0.132971,0.022607,0.128018,0.229966,0.039542,0.792158,1992.801314,1.169974,0.042989,0.562000,2025.267522,0.440308
CRI,4,0.228955,0.135895,0.020828,0.143171,0.239112,0.022170,0.826789,1988.569791,1.176873,0.047680,0.570714,2025.161227,0.368669
CRI,4,0.157362,0.158333,0.021902,0.134483,0.212185,0.046226,0.754705,2000.246844,1.167216,0.043644,0.554128,2025.428152,0.484200
CRI,4,0.177305,0.160310,0.023535,0.151147,0.208829,0.045914,0.807624,1995.332114,1.167959,0.039068,0.659985,2025.428784,0.294367
CRI,4,0.371180,0.108940,0.023055,0.158391,0.217666,0.036425,0.759475,1999.593978,1.167845,0.040287,0.547971,2025.689864,0.404494
CRI,4,0.150887,0.150529,0.027257,0.108282,0.213074,0.062505,0.765333,1995.392399,1.161600,0.032551,0.578402,2025.248577,0.504558
CRI,4,0.115075,0.164945,0.022263,0.100626,0.221134,0.042965,0.818933,1998.790235,1.169767,0.041920,0.560353,2026.333404,0.267520
CRI,4,0.187976,0.195296,0.020980,0.081663,0.226276,0.032833,0.860836,2000.435974,1.174550,0.045492,0.552157,2026.913585,0.163660
CRI,4,0.163693,0.184612,0.021844,0.134136,0.218903,0.049971,0.803584,1996.932843,1.161142,0.041686,0.565667,2025.532769,0.331224
CRI,4,0.323305,0.171107,0.022092,0.150153,0.214184,0.037297,0.867813,1996.770947,1.157667,0.039832,0.476265,2025.954463,0.653385
CRI,4,0.138375,0.136979,0.025625,0.111216,0.216762,0.058473,0.730713,1997.185253,1.166370,0.036288,0.601934,2025.369686,0.349853
CRI,4,0.137773,0.156459,0.020217,0.120518,0.222257,0.029603,0.800221,1995.340191,1.183169,0.045328,0.714281,2026.457103,0.446889
CRI,4,0.205592,0.186235,0.024523,0.117443,0.219246,0.041921,0.764350,1998.044678,1.155535,0.034867,0.604746,2025.459998,0.525323
CRI,4,0.138757,0.135042,0.022234,0.124557,0.216009,0.051193,0.790831,1996.318857,1.171410,0.040408,0.581254,2025.809400,0.394826
CRI,4,0.163471,0.137490,0.022093,0.091364,0.224811,0.051134,0.751322,1998.513722,1.166355,0.038769,0.498014,2025.996477,0.667958
CRI,4,0.205474,0.112582,0.024097,0.099519,0.217492,0.047265,0.746673,1997.318721,1.172942,0.034671,0.587871,2025.982171,0.667711
CRI,4,0.116268,0.163822,0.022252,0.125156,0.218555,0.049294,0.790318,1997.030065,1.164491,0.040270,0.571261,2025.652944,0.395558
CRI,4,0.175035,0.157076,0.023654,0.149622,0.208757,0.045802,0.805491,1995.349647,1.168438,0.038784,0.660807,2025.449967,0.303113
CRI,4,0.117139,0.142183,0.022406,0.104896,0.221412,0.049799,0.765751,1997.772634,1.166888,0.038772,0.540911,2025.870945,0.550695
CRI,4,0.120532,0.146813,0.029496,0.105810,0.203971,0.059905,0.749475,1991.959202,1.161602,0.042176,0.478788,2025.633450,0.360850
CRI,4,0.111950,0.138404,0.021505,0.106537,0.222448,0.045948,0.809162,1995.650991,1.166628,0.045120,0.645685,2026.045683,0.333936
CRI,4,0.147056,0.131101,0.020731,0.097766,0.227331,0.042046,0.837541,1994.936944,1.166652,0.047712,0.711385,2026.300157,0.257537
CRI,4,0.168337,0.131558,0.024838,0.093659,0.222223,0.053529,0.806594,1990.492396,1.165882,0.034906,0.604035,2026.134450,0.366300
CRI,4,0.113508,0.151248,0.022403,0.123782,0.214944,0.048049,0.768503,1998.225876,1.166887,0.042052,0.566823,2025.624517,0.451694
CRI,4,0.115177,0.175993,0.021435,0.132092,0.226414,0.049802,0.708734,1995.015545,1.172833,0.043183,0.578903,2026.387852,0.312630
CRI,4,0.119425,0.147417,0.020839,0.126699,0.224496,0.035017,0.778114,1996.586759,1.173369,0.045821,0.578596,2026.462260,0.314069
CRI,4,0.081720,0.149691,0.020327,0.107723,0.228618,0.033071,0.828543,1997.398152,1.184402,0.047810,0.646456,2025.437077,0.243401
CRI,4,0.068134,0.150478,0.020054,0.098488,0.234708,0.021935,0.870389,1998.570580,1.191941,0.049391,0.703129,2024.816393,0.161760
CRI,4,0.083610,0.166824,0.020945,0.105937,0.227499,0.036628,0.778806,1996.368915,1.174440,0.046228,0.607718,2025.949084,0.309526
CRI,4,0.147465,0.169928,0.020278,0.118134,0.228447,0.027069,0.836734,1995.320992,1.179270,0.047969,0.588158,2026.369304,0.342061
CRI,4,0.103440,0.144677,0.022656,0.112930,0.220108,0.050222,0.760807,1996.735079,1.170186,0.041283,0.598510,2025.661833,0.347888
CRI,4,0.131631,0.147146,0.030851,0.107676,0.223707,0.058983,0.769592,1997.386082,1.154667,0.043013,0.434450,2025.035037,0.257755
CRI,4,0.145007,0.175428,0.021158,0.097521,0.212399,0.051322,0.774464,2000.027959,1.172606,0.045348,0.586122,2026.295001,0.239735
CRI,4,0.106107,0.142693,0.022128,0.120101,0.226446,0.042428,0.787832,1994.854236,1.170654,0.043666,0.568080,2025.567021,0.377646
CRI,4,0.119003,0.158269,0.020210,0.119212,0.221519,0.030019,0.799525,1995.660489,1.183234,0.045408,0.715064,2026.487881,0.435623
CRI,4,0.163781,0.160603,0.020127,0.123471,0.235633,0.025112,0.823693,2000.693593,1.182716,0.046270,0.714312,2026.227207,0.319997
CRI,4,0.094917,0.150167,0.023244,0.110124,0.215017,0.050699,0.769803,1994.502641,1.168503,0.043478,0.543202,2025.796941,0.350152
CRI,4,0.119894,0.160443,0.021818,0.100207,0.221517,0.050872,0.798127,1996.715292,1.174278,0.042459,0.625391,2025.123254,0.374457
CRI,4,0.101028,0.150590,0.021018,0.119859,0.223778,0.038817,0.783246,1996.618971,1.173599,0.045148,0.590538,2026.196401,0.328141
CRI,4,0.123857,0.148227,0.029375,0.107311,0.224846,0.058132,0.773744,1997.741673,1.156190,0.043056,0.447300,2024.994310,0.258339
CRI,4,0.096129,0.155709,0.020544,0.116192,0.222385,0.036523,0.793292,1996.201562,1.178642,0.044903,0.656613,2026.198221,0.381937
CRI,4,0.098798,0.167317,0.020643,0.123709,0.225088,0.035414,0.810798,1995.344092,1.179292,0.047597,0.656427,2025.902876,0.194809
CRI,4,0.081963,0.145828,0.020558,0.103319,0.228295,0.033712,0.791530,1995.867737,1.182378,0.047792,0.642860,2026.135174,0.237713
CRI,4,0.102893,0.131064,0.020748,0.092656,0.221371,0.030835,0.863726,1997.928119,1.178516,0.047338,0.646036,2025.233038,0.285707
CRI,4,0.119168,0.134912,0.020394,0.121700,0.226645,0.034980,0.782846,1993.790917,1.181783,0.048161,0.675479,2025.089376,0.337942
CRI,4,0.086537,0.156972,0.021462,0.105734,0.222610,0.040916,0.810371,1997.657196,1.173349,0.044363,0.590799,2026.079494,0.283476
CRI,4,0.072030,0.148311,0.020341,0.095919,0.231762,0.029456,0.836685,1994.379220,1.183983,0.048238,0.673414,2026.017023,0.188796
CRI,4,0.081115,0.163731,0.020426,0.110595,0.228087,0.028752,0.805414,1996.917000,1.185951,0.047528,0.602886,2025.584498,0.228195
CRI,4,0.086138,0.162578,0.020230,0.096059,0.224638,0.029629,0.827967,1997.950490,1.185853,0.048394,0.681821,2026.062357,0.187942
CRI,4,0.077168,0.163510,0.020123,0.099972,0.230660,0.021002,0.857580,1996.399003,1.187715,0.049146,0.668461,2026.045055,0.183849
CRI,4,0.131357,0.186150,0.020323,0.122262,0.231072,0.035566,0.749775,1994.824084,1.184421,0.047580,0.626614,2026.451280,0.205382
CRI,4,0.079366,0.143396,0.020606,0.099700,0.224140,0.031985,0.840127,1997.197069,1.180171,0.047400,0.641238,2025.600326,0.262637
CRI,4,0.079409,0.161700,0.020217,0.091692,0.229321,0.026953,0.848323,1996.350195,1.187939,0.048820,0.686599,2025.496873,0.174797
CRI,4,0.081754,0.144580,0.020287,0.083573,0.228882,0.028554,0.831356,1997.717441,1.185920,0.047854,0.629571,2025.777638,0.285596
CRI,4,0.080540,0.153626,0.020305,0.084924,0.231854,0.026386,0.851625,1997.175926,1.187270,0.049142,0.624749,2025.330562,0.144725
CRI,4,0.067045,0.159869,0.020034,0.086272,0.237445,0.014401,0.878186,1999.043277,1.192629,0.049531,0.735093,2025.737768,0.136649
CRI,4,0.068487,0.164902,0.020004,0.075575,0.242685,0.006371,0.913710,2000.905994,1.196459,0.049878,0.803270,2025.707641,0.095431
CRI,4,0.064748,0.153433,0.020041,0.087119,0.235686,0.016482,0.860210,1996.387367,1.192956,0.049641,0.720387,2025.339773,0.145660
CRI,4,0.071073,0.151688,0.020007,0.078574,0.239769,0.009531,0.880737,1995.720480,1.196398,0.049912,0.771869,2024.881203,0.110472
CRI,4,0.076629,0.146642,0.020195,0.094792,0.235917,0.022244,0.850570,1995.790815,1.188120,0.048987,0.643753,2025.222025,0.204075
CRI,4,0.084729,0.139721,0.020037,0.083804,0.235263,0.015636,0.893982,1997.328912,1.194250,0.049660,0.718064,2025.236656,0.123431
CRI,4,0.074726,0.159686,0.020419,0.100148,0.229730,0.030311,0.814106,1996.613415,1.182352,0.047916,0.637528,2025.788691,0.240890
CRI,4,0.076221,0.162425,0.020059,0.085662,0.234884,0.017028,0.888976,1997.907789,1.191620,0.049417,0.687212,2024.887570,0.153454
CRI,4,0.076747,0.166951,0.020088,0.106053,0.235305,0.018942,0.869874,1996.112153,1.190370,0.049518,0.707764,2025.222403,0.120862
CRI,4,0.079001,0.147988,0.020046,0.079036,0.236782,0.017444,0.896110,1996.814821,1.190938,0.049683,0.743681,2025.381333,0.131229
CRI,4,0.079493,0.156826,0.020046,0.102670,0.234792,0.017887,0.869377,1996.489249,1.190547,0.049219,0.744363,2025.638544,0.199648
CRI,4,0.073266,0.156021,0.020074,0.098064,0.234102,0.019789,0.865116,1996.663217,1.189816,0.049200,0.717696,2025.564716,0.183596
CRI,4,0.080806,0.148051,0.020055,0.096532,0.237277,0.016519,0.874812,1997.359098,1.190300,0.049468,0.696260,2025.492207,0.165137
CRI,4,0.070666,0.158198,0.020154,0.092889,0.231656,0.023998,0.855347,1996.607396,1.188578,0.049032,0.689035,2025.495707,0.172311
CRI,4,0.071233,0.169513,0.020016,0.087585,0.240532,0.012685,0.883524,1996.419026,1.194640,0.049798,0.742788,2025.366027,0.110530
CRI,4,0.099007,0.168118,0.020173,0.111031,0.232180,0.023300,0.818970,1996.743696,1.189211,0.048449,0.639895,2025.583813,0.202878
CRI,4,0.077974,0.152830,0.020064,0.086467,0.235750,0.018790,0.880095,1996.797064,1.190534,0.049528,0.720273,2025.433336,0.145276
CRI,4,0.073414,0.162896,0.020124,0.102501,0.233453,0.021717,0.841663,1996.761502,1.189671,0.048955,0.668290,2025.534563,0.180727
CRI,4,0.074235,0.152151,0.020065,0.089200,0.238166,0.019560,0.863872,1997.210793,1.192272,0.049402,0.720097,2024.661392,0.142653
CRI,4,0.072098,0.146633,0.020085,0.081115,0.234915,0.021782,0.850007,1997.656300,1.190492,0.048902,0.684262,2025.559028,0.231513
CRI,4,0.076633,0.166940,0.020033,0.089157,0.234081,0.018464,0.869289,1998.236288,1.192577,0.049471,0.747965,2025.611797,0.136320
CRI,4,0.075150,0.151520,0.020126,0.093365,0.235478,0.021250,0.855447,1996.432020,1.189436,0.049138,0.672351,2025.324472,0.183480
COL,1,0.987236,0.160000,0.300000,0.050000,0.060000,0.015000,0.300000,1990.000000,0.150000,0.005000,0.150000,2018.000000,0.800000
COL,1,2.147664,0.260447,0.300000,0.050000,0.060000,0.015000,0.300000,1990.000000,0.150000,0.005000,0.150000,2018.000000,0.800000
COL,1,1.898207,0.160000,0.468328,0.050000,0.060000,0.015000,0.300000,1990.000000,0.150000,0.005000,0.150000,2018.000000,0.800000
COL,1,2.696549,0.160000,0.300000,0.092403,0.060000,0.015000,0.300000,1990.000000,0.150000,0.005000,0.150000,2018.000000,0.800000
COL,1,1.214922,0.160000,0.300000,0.050000,0.103183,0.015000,0.300000,1990.000000,0.150000,0.005000,0.150000,2018.000000,0.800000
COL,1,0.767243,0.160000,0.300000,0.050000,0.060000,0.028199,0.300000,1990.000000,0.150000,0.005000,0.150000,2018.000000,0.800000
COL,1,1.398636,0.160000,0.300000,0.050000,0.060000,0.015000,0.484914,1990.000000,0.150000,0.005000,0.150000,2018.000000,0.800000
COL,1,1.864475,0.160000,0.300000,0.050000,0.060000,0.015000,0.300000,1998.763349,0.150000,0.005000,0.150000,2018.000000,0.800000
COL,1,1.176841,0.160000,0.300000,0.050000,0.060000,0.015000,0.300000,1990.000000,0.282313,0.005000,0.150000,2018.000000,0.800000
COL,1,0.860719,0.160000,0.300000,0.050000,0.060000,0.015000,0.300000,1990.000000,0.150000,0.023119,0.150000,2018.000000,0.800000
COL,1,0.925569,0.160000,0.300000,0.050000,0.060000,0.015000,0.300000,1990.000000,0.150000,0.005000,0.279706,2018.000000,0.800000
COL,1,1.112712,0.160000,0.300000,0.050000,0.060000,0.015000,0.300000,1990.000000,0.150000,0.005000,0.150000,2022.406683,0.800000
COL,1,1.024348,0.160000,0.300000,0.050000,0.060000,0.015000,0.300000,1990.000000,0.150000,0.005000,0.150000,2018.000000,1.322631
COL,1,0.674584,0.174644,0.326047,0.024737,0.066289,0.016780,0.328074,1991.664246,0.167328,0.008273,0.167620,2018.839901,0.876985
COL,1,0.543725,0.182322,0.339486,0.011644,0.069587,0.017732,0.342634,1992.469867,0.176655,0.009885,0.177022,2019.245965,0.917236
COL,1,1.069709,0.094692,0.332734,0.039851,0.067925,0.017251,0.335312,1992.069392,0.171935,0.009082,0.172271,2019.044152,0.896968
COL,1,0.362859,0.150216,0.180399,0.038340,0.069308,0.017651,0.341408,1992.403452,0.175861,0.009751,0.176223,2019.212502,0.913839
COL,1,0.131267,0.145509,0.102366,0.033432,0.074282,0.019109,0.363175,1993.545985,0.190231,0.012066,0.190606,2019.787850,0.974402
COL,1,0.156382,0.147847,0.264991,0.035814,0.071769,0.018369,0.352210,1980.705949,0.182922,0.010915,0.183307,2019.502924,0.943831
COL,1,0.276603,0.145897,0.259424,0.033819,0.073860,0.018984,0.186074,1989.932190,0.188996,0.011875,0.189375,2019.740751,0.969268
COL,1,0.372302,0.143649,0.253031,0.031616,0.036849,0.019722,0.308673,1989.920879,0.196302,0.012983,0.196643,2020.013259,0.999438
COL,1,0.175975,0.141063,0.245711,0.029206,0.064538,0.020609,0.310133,1989.907679,0.095211,0.014259,0.205380,2020.324256,1.035282
COL,1,0.098004,0.138097,0.237364,0.026603,0.065315,0.021682,0.311841,1989.892275,0.171200,0.015723,0.215924,2014.732537,1.077934
COL,1,0.041513,0.128145,0.209815,0.019067,0.068084,0.025747,0.317862,1989.838320,0.182781,0.020601,0.255767,2010.330250,1.233373
COL,1,1.267827,0.235701,0.194466,0.029955,0.057622,0.020324,0.275417,1987.325338,0.150905,0.013855,0.202570,2017.578934,1.023803
COL,1,0.492491,0.120310,0.293593,0.037144,0.065244,0.017983,0.319691,1990.928835,0.166442,0.010295,0.179499,2018.687877,0.927746
COL,1,0.063399,0.138393,0.218088,0.022269,0.066244,0.023806,0.312302,1989.667232,0.175956,0.018394,0.236771,2018.756793,0.615880
COL,1,0.047335,0.135044,0.206224,0.019325,0.067324,0.025576,0.314381,1989.611547,0.180655,0.020415,0.254097,2018.880085,1.029796
COL,1,0.039473,0.131227,0.193051,0.016350,0.068598,0.027747,0.316816,1989.546503,0.186276,0.022676,0.131355,2019.022843,1.071403
COL,1,0.186241,0.118631,0.152518,0.009004,0.073174,0.036164,0.325422,1989.318188,0.207161,0.029690,0.085968,2019.512984,1.223006
COL,1,0.119873,0.126897,0.178587,0.013425,0.070104,0.030419,0.319670,1989.470512,0.193027,0.004351,0.245223,2019.187890,1.120967
COL,1,0.057845,0.122012,0.162925,0.010643,0.071885,0.016665,0.323019,1989.381711,0.201168,0.022515,0.264431,2019.378350,1.180057
COL,1,0.144915,0.099189,0.123058,0.045625,0.062444,0.026462,0.278905,1986.189678,0.174997,0.020371,0.243396,2018.165083,1.088617
COL,1,0.324982,0.147046,0.125795,0.015189,0.066189,0.027756,0.293345,1987.072413,0.187216,0.021555,0.252201,2018.653042,1.105104
COL,1,0.207735,0.123701,0.131867,0.015925,0.113482,0.026976,0.301474,1987.654029,0.157322,0.020556,0.241337,2016.970892,1.046839
COL,1,0.420415,0.117322,0.265980,0.033300,0.078625,0.019008,0.318459,1990.565786,0.160366,0.011653,0.186041,2018.176059,0.935235
COL,1,0.127438,0.139048,0.152578,0.018566,0.069177,0.025354,0.299508,1987.965191,0.180154,0.019223,0.234343,2018.534871,1.061239
COL,1,0.130955,0.117306,0.117968,0.013463,0.069885,0.029045,0.488231,1987.403466,0.157545,0.022462,0.256585,2016.774494,1.084371
COL,1,0.290172,0.137268,0.230053,0.028114,0.036759,0.020894,0.362989,1989.651017,0.189302,0.014414,0.204488,2019.540381,1.011385
COL,1,0.078027,0.126973,0.151961,0.018397,0.089841,0.025356,0.316268,1988.159533,0.164826,0.019078,0.231729,2017.641953,1.037915
COL,1,0.152768,0.118220,0.113138,0.014132,0.077097,0.028217,0.354655,1987.087473,0.326868,0.021440,0.245060,2015.539710,1.023237
COL,1,0.231161,0.108519,0.090373,0.009653,0.070394,0.033230,0.312800,1996.240800,0.197314,0.025743,0.284199,2015.824231,1.132771
COL,1,0.056213,0.136964,0.204788,0.026127,0.071424,0.021533,0.342127,1984.919688,0.186432,0.014964,0.205701,2018.638696,0.989337
COL,1,0.149748,0.139273,0.235448,0.027698,0.064484,0.021156,0.308554,1990.555766,0.095522,0.014921,0.209294,2020.191518,1.043176
COL,1,0.056237,0.133714,0.197130,0.023485,0.067508,0.022792,0.319752,1989.709483,0.131711,0.016617,0.217872,2019.124964,1.038172
COL,1,0.202497,0.173145,0.234323,0.007246,0.080367,0.022094,0.396086,1991.930927,0.178364,0.015439,0.206823,2017.969465,0.971239
COL,1,0.037631,0.114264,0.145002,0.029564,0.066666,0.025320,0.306096,1987.678777,0.175834,0.019176,0.233869,2018.116342,1.058619
COL,1,0.114455,0.114115,0.292025,0.010032,0.066700,0.031451,0.298620,1983.258587,0.161817,0.024341,0.270967,2015.889337,1.099830
COL,1,0.151291,0.140988,0.295599,0.024203,0.070433,0.021252,0.183853,1989.172109,0.196133,0.014672,0.204381,2018.880160,0.991471
COL,1,0.076273,0.122856,0.149809,0.015620,0.070022,0.026946,0.398430,1987.850219,0.166495,0.020615,0.242780,2017.317880,1.060744
COL,1,0.053525,0.116520,0.233691,0.017148,0.071291,0.024798,0.348177,1988.602249,0.169493,0.018409,0.226024,2016.936452,1.013721
COL,1,0.076768,0.125961,0.210126,0.024548,0.070553,0.019642,0.331742,1986.926321,0.154594,0.031882,0.212737,2015.816535,0.940316
COL,1,0.161288,0.142242,0.117707,0.037139,0.074748,0.017334,0.359921,1993.331159,0.183191,0.016668,0.182858,2019.113140,0.934247
COL,1,0.056706,0.120618,0.235961,0.014063,0.068659,0.027391,0.313353,1985.913866,0.166939,0.022534,0.246721,2016.730424,1.057094
COL,1,0.064075,0.126879,0.248524,0.019983,0.051450,0.022373,0.340468,1988.484915,0.180263,0.022732,0.218655,2017.309826,0.995894
COL,1,0.111623,0.128053,0.186725,0.014398,0.064112,0.029163,0.326201,1989.938267,0.196885,0.004701,0.239061,2019.261189,1.106406
COL,1,0.045081,0.126481,0.204061,0.021523,0.068906,0.021781,0.330352,1987.692806,0.164323,0.026467,0.219120,2016.718230,0.980457
COL,1,0.088432,0.131913,0.271236,0.023905,0.064437,0.020656,0.257237,1989.020209,0.182664,0.020485,0.205681,2017.776250,0.970091
COL,1,0.052057,0.125065,0.174707,0.017393,0.068598,0.025266,0.360103,1988.144799,0.170413,0.020583,0.233108,2017.433227,1.037675
COL,1,0.065197,0.127438,0.155134,0.018315,0.089255,0.025493,0.310236,1988.334472,0.167152,0.017886,0.231263,2017.804390,1.041079
COL,1,0.043173,0.127019,0.221758,0.019553,0.059672,0.023127,0.332767,1988.447339,0.176902,0.021564,0.221761,2017.434348,1.007089
COL,1,0.070611,0.115093,0.178654,0.016053,0.070137,0.023875,0.341811,1986.916002,0.171420,0.022767,0.211070,2016.065891,1.615955
COL,1,0.039949,0.132196,0.207617,0.020534,0.067204,0.023823,0.319542,1988.991233,0.174812,0.019523,0.230155,2018.110861,0.815972
COL,1,0.068534,0.132373,0.247370,0.036453,0.063841,0.034553,0.330167,1987.145869,0.146042,0.018144,0.182805,2015.124229,0.882601
COL,1,0.039214,0.124529,0.181338,0.014617,0.069818,0.020313,0.324798,1988.830454,0.185889,0.021457,0.242077,2018.381445,1.101565
COL,1,0.068833,0.134600,0.163769,0.028295,0.067114,0.020771,0.342089,1991.004827,0.179634,0.017929,0.196548,2018.192081,1.001734
COL,1,0.042380,0.123982,0.215859,0.016802,0.068271,0.025619,0.320407,1987.224523,0.170035,0.021422,0.233436,2017.103161,1.043108
COL,1,0.061007,0.119896,0.200155,0.016126,0.068389,0.025581,0.335561,1986.870089,0.235220,0.024426,0.226023,2015.342240,1.021117
COL,1,0.039754,0.130129,0.197883,0.021398,0.067727,0.023469,0.323665,1989.012224,0.152750,0.018681,0.219890,2018.230933,1.033895
COL,1,0.086989,0.116018,0.191535,0.013953,0.063993,0.027362,0.310456,1992.138718,0.162230,0.026308,0.241582,2015.814244,1.078430
COL,1,0.041973,0.131426,0.201406,0.022394,0.069518,0.022901,0.334053,1986.800233,0.180099,0.018038,0.214296,2017.960530,1.011228
COL,1,0.088540,0.139116,0.162816,0.022350,0.063839,0.023552,0.302569,1988.381973,0.180333,0.023334,0.218335,2017.752285,1.052811
COL,1,0.032239,0.121826,0.213967,0.018331,0.069380,0.024482,0.336450,1988.547256,0.172147,0.019686,0.224085,2017.142630,1.023420
COL,1,0.040305,0.129129,0.225819,0.022231,0.066540,0.022981,0.288184,1988.904110,0.179667,0.021134,0.210147,2017.212748,1.026301
COL,1,0.040040,0.118657,0.194792,0.020504,0.067673,0.022283,0.327220,1987.298096,0.169319,0.021418,0.185460,2015.373919,1.033581
COL,1,0.044068,0.125393,0.195351,0.018253,0.065908,0.026230,0.310829,1989.165222,0.187010,0.013661,0.210810,2017.419052,1.093512
COL,1,0.034129,0.125664,0.197499,0.019024,0.066650,0.025065,0.315647,1988.800525,0.181092,0.017153,0.212866,2017.245388,1.064653
COL,1,0.032438,0.124639,0.175904,0.020010,0.077032,0.025093,0.305738,1988.478644,0.174472,0.018601,0.206827,2016.670404,1.075460
COL,1,0.033925,0.127803,0.174734,0.023918,0.069150,0.022554,0.315318,1989.878665,0.182273,0.018268,0.192065,2016.934344,1.044207
COL,1,0.043317,0.119986,0.183174,0.018171,0.067846,0.025183,0.299128,1990.773700,0.172449,0.021674,0.206016,2015.869046,1.082252
COL,1,0.036718,0.128475,0.196711,0.021261,0.069098,0.023458,0.325118,1987.818477,0.178158,0.018970,0.212204,2017.451170,1.028749
COL,1,0.031808,0.123126,0.173759,0.021743,0.069447,0.022025,0.315969,1987.443330,0.169172,0.018887,0.164929,2023.139507,0.845889
COL,1,0.034579,0.120686,0.157861,0.023207,0.070135,0.020315,0.315025,1986.213453,0.162714,0.018010,0.130073,2026.080264,0.685190
COL,1,0.047035,0.121217,0.153884,0.018575,0.071531,0.024543,0.352228,1988.157893,0.170403,0.017944,0.195511,2018.946849,1.002144
COL,1,0.033704,0.127107,0.205615,0.021259,0.067767,0.023365,0.303505,1988.718439,0.177310,0.020354,0.206416,2017.658779,1.020232
COL,1,0.042997,0.133409,0.180939,0.020273,0.070375,0.025484,0.307583,1989.970268,0.182198,0.017454,0.224984,2020.823480,0.992799
COL,1,0.033968,0.122196,0.191247,0.020446,0.068343,0.023055,0.322247,1987.977221,0.172460,0.020454,0.194822,2016.857289,1.023302
COL,1,0.039929,0.118188,0.167187,0.020229,0.071053,0.023740,0.315544,1988.135927,0.176101,0.019577,0.175858,2018.239548,1.273713
COL,1,0.037492,0.121554,0.176593,0.020305,0.070078,0.023761,0.316541,1988.350897,0.175778,0.019564,0.188434,2018.207449,1.149909
COL,1,0.045743,0.118717,0.172282,0.019239,0.070912,0.024147,0.310312,1988.003274,0.205751,0.020549,0.179764,2018.115592,1.047998
COL,1,0.036106,0.127185,0.191195,0.020838,0.068515,0.023637,0.320297,1988.761599,0.164707,0.019154,0.209302,2018.202157,1.037411
COL,1,0.035930,0.117101,0.176375,0.026109,0.070008,0.019693,0.317660,1987.320415,0.165652,0.015748,0.308716,2017.143307,1.005388
COL,1,0.055791,0.122169,0.186951,0.031899,0.068818,0.026851,0.308615,1987.802097,0.162822,0.016114,0.183338,2017.614632,0.961313
COL,1,0.041450,0.123935,0.182728,0.017842,0.069567,0.021828,0.320708,1988.574983,0.179866,0.020169,0.226305,2018.192225,1.065574
COL,1,0.035256,0.122475,0.192982,0.019969,0.069414,0.023231,0.326121,1987.997600,0.170654,0.019288,0.192821,2020.516687,0.932096
COL,1,0.032652,0.123880,0.174829,0.020860,0.073182,0.023524,0.310829,1987.963002,0.171804,0.018745,0.184980,2020.321800,0.956637
COL,1,0.032518,0.125102,0.189116,0.021500,0.068604,0.022688,0.309700,1988.084015,0.173198,0.019626,0.184791,2020.729584,0.930584
COL,1,0.030753,0.125445,0.174246,0.022807,0.069299,0.022289,0.315643,1988.673743,0.175614,0.018579,0.178100,2020.430763,0.941928
COL,1,0.041082,0.122660,0.182321,0.021085,0.068894,0.022536,0.319099,1987.710785,0.170809,0.019676,0.179398,2020.398964,0.932040
COL,1,0.031803,0.124389,0.185302,0.020342,0.068040,0.023511,0.315808,1988.125502,0.175042,0.018027,0.187747,2020.559067,0.951560
COL,1,0.035340,0.120078,0.175063,0.023835,0.069728,0.020835,0.316814,1987.381898,0.167404,0.017337,0.229219,2020.516966,0.923531
COL,1,0.030689,0.125140,0.182296,0.021286,0.068980,0.022821,0.318129,1988.105825,0.166926,0.019021,0.186117,2020.954107,0.938718
COL,1,0.033058,0.125775,0.184928,0.021501,0.069273,0.022733,0.320525,1987.631151,0.173613,0.018929,0.187445,2020.643936,0.934620
COL,1,0.031759,0.122338,0.175171,0.021013,0.069762,0.022881,0.316255,1987.898643,0.172447,0.019227,0.176379,2020.956297,0.991390
COL,1,0.033456,0.118616,0.158776,0.025381,0.068048,0.023633,0.311010,1987.561150,0.172474,0.019032,0.197184,2020.918598,0.948721
COL,1,0.039137,0.123826,0.177513,0.017850,0.069633,0.021156,0.320366,1988.140637,0.177356,0.020188,0.200804,2021.028376,0.968864
COL,1,0.026741,0.124008,0.174707,0.021792,0.069997,0.022662,0.313740,1988.124816,0.173435,0.018136,0.198527,2021.421875,0.944665
COL,1,0.033290,0.124687,0.171007,0.022154,0.070553,0.022725,0.311080,1988.330851,0.174762,0.017350,0.208638,2021.896166,0.951016
COL,1,0.032881,0.122870,0.178973,0.026526,0.069316,0.024379,0.311394,1987.692207,0.166394,0.017252,0.176959,2020.883858,0.904497
COL,1,0.030587,0.127185,0.182139,0.020278,0.069153,0.025373,0.314008,1988.498456,0.176116,0.020094,0.146715,2021.435411,0.946028
COL,1,0.033885,0.125488,0.163504,0.024260,0.069423,0.023165,0.302941,1987.971266,0.173682,0.018309,0.168617,2021.580932,0.939707
COL,1,0.031383,0.124729,0.170472,0.023114,0.069420,0.023182,0.308644,1987.977851,0.172921,0.018555,0.174435,2021.325166,0.937801
COL,1,0.038152,0.130638,0.200903,0.018769,0.071038,0.022695,0.317429,1988.473766,0.171925,0.018488,0.161318,2021.271400,0.921382
COL,1,0.034199,0.121521,0.168497,0.023553,0.068788,0.023396,0.312607,1987.790476,0.172337,0.018897,0.187698,2021.007934,0.941841
COL,1,0.027951,0.125587,0.178389,0.021023,0.069574,0.023991,0.313874,1988.311916,0.174771,0.019123,0.171096,2021.428645,0.945346
COL,1,0.031605,0.124573,0.178466,0.021538,0.069487,0.022741,0.315930,1988.115321,0.170153,0.018580,0.192247,2021.190716,0.941689
COL,1,0.033257,0.124724,0.174476,0.022294,0.069647,0.022475,0.314691,1988.399895,0.174522,0.018357,0.188105,2020.937835,0.943296
COL,1,0.026618,0.124368,0.172578,0.022444,0.069708,0.022921,0.311186,1988.051375,0.173178,0.018346,0.186187,2021.373642,0.941229
COL,1,0.029707,0.123170,0.174939,0.021399,0.069880,0.022771,0.314996,1988.011826,0.172940,0.018684,0.187206,2021.191787,0.967865
COL,1,0.031133,0.124198,0.179936,0.021055,0.069014,0.023084,0.314773,1988.125159,0.174237,0.018081,0.193081,2020.999328,0.948109
COL,1,0.029233,0.123566,0.174232,0.021768,0.069722,0.022342,0.314854,1987.784915,0.171292,0.018513,0.181133,2022.329051,0.894412
COL,1,0.033173,0.124554,0.181787,0.021645,0.069298,0.022675,0.311717,1988.104418,0.173317,0.018886,0.191567,2021.081545,0.937609
COL,1,0.033902,0.123944,0.174768,0.021321,0.071579,0.023090,0.312283,1988.043959,0.172618,0.018441,0.191664,2020.885849,0.950640
COL,1,0.032161,0.123438,0.176829,0.024053,0.069656,0.023510,0.312566,1987.908860,0.169882,0.017696,0.187509,2021.156442,0.924448
COL,1,0.031570,0.124888,0.179754,0.021646,0.069634,0.022698,0.317122,1987.878434,0.173524,0.018533,0.192926,2021.040177,0.939635
COL,1,0.030147,0.121284,0.166568,0.023524,0.069018,0.023144,0.312373,1987.843566,0.172954,0.018586,0.197855,2021.173378,0.946692
COL,1,0.028927,0.124107,0.177272,0.022696,0.067562,0.022740,0.315688,1988.066600,0.173071,0.018481,0.186063,2021.666494,0.928426
COL,1,0.028948,0.123229,0.178038,0.021772,0.069108,0.023406,0.313441,1987.652824,0.170943,0.018585,0.189251,2021.734994,0.933225
COL,1,0.033027,0.123178,0.170265,0.022446,0.069425,0.023324,0.316714,1987.875107,0.171738,0.018004,0.185441,2021.706858,0.938164
COL,1,0.029226,0.123520,0.173083,0.022243,0.069393,0.023161,0.315460,1987.932509,0.172131,0.018225,0.186959,2021.554375,0.938025
COL,1,0.033578,0.124305,0.174437,0.019923,0.069025,0.022437,0.316342,1988.074698,0.175590,0.019274,0.189372,2021.700312,0.953735
COL,1,0.032939,0.123654,0.176228,0.022953,0.069498,0.023238,0.313508,1987.950358,0.171293,0.018094,0.187974,2021.295334,0.931718
COL,1,0.031246,0.124187,0.173640,0.022116,0.069852,0.022791,0.312462,1988.088106,0.173307,0.018241,0.192283,2021.397789,0.942946
COL,1,0.028967,0.124976,0.175462,0.021723,0.069641,0.023452,0.312528,1988.181779,0.173973,0.018736,0.178519,2021.401183,0.943287
COL,1,0.031066,0.124237,0.174911,0.022570,0.068630,0.022830,0.313432,1988.058988,0.173125,0.018414,0.186125,2021.521225,0.934815
COL,1,0.028130,0.123797,0.175289,0.022106,0.069408,0.023163,0.312312,1987.852392,0.172057,0.018466,0.187714,2021.556094,0.937222
COL,1,0.030251,0.123943,0.172830,0.022344,0.069551,0.023040,0.313319,1987.991969,0.172654,0.018286,0.186572,2021.464443,0.939626
COL,1,0.028486,0.123966,0.173404,0.022103,0.069715,0.022630,0.313017,1987.918277,0.172233,0.018429,0.183647,2021.864715,0.917637
COL,1,0.028717,0.123767,0.173755,0.021916,0.069794,0.022846,0.313088,1988.031603,0.173059,0.018515,0.186696,2021.283136,0.954492
COL,1,0.031439,0.122817,0.169549,0.022978,0.069363,0.023032,0.311779,1987.947551,0.173066,0.018466,0.191954,2021.274020,0.943958
COL,1,0.032001,0.124283,0.176223,0.021740,0.069361,0.023002,0.312977,1988.088277,0.173707,0.018214,0.189610,2021.188230,0.944665
COL,1,0.032893,0.124628,0.176134,0.022042,0.069671,0.022809,0.314146,1987.964960,0.173351,0.018440,0.189534,2021.208301,0.940432
COL,1,0.027513,0.124470,0.175500,0.021987,0.069598,0.022831,0.313553,1988.083356,0.171659,0.018463,0.189199,2021.282605,0.941459
COL,1,0.029126,0.123902,0.174692,0.023236,0.069682,0.023214,0.311875,1987.980155,0.171523,0.018022,0.186847,2021.265641,0.932816
COL,1,0.031628,0.123492,0.171847,0.022496,0.069378,0.023149,0.311112,1988.080738,0.172238,0.018327,0.184664,2021.603017,0.938548
COL,1,0.027968,0.123703,0.171039,0.022938,0.069692,0.022980,0.311966,1987.956148,0.171641,0.018571,0.183775,2021.689466,0.933317
COL,1,0.031892,0.124531,0.175261,0.022240,0.069727,0.022805,0.313977,1987.942916,0.173006,0.018499,0.188552,2021.293511,0.938540
COL,1,0.029300,0.123751,0.172694,0.022432,0.069465,0.023063,0.311827,1988.046310,0.172429,0.018370,0.185631,2021.526593,0.938546
COL,1,0.033819,0.125373,0.178169,0.021684,0.069760,0.022927,0.313315,1988.092550,0.172072,0.018344,0.180340,2021.662855,0.932251
COL,1,0.029539,0.123451,0.171669,0.022648,0.069462,0.023006,0.312163,1987.983831,0.172817,0.018435,0.188999,2021.372738,0.941023
COL,2,6.586084,0.204509,0.538972,0.059197,0.206587,0.043884,0.805921,1994.393543,1.055666,0.007707,0.183084,2003.500931,0.639711
COL,2,8.353415,0.315447,0.538972,0.059197,0.206587,0.043884,0.805921,1994.393543,1.055666,0.007707,0.183084,2003.500931,0.639711
COL,2,9.575208,0.204509,0.690435,0.059197,0.206587,0.043884,0.805921,1994.393543,1.055666,0.007707,0.183084,2003.500931,0.639711
COL,2,8.432210,0.204509,0.538972,0.106090,0.206587,0.043884,0.805921,1994.393543,1.055666,0.007707,0.183084,2003.500931,0.639711
COL,2,6.810333,0.204509,0.538972,0.059197,0.228431,0.043884,0.805921,1994.393543,1.055666,0.007707,0.183084,2003.500931,0.639711
COL,2,5.604896,0.204509,0.538972,0.059197,0.206587,0.063509,0.805921,1994.393543,1.055666,0.007707,0.183084,2003.500931,0.639711
COL,2,6.799755,0.204509,0.538972,0.059197,0.206587,0.043884,0.902241,1994.393543,1.055666,0.007707,0.183084,2003.500931,0.639711
COL,2,6.966984,0.204509,0.538972,0.059197,0.206587,0.043884,0.805921,2001.688919,1.055666,0.007707,0.183084,2003.500931,0.639711
COL,2,6.613666,0.204509,0.538972,0.059197,0.206587,0.043884,0.805921,1994.393543,1.130505,0.007707,0.183084,2003.500931,0.639711
COL,2,6.333429,0.204509,0.538972,0.059197,0.206587,0.043884,0.805921,1994.393543,1.055666,0.025227,0.183084,2003.500931,0.639711
COL,2,4.441272,0.204509,0.538972,0.059197,0.206587,0.043884,0.805921,1994.393543,1.055666,0.007707,0.329612,2003.500931,0.639711
COL,2,6.401345,0.204509,0.538972,0.059197,0.206587,0.043884,0.805921,1994.393543,1.055666,0.007707,0.183084,2006.756192,0.639711
COL,2,6.410452,0.204509,0.538972,0.059197,0.206587,0.043884,0.805921,1994.393543,1.055666,0.007707,0.183084,2003.500931,1.104168
COL,2,3.829882,0.221675,0.365339,0.065789,0.211165,0.047189,0.825887,1995.840101,1.071741,0.010923,0.203601,2003.930183,0.705143
COL,2,1.849351,0.230532,0.217947,0.069277,0.213302,0.048853,0.835247,1996.529655,1.079173,0.012499,0.214469,2004.160863,0.739748
COL,2,4.302877,0.226082,0.481154,0.030749,0.212245,0.048021,0.830618,1996.187738,1.075506,0.011714,0.208984,2004.044156,0.722288
COL,2,4.537070,0.125693,0.471390,0.054837,0.213127,0.048714,0.834483,1996.473068,1.078568,0.012368,0.213548,2004.141221,0.736816
COL,2,3.656093,0.196794,0.459985,0.054136,0.214134,0.049524,0.838902,1985.505191,1.082057,0.013126,0.218960,2004.256887,0.754039
COL,2,3.441980,0.195525,0.446680,0.053326,0.177289,0.050469,0.843937,1994.121303,1.086014,0.014001,0.225396,2004.395168,0.774505
COL,2,3.280809,0.194052,0.431191,0.052393,0.207296,0.051572,0.690245,1994.075656,1.090480,0.015011,0.233067,2004.561091,0.798884
COL,2,2.992376,0.192343,0.413212,0.051321,0.207413,0.052856,0.816812,1994.022304,0.965951,0.016173,0.242236,2004.761002,0.828002
COL,2,2.629143,0.190361,0.392440,0.050092,0.207550,0.054349,0.818581,1993.959926,1.071517,0.017503,0.253230,2005.002963,0.862878
COL,2,2.358492,0.188065,0.368595,0.048688,0.207708,0.056081,0.820627,1993.886971,1.074006,0.019021,0.266450,2005.297286,0.457830
COL,2,1.974483,0.185410,0.341478,0.047091,0.207893,0.058082,0.822992,1993.801612,1.076855,0.020740,0.282394,2002.535478,0.784657
COL,2,1.541991,0.182345,0.311038,0.045282,0.208107,0.060384,0.825720,1993.701694,1.080107,0.001120,0.301672,2004.833565,0.810999
COL,2,0.831738,0.171894,0.217687,0.039396,0.208851,0.068031,0.835008,1993.349192,1.090894,-0.011968,0.374110,2005.637804,0.907922
COL,2,1.278681,0.177065,0.261569,0.042253,0.208481,0.041460,0.830414,1993.525983,1.085614,0.017077,0.337015,2005.223768,0.858557
COL,2,0.936765,0.285906,0.286956,0.043826,0.200379,0.055271,0.800545,1990.636349,1.065198,0.013451,0.318172,2004.623809,0.769179
COL,2,0.864402,0.199056,0.202391,0.038341,0.206691,0.061830,0.828926,1992.375852,1.088067,0.018701,0.203375,2005.664899,0.905679
COL,2,1.226740,0.175093,0.206333,0.074233,0.199301,0.060091,0.803726,1989.599545,1.072246,0.016173,0.320940,2005.231448,0.838998
COL,2,0.592035,0.198613,0.188938,0.046263,0.193850,0.060359,0.787460,1999.574490,1.063434,0.015318,0.327042,2005.151769,0.819065
COL,2,0.216187,0.199526,0.111335,0.042691,0.181040,0.065480,0.757605,2003.835450,1.053195,0.016391,0.389539,2005.651116,0.852999
COL,2,0.597994,0.200565,0.152975,0.045265,0.223845,0.061921,0.765065,1994.830122,1.052799,0.014857,0.347967,2005.207471,0.810747
COL,2,0.386818,0.203172,0.132404,0.044971,0.206332,0.062543,0.893921,1994.997790,1.039503,0.013820,0.359466,2005.134280,0.788058
COL,2,0.325889,0.206790,0.114019,0.044924,0.206029,0.062892,0.823866,1995.207705,1.132784,0.012219,0.369463,2004.984308,0.753593
COL,2,0.277124,0.211710,0.098050,0.045215,0.205631,0.062864,0.823013,1995.468444,1.084308,0.009871,0.377017,2004.740078,0.705281
COL,2,0.235504,0.218304,0.084590,0.045965,0.205111,0.062325,0.821386,1995.789818,1.083672,0.006543,0.380938,2004.386495,1.309789
COL,2,0.225985,0.227051,0.073605,0.047341,0.204438,0.061092,0.818734,1996.182823,1.082089,0.001955,0.379749,2009.119355,0.911761
COL,2,0.376272,0.181841,0.100158,0.029098,0.196244,0.071219,0.802508,1993.347243,1.080309,0.009344,0.499468,2006.891478,0.995362
COL,2,0.253984,0.237037,0.071063,0.046482,0.200070,0.080434,0.803080,1996.345577,1.072654,0.003040,0.378007,2005.839586,0.886115
COL,2,0.363823,0.250719,0.075942,0.022975,0.209248,0.069568,0.829741,2000.176263,1.086045,0.001771,0.405133,2005.937396,0.914510
COL,2,0.891235,0.144477,0.046229,0.037136,0.209695,0.075528,0.837018,2000.735760,1.095143,0.002750,0.423353,2006.932600,1.019554
COL,2,0.504187,0.174323,0.069506,0.038721,0.207507,0.071056,0.828434,1998.677409,1.088274,0.005490,0.396116,2006.290332,0.952826
COL,2,0.457982,0.213416,0.053841,0.042544,0.203867,0.071617,0.809579,2000.407098,1.073589,-0.005447,0.603980,2005.819804,0.879590
COL,2,0.219161,0.252043,0.042254,0.041951,0.200597,0.066399,0.798146,2000.700796,1.067188,0.025036,0.440063,2005.878404,0.872732
COL,2,0.452720,0.227835,0.046157,0.035978,0.170042,0.072762,0.863918,2000.493778,1.103645,0.002020,0.483614,2006.473194,0.985844
COL,2,0.235990,0.268255,0.086597,0.041630,0.191105,0.064215,0.817523,1997.432909,1.075517,0.011061,0.447774,2005.393520,0.845619
COL,2,0.226721,0.232883,0.126381,0.037737,0.193257,0.062257,0.836948,1994.726821,1.090287,0.023117,0.233883,2005.765745,0.911207
COL,2,0.640183,0.219120,0.184882,0.044915,0.221115,0.058980,0.768445,1993.454106,1.053597,0.020145,0.296397,2005.063457,0.799043
COL,2,0.259448,0.225641,0.062496,0.038057,0.186375,0.069587,0.843694,1998.989078,1.092832,0.006812,0.434605,2006.096686,0.936832
COL,2,0.353628,0.248719,0.054192,0.034924,0.190213,0.070797,0.699075,1999.931558,1.118524,0.007899,0.426764,2006.567319,1.025876
COL,2,0.218856,0.285953,0.062522,0.054859,0.200244,0.061981,0.814274,2001.874908,1.096220,0.012200,0.283570,2004.831291,0.818887
COL,2,0.318867,0.217708,0.078654,0.076450,0.183288,0.062519,0.782229,1996.250437,1.092631,0.020612,0.347999,2005.463795,0.878234
COL,2,0.500026,0.214597,0.122515,0.060452,0.203070,0.059642,0.890241,1995.874351,1.044594,0.017301,0.315651,2004.759279,0.756149
COL,2,0.212974,0.239975,0.065344,0.040259,0.193640,0.068174,0.760438,1999.009977,1.103871,0.010335,0.397943,2006.074452,0.953608
COL,2,0.235892,0.263124,0.053087,0.046794,0.184037,0.068731,0.790476,2000.935496,1.004481,0.012910,0.374624,2006.492841,1.066786
COL,2,0.417574,0.258980,0.069169,0.023730,0.206676,0.070047,0.832029,2000.849373,1.060294,0.002313,0.401237,2006.119866,0.956380
COL,2,0.174080,0.227723,0.076135,0.058473,0.189814,0.064476,0.795601,1997.529921,1.085243,0.016387,0.361050,2005.622658,0.897382
COL,2,0.273731,0.268413,0.054593,0.044532,0.181549,0.069980,0.787882,2001.645479,1.070309,0.014927,0.368898,2007.175624,1.203522
COL,2,0.208931,0.253732,0.062555,0.044702,0.188262,0.068274,0.797116,2000.337482,1.073942,0.013689,0.370922,2006.497531,1.064758
COL,2,0.195995,0.258196,0.084055,0.054028,0.202149,0.063061,0.752201,1998.994979,1.056483,0.018776,0.305132,2005.702685,0.952729
COL,2,0.129408,0.249913,0.075514,0.045628,0.189255,0.045076,0.792697,2001.570139,1.076464,0.024144,0.345313,2005.932060,1.017400
COL,2,0.179512,0.256448,0.077872,0.045207,0.183283,0.026831,0.787357,2003.500322,1.078331,0.032044,0.329428,2005.978698,1.086846
COL,2,0.244062,0.216774,0.061133,0.051615,0.198148,0.062269,0.772226,2001.376448,1.073781,0.019549,0.268015,2006.508828,1.093627
COL,2,0.165145,0.254984,0.079124,0.043963,0.192926,0.063733,0.806894,1998.525371,1.075085,0.013271,0.399743,2005.657993,0.904076
COL,2,0.281998,0.220245,0.109907,0.045540,0.205268,0.056483,0.803728,1997.540638,1.127696,0.017918,0.336329,2005.280850,0.844170
COL,2,0.167697,0.252120,0.062732,0.046478,0.189898,0.065834,0.793849,2000.163190,1.045771,0.014194,0.364898,2006.172607,1.008314
COL,2,0.141384,0.271143,0.063624,0.046448,0.181221,0.063887,0.765358,2002.684844,1.068931,0.024433,0.327786,2008.073416,0.624158
COL,2,0.260558,0.262071,0.041934,0.058028,0.193012,0.064222,0.730470,2004.139004,1.057100,0.008482,0.512077,2006.668977,0.892347
COL,2,0.144070,0.240051,0.092877,0.042155,0.193196,0.062752,0.813956,1997.737488,1.082705,0.019763,0.294492,2005.982736,0.906469
COL,2,0.174198,0.270516,0.067661,0.045769,0.177636,0.065612,0.753882,2003.536946,1.066934,0.030078,0.331941,2003.705197,0.890929
COL,2,0.404118,0.247838,0.143566,0.052281,0.178457,0.060115,0.770267,2000.659237,1.081822,0.010286,0.263061,2005.648343,0.933603
COL,2,0.169120,0.250989,0.054739,0.044361,0.195590,0.064872,0.791420,2000.690420,1.070989,0.021702,0.392600,2005.820251,0.887707
COL,2,0.175704,0.210466,0.085624,0.038438,0.177948,0.065099,0.746977,1999.116033,1.043953,0.024872,0.435015,2007.019984,1.004644
COL,2,0.204340,0.300594,0.048324,0.048795,0.197343,0.061519,0.803989,1994.889595,1.088224,0.022663,0.330797,2006.279873,0.992973
COL,2,0.175987,0.266360,0.073963,0.053269,0.185986,0.057414,0.808246,2000.633444,1.026537,0.029116,0.312424,2005.879003,0.896007
COL,2,0.157368,0.254445,0.079737,0.049562,0.191139,0.055386,0.775048,1999.390821,1.058919,0.028882,0.328015,2005.392143,0.771818
COL,2,0.256214,0.203569,0.119032,0.045537,0.180164,0.061570,0.762232,2003.909409,1.035384,0.022289,0.367518,2005.444873,0.798210
COL,2,0.156209,0.275202,0.059080,0.047963,0.193358,0.061531,0.794095,1997.740589,1.076648,0.022570,0.339822,2006.062909,0.941788
COL,2,0.179018,0.245324,0.061286,0.040150,0.172089,0.059744,0.818462,2001.104919,1.074444,0.026446,0.401497,2006.064163,0.832523
COL,2,0.139523,0.248519,0.066128,0.043308,0.180508,0.060583,0.803297,2000.610118,1.070149,0.024656,0.376448,2005.972265,0.861599
COL,2,0.211029,0.234528,0.067877,0.039327,0.189791,0.065762,0.763572,1999.525769,1.102042,0.014407,0.404681,2005.899248,0.880925
COL,2,0.136680,0.258267,0.072377,0.049456,0.186952,0.059562,0.797714,2000.365560,1.049030,0.025900,0.334553,2005.884059,0.892221
COL,2,0.230266,0.301099,0.057736,0.056656,0.198165,0.057168,0.828757,2001.184200,1.091050,0.019899,0.271427,2004.745411,0.764825
COL,2,0.135528,0.231938,0.077250,0.042461,0.183419,0.063175,0.769602,1999.665155,1.057138,0.023681,0.391414,2006.389919,0.940809
COL,2,0.162164,0.232308,0.073811,0.047323,0.199198,0.056177,0.825546,1994.631559,1.070188,0.011840,0.376896,2009.332632,0.876162
COL,2,0.182816,0.276215,0.065344,0.035318,0.189972,0.055980,0.793674,2001.432783,1.046782,0.026141,0.349846,2007.109421,0.866319
COL,2,0.139570,0.239506,0.073232,0.051779,0.189854,0.062414,0.795120,1998.611100,1.076524,0.019009,0.358236,2005.971201,0.889551
COL,2,0.170452,0.250166,0.097860,0.048314,0.182741,0.055116,0.798426,1998.078980,1.064352,0.020884,0.314429,2006.909737,0.876148
COL,2,0.151264,0.250783,0.062661,0.045324,0.192552,0.062513,0.793188,2000.083501,1.069357,0.021499,0.372423,2006.080226,0.884808
COL,2,0.131031,0.248816,0.083779,0.045936,0.189347,0.053464,0.795928,1998.675211,1.090039,0.028443,0.341745,2006.511796,0.748437
COL,2,0.144539,0.244960,0.066767,0.048894,0.185559,0.053993,0.780384,2000.318475,1.066604,0.031095,0.300252,2007.238880,0.814808
COL,2,0.149174,0.270275,0.070240,0.045692,0.175549,0.061319,0.749483,2003.608083,1.071034,0.034285,0.308677,2003.992960,0.831266
COL,2,0.142459,0.250220,0.063902,0.043001,0.182419,0.063032,0.800518,2001.096749,1.083234,0.021194,0.352942,2006.920587,0.951811
COL,2,0.142409,0.226241,0.088175,0.043657,0.177936,0.057219,0.783028,2002.798443,1.067536,0.027528,0.343109,2006.321018,0.782082
COL,2,0.133368,0.245614,0.087632,0.045932,0.176250,0.055289,0.782244,2001.434481,1.074625,0.029326,0.307117,2006.343913,0.817613
COL,2,0.170220,0.222954,0.080536,0.045601,0.193244,0.055517,0.826042,1996.463754,1.073586,0.012925,0.370445,2009.781235,0.868216
COL,2,0.124453,0.258129,0.072648,0.045670,0.180260,0.059892,0.770528,2002.207753,1.071676,0.030090,0.323635,2005.104335,0.840403
COL,2,0.156274,0.249565,0.086222,0.042088,0.183124,0.063702,0.798381,2001.121882,1.078605,0.017735,0.383938,2005.377482,0.889853
COL,2,0.132184,0.246108,0.071054,0.047113,0.184956,0.056479,0.784989,2000.524538,1.069698,0.028204,0.320291,2006.736799,0.833155
COL,2,0.133657,0.255575,0.059872,0.049714,0.173082,0.053927,0.757333,2003.421669,1.059609,0.030774,0.395172,2006.673533,0.787849
COL,2,0.139395,0.246205,0.085372,0.049940,0.183344,0.052067,0.765404,2001.205780,1.054652,0.031078,0.340390,2005.723496,0.723584
COL,2,0.141128,0.274447,0.061743,0.050309,0.188447,0.057220,0.781056,1998.870943,1.069673,0.026090,0.349733,2006.180679,0.873994
COL,2,0.155625,0.229847,0.084853,0.047966,0.186576,0.049114,0.800258,1998.275394,1.068410,0.029286,0.369261,2004.511048,1.124282
COL,2,0.137529,0.260594,0.068214,0.046824,0.182585,0.060324,0.774462,2001.735063,1.068801,0.025713,0.337956,2007.044739,0.730500
COL,2,0.135313,0.224594,0.089289,0.043717,0.178171,0.056600,0.784480,2002.648820,1.067514,0.027726,0.344829,2006.170088,0.802049
COL,2,0.119344,0.256141,0.077031,0.041230,0.174497,0.050223,0.768002,2003.361033,1.058598,0.034313,0.334274,2006.418953,0.773742
COL,2,0.132995,0.264606,0.079024,0.036668,0.166038,0.044024,0.753542,2005.021257,1.048816,0.039305,0.322572,2006.651498,0.720043
COL,2,0.164344,0.248284,0.088001,0.048979,0.183410,0.050403,0.752345,2002.301085,1.063544,0.031789,0.310330,2006.494510,0.785389
COL,2,0.128820,0.248460,0.070875,0.044673,0.181241,0.058088,0.791343,2001.058703,1.068524,0.026599,0.359416,2006.099895,0.842094
COL,2,0.135527,0.250984,0.066038,0.041656,0.180219,0.059961,0.795873,2001.743292,1.080256,0.024698,0.348164,2006.835895,0.953524
COL,2,0.126805,0.235249,0.082008,0.043630,0.180598,0.051626,0.790958,2001.215879,1.069183,0.030084,0.352349,2005.513872,0.985949
COL,2,0.130523,0.233730,0.078762,0.040385,0.174826,0.051077,0.765926,2002.603735,1.089350,0.030566,0.358844,2006.554891,0.827061
COL,2,0.144609,0.260448,0.074004,0.046717,0.177190,0.045210,0.793803,2003.524540,1.087801,0.033275,0.299212,2006.065836,0.765141
COL,2,0.141411,0.238940,0.076422,0.043493,0.181894,0.058826,0.775832,2000.770745,1.065422,0.026376,0.367414,2006.307770,0.894648
COL,2,0.116422,0.257135,0.074798,0.043402,0.177412,0.055106,0.769267,2002.803996,1.065275,0.032300,0.328934,2005.733720,0.806592
COL,2,0.118635,0.245608,0.079471,0.042416,0.177585,0.050925,0.779693,2002.351295,1.063980,0.032297,0.343260,2005.953868,0.875684
COL,2,0.118467,0.252290,0.073871,0.042922,0.177916,0.054182,0.779893,2002.281420,1.063640,0.030749,0.346748,2006.257976,0.807414
COL,2,0.131008,0.253020,0.076267,0.043383,0.182127,0.047644,0.780598,2002.510564,1.067795,0.029699,0.339773,2006.172064,0.890267
COL,2,0.111856,0.244833,0.077890,0.040805,0.174661,0.050650,0.766966,2002.991114,1.074805,0.032518,0.346466,2006.486673,0.800089
COL,2,0.123163,0.252469,0.080318,0.043530,0.182176,0.051846,0.782287,2001.270248,1.075190,0.031558,0.338000,2006.465258,0.761013
COL,2,0.125794,0.251106,0.073965,0.044090,0.179845,0.053365,0.776610,2002.047300,1.064247,0.031452,0.327247,2006.576545,0.803063
COL,2,0.132868,0.250857,0.082123,0.043528,0.175376,0.052763,0.775203,2002.449276,1.066822,0.031953,0.320555,2006.381355,0.795464
COL,2,0.125205,0.255858,0.067730,0.045309,0.173791,0.052078,0.762709,2003.391411,1.059104,0.032615,0.364242,2006.545383,0.780772
COL,2,0.129440,0.240148,0.082885,0.042458,0.176347,0.053426,0.776349,2003.012676,1.063119,0.031241,0.339533,2006.293647,0.787805
COL,2,0.120197,0.253558,0.071259,0.041443,0.177391,0.055142,0.782257,2002.589353,1.069822,0.029933,0.341188,2006.625161,0.860541
COL,2,0.125984,0.243918,0.077140,0.041841,0.179042,0.056816,0.768803,2001.680365,1.057870,0.029504,0.362413,2006.404425,0.854568
COL,2,0.119729,0.250115,0.070300,0.041926,0.180100,0.052482,0.773836,2002.640530,1.063938,0.031147,0.365281,2006.267112,0.837113
COL,2,0.131721,0.247480,0.074550,0.041828,0.172872,0.058337,0.767164,2002.601763,1.062284,0.033487,0.349663,2006.494989,0.738360
COL,2,0.118262,0.251631,0.075833,0.042990,0.179880,0.050335,0.777292,2002.533452,1.066435,0.030703,0.342234,2006.251702,0.850455
COL,2,0.134713,0.262450,0.067787,0.042830,0.179399,0.052109,0.771696,2001.988271,1.067528,0.032003,0.350362,2006.363592,0.847037
COL,2,0.116307,0.245654,0.078742,0.042551,0.177117,0.053097,0.775192,2002.767580,1.064233,0.031434,0.342227,2006.311082,0.802334
COL,2,0.116485,0.258872,0.072897,0.043580,0.176387,0.048057,0.780214,2003.437090,1.073445,0.033851,0.324567,2006.237955,0.772365
COL,2,0.114767,0.252893,0.075827,0.041272,0.174971,0.050659,0.773107,2003.343628,1.068986,0.032507,0.359145,2006.018039,0.817246
COL,2,0.121369,0.247671,0.084684,0.039517,0.181155,0.051713,0.788200,2001.982060,1.075346,0.031320,0.321576,2005.962272,0.846563
COL,2,0.124041,0.250237,0.071850,0.040498,0.172513,0.051923,0.770031,2004.042278,1.059307,0.032348,0.344469,2005.956164,0.882948
COL,2,0.115129,0.251910,0.078088,0.042755,0.179833,0.051865,0.779267,2002.048513,1.071374,0.031758,0.339612,2006.335187,0.790321
COL,2,0.113929,0.255764,0.067427,0.045174,0.173376,0.052081,0.762176,2003.497326,1.058405,0.032646,0.364519,2006.523387,0.785692
COL,2,0.120569,0.250225,0.079160,0.043728,0.176601,0.048124,0.765099,2003.105196,1.062440,0.034282,0.348183,2005.852261,0.760699
COL,2,0.118309,0.252723,0.073136,0.042004,0.177194,0.053395,0.778054,2002.721290,1.068009,0.031099,0.342931,2006.425529,0.834781
COL,2,0.120643,0.254104,0.080822,0.043240,0.173310,0.050952,0.774457,2003.069639,1.069047,0.033220,0.321017,2006.219353,0.782251
COL,2,0.128260,0.251110,0.072758,0.042251,0.178437,0.052100,0.773991,2002.749868,1.065231,0.031683,0.353987,2006.255147,0.823155
COL,2,0.119856,0.250277,0.072414,0.042944,0.174020,0.051366,0.764579,2003.248299,1.066825,0.032583,0.355446,2006.505012,0.792868
COL,2,0.129916,0.248851,0.076850,0.041038,0.174816,0.050655,0.770051,2003.169322,1.071925,0.032513,0.352782,2006.249226,0.808636
COL,2,0.117691,0.248362,0.077989,0.041771,0.177274,0.051258,0.773175,2002.532340,1.073100,0.032142,0.343032,2006.410616,0.795195
COL,2,0.120676,0.245243,0.078315,0.041670,0.175895,0.051875,0.771105,2002.880093,1.069613,0.031983,0.344344,2006.398454,0.801211
COL,2,0.112332,0.250956,0.076325,0.042087,0.176044,0.052884,0.768119,2002.898080,1.070117,0.032410,0.337649,2006.101823,0.803336
COL,2,0.125810,0.251817,0.075341,0.042173,0.175527,0.049353,0.773658,2003.217251,1.074127,0.033195,0.335436,2006.361456,0.786140
COL,2,0.124506,0.248223,0.076853,0.041885,0.177298,0.050493,0.772170,2002.765353,1.070680,0.031628,0.344348,2006.368423,0.825009
COL,2,0.112086,0.248766,0.075465,0.041401,0.175934,0.052024,0.772557,2002.857286,1.071447,0.031819,0.344697,2006.456051,0.817308
COL,3,21.326899,0.474192,0.524061,0.183118,0.189351,0.015085,0.389535,1992.695121,0.354479,0.001289,0.152051,2020.874475,1.410279
COL,3,22.378801,0.535803,0.524061,0.183118,0.189351,0.015085,0.389535,1992.695121,0.354479,0.001289,0.152051,2020.874475,1.410279
COL,3,26.216264,0.474192,0.679117,0.183118,0.189351,0.015085,0.389535,1992.695121,0.354479,0.001289,0.152051,2020.874475,1.410279
COL,3,23.988000,0.474192,0.524061,0.233137,0.189351,0.015085,0.389535,1992.695121,0.354479,0.001289,0.152051,2020.874475,1.410279
COL,3,21.751400,0.474192,0.524061,0.183118,0.218547,0.015085,0.389535,1992.695121,0.354479,0.001289,0.152051,2020.874475,1.410279
COL,3,19.330350,0.474192,0.524061,0.183118,0.189351,0.028334,0.389535,1992.695121,0.354479,0.001289,0.152051,2020.874475,1.410279
COL,3,23.913993,0.474192,0.524061,0.183118,0.189351,0.015085,0.584671,1992.695121,0.354479,0.001289,0.152051,2020.874475,1.410279
COL,3,26.693593,0.474192,0.524061,0.183118,0.189351,0.015085,0.389535,2000.594887,0.354479,0.001289,0.152051,2020.874475,1.410279
COL,3,21.519364,0.474192,0.524061,0.183118,0.189351,0.015085,0.389535,1992.695121,0.575892,0.001289,0.152051,2020.874475,1.410279
COL,3,20.918105,0.474192,0.524061,0.183118,0.189351,0.015085,0.389535,1992.695121,0.354479,0.020090,0.152051,2020.874475,1.410279
COL,3,21.130056,0.474192,0.524061,0.183118,0.189351,0.015085,0.389535,1992.695121,0.354479,0.001289,0.282903,2020.874475,1.410279
COL,3,21.542152,0.474192,0.524061,0.183118,0.189351,0.015085,0.389535,1992.695121,0.354479,0.001289,0.152051,2024.276497,1.410279
COL,3,21.319486,0.474192,0.524061,0.183118,0.189351,0.015085,0.389535,1992.695121,0.354479,0.001289,0.152051,2020.874475,1.984276
COL,3,13.473211,0.486832,0.552455,0.192479,0.195264,0.016874,0.421185,1982.204966,0.388005,0.004610,0.169860,2021.559335,1.508381
COL,3,10.183610,0.492782,0.566371,0.197034,0.198060,0.017829,0.437297,1971.799986,0.405406,0.006256,0.179359,2021.883982,1.557541
COL,3,14.982620,0.489838,0.357755,0.194768,0.196675,0.017346,0.429220,1989.388532,0.396655,0.005435,0.174560,2021.723150,1.532963
COL,3,14.552206,0.492295,0.503598,0.128407,0.197831,0.017748,0.435948,1988.812655,0.403940,0.006120,0.178552,2021.857384,1.553446
COL,3,13.309589,0.495109,0.500166,0.178663,0.199157,0.018226,0.242389,1988.133370,0.412527,0.006916,0.183299,2022.011366,1.577328
COL,3,13.095237,0.396479,0.496157,0.177915,0.200671,0.018797,0.383881,1987.331762,0.422659,0.007841,0.188957,2022.187435,1.605155
COL,3,13.252570,0.476140,0.491471,0.177041,0.156432,0.019479,0.382942,1986.385826,0.434628,0.008912,0.195723,2022.387983,1.637546
COL,3,11.196482,0.476463,0.485995,0.176019,0.192567,0.020299,0.381848,1985.270413,0.448784,0.010152,0.203841,2017.440326,1.675196
COL,3,11.143724,0.476838,0.479597,0.174823,0.193092,0.021288,0.380572,1983.957624,0.243334,0.011582,0.213618,2021.549653,1.718868
COL,3,8.805676,0.477275,0.472122,0.173423,0.193699,0.022485,0.379087,1982.417998,0.405783,0.013225,0.225439,2021.657716,1.769381
COL,3,5.020695,0.478795,0.445933,0.168494,0.195789,0.027042,0.373907,1977.095746,0.432819,0.018720,0.270254,2022.025791,1.940881
COL,3,6.442931,0.478037,0.459027,0.170964,0.194751,0.024693,0.376493,1979.730677,0.419195,0.016026,0.247189,2021.843729,1.180217
COL,3,5.375360,0.478669,0.448114,0.168906,0.195617,0.026641,0.374337,1977.529199,0.430534,0.018279,0.126193,2021.995722,1.723132
COL,3,4.562840,0.479404,0.435403,0.166496,0.196614,0.029034,0.371829,1975.043397,0.443941,-0.001188,0.235035,2022.169576,1.774302
COL,3,3.189902,0.481949,0.391371,0.158000,0.200001,0.038305,0.363108,1967.501864,0.492184,-0.012178,0.286491,2022.748669,1.947862
COL,3,4.230011,0.480682,0.413268,0.162258,0.198328,0.016541,0.367457,1971.012232,0.467824,0.015949,0.259970,2022.464827,1.862314
COL,3,3.607450,0.462378,0.587535,0.144140,0.191461,0.026998,0.320944,1971.389806,0.433690,0.013834,0.244989,2021.816174,1.798183
COL,3,3.270364,0.453856,0.458002,0.210966,0.189077,0.028238,0.297741,1969.436308,0.431158,0.014430,0.252322,2021.674306,1.818249
COL,3,7.524398,0.442332,0.454419,0.169768,0.185737,0.029518,0.519088,1967.510138,0.425495,0.014891,0.259159,2021.455732,1.834453
COL,3,4.092903,0.459370,0.456988,0.170198,0.220304,0.029717,0.377304,1966.387188,0.402150,0.013984,0.255316,2020.863515,1.808683
COL,3,4.058949,0.525524,0.445738,0.168009,0.192792,0.032821,0.375281,1963.521269,0.410416,0.015967,0.276265,2020.861687,1.872636
COL,3,3.938880,0.478169,0.449232,0.168596,0.200905,0.033108,0.376208,1962.409002,0.379408,0.014747,0.270834,2024.677912,1.837916
COL,3,4.056903,0.478018,0.450583,0.168764,0.201663,0.034016,0.376751,1961.045581,0.657612,0.013889,0.269479,2022.610725,1.815090
COL,3,1.355477,0.457669,0.344765,0.140288,0.197571,0.042602,0.314551,1966.093707,0.490458,0.019931,0.332829,2022.425179,2.006629
COL,3,0.700660,0.437438,0.247938,0.111926,0.197324,0.057855,0.261118,1963.840268,0.535155,0.025772,0.428278,2022.681957,2.203572
COL,3,1.324463,0.503760,0.418631,0.159250,0.209621,0.031912,0.216609,1969.298728,0.487402,0.013853,0.262205,2022.988296,1.809665
COL,3,1.915772,0.478245,0.407400,0.156067,0.204876,0.038851,0.300645,1960.449880,0.505897,0.012313,0.277247,2022.837417,2.433866
COL,3,1.851225,0.477540,0.411433,0.156006,0.205559,0.038639,0.291116,1959.784557,0.506675,0.008825,0.501018,2022.835303,2.138554
COL,3,1.592917,0.477203,0.407881,0.154331,0.206902,0.040260,0.278834,1958.650832,0.516922,0.006577,0.321125,2022.935198,1.973036
COL,3,1.282406,0.474683,0.439578,0.159297,0.206055,0.060716,0.270840,1959.392040,0.488721,0.008044,0.343698,2022.604340,2.065266
COL,3,1.487755,0.496371,0.393281,0.149438,0.173014,0.047345,0.247325,1960.611379,0.574438,0.009128,0.365250,2024.097714,2.151822
COL,3,0.844797,0.405552,0.395654,0.148554,0.205549,0.046278,0.230753,1962.149089,0.593678,0.005806,0.356448,2024.499002,2.139857
COL,3,1.019362,0.462642,0.381943,0.144405,0.197915,0.047072,0.209887,1965.246530,0.346615,0.006669,0.379960,2023.561398,2.235940
COL,3,1.024986,0.459759,0.372297,0.140537,0.198202,0.050528,0.188782,1963.923927,0.611884,0.004349,0.398017,2020.698391,2.275492
COL,3,1.029809,0.475362,0.221106,0.164432,0.207731,0.061818,0.208082,1958.226647,0.581278,0.003707,0.458922,2023.855043,2.369660
COL,3,1.299955,0.486167,0.290568,0.089238,0.212072,0.065826,0.212701,1957.897002,0.609918,0.001210,0.487003,2024.247017,2.427897
COL,3,0.963145,0.459579,0.333944,0.130273,0.205256,0.059585,0.151990,1957.666801,0.564971,0.027390,0.480161,2023.667085,2.405538
COL,3,1.171178,0.460454,0.307725,0.127938,0.200480,0.062374,0.169442,1960.888092,0.560819,0.008705,0.526977,2023.718869,1.899391
COL,3,1.320366,0.458238,0.288339,0.123416,0.198840,0.066278,0.159784,1961.914633,0.569143,0.012177,0.303116,2023.855223,2.212364
COL,3,1.431503,0.455271,0.273421,0.120019,0.195831,0.068702,0.152181,1964.796244,0.567450,0.015203,0.477229,2023.911648,2.383960
COL,3,0.819646,0.422609,0.267628,0.119945,0.223289,0.065625,0.159924,1962.216393,0.508938,0.013794,0.448400,2022.666895,2.275685
COL,3,1.197992,0.465431,0.385198,0.149348,0.214162,0.043312,0.260665,1958.815870,0.506141,0.007382,0.333946,2022.671738,1.996906
COL,3,0.929960,0.396295,0.242129,0.109105,0.202473,0.079517,0.191706,1956.886487,0.590016,0.007718,0.573323,2023.596094,2.524589
COL,3,0.932557,0.445606,0.353465,0.141667,0.213116,0.050906,0.264317,1958.537183,0.511026,0.008713,0.571056,2022.635502,2.283658
COL,3,0.666738,0.403262,0.362011,0.187771,0.200380,0.048830,0.208888,1963.553327,0.456035,0.020086,0.395349,2021.779526,2.004474
COL,3,0.722964,0.352518,0.400204,0.230650,0.193591,0.040179,0.207002,1968.805853,0.385154,0.027780,0.351297,2020.173278,1.744303
COL,3,0.877714,0.405518,0.218713,0.120121,0.206119,0.052323,0.154287,1961.488170,0.569819,0.015995,0.549840,2023.513177,2.375829
COL,3,1.165183,0.406337,0.234893,0.124975,0.194943,0.070222,0.146953,1963.056430,0.562599,0.017942,0.595240,2023.584949,2.474577
COL,3,0.513661,0.402588,0.289230,0.145804,0.209090,0.053544,0.223662,1960.596978,0.508173,0.018207,0.412445,2022.485778,2.596305
COL,3,0.434849,0.369714,0.280236,0.154815,0.212922,0.049007,0.255378,1960.456260,0.482370,0.022494,0.357045,2021.775546,2.776861
COL,3,1.309433,0.452420,0.380018,0.153854,0.215913,0.041096,0.277894,1958.765913,0.493202,0.009877,0.308202,2022.333285,2.203044
COL,3,0.860174,0.418531,0.267323,0.132103,0.200931,0.063493,0.173583,1961.705083,0.545064,0.016003,0.523462,2023.294790,2.414270
COL,3,0.350537,0.365160,0.408628,0.109719,0.203933,0.050699,0.194475,1965.332408,0.469472,0.024813,0.450592,2021.869728,2.335621
COL,3,0.167474,0.299827,0.516111,0.085341,0.201938,0.045042,0.187946,1971.954750,0.416646,0.032617,0.446432,2020.648535,2.318119
COL,3,0.296432,0.358231,0.267713,0.123005,0.213100,0.061112,0.214080,1959.333261,0.410220,0.028475,0.520196,2024.598503,2.430121
COL,3,0.269547,0.334499,0.243261,0.115825,0.215449,0.066491,0.193282,1958.181493,0.698069,0.029746,0.561636,2022.473110,2.489275
COL,3,0.305677,0.315277,0.269038,0.127147,0.211159,0.055708,0.272693,1967.183734,0.486116,0.010628,0.474858,2022.120012,2.352705
COL,3,0.366145,0.310091,0.240158,0.113751,0.202584,0.064873,0.158327,1966.601840,0.535206,0.028973,0.368219,2023.153642,2.475192
COL,3,1.009007,0.353001,0.350593,0.147464,0.213222,0.030355,0.214423,1978.101564,0.449600,0.032243,0.333671,2022.031329,2.205686
COL,3,0.625739,0.385771,0.266961,0.118380,0.205367,0.069203,0.197195,1958.859818,0.554113,0.014945,0.513306,2023.239210,2.456028
COL,3,0.427345,0.339381,0.391673,0.135534,0.209936,0.063467,0.272701,1963.185012,0.466126,0.026374,0.350365,2022.079754,2.398066
COL,3,0.292932,0.310529,0.351903,0.124029,0.215579,0.052292,0.263476,1963.192402,0.476914,0.027867,0.348005,2022.124652,2.355987
COL,3,0.271972,0.308891,0.226722,0.104569,0.213417,0.069729,0.204615,1962.870241,0.413338,0.036516,0.512994,2019.771432,2.598409
COL,3,0.393627,0.269576,0.336192,0.129508,0.188108,0.051748,0.300203,1962.910617,0.476914,0.035083,0.429517,2021.909455,2.557205
COL,3,0.324196,0.224454,0.376105,0.140898,0.216887,0.058871,0.191906,1961.310657,0.442385,0.028031,0.449855,2021.756190,2.643630
COL,3,0.284767,0.232972,0.261372,0.066230,0.217044,0.068779,0.237732,1961.203385,0.518354,0.033557,0.492568,2022.657707,2.781001
COL,3,0.465460,0.226546,0.354316,0.116283,0.214967,0.048252,0.258812,1968.904332,0.417147,0.038376,0.371969,2020.950003,2.610766
COL,3,0.210831,0.265341,0.331261,0.116806,0.212743,0.053742,0.242229,1965.376101,0.450029,0.034232,0.406557,2021.584164,2.575986
COL,3,0.280602,0.225986,0.348245,0.078617,0.207713,0.069233,0.198172,1966.440158,0.480086,0.035740,0.537399,2022.530657,2.052199
COL,3,0.253553,0.236891,0.238396,0.085615,0.210476,0.056516,0.174488,1963.272585,0.498865,0.034462,0.575115,2022.318994,2.577047
COL,3,0.373025,0.299784,0.268718,0.084051,0.227439,0.068493,0.141814,1963.620619,0.491569,0.025348,0.519057,2022.545526,2.427541
COL,3,0.226891,0.292185,0.284764,0.094526,0.220484,0.064563,0.172854,1963.438396,0.487891,0.028129,0.496717,2022.391376,2.462445
COL,3,0.285197,0.256626,0.379574,0.094767,0.221819,0.055743,0.276408,1960.426926,0.427623,0.032152,0.600851,2021.035737,2.513535
COL,3,0.356635,0.349712,0.243319,0.066663,0.210279,0.061403,0.245925,1964.900789,0.516784,0.033559,0.545613,2022.448852,2.267424
COL,3,0.182737,0.254557,0.340085,0.120081,0.215328,0.059509,0.204445,1962.084820,0.460581,0.029528,0.473909,2021.934955,2.569003
COL,3,0.298003,0.247291,0.357779,0.075857,0.216761,0.065011,0.162934,1959.525399,0.467814,0.043187,0.520813,2022.069321,2.618208
COL,3,0.191178,0.263927,0.334370,0.087373,0.215428,0.062761,0.186285,1960.878330,0.472365,0.038793,0.509371,2022.082024,2.562078
COL,3,0.503533,0.193899,0.371556,0.074126,0.215361,0.060073,0.205821,1968.190319,0.558337,0.036798,0.473664,2017.757254,2.581011
COL,3,0.187265,0.315767,0.291939,0.109657,0.213676,0.060853,0.211991,1960.828143,0.445627,0.030861,0.508609,2023.379701,2.471346
COL,3,0.366419,0.237611,0.275534,0.071495,0.212538,0.069572,0.158970,1961.942601,0.482381,0.037538,0.665189,2021.774153,2.646334
COL,3,0.161831,0.291932,0.331904,0.109562,0.214839,0.056845,0.233448,1962.863548,0.478279,0.030703,0.427902,2022.038407,2.441778
COL,3,0.408296,0.296559,0.245805,0.099387,0.203075,0.066718,0.146000,1965.921208,0.542679,0.034086,0.388971,2022.917843,2.512239
COL,3,0.168879,0.266477,0.343344,0.095911,0.217857,0.058587,0.237629,1961.510826,0.455439,0.032652,0.549332,2021.546636,2.513211
COL,3,0.170670,0.327305,0.375513,0.140299,0.209658,0.051563,0.172403,1964.744142,0.440270,0.032563,0.508866,2021.147431,1.932652
COL,3,0.224526,0.351902,0.288932,0.134719,0.218882,0.047916,0.203204,1960.037623,0.470686,0.029362,0.458938,2021.048564,2.734334
COL,3,0.186500,0.274217,0.438172,0.110160,0.214839,0.043542,0.196568,1961.998035,0.550765,0.026792,0.474594,2023.621753,2.363502
COL,3,0.360029,0.239707,0.451671,0.098269,0.212669,0.043338,0.208631,1972.276917,0.275158,0.033970,0.410779,2021.551455,2.474568
COL,3,0.180697,0.310488,0.289319,0.111319,0.214771,0.060991,0.197032,1960.066588,0.582474,0.030874,0.524379,2022.252402,2.485629
COL,3,0.414422,0.349839,0.468761,0.135045,0.218042,0.054633,0.234774,1961.954942,0.452087,0.028441,0.388652,2021.708640,2.351429
COL,3,0.153902,0.264365,0.288827,0.097003,0.212494,0.056047,0.188230,1962.925068,0.487017,0.033099,0.529162,2022.170658,2.527627
COL,3,0.305738,0.288553,0.411420,0.125093,0.205712,0.044735,0.240051,1961.740997,0.462619,0.035379,0.473031,2021.590085,2.495601
COL,3,0.152944,0.291276,0.314379,0.101809,0.217249,0.059798,0.188020,1962.983774,0.481527,0.030156,0.490801,2022.198347,2.470890
COL,3,0.289026,0.221258,0.411363,0.081621,0.207519,0.063459,0.202713,1966.824061,0.481530,0.034542,0.516042,2023.015657,1.978224
COL,3,0.171936,0.318725,0.317669,0.120439,0.216312,0.051885,0.203081,1961.303296,0.473388,0.030767,0.473235,2021.585107,2.613996
COL,3,0.210982,0.314492,0.362362,0.097550,0.214968,0.057596,0.163780,1960.347848,0.506711,0.029090,0.578505,2022.569632,2.307405
COL,3,0.162493,0.277497,0.338920,0.111852,0.213310,0.054711,0.220306,1963.852372,0.463965,0.033051,0.449630,2021.841807,2.518253
COL,3,0.275014,0.318245,0.359922,0.132881,0.211881,0.046971,0.220364,1965.153395,0.482379,0.020185,0.466867,2022.062378,2.317406
COL,3,0.171478,0.277351,0.340680,0.097932,0.214568,0.058932,0.194377,1961.769107,0.474862,0.035400,0.498770,2022.077117,2.508662
COL,3,0.160195,0.260088,0.415217,0.106582,0.213854,0.048655,0.191029,1965.469749,0.514932,0.032333,0.465988,2020.230454,2.435087
COL,3,0.201241,0.298918,0.269482,0.105497,0.212494,0.066405,0.205139,1964.432499,0.407033,0.036301,0.498604,2019.147322,2.542975
COL,3,0.163362,0.280357,0.393143,0.108986,0.214264,0.049388,0.198683,1962.551050,0.513493,0.029537,0.480601,2022.710057,2.412700
COL,3,0.170697,0.323467,0.367860,0.094437,0.211783,0.049209,0.196297,1964.417793,0.502397,0.034293,0.500400,2021.518692,2.295537
COL,3,0.179220,0.269291,0.438011,0.099797,0.211868,0.045679,0.203563,1968.923543,0.375535,0.033687,0.445790,2021.040073,2.370101
COL,3,0.141187,0.279501,0.398866,0.102622,0.212611,0.049544,0.201914,1966.025526,0.423816,0.033017,0.465455,2021.358500,2.400653
COL,3,0.163028,0.254902,0.419978,0.088768,0.209477,0.054552,0.197312,1967.583531,0.467930,0.034122,0.495766,2021.710925,2.133619
COL,3,0.154523,0.291933,0.408560,0.108666,0.210559,0.046683,0.206630,1968.014018,0.465315,0.028909,0.469722,2021.131808,2.228841
COL,3,0.219185,0.241689,0.387117,0.114896,0.213224,0.056046,0.206379,1965.112218,0.432653,0.029338,0.462973,2021.651766,2.448307
COL,3,0.134302,0.302705,0.372643,0.099371,0.212147,0.050926,0.198780,1964.587772,0.484599,0.033153,0.491055,2021.552142,2.336285
COL,3,0.255618,0.234229,0.378906,0.068344,0.215567,0.053609,0.239246,1964.749937,0.501971,0.031421,0.451513,2022.065911,2.698463
COL,3,0.151402,0.303603,0.376360,0.120226,0.211208,0.052075,0.187490,1964.745590,0.455400,0.032283,0.494555,2021.385764,2.188420
COL,3,0.145256,0.299857,0.417866,0.110715,0.205581,0.045419,0.166665,1969.965398,0.486224,0.031263,0.401827,2021.663216,2.212523
COL,3,0.153841,0.266511,0.245334,0.127323,0.220888,0.059017,0.207810,1960.422670,0.539535,0.031067,0.497248,2022.614441,2.415409
COL,3,0.128527,0.283479,0.325701,0.104716,0.211713,0.056341,0.198161,1967.289478,0.444912,0.034179,0.465838,2020.507692,2.321641
COL,3,0.138267,0.285042,0.294202,0.102610,0.210382,0.059743,0.197900,1970.343433,0.412142,0.036160,0.458461,2019.210413,2.272547
COL,3,0.151191,0.314297,0.287381,0.129372,0.216605,0.051501,0.199679,1962.321824,0.485752,0.029618,0.445706,2021.449913,2.573665
COL,3,0.149887,0.297325,0.354183,0.107464,0.213628,0.050803,0.175461,1965.242797,0.493458,0.030264,0.491180,2021.245322,2.233018
COL,3,0.138293,0.283742,0.365202,0.109384,0.211843,0.047628,0.157075,1966.943364,0.481502,0.032587,0.523450,2020.888949,2.294129
COL,3,0.216209,0.320002,0.279458,0.112872,0.212536,0.055664,0.187227,1964.255034,0.440399,0.031020,0.494972,2022.671939,2.276494
COL,3,0.139499,0.274865,0.379261,0.108140,0.213528,0.050413,0.190073,1965.155069,0.495922,0.032012,0.473236,2020.900603,2.398094
COL,3,0.184022,0.284877,0.280907,0.110666,0.216146,0.058212,0.170401,1961.991972,0.494214,0.034604,0.491828,2021.879412,2.495948
COL,3,0.125214,0.290166,0.374807,0.109165,0.212022,0.049580,0.197031,1966.232028,0.472481,0.030464,0.475250,2021.324339,2.303338
COL,3,0.168697,0.317098,0.414806,0.125158,0.214292,0.047808,0.188801,1967.287188,0.469990,0.030237,0.423338,2020.648943,2.135312
COL,3,0.140313,0.277400,0.318366,0.103749,0.212951,0.054000,0.188373,1963.877598,0.482740,0.032416,0.502800,2021.813233,2.445392
COL,3,0.187858,0.316747,0.483206,0.091505,0.202639,0.043944,0.167877,1973.000437,0.411355,0.032557,0.456206,2019.933549,2.290920
COL,3,0.137884,0.278942,0.297834,0.117923,0.216997,0.055296,0.197164,1962.538885,0.506382,0.031448,0.486994,2022.014321,2.385909
COL,3,0.134779,0.289641,0.397195,0.118708,0.207531,0.042396,0.187399,1968.012122,0.470277,0.033572,0.462021,2020.420497,2.204877
COL,3,0.127812,0.275094,0.337047,0.100158,0.213490,0.048563,0.187913,1966.336979,0.499251,0.031792,0.452849,2021.158649,2.485002
COL,3,0.139210,0.258227,0.440773,0.087624,0.207077,0.048649,0.174517,1970.641637,0.470804,0.034536,0.502893,2021.042859,2.025522
COL,3,0.147699,0.268328,0.381914,0.104298,0.209388,0.048988,0.198455,1967.442631,0.459512,0.034654,0.459370,2021.218194,2.408148
COL,3,0.128331,0.275521,0.374911,0.105085,0.210484,0.049442,0.192486,1966.862944,0.467915,0.033638,0.467320,2021.224983,2.367360
COL,3,0.154971,0.261868,0.313853,0.100227,0.217524,0.055040,0.213524,1962.994173,0.463578,0.034168,0.559417,2020.702493,2.446810
COL,3,0.130359,0.290275,0.390902,0.108049,0.208856,0.047820,0.177490,1967.919050,0.480526,0.032025,0.441069,2021.431687,2.276560
COL,3,0.126401,0.283766,0.329999,0.109151,0.210625,0.050631,0.172783,1966.427394,0.537962,0.032342,0.492028,2021.040130,2.246213
COL,3,0.123911,0.286940,0.413643,0.108905,0.209867,0.045615,0.182756,1969.549901,0.485673,0.032933,0.452874,2020.406935,2.151742
COL,3,0.177498,0.291730,0.463632,0.111524,0.208248,0.041486,0.180000,1973.129839,0.487141,0.033186,0.428025,2019.632946,1.974499
COL,3,0.127016,0.291520,0.356131,0.104626,0.208595,0.048399,0.179923,1968.654550,0.470901,0.033467,0.479058,2021.285656,2.167445
COL,3,0.165251,0.314159,0.287100,0.129939,0.215075,0.050121,0.196855,1963.486916,0.496038,0.030602,0.445430,2021.187207,2.515015
COL,3,0.126748,0.272009,0.400260,0.097476,0.209203,0.049017,0.179893,1968.557356,0.477069,0.033618,0.488538,2021.079137,2.169241
COL,4,14.268099,0.242181,0.585950,0.122836,0.184245,0.070118,0.618408,2000.024657,1.038163,-0.032369,0.255864,2023.478117,0.835719
COL,4,17.284649,0.356497,0.585950,0.122836,0.184245,0.070118,0.618408,2000.024657,1.038163,-0.032369,0.255864,2023.478117,0.835719
COL,4,18.451159,0.242181,0.724374,0.122836,0.184245,0.070118,0.618408,2000.024657,1.038163,-0.032369,0.255864,2023.478117,0.835719
COL,4,16.853378,0.242181,0.585950,0.182032,0.184245,0.070118,0.618408,2000.024657,1.038163,-0.032369,0.255864,2023.478117,0.835719
COL,4,14.707656,0.242181,0.585950,0.122836,0.215450,0.070118,0.618408,2000.024657,1.038163,-0.032369,0.255864,2023.478117,0.835719
COL,4,13.384238,0.242181,0.585950,0.122836,0.184245,0.083929,0.618408,2000.024657,1.038163,-0.032369,0.255864,2023.478117,0.835719
COL,4,14.436531,0.242181,0.585950,0.122836,0.184245,0.070118,0.782340,2000.024657,1.038163,-0.032369,0.255864,2023.478117,0.835719
COL,4,14.926565,0.242181,0.585950,0.122836,0.184245,0.070118,0.618408,2005.020457,1.038163,-0.032369,0.255864,2023.478117,0.835719
COL,4,14.088608,0.242181,0.585950,0.122836,0.184245,0.070118,0.618408,2000.024657,1.121395,-0.032369,0.255864,2023.478117,0.835719
COL,4,13.709263,0.242181,0.585950,0.122836,0.184245,0.070118,0.618408,2000.024657,1.038163,-0.017733,0.255864,2023.478117,0.835719
COL,4,14.150880,0.242181,0.585950,0.122836,0.184245,0.070118,0.618408,2000.024657,1.038163,-0.032369,0.428122,2023.478117,0.835719
COL,4,14.492168,0.242181,0.585950,0.122836,0.184245,0.070118,0.618408,2000.024657,1.038163,-0.032369,0.255864,2025.769858,0.835719
COL,4,14.332194,0.242181,0.585950,0.122836,0.184245,0.070118,0.618408,2000.024657,1.038163,-0.032369,0.255864,2023.478117,1.368326
COL,4,10.516689,0.260718,0.413741,0.132612,0.190500,0.072835,0.649160,2001.067619,1.055919,-0.030348,0.281542,2023.961150,0.914929
COL,4,6.976251,0.270156,0.254762,0.137562,0.193469,0.074133,0.664110,2001.555243,1.064150,-0.029274,0.294926,2024.186148,0.956239
COL,4,10.438275,0.149850,0.530296,0.135083,0.191998,0.073489,0.656673,2001.314211,1.060087,-0.029816,0.288190,2024.074998,0.935447
COL,4,9.792928,0.229386,0.520735,0.074635,0.193226,0.074027,0.662876,2001.515455,1.063480,-0.029365,0.293797,2024.167809,0.952755
COL,4,9.639792,0.227285,0.509508,0.118362,0.194635,0.074645,0.670043,1992.955801,1.067348,-0.028829,0.300414,2024.273747,0.973185
COL,4,10.337984,0.224845,0.496327,0.117622,0.147361,0.075354,0.678308,1999.825276,1.071740,-0.028192,0.308234,2024.394197,0.997334
COL,4,9.362882,0.222015,0.480867,0.116761,0.185204,0.076164,0.687812,1999.791748,1.076701,-0.027430,0.317489,2020.593283,1.025923
COL,4,9.163472,0.218737,0.462768,0.115759,0.185363,0.077086,0.478639,1999.752524,1.082274,-0.026518,0.328459,2023.742136,1.059818
COL,4,8.465933,0.214945,0.441645,0.114594,0.185548,0.078129,0.648718,1999.706616,1.088491,-0.025422,0.341477,2023.784888,0.576678
COL,4,7.892418,0.210567,0.417115,0.113240,0.185764,0.079302,0.653665,1999.652857,1.095371,-0.024101,0.356945,2023.834319,0.957136
COL,4,7.129585,0.205523,0.388844,0.111669,0.186015,0.080611,0.659395,1999.589866,1.102911,-0.022502,0.194133,2023.891382,0.978360
COL,4,6.229103,0.199729,0.356622,0.109848,0.186306,0.082058,0.666023,1999.516005,0.997256,-0.020561,0.332392,2023.957136,1.003457
COL,4,3.805115,0.180268,0.254470,0.103575,0.187321,0.086459,0.688703,1999.254340,0.891523,-0.013192,0.374353,2024.180408,1.093967
COL,4,5.046271,0.189835,0.303130,0.106691,0.186815,0.084385,0.677466,1999.385786,1.086516,-0.033762,0.353118,2024.070099,1.048211
COL,4,4.642034,0.181839,0.262201,0.104091,0.187237,0.070948,0.686845,1999.276333,1.093193,-0.020207,0.370782,2024.162206,1.086275
COL,4,4.143398,0.290656,0.271359,0.088502,0.178199,0.081833,0.655293,1997.353818,1.081313,-0.021860,0.347898,2023.592320,1.002071
COL,4,4.323216,0.213334,0.267148,0.099262,0.215606,0.081331,0.628943,1998.712198,1.072080,-0.022691,0.333222,2023.059214,0.940774
COL,4,4.847597,0.206379,0.215123,0.152181,0.186351,0.083377,0.639399,1996.028972,1.081189,-0.020003,0.355505,2023.140236,0.982990
COL,4,3.271445,0.204981,0.187108,0.108264,0.183321,0.084144,0.626668,2003.583051,1.079913,-0.019039,0.357827,2022.790843,0.964060
COL,4,1.751853,0.194322,0.100991,0.103358,0.177142,0.087692,0.604156,2006.323515,1.085791,-0.013311,0.388106,2021.893878,0.959517
COL,4,2.744929,0.205414,0.153993,0.107595,0.191746,0.084822,0.592771,2000.282650,1.072399,-0.018338,0.351445,2025.605746,0.902703
COL,4,2.419829,0.206387,0.132237,0.107227,0.192620,0.085243,0.790927,2000.406250,1.064632,-0.017965,0.343971,2023.967742,0.847665
COL,4,2.223459,0.208673,0.113188,0.107148,0.193575,0.085494,0.678773,2000.562187,1.052670,-0.017932,0.331318,2023.956606,1.502599
COL,4,2.032636,0.212712,0.097020,0.107464,0.194615,0.085515,0.678127,2000.756837,1.034514,-0.018365,0.312275,2023.928665,1.085463
COL,4,1.925153,0.219080,0.083745,0.108312,0.195742,0.085224,0.675651,2000.997313,1.006945,-0.019406,0.532931,2023.878288,1.081232
COL,4,1.621849,0.155416,0.114176,0.080994,0.188898,0.090386,0.672934,1998.820503,1.051247,-0.008906,0.441261,2023.507532,1.126648
COL,4,1.724524,0.113843,0.076632,0.058918,0.186520,0.094453,0.677301,1997.224620,1.044409,0.003261,0.518945,2023.133101,1.216765
COL,4,1.568531,0.220929,0.079936,0.104027,0.195714,0.084540,0.658712,2001.001416,1.015305,0.003804,0.392336,2023.539666,1.043854
COL,4,1.080388,0.237437,0.044542,0.102707,0.199810,0.084618,0.649144,2001.732058,0.967718,0.024058,0.412429,2023.253377,1.041680
COL,4,0.774189,0.208676,0.087443,0.060766,0.198262,0.085680,0.697226,2003.968399,1.002548,-0.008047,0.399445,2024.419799,1.121366
COL,4,0.341003,0.209829,0.057734,0.033609,0.203567,0.086728,0.724106,2006.206572,0.949655,-0.001584,0.421977,2024.944394,1.193759
COL,4,0.806371,0.240377,0.056773,0.083751,0.200100,0.093540,0.657303,2003.154912,0.951390,-0.004554,0.392257,2023.616000,1.033373
COL,4,0.751239,0.210920,0.045155,0.085643,0.159793,0.090839,0.717039,2004.076656,0.964728,0.001796,0.442185,2024.683478,1.202572
COL,4,1.796632,0.137720,0.036074,0.095710,0.202196,0.091623,0.703260,2005.469957,0.921115,0.004950,0.442461,2024.435852,1.169539
COL,4,0.635041,0.224696,0.030849,0.080146,0.197055,0.089407,0.673181,2005.297084,1.096988,-0.001880,0.426107,2023.926862,1.086899
COL,4,0.529555,0.201196,0.034016,0.072740,0.193811,0.091174,0.768518,2005.360769,0.950399,0.006693,0.463100,2021.247788,1.329557
COL,4,0.482124,0.199382,0.031961,0.068067,0.193149,0.091673,0.555724,2005.856592,0.939447,0.010405,0.491579,2023.404095,1.485964
COL,4,0.422211,0.195644,0.030335,0.062689,0.192116,0.092293,0.671994,2006.347479,0.935746,0.014940,0.532594,2023.318905,0.832437
COL,4,0.486572,0.189080,0.029024,0.056520,0.190614,0.093080,0.671619,2006.823464,0.943652,0.020423,0.589735,2023.242355,1.162302
COL,4,0.540792,0.178625,0.027925,0.049521,0.188515,0.094067,0.673440,2007.274735,0.967557,0.026803,0.375544,2023.186779,1.180450
COL,4,0.277192,0.282123,0.048812,0.051348,0.178131,0.089893,0.639155,2004.826094,1.046812,0.008560,0.453483,2022.212578,1.093534
COL,4,0.805745,0.366493,0.058424,0.036172,0.163713,0.088913,0.604986,2004.474297,1.089217,0.010333,0.459003,2020.767983,1.056420
COL,4,0.274014,0.224536,0.024531,0.040827,0.203058,0.093407,0.738264,2003.312708,0.830621,0.027532,0.519688,2024.675601,1.340106
COL,4,0.411470,0.240502,0.021028,0.023817,0.213072,0.095234,0.793248,2001.125118,0.627589,0.039385,0.584186,2025.602649,1.544152
COL,4,0.176429,0.285928,0.022276,0.048786,0.195627,0.091997,0.687913,2008.134988,0.856972,0.028911,0.478836,2023.619059,1.194499
COL,4,0.448722,0.359506,0.020335,0.037011,0.198785,0.092707,0.695263,2009.293155,0.717524,0.039654,0.497635,2023.673972,1.229007
COL,4,0.335963,0.201505,0.026339,0.031437,0.183284,0.095693,0.716240,2007.953200,0.954563,-0.001110,0.518979,2023.913151,1.311255
COL,4,0.312737,0.192768,0.023104,0.034253,0.179790,0.090064,0.718212,2007.949635,0.971234,0.027035,0.560118,2023.621645,1.368966
COL,4,0.388417,0.217698,0.023231,0.028131,0.215104,0.092877,0.658821,2008.000119,0.959287,0.025869,0.529892,2022.043874,1.218012
COL,4,0.399815,0.203048,0.026196,0.025259,0.190350,0.094276,0.701495,2007.789651,0.679703,0.031698,0.562688,2022.758148,1.361494
COL,4,0.243698,0.257026,0.028147,0.038951,0.198976,0.089822,0.705792,2006.286725,0.879756,0.006792,0.640030,2023.486272,1.293215
COL,4,0.365483,0.240657,0.024193,0.022519,0.194910,0.092954,0.585550,2007.917057,0.887824,0.026887,0.586703,2025.102045,1.139795
COL,4,0.366586,0.263737,0.025749,0.025757,0.198604,0.090991,0.682968,2007.135281,0.885691,0.015915,0.459353,2024.077528,1.302060
COL,4,0.518836,0.263136,0.023830,0.017365,0.197145,0.092403,0.794356,2007.950139,0.880948,0.025844,0.553704,2024.042362,0.967283
COL,4,0.271512,0.214497,0.029007,0.049690,0.194168,0.091861,0.623655,2006.515353,0.925580,0.014630,0.507249,2023.571031,1.349837
COL,4,0.481365,0.270977,0.024337,0.018332,0.198431,0.091716,0.694473,2007.683528,0.883269,0.022069,0.508822,2024.153293,1.744852
COL,4,0.265755,0.213344,0.028323,0.047073,0.193744,0.092152,0.677692,2006.736806,0.923233,0.016803,0.526674,2023.540179,1.035973
COL,4,0.296501,0.264411,0.027609,0.052134,0.200527,0.088384,0.660471,2005.926977,1.078309,-0.001613,0.471916,2024.683560,1.113107
COL,4,0.303954,0.256315,0.036722,0.052135,0.165448,0.089781,0.703289,2004.973485,0.921579,0.002107,0.495765,2025.409608,1.234476
COL,4,0.346702,0.209758,0.031291,0.062857,0.183980,0.091723,0.683409,2006.096466,0.993431,0.011644,0.571289,2024.213613,1.141167
COL,4,0.705651,0.226310,0.038173,0.081603,0.186305,0.089178,0.779549,2004.146375,1.006493,-0.004717,0.440518,2022.725234,1.303739
COL,4,0.236991,0.237033,0.026061,0.031874,0.192840,0.092144,0.639816,2007.285583,0.921386,0.020144,0.551078,2024.616016,1.180015
COL,4,0.334727,0.263111,0.026113,0.027295,0.198280,0.090829,0.691187,2007.007385,0.891488,0.014601,0.453180,2023.978342,1.309043
COL,4,0.181467,0.272356,0.021309,0.050482,0.176101,0.094737,0.641959,2007.039319,0.933359,0.027733,0.605820,2022.845647,1.273974
COL,4,0.187653,0.294416,0.026172,0.057847,0.196963,0.083640,0.637815,2004.270114,0.924442,0.030953,0.526760,2023.944437,1.151703
COL,4,0.353052,0.234722,0.026410,0.073237,0.181454,0.091128,0.656110,2005.558935,0.986842,0.021949,0.602041,2023.873042,1.128328
COL,4,0.231391,0.255903,0.026186,0.035484,0.194379,0.090904,0.682600,2006.693649,0.917703,0.016522,0.491169,2023.952228,1.263001
COL,4,0.357066,0.321575,0.034093,0.060473,0.201681,0.091940,0.619635,2003.164670,0.901029,0.006117,0.485678,2024.262699,1.056211
COL,4,0.227377,0.222463,0.024538,0.039693,0.185789,0.090566,0.695003,2007.203081,0.954945,0.022496,0.541760,2023.789854,1.288201
COL,4,0.267247,0.246598,0.022096,0.038365,0.213398,0.092274,0.635041,2007.421368,0.958646,0.032044,0.557831,2021.422679,1.192223
COL,4,0.267543,0.235822,0.023744,0.036399,0.187350,0.093698,0.675423,2007.031581,0.678563,0.037349,0.594396,2022.093164,1.330386
COL,4,0.420501,0.212139,0.020686,0.034869,0.208649,0.093269,0.701294,2007.896504,0.673526,0.035647,0.633119,2024.594495,1.392368
COL,4,0.182198,0.263957,0.031454,0.046724,0.186878,0.090856,0.655229,2005.846528,0.981494,0.016950,0.499924,2022.904648,1.165784
COL,4,0.199366,0.275367,0.025214,0.045117,0.182688,0.089129,0.580054,2008.537248,0.975905,0.019097,0.568481,2021.686449,1.114441
COL,4,0.273622,0.297066,0.022388,0.036334,0.191027,0.090704,0.695073,2007.477471,0.902145,0.031368,0.590295,2022.865668,1.068016
COL,4,0.190662,0.234168,0.026470,0.046021,0.193394,0.091585,0.642161,2006.783916,0.919844,0.019437,0.528407,2023.402424,1.277248
COL,4,0.288127,0.273618,0.026307,0.051510,0.198471,0.087550,0.639096,2006.994410,1.082178,-0.001014,0.491527,2024.349792,1.077711
COL,4,0.200978,0.245078,0.024266,0.039774,0.190273,0.092498,0.666514,2007.022329,0.815228,0.030830,0.569369,2022.739183,1.265461
COL,4,0.268510,0.262179,0.032619,0.049279,0.160274,0.089797,0.684273,2006.461645,0.875965,0.008878,0.531581,2024.899372,1.223085
COL,4,0.203311,0.250461,0.023289,0.040883,0.203163,0.091712,0.647661,2007.207622,0.939558,0.027369,0.551310,2022.489647,1.199911
COL,4,0.278742,0.304475,0.022731,0.039280,0.189649,0.089861,0.636864,2007.272916,0.918366,0.028028,0.566677,2023.128237,1.418193
COL,4,0.176558,0.234991,0.026304,0.045014,0.192739,0.091629,0.667704,2006.879436,0.922022,0.019874,0.536768,2023.439917,1.127171
COL,4,0.178078,0.254388,0.022673,0.048588,0.182579,0.092438,0.598851,2007.678712,0.964073,0.035666,0.429319,2023.177435,1.124747
COL,4,0.171361,0.277860,0.023138,0.062477,0.187775,0.090255,0.661917,2006.896696,0.934277,0.029620,0.504171,2021.346497,1.226568
COL,4,0.304097,0.298880,0.022257,0.084369,0.185132,0.089166,0.672720,2006.683130,0.940560,0.033438,0.480442,2019.056276,1.250086
COL,4,0.178570,0.262086,0.022746,0.062051,0.184942,0.091476,0.614232,2007.481165,0.940474,0.033793,0.565812,2021.861601,1.138631
COL,4,0.179565,0.304254,0.023445,0.060168,0.193482,0.091924,0.586068,2007.070769,0.899006,0.031346,0.519903,2021.712713,1.090604
COL,4,0.208029,0.283482,0.024790,0.062271,0.171758,0.090843,0.626851,2007.042566,0.909180,0.027784,0.504902,2023.044222,1.157380
COL,4,0.174202,0.258603,0.023613,0.045568,0.196335,0.091502,0.642506,2007.167195,0.932183,0.027473,0.539812,2022.632545,1.189221
COL,4,0.246039,0.291426,0.023592,0.065192,0.188404,0.089696,0.602873,2007.249687,1.023167,0.023290,0.481207,2022.788363,1.082063
COL,4,0.155906,0.256442,0.024086,0.045210,0.189810,0.091871,0.651052,2007.080777,0.877676,0.029111,0.547707,2022.751511,1.218569
COL,4,0.210060,0.257514,0.022821,0.058033,0.196595,0.093248,0.697902,2003.919175,0.866845,0.034961,0.478559,2023.833279,1.249134
COL,4,0.168482,0.270873,0.024472,0.048105,0.186370,0.090329,0.610979,2007.889543,0.951476,0.023815,0.546383,2022.288005,1.147529
COL,4,0.199259,0.306143,0.022135,0.057350,0.185070,0.091025,0.634823,2007.341185,0.935683,0.035215,0.522531,2022.033143,1.067241
COL,4,0.169521,0.251618,0.024907,0.048669,0.191386,0.091448,0.640332,2006.932733,0.923865,0.024142,0.526940,2023.085702,1.223379
COL,4,0.193050,0.238356,0.022155,0.044269,0.179903,0.096066,0.639603,2008.698820,0.931124,0.024262,0.524212,2021.111135,1.201070
COL,4,0.162419,0.280117,0.024746,0.054180,0.193001,0.088315,0.638262,2005.993375,0.926123,0.029415,0.526123,2023.342157,1.163966
COL,4,0.164947,0.270663,0.020996,0.056278,0.191755,0.092309,0.618949,2008.177374,0.853926,0.037080,0.555034,2022.508298,1.186515
COL,4,0.198228,0.262001,0.028361,0.053135,0.202977,0.086097,0.628740,2007.620246,0.898973,0.031358,0.437628,2022.512918,1.067664
COL,4,0.177428,0.269757,0.022083,0.051135,0.183592,0.093237,0.638673,2007.196006,0.925032,0.028684,0.565243,2022.763957,1.221070
COL,4,0.205825,0.226115,0.022931,0.043129,0.185891,0.091001,0.690029,2007.612034,0.937419,0.027263,0.534210,2023.673572,1.272003
COL,4,0.170612,0.284171,0.023308,0.055484,0.191645,0.091701,0.613192,2007.216062,0.908948,0.030381,0.523488,2022.255885,1.134879
COL,4,0.189060,0.270257,0.023793,0.040894,0.195378,0.091509,0.664161,2007.175246,0.889960,0.023384,0.480398,2023.611927,1.221154
COL,4,0.157971,0.264122,0.022977,0.056099,0.187668,0.091484,0.626984,2007.407779,0.928425,0.031544,0.544799,2022.341744,1.159043
COL,4,0.171886,0.279740,0.023966,0.053943,0.198151,0.090253,0.682711,2006.881168,0.854314,0.019400,0.631462,2022.237464,1.241394
COL,4,0.166374,0.265860,0.025662,0.051745,0.199506,0.088484,0.652467,2007.368826,0.888394,0.027198,0.512130,2022.596696,1.147722
COL,4,0.183853,0.307140,0.021836,0.059888,0.192303,0.090122,0.620209,2007.704894,0.885832,0.035161,0.536932,2021.661633,1.245818
COL,4,0.160938,0.252493,0.024634,0.048420,0.192630,0.091273,0.656097,2007.108804,0.913253,0.024418,0.536809,2023.036852,1.156387
COL,4,0.169500,0.249715,0.025731,0.055379,0.188763,0.089530,0.592426,2005.900290,0.955034,0.027330,0.602119,2021.298344,1.171007
COL,4,0.202113,0.275271,0.023902,0.061005,0.186645,0.089780,0.632390,2007.103224,0.888418,0.028752,0.554013,2022.258043,1.173222
COL,4,0.156833,0.262742,0.023683,0.049098,0.194018,0.091098,0.639989,2007.151328,0.921665,0.027798,0.543374,2022.540701,1.185213
COL,4,0.167280,0.251458,0.023511,0.050959,0.183769,0.091219,0.581992,2007.409617,0.969993,0.035801,0.441896,2022.700629,1.113160
COL,4,0.191523,0.248957,0.024520,0.042169,0.194011,0.091369,0.591072,2007.474150,0.904063,0.029047,0.563706,2023.629571,1.108875
COL,4,0.171651,0.270549,0.023438,0.056804,0.189376,0.090545,0.644726,2007.051750,0.926934,0.029478,0.519217,2021.985536,1.196702
COL,4,0.162629,0.259585,0.023880,0.047122,0.191940,0.091493,0.645540,2007.116257,0.900205,0.028462,0.545542,2022.646898,1.201848
COL,4,0.148833,0.260273,0.023488,0.050421,0.188745,0.091680,0.639104,2007.248877,0.903777,0.030356,0.546253,2022.549547,1.188662
COL,4,0.162123,0.254464,0.024352,0.046793,0.191232,0.091577,0.653579,2007.094823,0.895806,0.026847,0.542267,2022.895731,1.187320
COL,4,0.170783,0.268208,0.024404,0.049533,0.191420,0.090237,0.644683,2006.577173,0.902557,0.029263,0.536947,2023.053755,1.191147
COL,4,0.165382,0.263524,0.022019,0.050503,0.190788,0.092093,0.635148,2007.690527,0.865930,0.033477,0.551375,2022.630955,1.202502
COL,4,0.166012,0.261138,0.024810,0.048389,0.194810,0.090309,0.651760,2007.228343,0.883064,0.028170,0.529997,2022.674534,1.182937
COL,4,0.165508,0.253945,0.023788,0.048015,0.186837,0.091551,0.617097,2007.249850,0.926559,0.032711,0.495050,2022.726117,1.165376
COL,4,0.164704,0.263628,0.024275,0.046640,0.188106,0.091131,0.631237,2007.516337,0.916221,0.026567,0.547045,2022.523469,1.182839
COL,4,0.155626,0.253070,0.024840,0.050089,0.189288,0.090767,0.622174,2006.537165,0.918182,0.028234,0.575257,2022.057314,1.194698
COL,4,0.178744,0.254026,0.024478,0.046914,0.190601,0.091662,0.645710,2007.007618,0.901364,0.026719,0.537354,2022.920746,1.220973
COL,4,0.156674,0.270214,0.023677,0.050137,0.190732,0.091787,0.632321,2007.149178,0.893573,0.029753,0.535638,2022.507924,1.176427
COL,4,0.157543,0.267091,0.023581,0.053298,0.188798,0.091096,0.656505,2006.990062,0.906895,0.029366,0.526047,2022.079449,1.222566
COL,4,0.145210,0.267926,0.023311,0.050764,0.189862,0.090957,0.634459,2007.265512,0.897646,0.031908,0.542676,2022.257241,1.165014
COL,4,0.157782,0.274955,0.022847,0.052781,0.189490,0.090585,0.628778,2007.386425,0.895776,0.034144,0.545330,2021.902169,1.137431
COL,4,0.161302,0.253702,0.023211,0.048291,0.188763,0.092386,0.633785,2007.702256,0.895615,0.030059,0.544033,2021.963986,1.190213
COL,4,0.178015,0.259466,0.022747,0.049416,0.184034,0.092634,0.623498,2007.243415,0.916560,0.031371,0.553244,2022.262763,1.199660
COL,4,0.166679,0.260719,0.024182,0.048644,0.192239,0.090945,0.644783,2007.232118,0.891670,0.029006,0.535838,2022.573757,1.187109
COL,4,0.163470,0.264091,0.023399,0.050592,0.189305,0.091325,0.636784,2007.257206,0.900722,0.031144,0.544465,2022.404826,1.176814
COL,4,0.176593,0.260465,0.024004,0.050425,0.189575,0.090862,0.628337,2006.921539,0.908036,0.030135,0.559068,2022.157907,1.179819
COL,4,0.173567,0.262165,0.023679,0.047922,0.189836,0.091425,0.642797,2007.174572,0.887764,0.030547,0.545193,2022.508579,1.191676
COL,4,0.162402,0.269069,0.023489,0.050450,0.190298,0.091381,0.633391,2007.207918,0.895614,0.030854,0.539160,2022.383630,1.170715
COL,4,0.161627,0.267508,0.023444,0.052019,0.189331,0.091027,0.645558,2007.130909,0.902295,0.030669,0.534380,2022.168844,1.193657
COL,4,0.162918,0.260784,0.023261,0.049515,0.189314,0.091700,0.634122,2007.492924,0.896632,0.031000,0.543354,2022.111953,1.177587
