country,restart,loss,form_base,marry_share_of_form,cohab_to_marr,dissolve_cohab,dissolve_marr,kappa_floor,kappa_mid,kappa_steep,form_tilt,period_depth,period_mid,period_steep
CRI,1,1.906980,0.160000,0.300000,0.050000,0.060000,0.015000,1.000000,1990.000000,0.150000,0.000000,0.150000,2018.000000,0.800000
CRI,1,3.829884,0.260447,0.300000,0.050000,0.060000,0.015000,1.000000,1990.000000,0.150000,0.000000,0.150000,2018.000000,0.800000
CRI,1,2.804020,0.160000,0.468328,0.050000,0.060000,0.015000,1.000000,1990.000000,0.150000,0.000000,0.150000,2018.000000,0.800000
CRI,1,2.678557,0.160000,0.300000,0.092403,0.060000,0.015000,1.000000,1990.000000,0.150000,0.000000,0.150000,2018.000000,0.800000
CRI,1,1.541121,0.160000,0.300000,0.050000,0.103183,0.015000,1.000000,1990.000000,0.150000,0.000000,0.150000,2018.000000,0.800000
CRI,1,1.664559,0.160000,0.300000,0.050000,0.060000,0.028199,1.000000,1990.000000,0.150000,0.000000,0.150000,2018.000000,0.800000
CRI,1,1.906980,0.160000,0.300000,0.050000,0.060000,0.015000,1.000000,1990.000000,0.150000,0.000000,0.150000,2018.000000,0.800000
CRI,1,1.906980,0.160000,0.300000,0.050000,0.060000,0.015000,1.000000,1998.763349,0.150000,0.000000,0.150000,2018.000000,0.800000
CRI,1,1.906980,0.160000,0.300000,0.050000,0.060000,0.015000,1.000000,1990.000000,0.282313,0.000000,0.150000,2018.000000,0.800000
CRI,1,1.906980,0.160000,0.300000,0.050000,0.060000,0.015000,1.000000,1990.000000,0.150000,0.000000,0.150000,2018.000000,0.800000
CRI,1,1.859514,0.160000,0.300000,0.050000,0.060000,0.015000,1.000000,1990.000000,0.150000,0.000000,0.279706,2018.000000,0.800000
CRI,1,1.976316,0.160000,0.300000,0.050000,0.060000,0.015000,1.000000,1990.000000,0.150000,0.000000,0.150000,2022.406683,0.800000
CRI,1,1.912393,0.160000,0.300000,0.050000,0.060000,0.015000,1.000000,1990.000000,0.150000,0.000000,0.150000,2018.000000,1.322631
CRI,1,0.631970,0.092549,0.326047,0.055805,0.066289,0.016780,1.000000,1991.664246,0.167328,0.000000,0.167620,2018.839901,0.876985
CRI,1,0.367369,0.055010,0.339486,0.058897,0.069587,0.017732,1.000000,1992.469867,0.176655,0.000000,0.177022,2019.245965,0.917236
CRI,1,1.091892,0.133651,0.176788,0.057335,0.067925,0.017251,1.000000,1992.069392,0.171935,0.000000,0.172271,2019.044152,0.896968
CRI,1,0.966270,0.129645,0.282287,0.026160,0.069308,0.017651,1.000000,1992.403452,0.175861,0.000000,0.176223,2019.212502,0.913839
CRI,1,0.910470,0.125108,0.279398,0.047468,0.070943,0.018127,1.000000,1992.788980,0.180541,0.000000,0.180922,2013.170110,0.933768
CRI,1,0.790489,0.120002,0.276051,0.047057,0.072880,0.018695,1.000000,1993.232883,0.186140,0.000000,0.186525,2017.843713,0.488673
CRI,1,0.702172,0.114296,0.272179,0.046580,0.075178,0.019375,1.000000,1993.742540,0.192863,0.000000,0.193226,2017.817562,0.811174
CRI,1,0.559631,0.107973,0.267706,0.046029,0.077911,0.020191,1.000000,1994.325614,0.093198,0.000000,0.201268,2017.787017,0.813047
CRI,1,0.423933,0.101041,0.262549,0.045393,0.081167,0.021176,1.000000,1983.139995,0.167062,0.000000,0.210956,2017.751332,0.815236
CRI,1,0.294182,0.093539,0.256618,0.044660,0.085052,0.022369,1.000000,1992.486909,0.170072,0.000000,0.222675,2017.709633,0.817795
CRI,1,0.142700,0.071809,0.236593,0.042171,0.099296,0.026911,1.000000,1993.666516,0.180990,0.000000,0.267143,2017.563133,0.826795
CRI,1,0.186293,0.081838,0.246461,0.043400,0.092059,0.024570,1.000000,1993.082426,0.175455,0.000000,0.244248,2017.636490,0.822286
CRI,1,0.160205,0.073372,0.238217,0.042374,0.098076,0.026511,1.000000,1993.569979,0.180057,0.000000,0.124437,2017.575374,0.826042
CRI,1,0.158780,0.064823,0.228857,0.041202,0.105263,0.013780,1.000000,1994.128455,0.185559,0.000000,0.232190,2017.503887,0.830439
CRI,1,0.098465,0.056445,0.218292,0.039869,0.061839,0.025918,1.000000,1994.765529,0.192164,0.000000,0.248504,2017.420239,0.835588
CRI,1,0.229820,0.037318,0.184346,0.035489,0.045876,0.033003,1.000000,1996.866820,0.216892,0.000000,0.311097,2017.125456,0.853780
CRI,1,0.258948,0.058246,0.369102,0.032312,0.094353,0.024405,1.000000,1993.318502,0.171077,0.000000,0.232626,2016.011751,0.734180
CRI,1,0.310331,0.053079,0.253476,0.071064,0.097219,0.025159,1.000000,1993.145424,0.166477,0.000000,0.238135,2015.252991,0.692839
CRI,1,0.310775,0.048310,0.251999,0.043921,0.099999,0.025866,1.000000,1992.823977,0.159933,0.000000,0.242854,2021.164009,0.642163
CRI,1,0.364043,0.043998,0.251251,0.043801,0.102566,0.026478,1.000000,1992.304604,0.151133,0.000000,0.246295,2017.705536,1.215719
CRI,1,0.445013,0.040182,0.251511,0.043800,0.104754,0.026935,1.000000,1991.521254,0.139847,0.000000,0.247840,2017.713107,0.838090
CRI,1,0.517582,0.036880,0.253137,0.043963,0.106348,0.027157,1.000000,1990.385701,0.299110,0.000000,0.246730,2017.731421,0.840395
CRI,1,0.296226,0.045954,0.256727,0.044472,0.098913,0.025283,1.000000,1991.413434,0.227187,0.000000,0.234766,2017.745332,0.833500
CRI,1,0.433556,0.097966,0.270308,0.046315,0.078449,0.020143,1.000000,1993.266492,0.222736,0.000000,0.198400,2017.810629,0.814554
CRI,1,0.206178,0.076438,0.265523,0.045675,0.084706,0.021712,1.000000,1992.838864,0.198766,0.000000,0.210042,2017.786285,0.820395
CRI,1,0.459911,0.038090,0.259538,0.044742,0.102365,0.025814,1.000000,2000.652146,0.193014,0.000000,0.233619,2017.778321,0.838268
CRI,1,0.198517,0.076711,0.261794,0.045229,0.086263,0.022276,1.000000,1988.341319,0.173242,0.000000,0.216471,2017.758082,0.820953
CRI,1,0.193778,0.067308,0.186433,0.032453,0.119132,0.031262,1.000000,1993.161245,0.182047,0.000000,0.282872,2015.915863,0.728186
CRI,1,0.302774,0.095244,0.246942,0.042198,0.086372,0.022057,1.000000,1993.461828,0.218538,0.000000,0.211539,2017.273548,0.472096
CRI,1,0.286583,0.095552,0.245371,0.041801,0.086581,0.022002,1.000000,1993.059845,0.217808,0.000000,0.209689,2012.464070,0.901545
CRI,1,0.294610,0.094687,0.242601,0.022288,0.087490,0.022138,1.000000,1992.723070,0.218966,0.000000,0.209451,2018.482458,0.876821
CRI,1,0.207907,0.052770,0.248321,0.035718,0.098590,0.025264,1.000000,1992.272904,0.166871,0.000000,0.235492,2016.749155,1.312677
CRI,1,0.566817,0.116070,0.237422,0.032587,0.086015,0.022036,1.000000,1994.399471,0.152020,0.000000,0.212327,2016.090535,0.877747
CRI,1,0.191095,0.056528,0.251801,0.041202,0.095621,0.024442,1.000000,1992.186461,0.205899,0.000000,0.229010,2017.339994,0.844419
CRI,1,0.327050,0.050328,0.252891,0.068559,0.098753,0.025578,1.000000,1993.072597,0.156332,0.000000,0.241344,2015.090303,0.829116
CRI,1,0.157796,0.080068,0.245145,0.030031,0.090253,0.022966,1.000000,1992.810818,0.201562,0.000000,0.217131,2017.669782,0.864729
CRI,1,0.291128,0.048745,0.250022,0.036366,0.100354,0.025907,1.000000,1992.694164,0.155109,0.000000,0.242432,2021.349041,0.799982
CRI,1,0.165137,0.079843,0.246528,0.040382,0.089945,0.022937,1.000000,1992.968826,0.200368,0.000000,0.217568,2014.883153,0.875400
CRI,1,0.169668,0.082145,0.145626,0.048533,0.091648,0.023159,1.000000,1992.370600,0.203283,0.000000,0.216371,2018.265687,1.003763
CRI,1,0.333979,0.099506,0.210404,0.046391,0.086423,0.022021,1.000000,1993.428720,0.215106,0.000000,0.210618,2017.817015,0.497660
CRI,1,0.142416,0.061179,0.238399,0.038168,0.095488,0.024424,1.000000,1992.565829,0.177944,0.000000,0.229093,2017.019824,1.063369
CRI,1,0.135730,0.064614,0.192293,0.035204,0.102297,0.026094,1.000000,1992.828115,0.177596,0.000000,0.239469,2016.650338,0.899385
CRI,1,0.142944,0.062632,0.185129,0.034082,0.103381,0.026131,1.000000,1997.354846,0.204500,0.000000,0.236484,2016.491338,0.912311
CRI,1,0.181827,0.070324,0.259816,0.047752,0.070281,0.017613,1.000000,1993.956869,0.198556,0.000000,0.172202,2018.388194,1.055061
CRI,1,0.240439,0.088081,0.193868,0.038781,0.086852,0.021906,1.000000,1995.148930,0.174371,0.000000,0.206820,2017.195308,0.955417
CRI,1,0.146337,0.062821,0.236226,0.040585,0.093395,0.023790,1.000000,1992.955895,0.197588,0.000000,0.223314,2017.303892,0.871352
CRI,1,0.134757,0.057958,0.196847,0.036365,0.090547,0.021668,1.000000,1994.297189,0.208686,0.000000,0.190247,2016.837548,0.988715
CRI,1,0.201871,0.064748,0.177326,0.031401,0.118468,0.030553,1.000000,1993.491500,0.186117,0.000000,0.271208,2015.771313,0.756493
CRI,1,0.133970,0.068874,0.236886,0.043110,0.081281,0.020386,1.000000,1993.841252,0.195381,0.000000,0.193996,2017.756703,0.974698
CRI,1,0.210472,0.054540,0.331532,0.030223,0.092792,0.023295,1.000000,1995.244645,0.180525,0.000000,0.215301,2015.813621,0.795261
CRI,1,0.127414,0.073818,0.181219,0.043252,0.091933,0.023193,1.000000,1993.116729,0.197374,0.000000,0.216103,2017.672266,0.948806
CRI,1,0.177124,0.055281,0.193081,0.037042,0.094854,0.023564,1.000000,1994.717338,0.182725,0.000000,0.213872,2019.510126,0.928568
CRI,1,0.131757,0.072562,0.232216,0.039524,0.091162,0.023092,1.000000,1993.416250,0.195825,0.000000,0.216639,2016.103307,0.888506
CRI,1,0.108812,0.059620,0.199262,0.034850,0.085730,0.019787,1.000000,1994.115862,0.206124,0.000000,0.370914,2016.759690,0.993011
CRI,1,0.174890,0.066311,0.202889,0.034870,0.076187,0.037445,1.000000,1993.554987,0.203618,0.000000,0.238102,2016.707521,1.016804
CRI,1,0.127965,0.065191,0.222135,0.039534,0.097635,0.018189,1.000000,1993.986205,0.189939,0.000000,0.233659,2017.306817,0.874827
CRI,1,0.164477,0.052681,0.185656,0.049632,0.091391,0.023406,1.000000,1995.023422,0.185616,0.000000,0.257106,2016.473760,0.980708
CRI,1,0.125901,0.071746,0.229051,0.034166,0.090537,0.023076,1.000000,1993.380590,0.197469,0.000000,0.226700,2017.375329,0.892876
CRI,1,0.112901,0.067677,0.192004,0.036011,0.087811,0.022475,1.000000,1994.955260,0.189362,0.000000,0.250916,2016.861848,0.977401
CRI,1,0.131862,0.068782,0.245970,0.043205,0.076171,0.019838,1.000000,1989.619827,0.180541,0.000000,0.239580,2017.724272,0.945479
CRI,1,0.097062,0.059692,0.194173,0.035090,0.076162,0.018203,1.000000,1993.201680,0.203918,0.000000,0.207072,2016.686098,1.059960
CRI,1,0.083625,0.054670,0.175441,0.031953,0.065805,0.014749,1.000000,1992.966503,0.216281,0.000000,0.180933,2016.238727,1.188247
CRI,1,0.107670,0.068591,0.182887,0.037699,0.074725,0.018598,1.000000,1994.342305,0.214125,0.000000,0.233752,2017.107419,0.841387
CRI,1,0.103481,0.065521,0.225387,0.041301,0.064933,0.016282,1.000000,1994.340178,0.221212,0.000000,0.222630,2017.545990,0.988755
CRI,1,0.151467,0.074974,0.225277,0.040859,0.070780,0.018968,1.000000,1992.880909,0.190391,0.000000,0.283788,2017.480294,0.899429
CRI,1,0.110555,0.061685,0.203667,0.037447,0.085372,0.020968,1.000000,1993.949753,0.203977,0.000000,0.211261,2016.999531,0.965924
CRI,1,0.118801,0.061679,0.182047,0.033601,0.080078,0.020279,1.000000,1993.370757,0.204866,0.000000,0.282515,2016.422519,0.911382
CRI,1,0.125928,0.060670,0.166073,0.032121,0.086004,0.020911,1.000000,1997.601700,0.225986,0.000000,0.238115,2016.234640,0.934254
CRI,1,0.092302,0.056080,0.166760,0.034005,0.070715,0.017584,1.000000,1995.098256,0.213753,0.000000,0.266468,2017.869714,1.000987
CRI,1,0.153212,0.060534,0.166419,0.033144,0.061438,0.022249,1.000000,1994.736848,0.224564,0.000000,0.253368,2016.784743,1.037971
CRI,1,0.114688,0.063983,0.206933,0.037844,0.087779,0.019147,1.000000,1994.175896,0.198140,0.000000,0.238488,2017.177143,0.914051
CRI,1,0.102916,0.052746,0.209066,0.029500,0.065456,0.016828,1.000000,1995.717584,0.216410,0.000000,0.277043,2016.323210,0.954021
CRI,1,0.102744,0.062012,0.235937,0.039315,0.067324,0.018100,1.000000,1990.467144,0.187442,0.000000,0.259181,2017.770909,0.972102
CRI,1,0.081853,0.051737,0.172248,0.037878,0.060140,0.015620,1.000000,1994.703159,0.212918,0.000000,0.277469,2016.712883,1.029512
CRI,1,0.080083,0.044709,0.148777,0.039860,0.047833,0.012696,1.000000,1995.339628,0.221014,0.000000,0.305213,2016.376650,1.101840
CRI,1,0.081704,0.056307,0.210263,0.039606,0.063463,0.016589,1.000000,1995.034286,0.207899,0.000000,0.225510,2017.649506,1.041779
CRI,1,0.082430,0.053286,0.185543,0.035464,0.053806,0.017184,1.000000,1994.399920,0.216616,0.000000,0.265676,2016.986553,1.061051
CRI,1,0.063770,0.048829,0.198925,0.037179,0.049152,0.013816,1.000000,1993.507059,0.231468,0.000000,0.255216,2017.321074,1.008472
CRI,1,0.057307,0.042292,0.202462,0.037775,0.035322,0.010651,1.000000,1992.753841,0.255221,0.000000,0.257383,2017.547949,1.024208
CRI,1,0.072471,0.049810,0.187303,0.035804,0.043560,0.013293,1.000000,1994.337599,0.223465,0.000000,0.308802,2017.276412,1.030103
CRI,1,0.060923,0.049930,0.189517,0.038632,0.038189,0.013218,1.000000,1994.209876,0.224148,0.000000,0.161647,2017.596634,1.008619
CRI,1,0.076576,0.042315,0.207592,0.035870,0.040130,0.013323,1.000000,1993.959973,0.217491,0.000000,0.257796,2017.336425,1.207338
CRI,1,0.112204,0.041167,0.165589,0.031905,0.043386,0.014794,1.000000,1993.898242,0.209904,0.000000,0.276387,2016.859022,1.078506
CRI,1,0.082587,0.057716,0.208983,0.038754,0.058957,0.015899,1.000000,1994.230380,0.218339,0.000000,0.235361,2017.375799,1.010804
CRI,1,0.060154,0.050384,0.179009,0.046488,0.042179,0.014165,1.000000,1992.148392,0.214905,0.000000,0.215795,2018.226938,1.125656
CRI,1,0.074373,0.042302,0.150399,0.036147,0.037567,0.012580,1.000000,1997.333995,0.252779,0.000000,0.224617,2016.882469,1.132579
CRI,1,0.062002,0.043769,0.153290,0.035055,0.037929,0.007269,1.000000,1993.931497,0.258092,0.000000,0.230673,2017.150446,1.347539
CRI,1,0.053112,0.042383,0.198531,0.041275,0.028882,0.009811,1.000000,1993.381308,0.240293,0.000000,0.209010,2016.565808,1.213489
CRI,1,0.061141,0.037562,0.216239,0.045377,0.017478,0.007208,1.000000,1992.482054,0.254516,0.000000,0.183829,2015.894479,1.325767
CRI,1,0.057758,0.041659,0.192781,0.045677,0.027173,0.011046,1.000000,1995.544174,0.241702,0.000000,0.308865,2018.229974,1.028224
CRI,1,0.054906,0.038077,0.159307,0.038903,0.026971,0.009580,1.000000,1994.566462,0.243519,0.000000,0.254871,2017.272852,1.210152
CRI,1,0.055795,0.038552,0.175366,0.043108,0.026530,0.007944,1.000000,1994.425851,0.250174,0.000000,0.223749,2017.704895,1.181913
CRI,1,0.058610,0.035135,0.149587,0.039208,0.018583,0.007265,1.000000,1993.670783,0.268185,0.000000,0.263390,2017.052733,1.226552
CRI,1,0.052682,0.040667,0.211545,0.038851,0.021988,0.008813,1.000000,1993.053208,0.261057,0.000000,0.186068,2018.401237,1.184419
CRI,1,0.061155,0.038892,0.250291,0.038355,0.014499,0.007303,1.000000,1991.838836,0.283067,0.000000,0.141294,2019.347742,1.226611
CRI,1,0.049230,0.042601,0.152223,0.043682,0.024054,0.007802,1.000000,1994.333541,0.273098,0.000000,0.212662,2017.658916,1.076160
CRI,1,0.044575,0.042746,0.129994,0.048092,0.018397,0.005908,1.000000,1994.518350,0.304640,0.000000,0.192311,2017.818638,1.013239
CRI,1,0.054239,0.042689,0.205166,0.045449,0.022879,0.007298,1.000000,1989.959153,0.243271,0.000000,0.238699,2018.250619,1.128850
CRI,1,0.061483,0.036154,0.167704,0.047682,0.017363,0.006203,1.000000,1992.729081,0.278333,0.000000,0.160412,2018.032642,1.252901
CRI,1,0.067192,0.039063,0.207473,0.051123,0.017684,0.011168,1.000000,1992.950083,0.244704,0.000000,0.209408,2018.297359,0.932456
CRI,1,0.047315,0.042497,0.165497,0.038605,0.031556,0.008106,1.000000,1993.689263,0.254693,0.000000,0.225222,2017.442116,1.237985
CRI,1,0.070706,0.049542,0.189667,0.036386,0.042295,0.013521,1.000000,1994.297980,0.222958,0.000000,0.307710,2017.325018,1.013550
CRI,1,0.049399,0.038809,0.172973,0.044616,0.021882,0.007579,1.000000,1993.129261,0.263592,0.000000,0.191066,2017.857656,1.191058
CRI,1,0.054945,0.034734,0.165280,0.046076,0.017632,0.005770,1.000000,1992.635934,0.284252,0.000000,0.312929,2017.809185,1.290591
CRI,1,0.054957,0.032837,0.172765,0.038221,0.013529,0.004572,1.000000,1994.739322,0.309113,0.000000,0.258232,2017.095865,1.193573
CRI,1,0.059066,0.045191,0.210982,0.045163,0.030058,0.008506,1.000000,1993.457056,0.255742,0.000000,0.210538,2018.274934,1.088579
CRI,1,0.052432,0.037205,0.163212,0.040631,0.021003,0.007559,1.000000,1993.617501,0.265032,0.000000,0.249439,2017.363781,1.191432
CRI,1,0.053972,0.036970,0.159629,0.037992,0.019759,0.005187,1.000000,1991.079132,0.287626,0.000000,0.168477,2016.951256,1.320371
CRI,1,0.044713,0.035746,0.145798,0.045975,0.013496,0.004766,1.000000,1993.763736,0.278285,0.000000,0.193161,2017.551070,1.376669
CRI,1,0.049479,0.038431,0.163694,0.040785,0.016355,0.005939,1.000000,1991.934773,0.288727,0.000000,0.218294,2017.367302,1.241187
CRI,1,0.049950,0.048132,0.164682,0.046429,0.032649,0.010641,1.000000,1991.093361,0.230001,0.000000,0.182133,2018.013969,1.237332
CRI,1,0.066776,0.047356,0.172039,0.038573,0.028155,0.009429,1.000000,1993.053609,0.242451,0.000000,0.130796,2017.341310,1.133286
CRI,1,0.050318,0.037220,0.166947,0.044095,0.019859,0.006535,1.000000,1992.740873,0.273329,0.000000,0.257019,2017.693025,1.250590
CRI,1,0.050817,0.042185,0.179826,0.046642,0.017502,0.005315,1.000000,1990.693822,0.288411,0.000000,0.167661,2017.945058,1.218566
CRI,1,0.048651,0.037607,0.136059,0.040129,0.019816,0.006664,1.000000,1995.308297,0.296784,0.000000,0.169577,2016.901927,1.317626
CRI,1,0.047720,0.043675,0.170963,0.048352,0.022955,0.009700,1.000000,1995.000450,0.252720,0.000000,0.240353,2018.195916,1.125821
CRI,1,0.040502,0.038129,0.133620,0.045793,0.014961,0.005115,1.000000,1993.104073,0.304246,0.000000,0.200118,2018.814292,1.215103
CRI,1,0.040817,0.036307,0.109452,0.048201,0.010636,0.003656,1.000000,1992.964495,0.340382,0.000000,0.195777,2019.849420,1.215911
CRI,1,0.043355,0.039218,0.115765,0.049882,0.018614,0.005218,1.000000,1993.439993,0.288186,0.000000,0.226903,2017.084233,1.249627
CRI,1,0.049156,0.043494,0.142529,0.049410,0.019108,0.005742,1.000000,1992.842044,0.287911,0.000000,0.164994,2018.088503,1.252266
CRI,1,0.046258,0.038406,0.124261,0.043527,0.023229,0.008252,1.000000,1995.882629,0.264484,0.000000,0.245290,2017.535074,1.230470
CRI,1,0.051866,0.043960,0.127532,0.045948,0.021052,0.007004,1.000000,1994.575636,0.277693,0.000000,0.157677,2017.762586,1.195319
CRI,1,0.044095,0.038709,0.156123,0.044553,0.020151,0.006649,1.000000,1993.210635,0.274415,0.000000,0.228900,2017.710434,1.236691
CRI,1,0.044632,0.033648,0.128150,0.043333,0.011516,0.003900,1.000000,1996.340090,0.336372,0.000000,0.233917,2017.386795,1.208311
CRI,1,0.043237,0.039911,0.123768,0.049748,0.022190,0.006640,1.000000,1996.307192,0.277720,0.000000,0.198223,2018.036119,1.199050
CRI,1,0.044881,0.039696,0.110735,0.046393,0.016631,0.005076,1.000000,1995.764330,0.306383,0.000000,0.227497,2017.579562,1.250650
CRI,1,0.056261,0.035286,0.128924,0.041395,0.018640,0.006580,1.000000,1996.469536,0.283897,0.000000,0.273091,2017.257227,1.189208
CRI,1,0.040875,0.041114,0.139000,0.047296,0.018990,0.005941,1.000000,1993.797873,0.286904,0.000000,0.188413,2017.883336,1.236394
CRI,1,0.045726,0.041053,0.135538,0.052281,0.017842,0.005560,1.000000,1993.864102,0.273731,0.000000,0.270835,2018.583189,1.113348
CRI,1,0.042189,0.035331,0.103774,0.044090,0.014710,0.003419,1.000000,1993.994112,0.324408,0.000000,0.197758,2017.377792,1.302220
CRI,1,0.045553,0.035140,0.099256,0.056092,0.009165,0.003570,1.000000,1995.338041,0.334778,0.000000,0.207034,2018.123181,1.198386
CRI,1,0.045964,0.037937,0.127139,0.052174,0.010881,0.003037,1.000000,1992.994851,0.335730,0.000000,0.183700,2018.129438,1.200501
CRI,1,0.043279,0.038053,0.126413,0.049893,0.013198,0.003917,1.000000,1993.746998,0.316807,0.000000,0.197911,2017.982263,1.207968
CRI,1,0.048829,0.035272,0.115238,0.043087,0.013590,0.004307,1.000000,1995.061795,0.332788,0.000000,0.155179,2016.955130,1.337263
CRI,1,0.041800,0.039435,0.130142,0.049846,0.016676,0.005218,1.000000,1994.168753,0.287738,0.000000,0.237627,2018.186827,1.167892
CRI,1,0.050669,0.042130,0.164858,0.039193,0.028556,0.007103,1.000000,1993.366850,0.264940,0.000000,0.212364,2017.448764,1.243604
CRI,1,0.043219,0.036654,0.112577,0.051402,0.012274,0.004250,1.000000,1994.859396,0.316249,0.000000,0.208358,2017.956377,1.209634
CRI,2,2.747559,0.204509,0.538972,0.059197,0.206587,0.043884,1.000000,1994.393543,1.055666,0.000000,0.183084,2003.500931,0.639711
CRI,2,4.707420,0.315447,0.538972,0.059197,0.206587,0.043884,1.000000,1994.393543,1.055666,0.000000,0.183084,2003.500931,0.639711
CRI,2,4.611064,0.204509,0.690435,0.059197,0.206587,0.043884,1.000000,1994.393543,1.055666,0.000000,0.183084,2003.500931,0.639711
CRI,2,3.666041,0.204509,0.538972,0.106090,0.206587,0.043884,1.000000,1994.393543,1.055666,0.000000,0.183084,2003.500931,0.639711
CRI,2,2.883583,0.204509,0.538972,0.059197,0.228431,0.043884,1.000000,1994.393543,1.055666,0.000000,0.183084,2003.500931,0.639711
CRI,2,2.193087,0.204509,0.538972,0.059197,0.206587,0.063509,1.000000,1994.393543,1.055666,0.000000,0.183084,2003.500931,0.639711
CRI,2,2.747559,0.204509,0.538972,0.059197,0.206587,0.043884,1.000000,1994.393543,1.055666,0.000000,0.183084,2003.500931,0.639711
CRI,2,2.747559,0.204509,0.538972,0.059197,0.206587,0.043884,1.000000,2001.688919,1.055666,0.000000,0.183084,2003.500931,0.639711
CRI,2,2.747559,0.204509,0.538972,0.059197,0.206587,0.043884,1.000000,1994.393543,1.130505,0.000000,0.183084,2003.500931,0.639711
CRI,2,2.747559,0.204509,0.538972,0.059197,0.206587,0.043884,1.000000,1994.393543,1.055666,0.000000,0.183084,2003.500931,0.639711
CRI,2,1.825174,0.204509,0.538972,0.059197,0.206587,0.043884,1.000000,1994.393543,1.055666,0.000000,0.329612,2003.500931,0.639711
CRI,2,2.832331,0.204509,0.538972,0.059197,0.206587,0.043884,1.000000,1994.393543,1.055666,0.000000,0.183084,2006.756192,0.639711
CRI,2,2.760345,0.204509,0.538972,0.059197,0.206587,0.043884,1.000000,1994.393543,1.055666,0.000000,0.183084,2003.500931,1.104168
CRI,2,1.522101,0.120513,0.566984,0.065789,0.211165,0.047189,1.000000,1995.840101,1.071741,0.000000,0.203601,2003.930183,0.705143
CRI,2,1.146250,0.069928,0.580667,0.069277,0.213302,0.048853,1.000000,1996.529655,1.079173,0.000000,0.214469,2004.160863,0.739748
CRI,2,0.994880,0.172691,0.372357,0.067517,0.212245,0.048021,1.000000,1996.187738,1.075506,0.000000,0.208984,2004.044156,0.722288
CRI,2,0.432001,0.158171,0.225724,0.071977,0.214840,0.050103,1.000000,1997.031710,1.084494,0.000000,0.222885,2004.341120,0.766522
CRI,2,1.173056,0.165310,0.490289,0.031919,0.213562,0.049061,1.000000,1996.614235,1.080075,0.000000,0.215856,2004.190471,0.744161
CRI,2,1.226727,0.159344,0.482068,0.057050,0.176170,0.049929,1.000000,1996.962760,1.083767,0.000000,0.221702,2004.315708,0.762762
CRI,2,1.077681,0.152598,0.472458,0.056697,0.206396,0.050942,1.000000,1997.361400,1.087947,0.000000,0.228662,2001.944227,0.784887
CRI,2,0.902826,0.145023,0.461232,0.056289,0.206364,0.052122,1.000000,1997.815569,1.092653,0.000000,0.236968,2003.631425,0.404941
CRI,2,0.755213,0.136588,0.448135,0.055815,0.206327,0.053496,1.000000,1998.330520,1.097918,0.000000,0.246909,2003.653572,0.686850
CRI,2,0.600633,0.127295,0.432882,0.055266,0.206283,0.055093,1.000000,1998.910968,0.982423,0.000000,0.258844,2003.679555,0.694966
CRI,2,0.488324,0.117189,0.415172,0.054631,0.206232,0.056941,1.000000,1989.466404,1.083073,0.000000,0.273216,2003.710067,0.704529
CRI,2,0.438901,0.106376,0.394699,0.053897,0.206173,0.059074,1.000000,1997.750765,1.087163,0.000000,0.290569,2003.745934,0.715814
CRI,2,0.416901,0.095037,0.371179,0.053050,0.206104,0.061519,1.000000,1998.257211,1.091772,0.000000,0.311571,2003.788150,0.729152
CRI,2,0.739675,0.064879,0.293674,0.050170,0.205860,0.069565,1.000000,1999.908457,1.106596,0.000000,0.390443,2003.939074,0.777298
CRI,2,0.390961,0.083435,0.344402,0.052076,0.206023,0.041460,1.000000,1998.828567,1.096935,0.000000,0.337015,2003.837909,0.744949
CRI,2,0.671230,0.054377,0.258656,0.048778,0.205738,0.031119,1.000000,2000.663984,1.113291,0.000000,0.432106,2004.016404,0.802216
CRI,2,0.595064,0.071916,0.314297,0.050957,0.205928,0.060790,1.000000,1999.468645,1.102675,0.000000,0.189057,2003.896654,0.763697
CRI,2,0.567922,0.081855,0.340501,0.051933,0.228114,0.056684,1.000000,1997.681030,1.082125,0.000000,0.280606,2003.095125,0.640664
CRI,2,0.624531,0.070377,0.309950,0.093617,0.205914,0.058778,1.000000,1998.178261,1.086091,0.000000,0.299509,2003.031637,0.640823
CRI,2,0.598476,0.166557,0.201492,0.048464,0.204884,0.060585,1.000000,1998.514211,1.088057,0.000000,0.317097,2002.893508,0.629282
CRI,2,0.549143,0.077405,0.243828,0.058164,0.211761,0.060150,1.000000,1997.929814,1.079310,0.000000,0.315563,2006.291837,0.569197
CRI,2,0.566117,0.073534,0.222964,0.058902,0.212634,0.060322,1.000000,1997.498127,1.071635,0.000000,0.319779,2003.906608,1.106589
CRI,2,0.622151,0.070561,0.203053,0.059926,0.213641,0.060115,1.000000,1996.810510,1.060048,0.000000,0.321096,2003.926526,0.751302
CRI,2,0.329271,0.137023,0.295694,0.030667,0.215158,0.055102,1.000000,1996.738905,1.069879,0.000000,0.269570,2004.892972,0.823879
CRI,2,0.590142,0.189247,0.288711,0.016191,0.219137,0.053240,1.000000,1995.975830,1.061036,0.000000,0.255298,2006.118846,0.928046
CRI,2,0.817551,0.152501,0.445413,0.046095,0.207979,0.052874,1.000000,1998.100896,1.095588,0.000000,0.242359,2003.958267,0.716519
CRI,2,0.455705,0.085233,0.253347,0.056200,0.212288,0.058333,1.000000,1997.141872,1.069810,0.000000,0.300232,2003.934441,0.742491
CRI,2,0.527365,0.078907,0.190043,0.050284,0.215974,0.058490,1.000000,1995.563159,1.141347,0.000000,0.309643,2004.267214,0.782551
CRI,2,0.961340,0.054488,0.412139,0.057624,0.218647,0.052571,1.000000,1995.503602,1.092311,0.000000,0.251120,2005.674992,0.889538
CRI,2,0.325246,0.125501,0.245525,0.050638,0.208714,0.058617,1.000000,1997.807150,1.089134,0.000000,0.299789,2003.448293,0.688104
CRI,2,0.342049,0.135673,0.267052,0.054820,0.218223,0.051981,1.000000,1993.969413,1.073650,0.000000,0.423170,2004.211056,0.726028
CRI,2,0.356227,0.129189,0.233923,0.054289,0.185431,0.055408,1.000000,1995.498743,1.094299,0.000000,0.329315,2005.496540,0.877678
CRI,2,0.502796,0.158053,0.357053,0.047088,0.206089,0.050841,1.000000,1995.351716,1.106253,0.000000,0.291011,2004.675256,0.467416
CRI,2,0.586085,0.168513,0.350970,0.046025,0.206075,0.049446,1.000000,1994.388632,1.104282,0.000000,0.291034,2002.670921,0.911360
CRI,2,0.376186,0.093956,0.268405,0.054918,0.210399,0.057523,1.000000,1997.101680,1.086048,0.000000,0.309332,2005.144730,0.643351
CRI,2,0.834611,0.170076,0.444639,0.054168,0.199736,0.051000,1.000000,1997.133486,0.989824,0.000000,0.296712,2004.199929,0.649092
CRI,2,0.374497,0.095588,0.241535,0.051234,0.212383,0.056640,1.000000,1995.967065,1.118069,0.000000,0.306383,2004.250311,0.747406
CRI,2,0.506695,0.078309,0.235784,0.058523,0.211786,0.059585,1.000000,1997.421400,1.065969,0.000000,0.318177,2003.764585,1.117872
CRI,2,0.347426,0.132859,0.324084,0.049764,0.207573,0.053053,1.000000,1995.888901,1.097364,0.000000,0.297681,2004.432266,0.590858
CRI,2,0.346030,0.107975,0.184644,0.049767,0.211861,0.052901,1.000000,2002.211838,1.094522,0.000000,0.341898,2004.879319,0.756903
CRI,2,0.408187,0.154120,0.306339,0.047352,0.205670,0.050562,1.000000,1997.611853,1.108823,0.000000,0.319839,2004.777625,0.720714
CRI,2,0.350125,0.131662,0.177788,0.048370,0.211767,0.048363,1.000000,1996.974096,1.098152,0.000000,0.335081,2005.206861,0.748370
CRI,2,0.472491,0.085592,0.314213,0.032807,0.201878,0.057096,1.000000,1997.686167,1.102618,0.000000,0.439834,2004.655668,0.695731
CRI,2,0.308716,0.135961,0.246013,0.059863,0.211902,0.051863,1.000000,1997.197552,1.089289,0.000000,0.269954,2004.418092,0.748342
CRI,2,0.422123,0.151301,0.170892,0.046824,0.212212,0.043905,1.000000,1996.229352,1.095603,0.000000,0.326311,2005.437901,0.734995
CRI,2,0.312669,0.106816,0.311833,0.051435,0.207700,0.057215,1.000000,1997.771439,1.092741,0.000000,0.315224,2004.156130,0.730610
CRI,2,0.426612,0.087729,0.215859,0.053190,0.212893,0.056128,1.000000,1996.952359,1.073047,0.000000,0.317190,2004.236913,0.745239
CRI,2,0.312890,0.134107,0.281743,0.048761,0.207573,0.051960,1.000000,1997.449224,1.100858,0.000000,0.319176,2004.637510,0.726788
CRI,2,0.666300,0.174574,0.181137,0.047852,0.212815,0.066472,1.000000,1995.333974,1.088125,0.000000,0.297691,2005.413471,0.718022
CRI,2,0.311276,0.100456,0.297095,0.050993,0.207807,0.047810,1.000000,1998.017029,1.094793,0.000000,0.326960,2004.191412,0.738147
CRI,2,0.412202,0.157349,0.244032,0.044734,0.208215,0.049275,1.000000,1997.380538,1.100180,0.000000,0.327836,2003.910609,0.846389
CRI,2,0.330445,0.106976,0.262163,0.052215,0.209862,0.055482,1.000000,1997.171793,1.089740,0.000000,0.313908,2004.810390,0.690213
CRI,2,0.412578,0.157574,0.274719,0.048196,0.205591,0.049981,1.000000,1998.612873,1.055337,0.000000,0.332182,2004.845650,0.722417
CRI,2,0.320748,0.108414,0.249556,0.050460,0.210770,0.054988,1.000000,1996.664686,1.105276,0.000000,0.312735,2004.393269,0.741099
CRI,2,0.316870,0.113663,0.286117,0.044854,0.227484,0.051160,1.000000,1999.171471,1.088982,0.000000,0.306443,2003.578730,0.592006
CRI,2,0.385050,0.108802,0.386684,0.049808,0.213182,0.058607,1.000000,1998.240489,1.083166,0.000000,0.296327,2003.556745,0.674033
CRI,2,0.304105,0.125556,0.219827,0.048726,0.212125,0.050945,1.000000,1997.299298,1.094577,0.000000,0.325172,2004.745748,0.729228
CRI,2,0.350599,0.106793,0.206032,0.048242,0.217552,0.053641,1.000000,1999.392706,1.083538,0.000000,0.338400,2004.254550,0.875885
CRI,2,0.302563,0.125831,0.291296,0.049380,0.210276,0.053200,1.000000,1996.831340,1.094054,0.000000,0.307613,2004.387280,0.654157
CRI,2,0.467082,0.134783,0.378235,0.048176,0.213545,0.053842,1.000000,1990.330595,1.086562,0.000000,0.289008,2003.785174,0.673169
CRI,2,0.307063,0.114153,0.224364,0.049365,0.212288,0.053137,1.000000,1999.949778,1.092581,0.000000,0.328265,2004.584337,0.735268
CRI,2,0.311643,0.104200,0.265999,0.042844,0.205228,0.054948,1.000000,2000.769144,1.108067,0.000000,0.210917,2004.460960,0.703817
CRI,2,0.288473,0.131617,0.271586,0.043588,0.213716,0.051352,1.000000,1998.835669,1.097533,0.000000,0.282852,2003.847583,0.742543
CRI,2,0.358329,0.145799,0.276379,0.039738,0.215525,0.049277,1.000000,1999.605103,1.101239,0.000000,0.268006,2003.430061,0.769796
CRI,2,0.312147,0.102016,0.236348,0.075505,0.207969,0.051110,1.000000,1999.533687,1.116989,0.000000,0.330753,2003.627341,0.608023
CRI,2,0.302778,0.107680,0.283593,0.051064,0.214400,0.046267,1.000000,1998.863600,1.106744,0.000000,0.303892,2005.171950,0.717203
CRI,2,0.307209,0.124514,0.285092,0.051345,0.213103,0.048502,1.000000,2000.178824,1.091106,0.000000,0.289717,2004.204298,0.661839
CRI,2,0.311855,0.120600,0.248464,0.058837,0.184177,0.051902,1.000000,1998.029709,1.107420,0.000000,0.293054,2005.263246,0.838384
CRI,2,0.337688,0.100350,0.247159,0.056014,0.210091,0.051092,1.000000,1999.776446,1.097424,0.000000,0.276764,2004.176825,0.704681
CRI,2,0.298383,0.124773,0.272816,0.050500,0.208214,0.051743,1.000000,1998.064124,1.100009,0.000000,0.308269,2004.518653,0.721212
CRI,2,0.283205,0.129334,0.216126,0.052992,0.210052,0.044885,1.000000,1999.537991,1.106329,0.000000,0.279354,2004.724550,0.699439
CRI,2,0.311475,0.142172,0.177523,0.053784,0.211188,0.038859,1.000000,2000.345128,1.112516,0.000000,0.262341,2005.031239,0.684243
CRI,2,0.351889,0.140752,0.283438,0.032731,0.210135,0.049983,1.000000,1997.777074,1.076927,0.000000,0.257356,2005.606316,0.853964
CRI,2,0.281800,0.110602,0.247572,0.062143,0.208519,0.050828,1.000000,1999.113438,1.108280,0.000000,0.311470,2004.058004,0.663581
CRI,2,0.282341,0.117509,0.270023,0.043756,0.227831,0.049011,1.000000,1999.475836,1.089500,0.000000,0.295532,2003.711510,0.595493
CRI,2,0.286046,0.138608,0.252950,0.060208,0.219426,0.044973,1.000000,1996.192514,1.085309,0.000000,0.410827,2004.272701,0.694925
CRI,2,0.370235,0.151441,0.218790,0.052339,0.219182,0.051636,1.000000,1998.989931,1.098204,0.000000,0.290700,2004.560860,0.655420
CRI,2,0.302339,0.111395,0.276003,0.051327,0.210932,0.048766,1.000000,1998.265938,1.095655,0.000000,0.317691,2004.281396,0.716751
CRI,2,0.296430,0.108457,0.271132,0.043202,0.215597,0.047069,1.000000,1999.877905,1.104264,0.000000,0.358555,2004.305555,0.641462
CRI,2,0.289934,0.115813,0.231342,0.049222,0.214876,0.050189,1.000000,1996.770280,1.104725,0.000000,0.348288,2004.541287,0.722229
CRI,2,0.302060,0.126620,0.294687,0.051172,0.216053,0.045073,1.000000,1996.467514,1.105324,0.000000,0.311757,2004.157527,0.647842
CRI,2,0.303968,0.115287,0.314242,0.052259,0.216820,0.046278,1.000000,1999.126853,1.105233,0.000000,0.312568,2003.923382,0.640429
CRI,2,0.302446,0.117777,0.288586,0.051357,0.215694,0.047442,1.000000,1998.689332,1.102665,0.000000,0.315696,2004.117060,0.661782
CRI,2,0.311947,0.136352,0.246530,0.049924,0.214891,0.051154,1.000000,1997.557792,1.092131,0.000000,0.336186,2003.443968,0.642648
CRI,2,0.282564,0.114253,0.274007,0.050777,0.214523,0.047485,1.000000,1998.547021,1.103270,0.000000,0.311813,2004.685361,0.697961
CRI,2,0.248275,0.114899,0.237072,0.051862,0.219211,0.043296,1.000000,1999.758159,1.106470,0.000000,0.333022,2004.135004,0.712403
CRI,2,0.263670,0.109782,0.212856,0.053140,0.222994,0.038491,1.000000,2001.021572,1.112166,0.000000,0.346082,2004.013427,0.742985
CRI,2,0.286442,0.122262,0.231481,0.049952,0.214886,0.048323,1.000000,1998.219196,1.098834,0.000000,0.327619,2004.409342,0.712969
CRI,2,0.277545,0.131240,0.235527,0.049755,0.219796,0.046927,1.000000,1998.636238,1.106138,0.000000,0.327258,2004.261920,0.657638
CRI,2,0.311442,0.116185,0.211038,0.049672,0.215813,0.050942,1.000000,2000.513332,1.096692,0.000000,0.335974,2004.406359,0.729129
CRI,2,0.270011,0.123931,0.271972,0.050794,0.215993,0.046534,1.000000,1997.578229,1.103230,0.000000,0.317729,2004.218626,0.667460
CRI,2,0.259780,0.117778,0.229223,0.050384,0.223392,0.043425,1.000000,1999.087365,1.102700,0.000000,0.341251,2004.005861,0.646608
CRI,2,0.300991,0.137260,0.224191,0.060065,0.218786,0.047454,1.000000,1997.019376,1.098109,0.000000,0.289558,2004.156535,0.727796
CRI,2,0.271318,0.115064,0.258808,0.047008,0.216419,0.047165,1.000000,1999.212218,1.102758,0.000000,0.340658,2004.267895,0.662245
CRI,2,0.301891,0.128488,0.267968,0.052601,0.219670,0.043855,1.000000,2000.430926,1.097272,0.000000,0.297769,2003.896055,0.637116
CRI,2,0.280260,0.118866,0.240141,0.050050,0.216131,0.048598,1.000000,1997.767704,1.102909,0.000000,0.335306,2004.372316,0.700164
CRI,2,0.265843,0.111126,0.223321,0.060437,0.221010,0.042264,1.000000,1998.407879,1.105339,0.000000,0.374252,2004.693576,0.612883
CRI,2,0.251999,0.117786,0.260935,0.054740,0.220968,0.044237,1.000000,1999.046992,1.105172,0.000000,0.334030,2004.145617,0.623084
CRI,2,0.305911,0.100994,0.240246,0.044491,0.216904,0.047455,1.000000,2001.125447,1.119193,0.000000,0.248370,2004.257501,0.628020
CRI,2,0.278515,0.128129,0.249731,0.055925,0.218812,0.045592,1.000000,1997.577614,1.094813,0.000000,0.366843,2004.268897,0.677691
CRI,2,0.312117,0.108145,0.286288,0.051252,0.225929,0.047662,1.000000,1997.813295,1.098865,0.000000,0.389059,2003.776676,0.620537
CRI,2,0.269201,0.123695,0.232354,0.052553,0.214678,0.045577,1.000000,1999.125086,1.104511,0.000000,0.305134,2004.471126,0.679005
CRI,2,0.262026,0.124084,0.220186,0.053788,0.222733,0.044745,1.000000,1998.947450,1.102261,0.000000,0.351823,2003.778921,0.618976
CRI,2,0.267848,0.121753,0.215952,0.064074,0.205562,0.042540,1.000000,1997.888955,1.116327,0.000000,0.379446,2004.780701,0.729135
CRI,2,0.258103,0.131393,0.231008,0.045473,0.225792,0.039437,1.000000,1998.072861,1.100559,0.000000,0.373645,2004.505025,0.666150
CRI,2,0.254994,0.124366,0.236701,0.055842,0.221678,0.040085,1.000000,1999.439464,1.105672,0.000000,0.355005,2004.203978,0.625696
CRI,2,0.246119,0.114786,0.225422,0.049961,0.219698,0.042098,1.000000,1999.893176,1.114584,0.000000,0.322041,2004.295155,0.638215
CRI,2,0.252652,0.108627,0.213958,0.047175,0.220133,0.040378,1.000000,2000.919028,1.123131,0.000000,0.300668,2004.308333,0.619188
CRI,2,0.261004,0.109562,0.237452,0.056189,0.218694,0.040010,1.000000,1999.135069,1.105676,0.000000,0.360450,2004.307743,0.654523
CRI,2,0.261179,0.123992,0.212430,0.061074,0.222206,0.038622,1.000000,1998.542629,1.109426,0.000000,0.350006,2004.308386,0.648687
CRI,2,0.233975,0.115129,0.192983,0.058451,0.223486,0.037943,1.000000,2000.218426,1.109983,0.000000,0.379538,2004.373766,0.640522
CRI,2,0.259690,0.110958,0.161164,0.062596,0.226658,0.033883,1.000000,2001.363828,1.113195,0.000000,0.411920,2004.453063,0.627387
CRI,2,0.248420,0.113976,0.220685,0.057545,0.225733,0.037616,1.000000,1998.980376,1.109663,0.000000,0.406483,2004.110494,0.623356
CRI,2,0.262031,0.114531,0.238199,0.046082,0.233029,0.039729,1.000000,2000.291099,1.095690,0.000000,0.334162,2003.739154,0.563842
CRI,2,0.255656,0.126100,0.232947,0.046820,0.225467,0.039581,1.000000,2000.136692,1.106190,0.000000,0.332592,2003.667047,0.663528
CRI,2,0.270198,0.124341,0.217494,0.061504,0.206688,0.042088,1.000000,1998.201686,1.116454,0.000000,0.372334,2004.592181,0.738556
CRI,2,0.255560,0.116912,0.232889,0.049613,0.228342,0.040315,1.000000,1999.797598,1.101281,0.000000,0.343544,2003.938944,0.603957
CRI,2,0.236133,0.113635,0.237529,0.052224,0.223320,0.036467,1.000000,1999.753136,1.110610,0.000000,0.352864,2004.576071,0.672167
CRI,2,0.255137,0.112075,0.250464,0.044558,0.224007,0.042110,1.000000,2000.311303,1.103740,0.000000,0.355165,2004.060568,0.645418
CRI,2,0.258793,0.127300,0.226453,0.046772,0.227707,0.041049,1.000000,1999.962245,1.107247,0.000000,0.343917,2004.021144,0.638150
CRI,2,0.250795,0.119993,0.234136,0.051612,0.224440,0.037315,1.000000,2000.146897,1.110813,0.000000,0.363633,2004.326679,0.644567
CRI,2,0.262155,0.109903,0.238287,0.056410,0.218898,0.038997,1.000000,1999.316831,1.107034,0.000000,0.364223,2004.363011,0.654179
CRI,2,0.263524,0.122720,0.229370,0.049048,0.225743,0.040533,1.000000,1999.803784,1.107194,0.000000,0.348949,2004.104462,0.642127
CRI,2,0.233731,0.114380,0.214343,0.055270,0.223403,0.037202,1.000000,1999.987882,1.110297,0.000000,0.366110,2004.473993,0.656191
CRI,2,0.268569,0.114957,0.208696,0.054076,0.221647,0.040003,1.000000,2000.056838,1.112311,0.000000,0.350299,2004.334315,0.639367
CRI,2,0.263802,0.115014,0.214132,0.055081,0.221418,0.040592,1.000000,1999.990349,1.108242,0.000000,0.355976,2004.253010,0.675708
CRI,2,0.242965,0.114551,0.206458,0.057997,0.224632,0.037780,1.000000,1999.613546,1.109823,0.000000,0.392942,2004.240451,0.631891
CRI,2,0.247215,0.117537,0.212771,0.054949,0.223967,0.037629,1.000000,2000.182712,1.110399,0.000000,0.371555,2004.350170,0.642542
CRI,2,0.244685,0.116450,0.225005,0.056572,0.222252,0.041053,1.000000,1999.645427,1.107606,0.000000,0.356494,2004.258438,0.631753
CRI,2,0.240355,0.119663,0.213960,0.057135,0.222595,0.039009,1.000000,1999.834714,1.107851,0.000000,0.367196,2004.288183,0.633073
CRI,2,0.252207,0.113592,0.220273,0.051131,0.223748,0.040009,1.000000,2000.264951,1.106909,0.000000,0.367277,2004.214774,0.642966
CRI,2,0.240568,0.116017,0.212191,0.053891,0.226024,0.039123,1.000000,2000.009736,1.105724,0.000000,0.361368,2004.151655,0.622017
CRI,2,0.249610,0.120496,0.212218,0.052382,0.224493,0.038759,1.000000,2000.177626,1.108104,0.000000,0.355754,2004.007447,0.651943
CRI,2,0.252802,0.123010,0.211314,0.051640,0.224662,0.038687,1.000000,1999.185775,1.105378,0.000000,0.376588,2004.439002,0.653235
CRI,2,0.247302,0.121070,0.209181,0.052355,0.225678,0.039485,1.000000,2000.090981,1.108624,0.000000,0.361559,2004.194403,0.639335
CRI,2,0.254234,0.119499,0.215273,0.055324,0.225977,0.037874,1.000000,1999.815993,1.104034,0.000000,0.385291,2004.204467,0.647283
CRI,2,0.250922,0.120204,0.210001,0.054356,0.226862,0.036856,1.000000,1999.854242,1.107585,0.000000,0.384384,2004.276840,0.607759
CRI,3,16.869018,0.474192,0.524061,0.183118,0.189351,0.015085,1.000000,1992.695121,0.354479,0.000000,0.152051,2020.874475,1.410279
CRI,3,17.727179,0.535803,0.524061,0.183118,0.189351,0.015085,1.000000,1992.695121,0.354479,0.000000,0.152051,2020.874475,1.410279
CRI,3,20.588922,0.474192,0.679117,0.183118,0.189351,0.015085,1.000000,1992.695121,0.354479,0.000000,0.152051,2020.874475,1.410279
CRI,3,18.306370,0.474192,0.524061,0.233137,0.189351,0.015085,1.000000,1992.695121,0.354479,0.000000,0.152051,2020.874475,1.410279
CRI,3,16.766942,0.474192,0.524061,0.183118,0.218547,0.015085,1.000000,1992.695121,0.354479,0.000000,0.152051,2020.874475,1.410279
CRI,3,15.176345,0.474192,0.524061,0.183118,0.189351,0.028334,1.000000,1992.695121,0.354479,0.000000,0.152051,2020.874475,1.410279
CRI,3,16.869018,0.474192,0.524061,0.183118,0.189351,0.015085,1.000000,1992.695121,0.354479,0.000000,0.152051,2020.874475,1.410279
CRI,3,16.869018,0.474192,0.524061,0.183118,0.189351,0.015085,1.000000,2000.594887,0.354479,0.000000,0.152051,2020.874475,1.410279
CRI,3,16.869018,0.474192,0.524061,0.183118,0.189351,0.015085,1.000000,1992.695121,0.575892,0.000000,0.152051,2020.874475,1.410279
CRI,3,16.869018,0.474192,0.524061,0.183118,0.189351,0.015085,1.000000,1992.695121,0.354479,0.000000,0.152051,2020.874475,1.410279
CRI,3,16.627254,0.474192,0.524061,0.183118,0.189351,0.015085,1.000000,1992.695121,0.354479,0.000000,0.282903,2020.874475,1.410279
CRI,3,17.201309,0.474192,0.524061,0.183118,0.189351,0.015085,1.000000,1992.695121,0.354479,0.000000,0.152051,2024.276497,1.410279
CRI,3,16.895086,0.474192,0.524061,0.183118,0.189351,0.015085,1.000000,1992.695121,0.354479,0.000000,0.152051,2020.874475,1.984276
CRI,3,12.900982,0.486832,0.350845,0.192479,0.195264,0.016874,1.000000,1994.236109,0.388005,0.000000,0.169860,2021.559335,1.508381
CRI,3,9.936280,0.492782,0.207470,0.197034,0.198060,0.017829,1.000000,1994.975037,0.405406,0.000000,0.179359,2021.883982,1.557541
CRI,3,13.070014,0.489838,0.465852,0.126371,0.196675,0.017346,1.000000,1994.608284,0.396655,0.000000,0.174560,2021.723150,1.532963
CRI,3,12.920685,0.387109,0.456075,0.176314,0.197831,0.017748,1.000000,1994.914291,0.403940,0.000000,0.178552,2021.857384,1.553446
CRI,3,12.892266,0.467973,0.444674,0.175169,0.199157,0.018226,1.000000,1995.266478,0.412527,0.000000,0.183299,2016.549769,1.577328
CRI,3,13.429163,0.466916,0.431399,0.173828,0.200671,0.018797,1.000000,1995.670712,0.422659,0.000000,0.188957,2020.745005,0.949161
CRI,3,12.919108,0.465675,0.415980,0.172259,0.202394,0.019479,1.000000,1996.133144,0.434628,0.000000,0.195723,2020.723279,1.424864
CRI,3,12.109018,0.464217,0.398130,0.170423,0.204346,0.020299,1.000000,1996.660001,0.232277,0.000000,0.203841,2020.697878,1.427296
CRI,3,11.381026,0.462502,0.377569,0.168272,0.206544,0.021288,1.000000,1986.129059,0.387502,0.000000,0.213618,2020.668171,1.430135
CRI,3,10.523183,0.460483,0.354050,0.165753,0.209001,0.022485,1.000000,1994.990619,0.393169,0.000000,0.225439,2020.633415,1.433448
CRI,3,9.839419,0.458101,0.327410,0.162803,0.211726,0.023941,1.000000,1995.354188,0.399835,0.000000,0.239790,2020.592732,1.437315
CRI,3,6.711877,0.449551,0.243149,0.152415,0.220108,0.029528,1.000000,1996.581693,0.423624,0.000000,0.294570,2020.449215,1.450856
CRI,3,8.565375,0.453867,0.283353,0.157618,0.178771,0.026641,1.000000,1995.976773,0.411643,0.000000,0.266321,2020.521193,1.444084
CRI,3,7.362090,0.450276,0.249561,0.153283,0.210852,0.029034,1.000000,1996.482112,0.421615,0.000000,0.139815,2020.461242,1.449727
CRI,3,7.271307,0.446014,0.213861,0.148219,0.213761,0.015604,1.000000,1997.055964,0.433395,0.000000,0.260481,2020.390917,1.456314
CRI,3,7.775329,0.450505,0.251609,0.153557,0.207016,0.023323,1.000000,1994.508595,0.365894,0.000000,0.225326,2020.465036,2.019428
CRI,3,7.424300,0.414327,0.199412,0.203519,0.211853,0.026303,1.000000,1995.559473,0.385629,0.000000,0.252452,2019.125725,1.507632
CRI,3,6.428745,0.509914,0.175113,0.160445,0.212996,0.027404,1.000000,1995.368900,0.375550,0.000000,0.261208,2018.437463,1.479523
CRI,3,4.578181,0.545579,0.099907,0.152399,0.219103,0.033302,1.000000,1995.592901,0.361790,0.000000,0.310451,2016.426333,1.442625
CRI,3,5.838968,0.467499,0.154846,0.161268,0.212070,0.027533,1.000000,1994.011772,0.336123,0.000000,0.259330,2019.097175,1.611123
CRI,3,5.196941,0.465115,0.114830,0.155949,0.216395,0.031068,1.000000,1994.716934,0.343610,0.000000,0.289991,2022.922036,1.464260
CRI,3,4.869436,0.469001,0.107344,0.158369,0.214221,0.030255,1.000000,1992.842861,0.588715,0.000000,0.279192,2019.971097,1.620467
CRI,3,4.688691,0.471710,0.092267,0.158890,0.213555,0.030651,1.000000,2001.870673,0.420680,0.000000,0.279216,2019.882854,1.649221
CRI,3,4.600351,0.475401,0.079595,0.160284,0.212073,0.030654,1.000000,1996.933983,0.419455,0.000000,0.274989,2019.790703,1.681628
CRI,3,3.130739,0.435988,0.122522,0.121398,0.222122,0.039953,1.000000,1997.256783,0.409330,0.000000,0.355460,2017.880474,1.578759
CRI,3,2.439543,0.401613,0.094164,0.086493,0.230027,0.053813,1.000000,1998.302890,0.411299,0.000000,0.464873,2015.509206,1.589361
CRI,3,3.787972,0.471227,0.073490,0.149526,0.234944,0.032559,1.000000,1996.717252,0.403053,0.000000,0.278638,2018.725045,1.715491
CRI,3,3.705318,0.477451,0.068403,0.152921,0.227048,0.038368,1.000000,1998.361091,0.457777,0.000000,0.335350,2018.480216,1.081599
CRI,3,3.370018,0.511589,0.072484,0.094430,0.226066,0.036794,1.000000,1997.901173,0.448552,0.000000,0.317481,2019.774707,1.525780
CRI,3,3.323397,0.496186,0.049406,0.134140,0.228623,0.035004,1.000000,1997.282198,0.415808,0.000000,0.529208,2018.246699,1.596381
CRI,3,3.125836,0.506203,0.045985,0.136823,0.228784,0.058749,1.000000,1996.753788,0.401411,0.000000,0.391842,2017.944808,1.613091
CRI,3,3.283246,0.511420,0.034647,0.130106,0.225503,0.043522,1.000000,1997.251678,0.407241,0.000000,0.369184,2017.423281,1.645465
CRI,3,3.181264,0.504830,0.038445,0.116473,0.232362,0.048878,1.000000,1999.870368,0.516616,0.000000,0.431041,2018.636295,1.491065
CRI,3,3.412570,0.512189,0.040661,0.115204,0.231999,0.047743,1.000000,2000.082321,0.538794,0.000000,0.419057,2012.658497,1.642279
CRI,3,3.363947,0.515422,0.037632,0.106147,0.235075,0.051801,1.000000,2002.189479,0.298453,0.000000,0.457004,2015.532472,1.489812
CRI,3,3.656585,0.519521,0.036993,0.097598,0.237486,0.055019,1.000000,1993.480509,0.421680,0.000000,0.488655,2014.856327,1.434387
CRI,3,4.107978,0.522986,0.036840,0.087177,0.240149,0.059168,1.000000,1998.927105,0.423281,0.000000,0.531329,2014.085232,1.360925
CRI,3,2.982933,0.425074,0.029410,0.084194,0.239844,0.060509,1.000000,2000.490935,0.496643,0.000000,0.527793,2017.334196,1.586174
CRI,3,3.701383,0.450547,0.062022,0.148135,0.218084,0.034763,1.000000,1997.792519,0.442113,0.000000,0.306783,2019.921112,1.705260
CRI,3,4.141860,0.506407,0.032567,0.085845,0.225733,0.061919,1.000000,2000.017419,0.470007,0.000000,0.568874,2015.709839,1.348958
CRI,3,3.207002,0.480829,0.057505,0.132583,0.233007,0.039541,1.000000,1997.607017,0.419344,0.000000,0.345499,2018.003172,1.624299
CRI,3,3.847561,0.501818,0.033351,0.080400,0.234843,0.055973,1.000000,1998.423842,0.408386,0.000000,0.506956,2015.893693,2.063930
CRI,3,3.141344,0.483931,0.055266,0.133419,0.229282,0.042667,1.000000,1998.376802,0.445191,0.000000,0.376527,2017.856570,1.324362
CRI,3,4.407609,0.524826,0.035001,0.082235,0.240122,0.061094,1.000000,1999.062309,0.423997,0.000000,0.550934,2013.837852,1.387895
CRI,3,3.176236,0.472797,0.052588,0.130454,0.225925,0.041113,1.000000,1998.119559,0.437551,0.000000,0.364344,2018.529004,1.626339
CRI,3,3.251050,0.448998,0.061410,0.135687,0.221538,0.038388,1.000000,2002.693341,0.447170,0.000000,0.344480,2019.605961,1.690726
CRI,3,3.000803,0.447734,0.058374,0.120292,0.228330,0.043903,1.000000,1997.919663,0.327640,0.000000,0.398609,2022.173375,1.491331
CRI,3,2.508751,0.435564,0.034164,0.147504,0.234018,0.056340,1.000000,2000.100899,0.385619,0.000000,0.519751,2016.381647,1.602258
CRI,3,2.967060,0.412013,0.061021,0.141451,0.224159,0.041880,1.000000,1994.511672,0.571762,0.000000,0.385737,2020.587893,1.656705
CRI,3,2.497141,0.426094,0.046160,0.114126,0.231255,0.060151,1.000000,1999.881853,0.458856,0.000000,0.297168,2018.590206,1.560523
CRI,3,2.151132,0.382886,0.076861,0.115383,0.234424,0.054130,1.000000,2000.301736,0.476821,0.000000,0.437014,2019.547581,1.497035
CRI,3,1.470265,0.297509,0.127766,0.108259,0.237650,0.059355,1.000000,2001.597200,0.513193,0.000000,0.471710,2020.513722,1.422844
CRI,3,2.700362,0.443386,0.044098,0.105700,0.238478,0.062715,1.000000,1993.374617,0.446365,0.000000,0.485052,2017.533000,1.406799
CRI,3,2.288226,0.397989,0.044747,0.104286,0.231596,0.065226,1.000000,1999.217350,0.479624,0.000000,0.507719,2019.101102,1.437311
CRI,3,1.688779,0.336596,0.072359,0.117720,0.232140,0.058941,1.000000,1996.721788,0.380066,0.000000,0.431923,2018.562299,1.561615
CRI,3,1.989580,0.361849,0.052434,0.102288,0.237663,0.068914,1.000000,1998.405888,0.444671,0.000000,0.511959,2018.674916,1.415572
CRI,3,1.625933,0.320853,0.049546,0.094816,0.236784,0.071385,1.000000,1998.154033,0.436949,0.000000,0.521902,2019.447643,1.732744
CRI,3,0.976376,0.246266,0.060891,0.085664,0.238101,0.058869,1.000000,1999.849174,0.488654,0.000000,0.527785,2019.605522,1.464240
CRI,3,0.376240,0.126414,0.071119,0.064878,0.241153,0.058928,1.000000,2001.173043,0.534608,0.000000,0.593935,2020.374298,1.390088
CRI,3,1.739580,0.273197,0.049100,0.090489,0.239998,0.074236,1.000000,1999.384286,0.613858,0.000000,0.553413,2014.224287,1.569128
CRI,3,1.439853,0.274723,0.150928,0.128933,0.228696,0.062051,1.000000,1996.373055,0.446533,0.000000,0.428568,2019.362712,1.471436
CRI,3,1.740164,0.266405,0.060130,0.072806,0.242008,0.079942,1.000000,2001.983884,0.360204,0.000000,0.577427,2015.641539,1.370196
CRI,3,0.597661,0.202458,0.093123,0.097458,0.232785,0.066346,1.000000,2003.579517,0.460740,0.000000,0.494327,2018.675760,1.613874
CRI,3,0.451101,0.176476,0.171203,0.058238,0.237413,0.073389,1.000000,1999.364634,0.539572,0.000000,0.455260,2020.051930,1.420317
CRI,3,0.416158,0.151800,0.136359,0.073533,0.240011,0.072274,1.000000,1999.505590,0.474359,0.000000,0.696398,2018.262339,1.438640
CRI,3,0.397146,0.140061,0.066012,0.096514,0.241693,0.079433,1.000000,2001.125967,0.535702,0.000000,0.578129,2021.327563,1.384949
CRI,3,0.382465,0.113936,0.163852,0.078380,0.242094,0.073017,1.000000,2000.648676,0.473472,0.000000,0.548310,2018.590960,1.527940
CRI,3,0.392653,0.108621,0.162919,0.076433,0.238942,0.070299,1.000000,2001.652499,0.514193,0.000000,0.550147,2019.005438,1.568526
CRI,3,0.523867,0.145843,0.164288,0.107437,0.232136,0.054690,1.000000,1997.889747,0.637380,0.000000,0.479044,2021.967528,1.647158
CRI,3,0.665299,0.125587,0.256063,0.090504,0.234183,0.059086,1.000000,2000.565043,0.383456,0.000000,0.491445,2023.696922,1.461010
CRI,3,0.745647,0.076681,0.204676,0.063815,0.241359,0.074369,1.000000,2003.040927,0.618459,0.000000,0.619048,2021.682770,1.451773
CRI,3,1.095265,0.064135,0.375824,0.077002,0.239044,0.063130,1.000000,2002.785655,0.585576,0.000000,0.549792,2021.300808,1.235919
CRI,3,1.096818,0.055269,0.178674,0.061975,0.238503,0.075024,1.000000,1999.967254,0.518178,0.000000,0.610056,2020.442327,1.511827
CRI,3,1.326869,0.047653,0.155808,0.042132,0.244118,0.074803,1.000000,2004.350554,0.599879,0.000000,0.674854,2021.652712,1.469856
CRI,3,0.770271,0.072518,0.154574,0.057957,0.241830,0.071891,1.000000,2002.863860,0.560646,0.000000,0.618542,2021.122806,1.470251
CRI,3,0.937129,0.248601,0.128276,0.095416,0.239490,0.061140,1.000000,2002.495141,0.532474,0.000000,0.504132,2020.798024,1.422647
CRI,3,1.233898,0.263123,0.049726,0.080982,0.239046,0.073128,1.000000,1999.523705,0.458275,0.000000,0.559029,2019.806946,1.732518
CRI,3,0.530979,0.091988,0.235036,0.077985,0.239045,0.065783,1.000000,2002.061407,0.553106,0.000000,0.552107,2020.945484,1.358289
CRI,3,1.103168,0.058386,0.163230,0.062116,0.238503,0.075384,1.000000,1999.814700,0.512869,0.000000,0.610420,2020.379165,1.532734
CRI,3,0.422497,0.177798,0.136259,0.086238,0.239251,0.065015,1.000000,2001.886533,0.527556,0.000000,0.531428,2020.694733,1.450110
CRI,3,0.824141,0.232287,0.132680,0.107049,0.234597,0.064109,1.000000,1999.108310,0.479984,0.000000,0.480033,2019.955468,1.481640
CRI,3,0.466684,0.097618,0.148794,0.068415,0.240410,0.070042,1.000000,2002.043296,0.540204,0.000000,0.585333,2020.841973,1.473097
CRI,3,0.749800,0.228931,0.094725,0.099873,0.235164,0.060298,1.000000,1998.623122,0.414098,0.000000,0.473420,2019.138578,1.503702
CRI,3,0.439831,0.101524,0.169222,0.071860,0.240096,0.071165,1.000000,2002.097267,0.565681,0.000000,0.584163,2021.098315,1.464743
CRI,3,0.706966,0.139790,0.070580,0.068537,0.242530,0.076940,1.000000,2001.762186,0.685038,0.000000,0.617003,2015.389277,1.495071
CRI,3,0.400233,0.129010,0.186942,0.084650,0.236854,0.064035,1.000000,2000.876690,0.453961,0.000000,0.523785,2022.140257,1.469520
CRI,3,0.707985,0.078704,0.217279,0.061344,0.243471,0.070614,1.000000,1997.456264,0.598785,0.000000,0.618868,2022.079879,1.319323
CRI,3,0.372373,0.161610,0.115057,0.087440,0.236432,0.067442,1.000000,2002.348245,0.494356,0.000000,0.526432,2019.616080,1.539979
CRI,3,0.595821,0.191097,0.076609,0.079655,0.239251,0.071387,1.000000,1999.721423,0.494916,0.000000,0.559791,2019.808187,1.604705
CRI,3,0.398274,0.110861,0.178444,0.078400,0.239097,0.067234,1.000000,2001.521533,0.538419,0.000000,0.554032,2020.671209,1.419556
CRI,3,0.608855,0.116742,0.111129,0.052261,0.244016,0.081279,1.000000,2003.774176,0.401229,0.000000,0.639929,2018.309204,1.279221
CRI,3,0.356219,0.138019,0.149027,0.091305,0.236336,0.062438,1.000000,1999.660006,0.576244,0.000000,0.520910,2021.155027,1.554801
CRI,3,0.434719,0.182860,0.122744,0.089525,0.238022,0.067922,1.000000,1999.914728,0.497359,0.000000,0.527471,2019.731943,1.464925
CRI,3,0.374274,0.102048,0.100968,0.109340,0.240955,0.063205,1.000000,2002.548859,0.491035,0.000000,0.661342,2020.491190,1.525286
CRI,3,0.415838,0.177473,0.093850,0.097932,0.238665,0.064374,1.000000,2000.032376,0.453997,0.000000,0.554530,2019.277114,1.490818
CRI,3,0.435936,0.097799,0.123385,0.080507,0.240719,0.067226,1.000000,2002.209887,0.513235,0.000000,0.614149,2020.621397,1.494955
CRI,3,0.354478,0.157207,0.122904,0.087217,0.238759,0.067749,1.000000,2000.533618,0.501314,0.000000,0.549726,2019.960083,1.472429
CRI,3,0.448676,0.098638,0.109306,0.083821,0.239572,0.070462,1.000000,2000.053653,0.479001,0.000000,0.613326,2019.523409,1.513524
CRI,3,0.350383,0.154127,0.128935,0.085630,0.239332,0.066421,1.000000,2001.456287,0.515291,0.000000,0.552437,2020.411913,1.465946
CRI,3,0.333165,0.116710,0.108221,0.099826,0.238658,0.061893,1.000000,2002.600980,0.539320,0.000000,0.407724,2022.035671,1.529590
CRI,3,0.417934,0.102176,0.096552,0.114590,0.237917,0.056179,1.000000,2003.836716,0.572511,0.000000,0.268229,2023.473332,1.575096
CRI,3,0.471563,0.092272,0.161421,0.075398,0.240004,0.069713,1.000000,2002.573040,0.575386,0.000000,0.541780,2021.659013,1.483793
CRI,3,0.335238,0.151426,0.107314,0.091976,0.239015,0.065749,1.000000,2000.724957,0.483539,0.000000,0.551353,2019.917072,1.489062
CRI,3,0.396670,0.131652,0.074542,0.089043,0.241654,0.070286,1.000000,2001.834926,0.580618,0.000000,0.576636,2018.211334,1.508361
CRI,3,0.369473,0.157134,0.067982,0.097703,0.240354,0.067759,1.000000,2001.263903,0.501201,0.000000,0.550674,2019.579580,1.573292
CRI,3,0.311855,0.127192,0.185266,0.079629,0.237047,0.050222,1.000000,2001.676415,0.498175,0.000000,0.521407,2018.495188,1.639393
CRI,3,0.516534,0.121169,0.302731,0.071930,0.233886,0.034022,1.000000,2001.940956,0.479716,0.000000,0.492427,2016.881186,1.765019
CRI,3,0.412133,0.134575,0.189115,0.085048,0.236139,0.058835,1.000000,2000.927830,0.442116,0.000000,0.513591,2021.590098,1.537666
CRI,3,0.314617,0.132378,0.093413,0.088034,0.240516,0.067590,1.000000,2001.615423,0.545120,0.000000,0.561129,2019.133811,1.515687
CRI,3,0.372667,0.167598,0.078696,0.100610,0.239774,0.058308,1.000000,2001.116593,0.511012,0.000000,0.542547,2020.957970,1.468707
CRI,3,0.382686,0.170443,0.069787,0.102310,0.235141,0.052287,1.000000,2002.148183,0.559016,0.000000,0.543429,2021.647260,1.499404
CRI,3,0.343287,0.126233,0.131738,0.084015,0.240728,0.068341,1.000000,2001.043673,0.494478,0.000000,0.547091,2019.422273,1.520805
CRI,3,0.515574,0.154231,0.178229,0.123779,0.236583,0.068871,1.000000,2001.650831,0.490508,0.000000,0.488144,2019.887379,1.659109
CRI,3,0.320635,0.132921,0.088702,0.077537,0.240175,0.061521,1.000000,2001.294525,0.523489,0.000000,0.568201,2020.254296,1.457200
CRI,3,0.546259,0.196587,0.120887,0.071175,0.236692,0.064614,1.000000,1999.895341,0.539556,0.000000,0.396421,2019.723445,1.512549
CRI,3,0.307221,0.120804,0.105588,0.098948,0.240032,0.063559,1.000000,2001.946331,0.503046,0.000000,0.599844,2020.303535,1.522102
CRI,3,0.372471,0.114612,0.164583,0.078114,0.238262,0.069941,1.000000,2001.626203,0.517946,0.000000,0.534241,2019.087498,1.578036
CRI,3,0.325474,0.126233,0.136546,0.083425,0.238659,0.067200,1.000000,2001.501094,0.516210,0.000000,0.536321,2019.579651,1.550712
CRI,3,0.315576,0.114165,0.114698,0.089787,0.241434,0.061060,1.000000,2000.137218,0.538509,0.000000,0.551914,2020.475885,1.508548
CRI,3,0.429839,0.111374,0.215895,0.078830,0.238163,0.059545,1.000000,2001.156154,0.537794,0.000000,0.527899,2020.652949,1.464459
CRI,3,0.337307,0.144373,0.089751,0.092766,0.239846,0.065784,1.000000,2001.237066,0.510285,0.000000,0.545009,2019.856206,1.546087
CRI,3,0.358279,0.128144,0.089432,0.084941,0.242071,0.065597,1.000000,2002.778501,0.453683,0.000000,0.561493,2018.768178,1.481488
CRI,3,0.315702,0.135489,0.131020,0.089689,0.238059,0.063239,1.000000,2000.525531,0.544943,0.000000,0.531143,2020.599117,1.536473
CRI,3,0.331481,0.109364,0.109168,0.089381,0.240234,0.059338,1.000000,2002.074840,0.534019,0.000000,0.529768,2020.177756,1.574534
CRI,3,0.376791,0.105358,0.101295,0.091649,0.239858,0.059566,1.000000,2001.314604,0.523027,0.000000,0.523210,2019.676823,1.599088
CRI,3,0.310255,0.140339,0.121349,0.087112,0.239466,0.064759,1.000000,2001.421044,0.517222,0.000000,0.545177,2020.232006,1.499226
CRI,3,0.283626,0.131337,0.097854,0.093891,0.238089,0.056788,1.000000,2001.776852,0.548000,0.000000,0.528306,2020.774012,1.540662
CRI,3,0.263219,0.133959,0.084646,0.099059,0.236515,0.050627,1.000000,2002.124511,0.575172,0.000000,0.518846,2021.395364,1.550589
CRI,3,0.324521,0.113259,0.142518,0.086060,0.238589,0.057059,1.000000,2001.741427,0.542706,0.000000,0.526038,2020.630209,1.516131
CRI,3,0.349901,0.102705,0.124511,0.085853,0.239383,0.055588,1.000000,2002.359625,0.580267,0.000000,0.515343,2020.688133,1.577654
CRI,3,0.310775,0.137595,0.111361,0.090422,0.239108,0.063303,1.000000,2001.158084,0.507312,0.000000,0.542418,2020.114315,1.511211
CRI,3,0.345352,0.137269,0.124052,0.077277,0.239788,0.059909,1.000000,2000.156409,0.518195,0.000000,0.670480,2017.906496,1.534078
CRI,3,0.315624,0.121563,0.111966,0.093879,0.238951,0.061400,1.000000,2002.042641,0.534021,0.000000,0.476150,2021.129677,1.530712
CRI,3,0.319611,0.148858,0.123491,0.087619,0.237898,0.062786,1.000000,2000.778919,0.523459,0.000000,0.550429,2020.257709,1.481821
CRI,3,0.285969,0.132846,0.097254,0.094484,0.239460,0.053778,1.000000,2001.274109,0.542545,0.000000,0.546279,2020.929741,1.494167
CRI,3,0.356911,0.151719,0.087667,0.093125,0.239663,0.063698,1.000000,2000.940998,0.516024,0.000000,0.559764,2019.958642,1.525085
CRI,3,0.296541,0.121932,0.126047,0.087796,0.238867,0.058753,1.000000,2001.546949,0.536007,0.000000,0.534533,2020.465738,1.518369
CRI,4,5.948738,0.242181,0.585950,0.122836,0.184245,0.070118,1.000000,2000.024657,1.038163,0.000000,0.255864,2023.478117,0.835719
CRI,4,8.469029,0.356497,0.585950,0.122836,0.184245,0.070118,1.000000,2000.024657,1.038163,0.000000,0.255864,2023.478117,0.835719
CRI,4,8.459764,0.242181,0.724374,0.122836,0.184245,0.070118,1.000000,2000.024657,1.038163,0.000000,0.255864,2023.478117,0.835719
CRI,4,7.113836,0.242181,0.585950,0.182032,0.184245,0.070118,1.000000,2000.024657,1.038163,0.000000,0.255864,2023.478117,0.835719
CRI,4,6.100415,0.242181,0.585950,0.122836,0.215450,0.070118,1.000000,2000.024657,1.038163,0.000000,0.255864,2023.478117,0.835719
CRI,4,5.150894,0.242181,0.585950,0.122836,0.184245,0.083929,1.000000,2000.024657,1.038163,0.000000,0.255864,2023.478117,0.835719
CRI,4,5.948738,0.242181,0.585950,0.122836,0.184245,0.070118,1.000000,2000.024657,1.038163,0.000000,0.255864,2023.478117,0.835719
CRI,4,5.948738,0.242181,0.585950,0.122836,0.184245,0.070118,1.000000,2005.020457,1.038163,0.000000,0.255864,2023.478117,0.835719
CRI,4,5.948738,0.242181,0.585950,0.122836,0.184245,0.070118,1.000000,2000.024657,1.121395,0.000000,0.255864,2023.478117,0.835719
CRI,4,5.948738,0.242181,0.585950,0.122836,0.184245,0.070118,1.000000,2000.024657,1.038163,0.000000,0.255864,2023.478117,0.835719
CRI,4,5.849452,0.242181,0.585950,0.122836,0.184245,0.070118,1.000000,2000.024657,1.038163,0.000000,0.428122,2023.478117,0.835719
CRI,4,6.073064,0.242181,0.585950,0.122836,0.184245,0.070118,1.000000,2000.024657,1.038163,0.000000,0.255864,2025.769858,0.835719
CRI,4,6.002106,0.242181,0.585950,0.122836,0.184245,0.070118,1.000000,2000.024657,1.038163,0.000000,0.255864,2023.478117,1.368326
CRI,4,3.779751,0.146521,0.612337,0.132612,0.190500,0.072835,1.000000,2001.067619,1.055919,0.000000,0.281542,2023.961150,0.914929
CRI,4,2.289106,0.084611,0.625094,0.137562,0.193469,0.074133,1.000000,2001.555243,1.064150,0.000000,0.294926,2024.186148,0.956239
CRI,4,3.160204,0.206936,0.421006,0.135083,0.191998,0.073489,1.000000,2001.314211,1.060087,0.000000,0.288190,2024.074998,0.935447
CRI,4,3.696395,0.201351,0.566628,0.074635,0.193226,0.074027,1.000000,2001.515455,1.063480,0.000000,0.293797,2024.167809,0.952755
CRI,4,4.234874,0.194951,0.563362,0.118362,0.145066,0.074645,1.000000,2001.745404,1.067348,0.000000,0.300414,2024.273747,0.973185
CRI,4,3.464768,0.187650,0.559537,0.117622,0.183064,0.075354,1.000000,2002.007164,1.071740,0.000000,0.308234,2020.350513,0.997334
CRI,4,3.420268,0.179365,0.555054,0.116761,0.182866,0.076164,1.000000,2002.303804,1.076701,0.000000,0.317489,2023.552995,0.530153
CRI,4,3.157423,0.170027,0.549798,0.115759,0.182635,0.077086,1.000000,2002.638173,1.082274,0.000000,0.328459,2023.565376,0.877524
CRI,4,2.867890,0.159593,0.543631,0.114594,0.182364,0.078129,1.000000,2003.012661,0.952256,0.000000,0.341477,2023.579785,0.884622
CRI,4,2.610421,0.148061,0.536394,0.113240,0.182047,0.079302,1.000000,1995.890787,1.064322,0.000000,0.356945,2023.596548,0.892950
CRI,4,2.147812,0.135491,0.527897,0.111669,0.181676,0.080611,1.000000,2002.132623,1.068306,0.000000,0.375331,2023.616040,0.902728
CRI,4,1.397320,0.098846,0.497787,0.106243,0.180369,0.084696,1.000000,2003.039754,1.081451,0.000000,0.441811,2023.683707,0.937474
CRI,4,1.733365,0.115770,0.512905,0.108942,0.181024,0.082749,1.000000,2002.597916,1.075031,0.000000,0.408237,2023.649981,0.920000
CRI,4,1.512736,0.101480,0.500314,0.106691,0.180478,0.084385,1.000000,2002.967713,1.080401,0.000000,0.237763,2023.678100,0.934548
CRI,4,1.327788,0.087109,0.485542,0.104091,0.179837,0.070948,1.000000,2003.379100,1.086407,0.000000,0.401111,2023.710719,0.951695
CRI,4,1.197069,0.052863,0.433603,0.095239,0.177567,0.062546,1.000000,2004.658716,1.105353,0.000000,0.481774,2023.823298,1.013137
CRI,4,1.382450,0.089163,0.487815,0.104488,0.212773,0.079762,1.000000,2002.492127,1.068320,0.000000,0.379598,2022.726402,0.822122
CRI,4,1.454555,0.075131,0.470896,0.159742,0.179201,0.081121,1.000000,2002.849415,1.072839,0.000000,0.402246,2022.592191,0.819870
CRI,4,1.330467,0.069735,0.463337,0.117403,0.189164,0.080914,1.000000,2002.540974,1.064835,0.000000,0.402374,2025.602126,0.754145
CRI,4,1.323517,0.062842,0.452511,0.118374,0.190357,0.080960,1.000000,2002.292166,1.057316,0.000000,0.406880,2024.015828,1.384582
CRI,4,1.616922,0.046133,0.589504,0.098397,0.180757,0.084035,1.000000,2003.325133,1.073801,0.000000,0.461636,2023.476427,0.919198
CRI,4,1.550180,0.045546,0.470338,0.113671,0.190008,0.082374,1.000000,2002.229936,1.048543,0.000000,0.438749,2023.980990,0.986091
CRI,4,1.603882,0.040575,0.464368,0.114678,0.191470,0.082152,1.000000,2001.677326,1.137749,0.000000,0.441292,2024.031682,0.995975
CRI,4,1.708154,0.036496,0.459718,0.116279,0.193231,0.081566,1.000000,2006.528656,1.093846,0.000000,0.439137,2024.085448,1.004802
CRI,4,1.175221,0.048629,0.337657,0.090458,0.181733,0.086411,1.000000,2004.610076,1.098319,0.000000,0.533323,2023.464068,0.947513
CRI,4,1.358064,0.038754,0.215796,0.070680,0.175324,0.090451,1.000000,2005.734108,1.112310,0.000000,0.649188,2023.063477,0.943167
CRI,4,1.706988,0.034883,0.425029,0.113906,0.194192,0.079928,1.000000,2004.134648,1.093012,0.000000,0.432382,2023.990899,0.989119
CRI,4,1.369268,0.106308,0.472601,0.106248,0.182301,0.080923,1.000000,1997.205980,1.073904,0.000000,0.400477,2023.529479,0.902647
CRI,4,2.109808,0.142008,0.515021,0.107289,0.179057,0.082649,1.000000,2000.840365,1.071430,0.000000,0.401844,2023.553494,0.903419
CRI,4,1.450013,0.046019,0.447547,0.112237,0.190635,0.080637,1.000000,2003.424852,1.087944,0.000000,0.424704,2023.885027,0.967264
CRI,4,0.965590,0.095029,0.326805,0.125804,0.194228,0.077606,1.000000,2001.920400,1.093125,0.000000,0.367594,2024.123396,0.980811
CRI,4,0.900399,0.141016,0.217378,0.140298,0.200223,0.073766,1.000000,2001.130561,1.101752,0.000000,0.323246,2024.416711,1.012484
CRI,4,1.455139,0.141387,0.405633,0.112953,0.185507,0.078498,1.000000,2003.454627,0.977436,0.000000,0.367418,2023.651318,0.907330
CRI,4,1.499636,0.147846,0.389173,0.113839,0.186283,0.077530,1.000000,2003.175001,1.097800,0.000000,0.358319,2023.648959,0.903917
CRI,4,1.071521,0.066584,0.342720,0.122229,0.196101,0.073468,1.000000,2002.492613,1.073322,0.000000,0.600648,2023.948953,0.949243
CRI,4,1.565345,0.043113,0.443579,0.116268,0.192536,0.080697,1.000000,2002.145787,1.047124,0.000000,0.503524,2024.024447,0.988608
CRI,4,1.191363,0.106389,0.402635,0.114444,0.187887,0.078355,1.000000,2002.929098,1.086779,0.000000,0.393613,2023.745461,0.924663
CRI,4,1.506462,0.043049,0.426327,0.117414,0.193620,0.079781,1.000000,2001.716868,1.140284,0.000000,0.498450,2024.036943,0.988035
CRI,4,1.147771,0.102760,0.410788,0.114062,0.187605,0.078824,1.000000,2003.052262,1.036519,0.000000,0.399405,2023.750504,0.927120
CRI,4,0.806154,0.078697,0.352860,0.070565,0.200162,0.076597,1.000000,2002.438667,1.085415,0.000000,0.461838,2024.985520,1.105873
CRI,4,0.638901,0.080556,0.298455,0.041340,0.208740,0.074070,1.000000,2002.225954,1.091277,0.000000,0.491910,2025.790874,1.265097
CRI,4,1.143293,0.151435,0.350219,0.095966,0.193372,0.076028,1.000000,2001.564897,1.070652,0.000000,0.450245,2024.364806,0.992380
CRI,4,0.851883,0.071297,0.283090,0.099972,0.203984,0.068504,1.000000,2001.760638,1.075877,0.000000,0.434490,2024.638888,1.032623
CRI,4,0.632862,0.075898,0.261934,0.100941,0.164550,0.073448,1.000000,2002.233201,1.089446,0.000000,0.507167,2025.499504,1.203211
CRI,4,0.433080,0.070156,0.178190,0.099189,0.131950,0.069856,1.000000,2002.100963,1.098826,0.000000,0.570369,2026.322071,1.417007
CRI,4,0.871167,0.060250,0.229546,0.098070,0.194814,0.069913,1.000000,2006.034714,1.088638,0.000000,0.514191,2025.458399,1.195275
CRI,4,0.477002,0.088438,0.205923,0.084991,0.189357,0.067777,1.000000,2003.521237,1.099626,0.000000,0.530825,2023.242529,1.467888
CRI,4,0.347918,0.104904,0.182923,0.079214,0.187980,0.065095,1.000000,2003.917714,1.110658,0.000000,0.546704,2025.007209,0.827561
CRI,4,0.345639,0.136541,0.107320,0.063071,0.186768,0.055258,1.000000,2004.612128,1.129837,0.000000,0.613539,2025.416479,0.612470
CRI,4,0.425569,0.150071,0.151012,0.094252,0.200696,0.081870,1.000000,2001.268723,1.071262,0.000000,0.494529,2025.375871,1.085506
CRI,4,0.520007,0.076473,0.139755,0.074225,0.194025,0.068367,1.000000,2003.104447,1.089767,0.000000,0.597630,2025.633296,1.210518
CRI,4,0.814769,0.188863,0.150044,0.092939,0.201133,0.050687,1.000000,2000.686793,1.075731,0.000000,0.470794,2026.030554,1.230873
CRI,4,0.328991,0.095190,0.096392,0.069202,0.198346,0.058626,1.000000,2002.323979,1.127430,0.000000,0.613521,2026.148174,1.308718
CRI,4,0.349089,0.091631,0.047942,0.051989,0.203179,0.046645,1.000000,2001.936426,1.152614,0.000000,0.705833,2026.805648,1.515365
CRI,4,0.663329,0.060757,0.094864,0.079864,0.193793,0.059251,1.000000,2003.797660,1.115583,0.000000,0.591667,2026.046248,1.289320
CRI,4,0.407558,0.135093,0.078415,0.054720,0.190578,0.059934,1.000000,2003.226311,1.119479,0.000000,0.439084,2026.470628,1.399535
CRI,4,0.602480,0.063530,0.109138,0.036599,0.184097,0.057008,1.000000,2004.567881,1.099050,0.000000,0.719387,2026.489784,1.394517
CRI,4,0.520430,0.150720,0.091156,0.050835,0.188442,0.059373,1.000000,1997.728921,1.112507,0.000000,0.585103,2026.014194,1.232794
CRI,4,0.680289,0.142781,0.061552,0.043755,0.174057,0.059368,1.000000,2003.356871,1.126321,0.000000,0.678465,2026.648574,1.441553
CRI,4,0.903473,0.052365,0.099214,0.041790,0.172814,0.076628,1.000000,2004.496627,1.132695,0.000000,0.678911,2025.793647,1.266065
CRI,4,0.342955,0.137097,0.135248,0.077418,0.194870,0.057870,1.000000,2001.801176,1.093061,0.000000,0.526155,2025.973630,1.239640
CRI,4,0.865223,0.067644,0.278797,0.097160,0.203023,0.069538,1.000000,2001.936004,1.078925,0.000000,0.443697,2024.623734,1.033974
CRI,4,0.376632,0.118287,0.088481,0.054296,0.182171,0.062028,1.000000,2003.023316,1.116418,0.000000,0.624975,2026.290356,1.335778
CRI,4,0.638012,0.178245,0.177791,0.051566,0.183436,0.070049,1.000000,2001.223213,1.094051,0.000000,0.547497,2025.675843,1.182951
CRI,4,0.519963,0.152327,0.052807,0.098946,0.157313,0.053520,1.000000,2002.820207,1.118146,0.000000,0.650845,2025.925845,1.193032
CRI,4,0.518699,0.067040,0.070978,0.091318,0.185468,0.055550,1.000000,2003.881560,1.119527,0.000000,0.617526,2026.066824,1.277139
CRI,4,0.875267,0.189783,0.105597,0.132536,0.185043,0.068579,1.000000,2000.018152,1.118618,0.000000,0.404916,2024.932614,1.054331
CRI,4,0.391888,0.083039,0.108241,0.053016,0.184334,0.060031,1.000000,2003.642345,1.104309,0.000000,0.651177,2026.190283,1.306575
CRI,4,0.550836,0.072656,0.130500,0.105647,0.179820,0.066549,1.000000,2006.200505,1.104612,0.000000,0.573162,2025.679350,1.219752
CRI,4,0.326881,0.125637,0.099590,0.062029,0.186355,0.061219,1.000000,2000.652453,1.110591,0.000000,0.582131,2025.934924,1.229529
CRI,4,0.505134,0.155184,0.080846,0.073505,0.171877,0.056074,1.000000,2002.504933,1.127151,0.000000,0.557674,2026.097614,1.245276
CRI,4,0.584122,0.078146,0.241707,0.050470,0.206078,0.070910,1.000000,2002.747899,1.103477,0.000000,0.482534,2025.858140,1.271848
CRI,4,0.342864,0.129072,0.074872,0.084798,0.171593,0.058140,1.000000,2002.802187,1.114685,0.000000,0.611396,2025.909106,1.212569
CRI,4,0.841836,0.196731,0.175650,0.054808,0.181464,0.069567,1.000000,2001.300803,1.100898,0.000000,0.518851,2025.673417,1.177299
CRI,4,0.337554,0.087520,0.088248,0.081013,0.184481,0.059240,1.000000,2003.307222,1.115199,0.000000,0.593714,2025.974668,1.251919
CRI,4,0.522953,0.077819,0.155249,0.070652,0.195699,0.069575,1.000000,2002.998796,1.088075,0.000000,0.586667,2025.611978,1.209641
CRI,4,0.321050,0.130787,0.094789,0.072785,0.178346,0.059626,1.000000,2002.631083,1.118783,0.000000,0.564992,2025.985561,1.236334
CRI,4,0.531635,0.145637,0.055639,0.058882,0.177434,0.056680,1.000000,2001.743451,1.121383,0.000000,0.617545,2027.230898,0.968406
CRI,4,0.332894,0.100176,0.147071,0.077852,0.186505,0.065132,1.000000,2003.110614,1.105529,0.000000,0.553115,2024.894361,1.336794
CRI,4,0.790315,0.193462,0.061419,0.046742,0.222297,0.053395,1.000000,2003.373730,1.122920,0.000000,0.576890,2025.421530,1.000904
CRI,4,0.318757,0.090303,0.135448,0.083579,0.161648,0.066023,1.000000,2002.437056,1.105423,0.000000,0.572003,2026.129285,1.308439
CRI,4,0.227188,0.083758,0.070113,0.048623,0.164629,0.033812,1.000000,2004.179085,1.143193,0.000000,0.658701,2026.444835,1.361916
CRI,4,0.226416,0.063323,0.050152,0.033496,0.142579,0.014663,1.000000,2005.286212,1.162849,0.000000,0.727169,2026.810993,1.505991
CRI,4,0.335000,0.081982,0.122825,0.079566,0.169689,0.051812,1.000000,2002.881941,1.118848,0.000000,0.742044,2025.437953,1.067183
CRI,4,0.340840,0.133068,0.090324,0.087096,0.174296,0.050319,1.000000,2002.282649,1.133738,0.000000,0.574180,2025.695812,1.114714
CRI,4,0.316366,0.095174,0.110948,0.091714,0.175271,0.046234,1.000000,2002.837727,1.126852,0.000000,0.593705,2025.442401,1.052550
CRI,4,0.346325,0.077818,0.091893,0.085332,0.168092,0.051710,1.000000,2000.405943,1.112309,0.000000,0.602131,2026.311032,1.990834
CRI,4,0.280512,0.118608,0.103207,0.068209,0.182372,0.054374,1.000000,2003.747588,1.125790,0.000000,0.610703,2025.673621,0.890169
CRI,4,0.291683,0.075712,0.070730,0.068496,0.155276,0.048460,1.000000,2003.917006,1.146296,0.000000,0.693589,2025.788652,1.172101
CRI,4,0.374916,0.073648,0.125838,0.059805,0.179041,0.046562,1.000000,2003.239851,1.137240,0.000000,0.632199,2025.836485,1.192083
CRI,4,0.266158,0.112048,0.084906,0.077995,0.173495,0.055279,1.000000,2002.913809,1.120941,0.000000,0.616655,2025.891163,1.207435
CRI,4,0.461802,0.069600,0.102300,0.056853,0.176305,0.055262,1.000000,2003.794563,1.116726,0.000000,0.672807,2026.066797,1.308444
CRI,4,0.260615,0.112969,0.093160,0.078712,0.174801,0.051559,1.000000,2002.687299,1.129820,0.000000,0.600124,2025.794223,1.162031
CRI,4,0.239724,0.109650,0.105729,0.061312,0.163634,0.044972,1.000000,2002.727431,1.136994,0.000000,0.656436,2025.768152,1.154153
CRI,4,0.310869,0.123048,0.074716,0.059762,0.178149,0.051347,1.000000,2003.135925,1.136851,0.000000,0.466787,2026.281490,1.359635
CRI,4,0.244817,0.104004,0.057476,0.058452,0.158553,0.035580,1.000000,2002.912299,1.149558,0.000000,0.664441,2026.732805,1.091752
CRI,4,0.264875,0.111102,0.077247,0.064320,0.134348,0.038359,1.000000,2003.732483,1.137815,0.000000,0.616923,2025.971707,1.083110
CRI,4,0.170889,0.082598,0.071901,0.072097,0.141583,0.032356,1.000000,2005.261166,1.152778,0.000000,0.652279,2026.186913,1.134284
CRI,4,0.178052,0.067488,0.061711,0.077532,0.116462,0.020842,1.000000,2006.692719,1.165934,0.000000,0.684484,2026.301901,1.087886
CRI,4,0.196423,0.073721,0.072030,0.061314,0.144944,0.029760,1.000000,2004.331854,1.152410,0.000000,0.680553,2026.173405,1.111095
CRI,4,0.197704,0.102653,0.048441,0.049808,0.160416,0.019988,1.000000,2004.748059,1.163884,0.000000,0.690979,2026.040591,1.013043
CRI,4,0.311279,0.098606,0.050245,0.039801,0.142954,0.031479,1.000000,2004.726105,1.158113,0.000000,0.687586,2026.639676,1.257965
CRI,4,0.240334,0.097736,0.060102,0.049842,0.151472,0.034954,1.000000,2004.300559,1.151782,0.000000,0.665559,2026.402993,1.205228
CRI,4,0.167536,0.073784,0.068701,0.062079,0.134608,0.025066,1.000000,2004.660095,1.153489,0.000000,0.797705,2025.986325,0.939017
CRI,4,0.181816,0.058096,0.065933,0.063262,0.111123,0.015848,1.000000,2005.302941,1.160145,0.000000,0.878013,2025.821780,0.760172
CRI,4,0.279592,0.119260,0.072182,0.053051,0.156267,0.024016,1.000000,2004.091642,1.146541,0.000000,0.642392,2026.462490,1.070588
CRI,4,0.122492,0.076181,0.048893,0.051030,0.120825,0.016658,1.000000,2004.307190,1.163604,0.000000,0.724732,2026.639851,1.409654
CRI,4,0.091531,0.061771,0.036709,0.043821,0.088800,0.007566,1.000000,2004.570040,1.174691,0.000000,0.770796,2026.966501,1.690458
CRI,4,0.244140,0.068081,0.058854,0.063834,0.139283,0.037566,1.000000,2004.057814,1.155085,0.000000,0.719847,2026.063670,1.307591
CRI,4,0.126748,0.066676,0.048437,0.040981,0.114006,0.012007,1.000000,2005.212542,1.172705,0.000000,0.754278,2026.611180,1.182568
CRI,4,0.246927,0.062023,0.048785,0.047045,0.151958,0.017388,1.000000,2004.805095,1.169529,0.000000,0.772396,2026.643976,1.328490
CRI,4,0.155117,0.055758,0.038956,0.034061,0.104986,0.008586,1.000000,2005.830048,1.176664,0.000000,0.803483,2026.855209,1.273319
CRI,4,0.232047,0.098268,0.065842,0.056135,0.122215,0.029340,1.000000,2004.288559,1.148123,0.000000,0.657520,2026.179458,1.100839
CRI,4,0.135950,0.058434,0.056506,0.044777,0.109097,0.013110,1.000000,2005.999327,1.168497,0.000000,0.766525,2025.935812,1.339876
CRI,4,0.178249,0.085687,0.054842,0.038255,0.124005,0.009909,1.000000,2005.499782,1.166608,0.000000,0.727083,2026.631981,1.127084
CRI,4,0.112826,0.059077,0.052966,0.047538,0.106953,0.008637,1.000000,2005.486270,1.170785,0.000000,0.780598,2026.380312,1.213807
CRI,4,0.116530,0.048871,0.032599,0.036538,0.085481,0.004159,1.000000,2006.786025,1.180518,0.000000,0.802471,2026.910468,1.276017
CRI,4,0.238152,0.048243,0.039661,0.037355,0.120450,0.005537,1.000000,2006.232116,1.179811,0.000000,0.819304,2026.766611,1.362618
CRI,4,0.134323,0.081247,0.057194,0.050848,0.121774,0.020288,1.000000,2004.844662,1.158920,0.000000,0.706726,2026.346946,1.164344
CRI,4,0.120179,0.075297,0.051160,0.066063,0.096964,0.013136,1.000000,2005.347061,1.171160,0.000000,0.768552,2026.008821,0.923448
CRI,4,0.091953,0.046274,0.053533,0.047685,0.070785,0.008731,1.000000,2005.913671,1.171423,0.000000,0.805984,2026.787795,1.384450
CRI,4,0.105019,0.056924,0.036829,0.036648,0.073468,0.004216,1.000000,2006.427630,1.180184,0.000000,0.827405,2026.784225,1.323843
CRI,4,0.151174,0.047051,0.042494,0.058570,0.083935,0.012707,1.000000,2005.648256,1.173978,0.000000,0.812312,2026.404859,1.340519
CRI,4,0.121334,0.044662,0.032939,0.029053,0.061347,0.002672,1.000000,2005.927745,1.183455,0.000000,0.866370,2026.824737,1.368191
CRI,4,0.104906,0.045373,0.031045,0.030240,0.056834,0.002522,1.000000,2006.559205,1.185883,0.000000,0.787741,2027.037540,1.664143
CRI,4,0.080315,0.056421,0.046349,0.054773,0.072445,0.006919,1.000000,2005.713993,1.173904,0.000000,0.778639,2026.345662,1.364875
CRI,4,0.115973,0.056757,0.051028,0.068332,0.058621,0.006203,1.000000,2005.654863,1.172407,0.000000,0.765035,2026.017176,1.411172
CRI,4,0.166711,0.070237,0.042815,0.031257,0.090149,0.004112,1.000000,2005.903711,1.176586,0.000000,0.761648,2026.804616,1.301379
CRI,4,0.111166,0.051653,0.042574,0.050388,0.085469,0.009686,1.000000,2005.713453,1.174656,0.000000,0.800818,2026.515240,1.330707
CRI,4,0.077702,0.054455,0.032876,0.042407,0.064050,0.003761,1.000000,2005.493785,1.181377,0.000000,0.813388,2027.133785,1.300499
CRI,4,0.080041,0.052612,0.027588,0.041262,0.046705,0.001950,1.000000,2005.219744,1.185708,0.000000,0.832829,2027.445102,1.280929
CRI,4,0.078478,0.039182,0.030560,0.036043,0.047923,0.001667,1.000000,2006.592666,1.187561,0.000000,0.860801,2027.022261,1.504392
CRI,4,0.057164,0.042015,0.031774,0.043997,0.044690,0.002185,1.000000,2006.527563,1.183472,0.000000,0.849759,2026.899216,1.539765
CRI,4,0.051337,0.034968,0.027540,0.045573,0.024961,0.000896,1.000000,2007.050999,1.187157,0.000000,0.880006,2027.020844,1.720388
CRI,4,0.098810,0.058621,0.043723,0.064931,0.079824,0.008448,1.000000,2006.121437,1.173849,0.000000,0.726836,2026.737242,1.407619
CRI,4,0.119587,0.035890,0.029356,0.028383,0.046577,0.001519,1.000000,2006.715033,1.185258,0.000000,0.839850,2027.318744,1.961991
CRI,4,0.093307,0.041865,0.032671,0.035446,0.056997,0.002657,1.000000,2006.413266,1.182552,0.000000,0.824712,2027.105277,1.702338
COL,1,3.145370,0.160000,0.300000,0.050000,0.060000,0.015000,1.000000,1990.000000,0.150000,0.000000,0.150000,2018.000000,0.800000
COL,1,4.535602,0.260447,0.300000,0.050000,0.060000,0.015000,1.000000,1990.000000,0.150000,0.000000,0.150000,2018.000000,0.800000
COL,1,5.707168,0.160000,0.468328,0.050000,0.060000,0.015000,1.000000,1990.000000,0.150000,0.000000,0.150000,2018.000000,0.800000
COL,1,6.186425,0.160000,0.300000,0.092403,0.060000,0.015000,1.000000,1990.000000,0.150000,0.000000,0.150000,2018.000000,0.800000
COL,1,3.393865,0.160000,0.300000,0.050000,0.103183,0.015000,1.000000,1990.000000,0.150000,0.000000,0.150000,2018.000000,0.800000
COL,1,2.466256,0.160000,0.300000,0.050000,0.060000,0.028199,1.000000,1990.000000,0.150000,0.000000,0.150000,2018.000000,0.800000
COL,1,3.145370,0.160000,0.300000,0.050000,0.060000,0.015000,1.000000,1990.000000,0.150000,0.000000,0.150000,2018.000000,0.800000
COL,1,3.145370,0.160000,0.300000,0.050000,0.060000,0.015000,1.000000,1998.763349,0.150000,0.000000,0.150000,2018.000000,0.800000
COL,1,3.145370,0.160000,0.300000,0.050000,0.060000,0.015000,1.000000,1990.000000,0.282313,0.000000,0.150000,2018.000000,0.800000
COL,1,3.145370,0.160000,0.300000,0.050000,0.060000,0.015000,1.000000,1990.000000,0.150000,0.000000,0.150000,2018.000000,0.800000
COL,1,2.815531,0.160000,0.300000,0.050000,0.060000,0.015000,1.000000,1990.000000,0.150000,0.000000,0.279706,2018.000000,0.800000
COL,1,3.306469,0.160000,0.300000,0.050000,0.060000,0.015000,1.000000,1990.000000,0.150000,0.000000,0.150000,2022.406683,0.800000
COL,1,3.102268,0.160000,0.300000,0.050000,0.060000,0.015000,1.000000,1990.000000,0.150000,0.000000,0.150000,2018.000000,1.322631
COL,1,1.933008,0.174644,0.326047,0.024737,0.066289,0.016780,1.000000,1991.664246,0.167328,0.000000,0.167620,2018.839901,0.876985
COL,1,1.486182,0.182322,0.339486,0.011644,0.069587,0.017732,1.000000,1992.469867,0.176655,0.000000,0.177022,2019.245965,0.917236
COL,1,1.163624,0.178454,0.176788,0.039851,0.067925,0.017251,1.000000,1992.069392,0.171935,0.000000,0.172271,2019.044152,0.896968
COL,1,0.690092,0.188230,0.099308,0.035465,0.072125,0.018473,1.000000,1993.061519,0.183951,0.000000,0.184337,2019.543968,0.948163
COL,1,1.482504,0.097445,0.258900,0.037603,0.070006,0.017854,1.000000,1992.569239,0.177853,0.000000,0.178225,2019.296029,0.922347
COL,1,1.409713,0.155190,0.252430,0.035814,0.034175,0.018369,1.000000,1992.980009,0.182922,0.000000,0.183307,2019.502924,0.943831
COL,1,0.965959,0.154400,0.245024,0.033819,0.059758,0.018984,1.000000,1993.452407,0.188996,0.000000,0.189375,2013.566266,0.969268
COL,1,1.005800,0.153482,0.236583,0.031616,0.059717,0.019722,1.000000,1993.993969,0.196302,0.000000,0.196643,2018.267949,0.999438
COL,1,0.868472,0.152416,0.227007,0.029206,0.059670,0.020609,1.000000,1994.612387,0.095211,0.000000,0.205380,2018.312281,1.035282
COL,1,0.643463,0.151181,0.216212,0.026603,0.059615,0.021682,1.000000,1983.552363,0.171200,0.000000,0.215924,2018.363880,1.077934
COL,1,0.332795,0.146921,0.181639,0.019067,0.059424,0.025747,1.000000,1974.932178,0.182781,0.000000,0.255767,2018.543440,1.233373
COL,1,0.444923,0.149038,0.198301,0.022548,0.059519,0.023654,1.000000,1991.617724,0.176907,0.000000,0.235280,2018.453864,1.154556
COL,1,0.322558,0.147272,0.184329,0.019610,0.059440,0.025390,1.000000,1991.880980,0.181790,0.000000,0.252275,2018.528540,1.220101
COL,1,0.328493,0.141228,0.142075,0.011915,0.059161,0.032091,1.000000,1992.786912,0.199823,0.000000,0.317550,2018.787623,1.457839
COL,1,0.272429,0.145234,0.169114,0.016635,0.059347,0.027518,1.000000,1992.185668,0.187638,0.000000,0.273067,2018.615298,0.710366
COL,1,0.404019,0.138287,0.124598,0.009247,0.059022,0.035769,1.000000,1993.230504,0.209401,0.000000,0.353144,2018.915800,0.495381
COL,1,0.270801,0.142886,0.152804,0.013702,0.059238,0.030137,1.000000,1992.537732,0.194666,0.000000,0.145074,2018.716016,1.183764
COL,1,0.477950,0.134922,0.106985,0.006862,0.058860,0.040278,1.000000,1993.739814,0.221058,0.000000,0.100610,2019.064160,1.400831
COL,1,0.296094,0.140187,0.135662,0.010901,0.059112,0.016449,1.000000,1992.943720,0.203150,0.000000,0.270692,2018.832828,1.254909
COL,1,0.397661,0.116793,0.099508,0.046761,0.049104,0.026110,1.000000,1990.589634,0.177047,0.000000,0.250339,2017.485852,1.173388
COL,1,1.836185,0.220352,0.115601,0.015444,0.045808,0.027536,1.000000,1990.144201,0.175721,0.000000,0.262439,2017.114062,1.212087
COL,1,0.660870,0.120516,0.213468,0.030318,0.063286,0.019995,1.000000,1991.977671,0.177318,0.000000,0.197132,2018.772452,0.990927
COL,1,0.100524,0.136563,0.115361,0.015805,0.096204,0.027194,1.000000,1989.522011,0.169941,0.000000,0.258738,2016.747098,1.196417
COL,1,0.318943,0.127998,0.078124,0.010318,0.138556,0.032488,1.000000,1987.689999,0.163765,0.000000,0.303003,2015.263394,1.332033
COL,1,0.179151,0.135428,0.109578,0.016036,0.065371,0.026840,1.000000,1987.571572,0.154359,0.000000,0.253556,2017.820868,1.169153
COL,1,0.211463,0.131664,0.092302,0.013122,0.066296,0.029301,1.000000,1987.157548,0.155096,0.000000,0.274636,2022.260329,1.237498
COL,1,0.217107,0.130170,0.086234,0.013386,0.067540,0.028798,1.000000,1984.408671,0.319542,0.000000,0.267335,2019.177857,1.199969
COL,1,0.125082,0.097745,0.192959,0.009167,0.054975,0.033790,1.000000,1984.739522,0.190299,0.000000,0.310927,2017.854348,1.342238
COL,1,0.670832,0.149271,0.088174,0.008853,0.061607,0.034261,1.000000,1984.716783,0.199666,0.000000,0.314977,2018.513468,1.354839
COL,1,0.247712,0.127195,0.171650,0.022498,0.062864,0.023096,1.000000,1990.251364,0.182690,0.000000,0.223248,2018.708042,1.077256
COL,1,0.129905,0.117521,0.092729,0.012105,0.066045,0.029489,1.000000,1984.870661,0.201183,0.000000,0.266549,2018.872802,1.166536
COL,1,0.189950,0.150096,0.182666,0.004277,0.082143,0.027386,1.000000,1985.016132,0.205309,0.000000,0.253526,2019.982492,1.146618
COL,1,0.139320,0.119815,0.100166,0.008853,0.073138,0.028045,1.000000,1999.796861,0.202838,0.000000,0.247761,2019.250028,1.074573
COL,1,0.145318,0.115443,0.089346,0.007512,0.075574,0.028887,1.000000,1987.021899,0.207648,0.000000,0.250459,2019.381527,1.063586
COL,1,0.121607,0.117506,0.112902,0.012831,0.078949,0.044204,1.000000,1984.764647,0.186568,0.000000,0.229824,2019.178163,1.001209
COL,1,0.146753,0.109378,0.085120,0.008007,0.082251,0.031713,1.000000,1984.334274,0.201814,0.000000,0.221007,2019.479486,1.682118
COL,1,0.156780,0.106339,0.085403,0.008924,0.086641,0.029269,1.000000,1982.485316,0.195739,0.000000,0.404013,2019.507794,1.202755
COL,1,0.295623,0.116101,0.068614,0.004547,0.086501,0.038536,1.000000,1983.710159,0.210819,0.000000,0.317791,2019.644789,1.335773
COL,1,0.095926,0.124332,0.135826,0.015239,0.068356,0.026525,1.000000,1988.671166,0.189399,0.000000,0.244956,2018.947217,1.139830
COL,1,0.118501,0.112562,0.145226,0.007980,0.081246,0.031357,1.000000,1990.276126,0.105719,0.000000,0.264831,2019.150221,1.197756
COL,1,0.145474,0.108394,0.146056,0.007490,0.085323,0.031181,1.000000,1988.168909,0.212484,0.000000,0.256105,2014.669821,1.154197
COL,1,0.183425,0.089872,0.071946,0.024539,0.069593,0.033922,1.000000,1990.711059,0.161659,0.000000,0.277798,2016.774640,1.246603
COL,1,0.099754,0.102190,0.090059,0.016056,0.072619,0.032216,1.000000,1989.336274,0.171721,0.000000,0.271603,2017.622763,1.221315
COL,1,0.287467,0.095175,0.114283,0.006693,0.088314,0.035526,1.000000,1988.569130,0.218389,0.000000,0.280888,2019.015879,1.232289
COL,1,0.104755,0.124049,0.110735,0.012925,0.070737,0.028883,1.000000,1987.822376,0.168569,0.000000,0.260229,2018.126219,1.184818
COL,1,0.119636,0.124420,0.154124,0.012867,0.064417,0.032750,1.000000,1993.971575,0.168499,0.000000,0.148047,2017.036697,1.195383
COL,1,0.109583,0.123595,0.170805,0.015470,0.065424,0.030429,1.000000,1993.870802,0.158408,0.000000,0.278543,2016.636895,0.720353
COL,1,0.149563,0.127459,0.101753,0.018577,0.059867,0.030829,1.000000,1991.405125,0.142853,0.000000,0.244964,2021.317093,1.085423
COL,1,0.107350,0.112883,0.133392,0.009428,0.078469,0.031092,1.000000,1988.997743,0.192741,0.000000,0.253290,2016.505401,1.136827
COL,1,0.127177,0.119259,0.178274,0.019215,0.068835,0.033593,1.000000,1992.750165,0.144455,0.000000,0.251001,2016.564494,1.189451
COL,1,0.120813,0.114817,0.174682,0.018619,0.070469,0.035512,1.000000,1976.018419,0.139744,0.000000,0.254268,2016.240421,1.197498
COL,1,0.229379,0.116608,0.209205,0.014721,0.078634,0.034950,1.000000,1991.960739,0.132498,0.000000,0.234130,2016.204444,1.109469
COL,1,0.091924,0.117292,0.113557,0.012714,0.069069,0.030808,1.000000,1986.714686,0.181537,0.000000,0.258193,2018.233090,1.152154
COL,1,0.125005,0.114589,0.101173,0.008592,0.075655,0.030305,1.000000,1982.883886,0.192082,0.000000,0.250189,2018.806899,1.081233
COL,1,0.110191,0.143338,0.084194,0.017863,0.096486,0.029561,1.000000,1990.828510,0.146079,0.000000,0.190398,2017.731111,0.904586
COL,1,0.118018,0.127126,0.155201,0.021415,0.075697,0.032870,1.000000,1993.648649,0.138144,0.000000,0.231125,2016.543065,1.114934
COL,1,0.098855,0.125617,0.146514,0.015783,0.071960,0.019874,1.000000,1993.402852,0.135314,0.000000,0.251795,2015.660975,1.219140
COL,1,0.127319,0.130474,0.092140,0.010541,0.080805,0.023805,1.000000,2001.535128,0.179849,0.000000,0.227127,2018.572434,1.024487
COL,1,0.085195,0.118556,0.148859,0.016176,0.072977,0.032337,1.000000,1983.403820,0.148914,0.000000,0.247294,2016.841445,1.153115
COL,1,0.101744,0.119467,0.103674,0.015901,0.089308,0.026045,1.000000,1985.217391,0.146253,0.000000,0.388745,2017.789529,1.019854
COL,1,0.118818,0.133310,0.104006,0.028123,0.072744,0.026444,1.000000,1988.474130,0.242201,0.000000,0.253821,2015.311927,0.989413
COL,1,0.088706,0.117442,0.133563,0.011015,0.079072,0.030083,1.000000,1989.831649,0.130685,0.000000,0.262051,2018.243872,1.143955
COL,1,0.112708,0.116527,0.095060,0.009503,0.078742,0.024713,1.000000,1984.016385,0.186175,0.000000,0.295223,2018.305312,1.072461
COL,1,0.088237,0.119096,0.107311,0.011678,0.077974,0.026620,1.000000,1986.565376,0.172927,0.000000,0.278301,2017.876017,1.083005
COL,1,0.102835,0.100036,0.183106,0.010667,0.057818,0.027209,1.000000,1986.469175,0.181239,0.000000,0.366769,2017.167773,1.333048
COL,1,0.117181,0.112168,0.091143,0.011605,0.085427,0.025893,1.000000,1981.651237,0.171097,0.000000,0.274927,2018.324667,1.690745
COL,1,0.079554,0.120638,0.145937,0.014403,0.070134,0.029253,1.000000,1991.064521,0.161498,0.000000,0.277636,2017.068629,0.926192
COL,1,0.087928,0.124179,0.118119,0.020299,0.070354,0.025025,1.000000,1987.441167,0.136148,0.000000,0.305788,2018.535094,1.154735
COL,1,0.107422,0.113022,0.143881,0.016079,0.077996,0.026411,1.000000,1988.560982,0.150621,0.000000,0.306046,2017.012401,1.102385
COL,1,0.084540,0.121200,0.118200,0.013653,0.072513,0.028252,1.000000,1988.007824,0.163908,0.000000,0.271277,2017.852404,1.163974
COL,1,0.106419,0.144464,0.081381,0.020198,0.096236,0.028231,1.000000,1990.115572,0.137563,0.000000,0.198642,2018.088256,0.941302
COL,1,0.080754,0.109710,0.149393,0.012537,0.066354,0.027462,1.000000,1987.399885,0.169274,0.000000,0.319346,2017.400992,1.229901
COL,1,0.112100,0.119472,0.151903,0.013087,0.059934,0.029705,1.000000,1991.605135,0.174830,0.000000,0.176273,2017.408782,1.281110
COL,1,0.085518,0.119468,0.113999,0.015148,0.081349,0.026932,1.000000,1986.872696,0.152965,0.000000,0.326861,2017.694881,1.082677
COL,1,0.084490,0.102110,0.136132,0.013074,0.052884,0.028446,1.000000,1987.004270,0.147883,0.000000,0.293006,2018.574596,1.080503
COL,1,0.191075,0.136440,0.187253,0.012432,0.069110,0.023270,1.000000,1986.801705,0.142704,0.000000,0.283105,2017.893185,1.034448
COL,1,0.082672,0.109872,0.107929,0.015066,0.071732,0.029814,1.000000,1988.712220,0.164001,0.000000,0.274452,2017.690650,1.173348
COL,1,0.109979,0.108617,0.109226,0.012551,0.069716,0.038861,1.000000,1981.416609,0.186688,0.000000,0.308425,2019.979151,1.029332
COL,1,0.076756,0.121143,0.136126,0.014908,0.071395,0.023886,1.000000,1990.630062,0.146765,0.000000,0.265316,2016.810078,1.170383
COL,1,0.094121,0.109270,0.117817,0.012956,0.073884,0.029906,1.000000,1986.982940,0.127677,0.000000,0.320091,2016.474116,1.110161
COL,1,0.082479,0.112860,0.122075,0.013494,0.072478,0.029037,1.000000,1987.408816,0.141056,0.000000,0.300240,2017.114821,1.117546
COL,1,0.083331,0.115103,0.142658,0.015679,0.073723,0.025434,1.000000,1989.044200,0.127805,0.000000,0.312499,2017.050770,1.092365
COL,1,0.076236,0.114571,0.122598,0.019126,0.063344,0.025349,1.000000,1985.751646,0.176991,0.000000,0.317047,2016.835356,1.091876
COL,1,0.089856,0.113162,0.117469,0.025028,0.056301,0.023175,1.000000,1983.643153,0.205275,0.000000,0.346595,2016.105789,1.066263
COL,1,0.095711,0.112251,0.156108,0.019594,0.062036,0.028486,1.000000,1988.925699,0.134352,0.000000,0.306068,2017.043301,1.154566
COL,1,0.083546,0.117347,0.117810,0.013308,0.073783,0.027079,1.000000,1987.162728,0.162430,0.000000,0.285104,2017.670327,1.100699
COL,1,0.107867,0.106629,0.141705,0.010480,0.069660,0.030588,1.000000,1988.022660,0.175715,0.000000,0.275243,2016.192062,1.074019
COL,1,0.078513,0.119546,0.123611,0.017245,0.070180,0.026351,1.000000,1987.586991,0.145180,0.000000,0.297985,2017.969166,1.134309
COL,1,0.090146,0.110859,0.148841,0.014433,0.058096,0.028423,1.000000,1988.698429,0.155244,0.000000,0.251856,2017.126175,1.154567
COL,1,0.073566,0.117257,0.121841,0.014966,0.075093,0.027300,1.000000,1987.333549,0.153532,0.000000,0.307100,2017.553840,1.100451
COL,1,0.079312,0.111508,0.110266,0.013336,0.065719,0.022732,1.000000,1992.497065,0.160263,0.000000,0.343282,2018.085729,1.075481
COL,1,0.077100,0.107564,0.137217,0.015741,0.065060,0.025380,1.000000,1988.987798,0.145029,0.000000,0.328226,2017.124011,1.050650
COL,1,0.094431,0.128753,0.119297,0.016944,0.089790,0.024712,1.000000,1990.277074,0.160252,0.000000,0.310947,2016.105118,1.127950
COL,1,0.072263,0.108211,0.131709,0.013954,0.060970,0.027482,1.000000,1987.839008,0.150890,0.000000,0.297437,2017.979163,1.092275
COL,1,0.076241,0.110567,0.140444,0.016781,0.063965,0.026068,1.000000,1990.234355,0.144094,0.000000,0.321382,2017.114509,1.106113
COL,1,0.077425,0.111972,0.115687,0.014415,0.062478,0.027850,1.000000,1988.594550,0.186330,0.000000,0.294992,2017.742999,1.116802
COL,1,0.096850,0.117671,0.154751,0.014893,0.062814,0.023374,1.000000,1988.907698,0.148752,0.000000,0.338207,2017.113291,1.028718
COL,1,0.073616,0.111773,0.118063,0.015023,0.069432,0.028111,1.000000,1988.761152,0.160060,0.000000,0.289721,2017.547478,1.136375
COL,1,0.073448,0.114374,0.135995,0.016916,0.061667,0.023913,1.000000,1990.393811,0.176466,0.000000,0.308918,2017.760186,1.085506
COL,1,0.072245,0.118473,0.109447,0.019103,0.066712,0.024772,1.000000,1990.884150,0.148182,0.000000,0.288486,2017.537887,0.957649
COL,1,0.077262,0.123103,0.093891,0.023484,0.066892,0.023496,1.000000,1992.528944,0.138574,0.000000,0.273703,2017.606067,0.835459
COL,1,0.061747,0.107411,0.106812,0.017467,0.062512,0.022497,1.000000,1987.174419,0.153158,0.000000,0.332988,2017.940849,1.271895
COL,1,0.054944,0.101352,0.091622,0.019219,0.058915,0.019563,1.000000,1985.142800,0.149138,0.000000,0.362482,2018.365309,1.459292
COL,1,0.081270,0.114378,0.136955,0.020011,0.065609,0.028329,1.000000,1984.296197,0.152501,0.000000,0.271228,2016.966998,1.171656
COL,1,0.068912,0.112219,0.116383,0.014773,0.065692,0.024054,1.000000,1990.562974,0.158289,0.000000,0.324457,2017.810664,1.099173
COL,1,0.068683,0.105563,0.120896,0.015113,0.060642,0.024154,1.000000,1989.963513,0.170697,0.000000,0.318872,2017.060887,1.106118
COL,1,0.066754,0.111608,0.130146,0.018213,0.067873,0.022232,1.000000,1989.209088,0.130784,0.000000,0.326080,2017.178624,1.121760
COL,1,0.071187,0.116895,0.108807,0.017101,0.065684,0.023965,1.000000,1988.854458,0.165545,0.000000,0.292623,2017.805238,1.202224
COL,1,0.058674,0.103171,0.105681,0.018464,0.058821,0.025475,1.000000,1986.848555,0.166906,0.000000,0.363789,2018.267715,1.086106
COL,1,0.062315,0.111750,0.097797,0.016679,0.064970,0.023235,1.000000,1986.690228,0.174136,0.000000,0.310615,2018.165884,1.146462
COL,1,0.074449,0.107396,0.107700,0.014284,0.065877,0.023567,1.000000,1991.249527,0.141339,0.000000,0.313834,2018.642593,1.170270
COL,1,0.067361,0.109147,0.111233,0.015373,0.065238,0.024004,1.000000,1989.925976,0.149572,0.000000,0.314635,2018.203845,1.150450
COL,1,0.061158,0.109651,0.110709,0.018268,0.059351,0.020533,1.000000,1988.563937,0.154699,0.000000,0.346681,2018.071151,1.127514
COL,1,0.057633,0.103359,0.105609,0.018951,0.052259,0.020179,1.000000,1990.159420,0.161475,0.000000,0.334853,2018.150048,1.168422
COL,1,0.063348,0.104192,0.090982,0.017103,0.062644,0.022559,1.000000,1987.044967,0.138251,0.000000,0.337368,2018.012024,1.198000
COL,1,0.059974,0.109433,0.088356,0.021383,0.063637,0.018780,1.000000,1989.506814,0.159541,0.000000,0.356557,2017.798881,1.208921
COL,1,0.061006,0.098646,0.102199,0.015955,0.057603,0.020055,1.000000,1986.142179,0.164441,0.000000,0.378544,2018.277668,1.402691
COL,1,0.064408,0.097193,0.101731,0.017628,0.057254,0.020148,1.000000,1987.816141,0.147018,0.000000,0.389006,2018.094460,1.173517
COL,1,0.057327,0.098841,0.093120,0.020974,0.055917,0.019469,1.000000,1985.548767,0.151917,0.000000,0.365243,2018.136064,1.292117
COL,1,0.049727,0.103917,0.086012,0.021649,0.059893,0.018676,1.000000,1985.435868,0.138039,0.000000,0.379188,2019.019798,1.316636
COL,1,0.073699,0.103105,0.073069,0.025820,0.059522,0.016318,1.000000,1983.092899,0.124006,0.000000,0.410753,2019.926509,1.425861
COL,1,0.050391,0.099691,0.089374,0.022525,0.054744,0.018003,1.000000,1984.704910,0.155582,0.000000,0.395018,2018.059545,1.298114
COL,1,0.053510,0.095689,0.072550,0.019747,0.050532,0.018841,1.000000,1984.699672,0.182733,0.000000,0.394458,2019.181222,1.358687
COL,1,0.057643,0.109585,0.086658,0.020784,0.059089,0.020596,1.000000,1985.624189,0.168889,0.000000,0.332023,2018.495541,1.335531
COL,1,0.059298,0.103075,0.096022,0.022114,0.053375,0.018057,1.000000,1986.170992,0.185399,0.000000,0.382415,2018.655219,1.333383
COL,1,0.049401,0.094841,0.089080,0.023740,0.049621,0.016747,1.000000,1986.441287,0.148956,0.000000,0.424130,2018.586024,1.419561
COL,1,0.080192,0.087427,0.085064,0.028218,0.043039,0.014089,1.000000,1986.316566,0.137670,0.000000,0.484132,2018.792737,1.560162
COL,1,0.048468,0.094346,0.076327,0.022676,0.052973,0.018435,1.000000,1984.158424,0.166693,0.000000,0.398157,2018.762488,1.490066
COL,1,0.080191,0.087565,0.064095,0.025229,0.049977,0.017450,1.000000,1981.908155,0.173001,0.000000,0.424695,2019.098830,1.675834
COL,1,0.068348,0.104072,0.078524,0.027392,0.053858,0.018618,1.000000,1986.303515,0.157187,0.000000,0.368908,2018.641427,1.223994
COL,1,0.056866,0.099974,0.095578,0.018300,0.056650,0.019688,1.000000,1986.182537,0.162599,0.000000,0.376127,2018.369233,1.357460
COL,1,0.054326,0.092440,0.091741,0.020026,0.047520,0.020041,1.000000,1982.250483,0.162534,0.000000,0.394493,2019.190326,1.443720
COL,1,0.052209,0.096347,0.083845,0.019040,0.055923,0.021179,1.000000,1985.057573,0.136532,0.000000,0.370328,2018.449397,1.334909
COL,1,0.043308,0.095169,0.073708,0.022910,0.050234,0.014266,1.000000,1984.067569,0.146929,0.000000,0.390179,2018.862806,1.637077
COL,1,0.054490,0.091420,0.062268,0.025484,0.046307,0.010402,1.000000,1982.661227,0.137795,0.000000,0.403590,2019.153205,1.910570
COL,1,0.062495,0.087580,0.086921,0.020704,0.048625,0.016920,1.000000,1985.048147,0.141829,0.000000,0.433898,2018.700576,1.425852
COL,1,0.053575,0.103588,0.086724,0.020764,0.056335,0.019625,1.000000,1985.480419,0.161713,0.000000,0.356587,2018.547006,1.358003
COL,2,7.428025,0.204509,0.538972,0.059197,0.206587,0.043884,1.000000,1994.393543,1.055666,0.000000,0.183084,2003.500931,0.639711
COL,2,9.362172,0.315447,0.538972,0.059197,0.206587,0.043884,1.000000,1994.393543,1.055666,0.000000,0.183084,2003.500931,0.639711
COL,2,10.925855,0.204509,0.690435,0.059197,0.206587,0.043884,1.000000,1994.393543,1.055666,0.000000,0.183084,2003.500931,0.639711
COL,2,9.231907,0.204509,0.538972,0.106090,0.206587,0.043884,1.000000,1994.393543,1.055666,0.000000,0.183084,2003.500931,0.639711
COL,2,7.754165,0.204509,0.538972,0.059197,0.228431,0.043884,1.000000,1994.393543,1.055666,0.000000,0.183084,2003.500931,0.639711
COL,2,6.396820,0.204509,0.538972,0.059197,0.206587,0.063509,1.000000,1994.393543,1.055666,0.000000,0.183084,2003.500931,0.639711
COL,2,7.428025,0.204509,0.538972,0.059197,0.206587,0.043884,1.000000,1994.393543,1.055666,0.000000,0.183084,2003.500931,0.639711
COL,2,7.428025,0.204509,0.538972,0.059197,0.206587,0.043884,1.000000,2001.688919,1.055666,0.000000,0.183084,2003.500931,0.639711
COL,2,7.428025,0.204509,0.538972,0.059197,0.206587,0.043884,1.000000,1994.393543,1.130505,0.000000,0.183084,2003.500931,0.639711
COL,2,7.428025,0.204509,0.538972,0.059197,0.206587,0.043884,1.000000,1994.393543,1.055666,0.000000,0.183084,2003.500931,0.639711
COL,2,5.009219,0.204509,0.538972,0.059197,0.206587,0.043884,1.000000,1994.393543,1.055666,0.000000,0.329612,2003.500931,0.639711
COL,2,7.429190,0.204509,0.538972,0.059197,0.206587,0.043884,1.000000,1994.393543,1.055666,0.000000,0.183084,2006.756192,0.639711
COL,2,7.300291,0.204509,0.538972,0.059197,0.206587,0.043884,1.000000,1994.393543,1.055666,0.000000,0.183084,2003.500931,1.104168
COL,2,4.238203,0.221675,0.365339,0.065789,0.211165,0.047189,1.000000,1995.840101,1.071741,0.000000,0.203601,2003.930183,0.705143
COL,2,2.042718,0.230532,0.217947,0.069277,0.213302,0.048853,1.000000,1996.529655,1.079173,0.000000,0.214469,2004.160863,0.739748
COL,2,5.449815,0.123313,0.481154,0.067517,0.212245,0.048021,1.000000,1996.187738,1.075506,0.000000,0.208984,2004.044156,0.722288
COL,2,4.328965,0.192836,0.471390,0.031525,0.213127,0.048714,1.000000,1996.473068,1.078568,0.000000,0.213548,2004.141221,0.736816
COL,2,4.323377,0.190932,0.459985,0.056305,0.175325,0.049524,1.000000,1996.800898,1.082057,0.000000,0.218960,2004.256887,0.754039
COL,2,4.381421,0.188727,0.446680,0.055833,0.205711,0.050469,1.000000,1997.176440,1.086014,0.000000,0.225396,2001.910302,0.774505
COL,2,4.105015,0.186175,0.431191,0.055287,0.205564,0.051572,1.000000,1997.605089,1.090480,0.000000,0.233067,2003.562288,0.798884
COL,2,3.594190,0.183227,0.413212,0.054655,0.205391,0.052856,1.000000,1998.092211,0.965951,0.000000,0.242236,2003.572603,0.828002
COL,2,3.228109,0.179829,0.392440,0.053925,0.205190,0.054349,1.000000,1988.097473,1.071517,0.000000,0.253230,2003.584670,0.862878
COL,2,2.720294,0.175920,0.368595,0.053083,0.204953,0.056081,1.000000,1996.544168,1.074006,0.000000,0.266450,2003.598791,0.904768
COL,2,2.274187,0.171436,0.341478,0.052114,0.204676,0.058082,1.000000,1996.882449,1.076855,0.000000,0.282394,2003.615326,0.955218
COL,2,1.908970,0.166312,0.311038,0.051001,0.204352,0.060384,1.000000,1997.269667,1.080107,0.000000,0.301672,2003.634698,0.524130
COL,2,1.208769,0.149301,0.217687,0.047253,0.203201,0.068031,1.000000,1998.561281,1.090894,0.000000,0.374110,2003.703198,0.348035
COL,2,1.657531,0.157626,0.261569,0.049098,0.203779,0.041460,1.000000,1997.927885,1.085614,0.000000,0.337015,2003.668813,0.851511
COL,2,1.038708,0.261070,0.277413,0.040282,0.195460,0.056071,1.000000,1996.584296,1.069024,0.000000,0.325066,2003.116809,0.779213
COL,2,0.623504,0.346560,0.197891,0.030541,0.185257,0.060005,1.000000,1996.779660,1.065673,0.000000,0.393279,2002.726828,0.808862
COL,2,0.936555,0.183150,0.188673,0.041612,0.198872,0.062698,1.000000,1998.545460,1.088603,0.000000,0.213302,2003.464511,0.907217
COL,2,0.834893,0.197669,0.216665,0.042114,0.198654,0.058372,1.000000,1996.211672,1.059379,0.000000,0.311843,2006.584375,0.776314
COL,2,0.910105,0.194296,0.171044,0.075449,0.186026,0.061614,1.000000,1996.882006,1.064593,0.000000,0.345616,2003.495903,0.822404
COL,2,0.626282,0.196789,0.146497,0.046141,0.220304,0.062781,1.000000,1996.569256,1.057456,0.000000,0.362353,2003.285885,0.815689
COL,2,0.369834,0.203549,0.131637,0.045603,0.200723,0.062658,1.000000,1995.534818,1.040182,0.000000,0.367922,2003.883685,0.772880
COL,2,0.268954,0.212593,0.069133,0.041306,0.198158,0.067806,1.000000,1994.419956,1.008386,0.000000,0.445050,2004.053319,0.760109
COL,2,0.276337,0.211767,0.101479,0.044024,0.199674,0.063904,1.000000,1994.319586,1.130872,0.000000,0.392128,2003.954598,0.734411
COL,2,0.234464,0.221212,0.085826,0.043131,0.198931,0.064044,1.000000,2002.699729,1.080633,0.000000,0.403665,2004.005977,0.684039
COL,2,0.411078,0.243675,0.042999,0.038443,0.195566,0.068540,1.000000,2006.229451,1.084971,0.000000,0.487374,2004.231684,0.606029
COL,2,0.251717,0.233917,0.072776,0.042323,0.198135,0.063708,1.000000,1998.104522,1.079353,0.000000,0.412169,2004.061770,0.618725
COL,2,0.287138,0.250848,0.062219,0.041645,0.197291,0.062724,1.000000,1997.987772,1.076976,0.000000,0.416216,2004.121947,0.538752
COL,2,0.395107,0.191633,0.081130,0.027705,0.182479,0.072846,1.000000,1998.540158,1.074244,0.000000,0.542743,2003.575010,0.673809
COL,2,0.581678,0.279449,0.056836,0.036841,0.191640,0.081875,1.000000,1997.299791,1.065156,0.000000,0.427785,2004.039410,0.557177
COL,2,0.650006,0.316150,0.055166,0.036758,0.190229,0.063023,1.000000,1996.390558,1.053827,0.000000,0.397871,2004.060412,1.327128
COL,2,0.791953,0.294822,0.052262,0.040999,0.193641,0.068382,1.000000,1996.024315,1.050220,0.000000,0.620386,2004.445975,0.606231
COL,2,0.922411,0.299187,0.047977,0.018819,0.206337,0.070416,1.000000,1997.631012,1.074348,0.000000,0.510649,2004.583647,0.640127
COL,2,0.297186,0.218633,0.121744,0.054996,0.191632,0.063915,1.000000,1997.072139,1.067092,0.000000,0.385462,2003.745097,0.773624
COL,2,0.888732,0.299185,0.037869,0.038037,0.193894,0.073910,1.000000,1998.382518,1.080221,0.000000,0.560355,2002.097568,0.679617
COL,2,0.295129,0.221337,0.134178,0.041062,0.197493,0.062571,1.000000,1996.778733,1.064867,0.000000,0.370745,2005.054033,0.751233
COL,2,0.689709,0.190643,0.164708,0.039094,0.199500,0.063761,1.000000,1998.658096,1.089709,0.000000,0.225882,2003.337803,0.893724
COL,2,0.297763,0.214714,0.121588,0.039563,0.198080,0.064945,1.000000,1998.035907,1.080815,0.000000,0.311944,2003.590148,0.814149
COL,2,0.804876,0.160225,0.177317,0.044085,0.203667,0.069362,1.000000,1998.590692,1.090749,0.000000,0.411372,2003.590238,0.335239
COL,2,0.348217,0.273375,0.072113,0.038485,0.193823,0.064661,1.000000,1996.966217,1.063956,0.000000,0.401235,2003.938281,0.989314
COL,2,0.938388,0.283826,0.058566,0.033987,0.156012,0.069869,1.000000,1998.491440,1.088767,0.000000,0.454760,2004.554237,0.629671
COL,2,0.307854,0.217156,0.115232,0.042804,0.209031,0.064620,1.000000,1997.069450,1.065933,0.000000,0.384916,2003.570886,0.765772
COL,2,1.051460,0.133647,0.043020,0.053782,0.206438,0.072928,1.000000,1998.345222,1.081844,0.000000,0.421247,2005.632037,0.629247
COL,2,0.342397,0.286439,0.131157,0.035343,0.191122,0.063460,1.000000,1997.184131,1.069888,0.000000,0.400224,2003.294583,0.760750
COL,2,0.609206,0.183067,0.160614,0.044781,0.201186,0.043276,1.000000,1997.836988,1.083012,0.000000,0.382375,2003.756948,0.947752
COL,2,0.351925,0.253695,0.072235,0.038705,0.194143,0.074332,1.000000,1997.435631,1.069832,0.000000,0.416316,2003.967181,0.640263
COL,2,0.527393,0.280447,0.105935,0.061340,0.209823,0.056543,1.000000,1996.343635,1.073758,0.000000,0.260953,2004.313518,0.789887
COL,2,0.298005,0.212292,0.086626,0.034107,0.190282,0.069124,1.000000,1998.016511,1.074123,0.000000,0.468505,2003.748844,0.701526
COL,2,0.332168,0.208695,0.123790,0.044106,0.200023,0.053591,1.000000,1997.613647,1.078737,0.000000,0.381570,2003.856129,0.841137
COL,2,0.503147,0.181992,0.136101,0.045357,0.201294,0.062862,1.000000,1998.169243,1.086274,0.000000,0.393159,2003.870889,0.517750
COL,2,0.252474,0.248947,0.084026,0.040115,0.195764,0.064215,1.000000,1997.274699,1.069870,0.000000,0.399212,2003.921341,0.850323
COL,2,0.549033,0.166689,0.069626,0.050224,0.204305,0.064197,1.000000,1997.977768,1.081002,0.000000,0.393997,2004.735815,0.703955
COL,2,0.257370,0.253748,0.111418,0.038660,0.194649,0.063645,1.000000,1997.385907,1.072749,0.000000,0.398665,2003.614618,0.746241
COL,2,0.309064,0.244374,0.072231,0.039556,0.195043,0.074295,1.000000,1997.519316,1.071273,0.000000,0.415713,2004.024692,0.620524
COL,2,0.254286,0.235202,0.082256,0.040654,0.196320,0.069678,1.000000,1997.542947,1.073176,0.000000,0.407104,2003.981985,0.670920
COL,2,0.285279,0.238477,0.073189,0.040424,0.181198,0.065502,1.000000,1998.125392,1.084710,0.000000,0.416036,2004.417276,0.669817
COL,2,0.267696,0.248163,0.093799,0.051798,0.200839,0.060112,1.000000,1997.203455,1.078913,0.000000,0.327299,2004.328934,0.726322
COL,2,0.302280,0.251323,0.065210,0.047005,0.193835,0.063762,1.000000,1997.040358,1.071792,0.000000,0.488565,2004.653431,0.610921
COL,2,0.247867,0.223610,0.103437,0.041324,0.197041,0.064651,1.000000,1997.792299,1.078613,0.000000,0.353672,2003.834767,0.759163
COL,2,0.336033,0.248016,0.063580,0.031858,0.200931,0.064915,1.000000,1998.121537,1.086826,0.000000,0.404191,2004.484976,0.642660
COL,2,0.239951,0.225815,0.102808,0.048208,0.194066,0.064167,1.000000,1997.340388,1.072291,0.000000,0.390120,2003.919780,0.739138
COL,2,0.280399,0.245946,0.056294,0.044363,0.194770,0.066477,1.000000,1998.479819,1.089792,0.000000,0.422594,2003.158210,0.660690
COL,2,0.274261,0.215942,0.117049,0.044210,0.194552,0.066939,1.000000,1997.392059,1.080995,0.000000,0.377950,2003.739735,0.935706
COL,2,0.295237,0.224023,0.106003,0.046201,0.209878,0.064460,1.000000,1997.122194,1.072375,0.000000,0.371887,2003.385185,0.809760
COL,2,0.247745,0.234824,0.080083,0.041808,0.189416,0.065243,1.000000,1997.880009,1.081730,0.000000,0.404869,2004.137458,0.702940
COL,2,0.358407,0.215114,0.152351,0.041709,0.198228,0.063246,1.000000,1996.630003,1.065040,0.000000,0.362730,2004.923911,0.828484
COL,2,0.251449,0.238061,0.070804,0.043687,0.195650,0.065682,1.000000,1998.035668,1.084015,0.000000,0.407389,2003.539528,0.699984
COL,2,0.274311,0.254144,0.076452,0.041979,0.192509,0.066132,1.000000,2000.798046,0.975584,0.000000,0.395052,2003.892457,0.741847
COL,2,0.246074,0.243229,0.081939,0.042483,0.194365,0.065581,1.000000,1999.409079,1.029875,0.000000,0.394321,2003.907915,0.739983
COL,2,0.268535,0.254377,0.063480,0.041522,0.197740,0.062828,1.000000,1998.661870,1.055661,0.000000,0.412188,2004.144498,0.549463
COL,2,0.274691,0.265300,0.104795,0.044476,0.194039,0.061033,1.000000,2001.523504,1.116312,0.000000,0.341530,2003.839354,0.651766
COL,2,0.262868,0.225272,0.076435,0.042081,0.197150,0.066169,1.000000,1996.488510,1.042924,0.000000,0.418487,2003.998916,0.731823
COL,2,0.269482,0.218045,0.119190,0.044346,0.194376,0.066665,1.000000,1997.702868,1.085086,0.000000,0.373679,2003.731221,0.930220
COL,2,0.264184,0.245069,0.073700,0.042213,0.196913,0.063805,1.000000,1998.427423,1.063576,0.000000,0.402461,2004.037762,0.630450
COL,2,0.344621,0.223420,0.076130,0.034097,0.190261,0.069718,1.000000,1999.305661,1.060141,0.000000,0.474950,2003.526149,0.699120
COL,2,0.231699,0.241872,0.088958,0.046786,0.198334,0.062623,1.000000,1997.754774,1.074441,0.000000,0.362591,2004.115221,0.719447
COL,2,0.238944,0.225875,0.100260,0.042874,0.194786,0.066121,1.000000,1998.037115,1.077537,0.000000,0.389339,2003.798410,0.819763
COL,2,0.223397,0.245799,0.101037,0.043143,0.194140,0.063746,1.000000,2000.025744,1.098550,0.000000,0.368910,2003.802768,0.722938
COL,2,0.278547,0.256338,0.116662,0.043683,0.192590,0.062508,1.000000,2001.503710,1.119081,0.000000,0.344934,2003.707770,0.718525
COL,2,0.251928,0.216496,0.068741,0.047732,0.196575,0.066284,1.000000,1999.687241,1.078682,0.000000,0.383326,2004.238566,0.705088
COL,2,0.230265,0.231212,0.089300,0.046675,0.194953,0.059338,1.000000,1999.882325,1.079171,0.000000,0.371148,2003.892018,0.789543
COL,2,0.257160,0.215118,0.088290,0.048473,0.195380,0.064354,1.000000,2000.493429,1.083725,0.000000,0.374222,2003.947350,0.612004
COL,2,0.228153,0.240281,0.085068,0.042083,0.195668,0.064250,1.000000,1998.145249,1.073463,0.000000,0.392918,2003.927830,0.785231
COL,2,0.235870,0.251599,0.113253,0.039895,0.194401,0.061882,1.000000,1997.948362,1.074358,0.000000,0.391593,2003.601695,0.756259
COL,2,0.245889,0.236485,0.114835,0.044613,0.192108,0.064217,1.000000,1999.523275,1.072808,0.000000,0.359905,2003.686678,0.883677
COL,2,0.269680,0.232094,0.128636,0.043377,0.194122,0.061955,1.000000,1999.818253,1.065725,0.000000,0.356753,2004.254928,0.817831
COL,2,0.240203,0.236562,0.081731,0.043609,0.195271,0.064766,1.000000,1998.501504,1.079663,0.000000,0.394532,2003.708101,0.728182
COL,2,0.246883,0.249014,0.083668,0.046244,0.192368,0.063039,1.000000,2000.134004,1.071816,0.000000,0.417635,2003.910788,0.750087
COL,2,0.259943,0.239852,0.109094,0.046486,0.200156,0.062056,1.000000,2000.402904,1.066709,0.000000,0.367962,2003.587720,0.817557
COL,2,0.241735,0.236077,0.086387,0.042939,0.192242,0.064457,1.000000,1998.552457,1.078122,0.000000,0.395542,2003.993818,0.730404
COL,2,0.232810,0.223813,0.104800,0.041509,0.197475,0.064519,1.000000,1997.906904,1.078005,0.000000,0.352184,2003.812023,0.763953
COL,2,0.252948,0.226190,0.111682,0.045027,0.196077,0.061761,1.000000,1998.456625,1.114295,0.000000,0.367672,2003.799040,0.778385
COL,2,0.236611,0.238918,0.088410,0.043107,0.194797,0.064643,1.000000,1999.176715,1.055908,0.000000,0.387602,2003.880453,0.749450
COL,2,0.243013,0.233203,0.076541,0.042635,0.198641,0.063237,1.000000,1998.271903,1.081351,0.000000,0.407055,2004.060049,0.629104
COL,2,0.238716,0.234022,0.084487,0.043122,0.197060,0.063483,1.000000,1998.594643,1.079264,0.000000,0.395099,2003.963861,0.686739
COL,2,0.240358,0.233268,0.100805,0.044330,0.199276,0.062829,1.000000,1999.267357,1.076355,0.000000,0.371003,2003.743865,0.759072
COL,2,0.227357,0.233969,0.096957,0.043979,0.197579,0.063239,1.000000,1999.091862,1.076799,0.000000,0.377089,2003.805085,0.751828
COL,2,0.242190,0.232355,0.109917,0.043712,0.196791,0.062254,1.000000,1999.410395,1.074287,0.000000,0.369125,2004.049063,0.765395
COL,2,0.236828,0.235507,0.087898,0.043635,0.195654,0.064145,1.000000,1998.733983,1.078338,0.000000,0.388129,2003.790990,0.737357
COL,2,0.242917,0.244896,0.084972,0.038807,0.198206,0.062863,1.000000,2000.619407,1.082516,0.000000,0.373131,2003.810208,0.753851
COL,2,0.234988,0.230519,0.097975,0.045698,0.195123,0.063842,1.000000,1998.229401,1.074918,0.000000,0.385850,2003.892142,0.742796
COL,2,0.236179,0.245633,0.086748,0.044189,0.197573,0.060434,1.000000,2000.066324,1.077026,0.000000,0.373326,2003.947839,0.666679
COL,2,0.246080,0.239237,0.103486,0.044115,0.195402,0.062661,1.000000,1999.802874,1.074889,0.000000,0.364105,2003.780379,0.793092
COL,2,0.240567,0.235321,0.088826,0.043369,0.196649,0.063278,1.000000,1998.906295,1.078183,0.000000,0.387273,2003.917305,0.712255
COL,2,0.241278,0.239853,0.098973,0.043559,0.195879,0.063493,1.000000,1999.566803,1.088148,0.000000,0.372992,2003.803926,0.737277
COL,2,0.232960,0.243034,0.092654,0.042610,0.194908,0.063999,1.000000,1999.116058,1.086626,0.000000,0.380852,2003.864874,0.753611
COL,2,0.231060,0.238457,0.094961,0.044880,0.194547,0.061566,1.000000,1999.954233,1.089240,0.000000,0.370028,2003.847175,0.755702
COL,2,0.233922,0.243832,0.094776,0.044934,0.196267,0.063187,1.000000,1998.933776,1.087070,0.000000,0.365746,2003.956418,0.721191
COL,2,0.243438,0.234690,0.102899,0.042319,0.195826,0.064134,1.000000,1999.004559,1.088702,0.000000,0.360509,2003.807393,0.743235
COL,2,0.238408,0.233357,0.093072,0.043137,0.196574,0.063895,1.000000,2001.447656,1.089918,0.000000,0.386165,2003.903264,0.703281
COL,2,0.238834,0.238106,0.099493,0.044405,0.194633,0.063794,1.000000,1999.155605,1.087288,0.000000,0.377348,2003.847237,0.732816
COL,2,0.246332,0.248692,0.106954,0.041492,0.194271,0.062819,1.000000,1999.023900,1.087033,0.000000,0.380196,2003.701074,0.739458
COL,2,0.234754,0.245716,0.093578,0.043663,0.195876,0.062104,1.000000,2000.046050,1.088252,0.000000,0.371116,2003.874733,0.694366
COL,2,0.237442,0.242348,0.094481,0.043125,0.194469,0.064196,1.000000,1999.607878,1.078883,0.000000,0.378217,2003.841445,0.736104
COL,2,0.228123,0.240630,0.094204,0.043388,0.194901,0.063946,1.000000,1999.394825,1.088856,0.000000,0.378479,2003.796875,0.730120
COL,2,0.234495,0.239880,0.092332,0.043133,0.195614,0.063615,1.000000,1999.328396,1.089283,0.000000,0.381931,2003.882614,0.704660
COL,2,0.225206,0.232350,0.086257,0.045627,0.196329,0.064129,1.000000,2000.246997,1.089891,0.000000,0.368504,2004.008410,0.716201
COL,2,0.229290,0.245895,0.087000,0.045309,0.194869,0.062813,1.000000,2000.460366,1.088438,0.000000,0.389702,2003.930936,0.708113
COL,2,0.243250,0.241682,0.088473,0.044318,0.194645,0.063346,1.000000,2000.084451,1.089039,0.000000,0.379804,2003.956027,0.709089
COL,2,0.214110,0.240309,0.096219,0.043748,0.195573,0.063456,1.000000,1999.698126,1.088371,0.000000,0.374691,2003.841483,0.730152
COL,2,0.230993,0.243810,0.087538,0.043365,0.196046,0.062986,1.000000,2000.551185,1.090064,0.000000,0.374996,2003.910717,0.713005
COL,2,0.252326,0.250420,0.092561,0.044678,0.194000,0.062731,1.000000,1997.894050,1.087461,0.000000,0.364433,2003.855828,0.744528
COL,2,0.215227,0.237575,0.092944,0.043518,0.195939,0.063606,1.000000,2000.647844,1.089309,0.000000,0.380692,2003.891360,0.713426
COL,2,0.228750,0.240508,0.090938,0.044757,0.196360,0.062326,1.000000,2000.143447,1.099332,0.000000,0.372690,2003.926260,0.707700
COL,2,0.248168,0.236312,0.091375,0.044390,0.195044,0.064448,1.000000,1999.725294,1.092679,0.000000,0.380065,2003.901182,0.752382
COL,2,0.240752,0.243351,0.093022,0.043844,0.195669,0.062696,1.000000,1999.966599,1.089374,0.000000,0.373346,2003.881331,0.708539
COL,2,0.229651,0.238941,0.094565,0.043633,0.195756,0.063531,1.000000,2000.181970,1.088841,0.000000,0.377687,2003.866354,0.721752
COL,2,0.227699,0.243048,0.098595,0.043445,0.194860,0.063601,1.000000,1999.862959,1.093570,0.000000,0.371797,2003.822084,0.726538
COL,2,0.223044,0.236315,0.091079,0.044679,0.195952,0.063793,1.000000,1999.975480,1.089133,0.000000,0.371593,2003.924204,0.723151
COL,2,0.235893,0.240470,0.095205,0.043568,0.195237,0.063701,1.000000,1999.547317,1.088613,0.000000,0.376583,2003.819124,0.730136
COL,2,0.220396,0.240409,0.093536,0.044250,0.195967,0.062893,1.000000,1999.922694,1.093979,0.000000,0.373690,2003.883677,0.718860
COL,2,0.243987,0.243096,0.091474,0.044523,0.195222,0.063135,1.000000,2000.084958,1.088404,0.000000,0.382172,2003.885994,0.719069
COL,2,0.233458,0.242057,0.091759,0.043556,0.195810,0.063221,1.000000,2000.131856,1.089220,0.000000,0.374843,2003.875970,0.721540
COL,2,0.245627,0.239383,0.095588,0.044311,0.195062,0.062516,1.000000,1999.826802,1.088806,0.000000,0.372357,2003.844328,0.742845
COL,2,0.239412,0.241670,0.094418,0.043176,0.195241,0.063728,1.000000,1999.410137,1.087501,0.000000,0.377767,2003.853164,0.741813
COL,2,0.233043,0.242068,0.095495,0.044338,0.195920,0.063322,1.000000,1999.321141,1.087722,0.000000,0.370208,2003.898595,0.725661
COL,2,0.225502,0.240095,0.094253,0.043439,0.195593,0.063536,1.000000,1999.514506,1.088828,0.000000,0.378305,2003.862002,0.717320
COL,2,0.229434,0.243007,0.094888,0.043706,0.195724,0.062783,1.000000,1999.873245,1.088311,0.000000,0.372902,2003.858078,0.712087
COL,3,28.531792,0.474192,0.524061,0.183118,0.189351,0.015085,1.000000,1992.695121,0.354479,0.000000,0.152051,2020.874475,1.410279
COL,3,29.936841,0.535803,0.524061,0.183118,0.189351,0.015085,1.000000,1992.695121,0.354479,0.000000,0.152051,2020.874475,1.410279
COL,3,33.894258,0.474192,0.679117,0.183118,0.189351,0.015085,1.000000,1992.695121,0.354479,0.000000,0.152051,2020.874475,1.410279
COL,3,31.577966,0.474192,0.524061,0.233137,0.189351,0.015085,1.000000,1992.695121,0.354479,0.000000,0.152051,2020.874475,1.410279
COL,3,28.969382,0.474192,0.524061,0.183118,0.218547,0.015085,1.000000,1992.695121,0.354479,0.000000,0.152051,2020.874475,1.410279
COL,3,25.978277,0.474192,0.524061,0.183118,0.189351,0.028334,1.000000,1992.695121,0.354479,0.000000,0.152051,2020.874475,1.410279
COL,3,28.531792,0.474192,0.524061,0.183118,0.189351,0.015085,1.000000,1992.695121,0.354479,0.000000,0.152051,2020.874475,1.410279
COL,3,28.531792,0.474192,0.524061,0.183118,0.189351,0.015085,1.000000,2000.594887,0.354479,0.000000,0.152051,2020.874475,1.410279
COL,3,28.531792,0.474192,0.524061,0.183118,0.189351,0.015085,1.000000,1992.695121,0.575892,0.000000,0.152051,2020.874475,1.410279
COL,3,28.531792,0.474192,0.524061,0.183118,0.189351,0.015085,1.000000,1992.695121,0.354479,0.000000,0.152051,2020.874475,1.410279
COL,3,28.297600,0.474192,0.524061,0.183118,0.189351,0.015085,1.000000,1992.695121,0.354479,0.000000,0.282903,2020.874475,1.410279
COL,3,28.915364,0.474192,0.524061,0.183118,0.189351,0.015085,1.000000,1992.695121,0.354479,0.000000,0.152051,2024.276497,1.410279
COL,3,28.601607,0.474192,0.524061,0.183118,0.189351,0.015085,1.000000,1992.695121,0.354479,0.000000,0.152051,2020.874475,1.984276
COL,3,23.131518,0.486832,0.350845,0.192479,0.195264,0.016874,1.000000,1994.236109,0.388005,0.000000,0.169860,2021.559335,1.508381
COL,3,18.125575,0.492782,0.207470,0.197034,0.198060,0.017829,1.000000,1994.975037,0.405406,0.000000,0.179359,2021.883982,1.557541
COL,3,22.583633,0.489838,0.465852,0.126371,0.196675,0.017346,1.000000,1994.608284,0.396655,0.000000,0.174560,2021.723150,1.532963
COL,3,23.510263,0.387109,0.456075,0.176314,0.197831,0.017748,1.000000,1994.914291,0.403940,0.000000,0.178552,2021.857384,1.553446
COL,3,24.738486,0.467973,0.444674,0.175169,0.151588,0.018226,1.000000,1995.266478,0.412527,0.000000,0.183299,2022.011366,1.577328
COL,3,22.551510,0.466916,0.431399,0.173828,0.188231,0.018797,1.000000,1995.670712,0.422659,0.000000,0.188957,2016.804742,1.605155
COL,3,22.966923,0.465675,0.415980,0.172259,0.188043,0.019479,1.000000,1996.133144,0.434628,0.000000,0.195723,2020.979574,0.976969
COL,3,21.847353,0.464217,0.398130,0.170423,0.187823,0.020299,1.000000,1996.660001,0.448784,0.000000,0.203841,2020.996990,1.462699
COL,3,20.811110,0.462502,0.377569,0.168272,0.187566,0.021288,1.000000,1997.257248,0.243334,0.000000,0.213618,2021.017272,1.471455
COL,3,19.489975,0.460483,0.354050,0.165753,0.187265,0.022485,1.000000,1987.070670,0.405783,0.000000,0.225439,2021.040885,1.481675
COL,3,17.980752,0.458101,0.327410,0.162803,0.186913,0.023941,1.000000,1995.865724,0.414700,0.000000,0.239790,2021.068365,1.493603
COL,3,13.297779,0.449551,0.243149,0.152415,0.185670,0.029528,1.000000,1997.300753,0.446644,0.000000,0.294570,2021.163973,1.535374
COL,3,15.504719,0.453867,0.283353,0.157618,0.186293,0.026641,1.000000,1996.596251,0.430534,0.000000,0.266321,2021.116281,1.514487
COL,3,13.996322,0.450276,0.249561,0.153283,0.185774,0.029034,1.000000,1997.185158,0.443941,0.000000,0.139815,2021.156040,1.531893
COL,3,13.829988,0.446014,0.213861,0.148219,0.185165,0.015604,1.000000,1997.849133,0.459806,0.000000,0.260481,2021.202228,1.552198
COL,3,13.383962,0.449162,0.239768,0.151951,0.216288,0.024121,1.000000,1996.014606,0.405881,0.000000,0.232995,2019.810131,1.381165
COL,3,12.458013,0.518145,0.203736,0.146664,0.184977,0.025941,1.000000,1996.525177,0.414816,0.000000,0.248991,2019.623930,1.376323
COL,3,8.205318,0.553349,0.125880,0.131791,0.177828,0.030857,1.000000,1997.285704,0.420308,0.000000,0.290282,2018.348359,1.289044
COL,3,11.385714,0.481322,0.187551,0.144044,0.193606,0.025706,1.000000,1995.532709,0.382601,0.000000,0.244188,2020.194311,2.016577
COL,3,11.990724,0.454183,0.132473,0.192109,0.184063,0.030240,1.000000,1997.136212,0.417467,0.000000,0.284923,2019.049122,1.536419
COL,3,9.283416,0.476769,0.119300,0.148619,0.192258,0.030379,1.000000,1996.391479,0.390796,0.000000,0.283513,2023.484376,1.452737
COL,3,8.582236,0.481263,0.107337,0.148445,0.193359,0.030256,1.000000,1995.342010,0.357557,0.000000,0.279203,2020.734791,1.593537
COL,3,8.013999,0.485712,0.092260,0.147313,0.194525,0.030652,1.000000,1994.341897,0.627456,0.000000,0.279229,2020.666090,1.605098
COL,3,5.586272,0.496156,0.047570,0.136822,0.197789,0.036105,1.000000,1992.742567,0.835830,0.000000,0.316104,2020.486285,1.671564
COL,3,7.358587,0.492994,0.070831,0.145029,0.196490,0.031533,1.000000,2002.585516,0.491447,0.000000,0.280922,2020.547794,1.626516
COL,3,4.141069,0.460783,0.105906,0.104684,0.185173,0.041106,1.000000,1998.792099,0.506813,0.000000,0.363325,2019.333543,1.562307
COL,3,1.422130,0.442515,0.076329,0.066292,0.178000,0.055592,1.000000,2000.409755,0.560261,0.000000,0.477412,2017.860485,1.564689
COL,3,5.396812,0.496863,0.062328,0.127425,0.195912,0.033886,1.000000,1998.028356,0.501565,0.000000,0.287380,2019.697203,1.613636
COL,3,4.910987,0.506008,0.057270,0.127427,0.197935,0.032082,1.000000,1997.607818,0.497253,0.000000,0.506389,2019.391580,1.609885
COL,3,3.770331,0.516681,0.054298,0.128965,0.200381,0.054999,1.000000,1996.892605,0.487176,0.000000,0.366101,2019.010352,1.599237
COL,3,4.445388,0.523250,0.040825,0.121586,0.156161,0.047081,1.000000,1998.772495,0.559216,0.000000,0.426087,2020.363076,1.803833
COL,3,3.501677,0.531807,0.033256,0.116170,0.192856,0.043351,1.000000,1997.841902,0.534031,0.000000,0.373940,2018.765268,1.697081
COL,3,1.925276,0.538268,0.040901,0.070713,0.195671,0.044847,1.000000,1998.113788,0.586048,0.000000,0.400812,2020.881437,1.722538
COL,3,2.443212,0.530218,0.029046,0.099360,0.186741,0.054017,1.000000,1999.865940,0.661247,0.000000,0.480507,2019.917000,1.178583
COL,3,1.651166,0.539502,0.030993,0.088087,0.187238,0.052350,1.000000,1999.702961,0.697957,0.000000,0.466181,2014.553199,1.707687
COL,3,1.668064,0.543968,0.028868,0.079602,0.184982,0.056335,1.000000,2001.095190,0.790956,0.000000,0.504538,2017.544012,1.586860
COL,3,1.347078,0.457594,0.024656,0.085231,0.200372,0.059950,1.000000,2000.198555,0.783243,0.000000,0.528575,2019.924006,1.932589
COL,3,0.593267,0.376329,0.020922,0.066070,0.209470,0.073272,1.000000,2001.446365,0.934602,0.000000,0.645281,2020.651750,2.213837
COL,3,1.497921,0.524720,0.025269,0.064171,0.185366,0.066132,1.000000,1993.453854,0.787799,0.000000,0.600905,2017.654117,1.710308
COL,3,1.580581,0.526450,0.027528,0.060338,0.181580,0.066180,1.000000,2003.028596,0.431430,0.000000,0.608482,2017.214111,1.671971
COL,3,1.696120,0.530099,0.023605,0.057862,0.181234,0.072952,1.000000,2000.303749,0.758401,0.000000,0.685564,2017.694438,1.739031
COL,3,1.832616,0.526684,0.022775,0.049582,0.175645,0.079643,1.000000,2001.042773,0.802887,0.000000,0.503846,2017.736934,1.763956
COL,3,1.513138,0.510739,0.023603,0.044592,0.212803,0.072669,1.000000,2000.429858,0.783865,0.000000,0.594758,2016.126777,1.561966
COL,3,2.400593,0.516742,0.021474,0.033013,0.178539,0.068781,1.000000,2002.345376,0.888733,0.000000,0.682990,2017.192467,1.761618
COL,3,2.383955,0.495701,0.022701,0.030317,0.184954,0.080757,1.000000,2002.320201,0.900371,0.000000,0.718580,2017.186312,1.675554
COL,3,2.344464,0.491134,0.023245,0.030226,0.190906,0.077171,1.000000,2001.103140,0.833529,0.000000,0.668065,2015.377616,2.224943
COL,3,1.580806,0.503769,0.042419,0.091871,0.199840,0.065936,1.000000,1998.046943,0.582239,0.000000,0.459321,2018.017817,1.778782
COL,3,3.070829,0.524515,0.037552,0.113647,0.196844,0.047179,1.000000,1997.225889,0.510001,0.000000,0.367696,2018.159558,1.879405
COL,3,1.753014,0.503625,0.024323,0.043932,0.188081,0.074029,1.000000,2001.232720,0.814662,0.000000,0.642075,2017.433135,1.727393
COL,3,3.454906,0.529440,0.035355,0.118939,0.190843,0.051873,1.000000,1998.870894,0.588673,0.000000,0.425140,2020.072941,1.189666
COL,3,1.665481,0.502000,0.024795,0.044539,0.190890,0.071753,1.000000,2000.581365,0.776569,0.000000,0.612145,2016.630834,1.993606
COL,3,2.006659,0.468312,0.021851,0.053494,0.184922,0.084417,1.000000,2002.039281,0.862849,0.000000,0.716024,2013.541035,1.790784
COL,3,1.469580,0.524671,0.031464,0.066075,0.193109,0.056642,1.000000,1999.211149,0.659650,0.000000,0.485309,2019.263597,1.739692
COL,3,1.363230,0.486592,0.037729,0.079191,0.205375,0.048396,1.000000,1999.032950,0.631260,0.000000,0.628196,2017.455635,1.745561
COL,3,1.886003,0.510517,0.034468,0.095643,0.198301,0.051679,1.000000,1998.396349,0.585815,0.000000,0.485609,2017.762870,1.784977
COL,3,1.440344,0.505387,0.025854,0.054197,0.190758,0.069049,1.000000,2000.580982,0.760776,0.000000,0.605136,2017.515967,1.741856
COL,3,1.258266,0.472653,0.038737,0.074697,0.205124,0.052271,1.000000,1999.515315,0.648263,0.000000,0.418699,2017.472391,1.773922
COL,3,0.870505,0.427423,0.028693,0.053340,0.205216,0.069019,1.000000,1998.317070,0.588052,0.000000,0.597895,2017.611351,1.949239
COL,3,1.880044,0.483342,0.037669,0.095131,0.202646,0.052540,1.000000,1998.526480,0.571643,0.000000,0.486600,2018.644543,1.529909
COL,3,1.345449,0.497571,0.026653,0.054647,0.194008,0.067362,1.000000,2000.096680,0.727316,0.000000,0.581908,2017.148873,1.882990
COL,3,0.811569,0.410131,0.027118,0.044795,0.206518,0.073980,1.000000,1999.549172,0.659369,0.000000,0.647875,2020.763058,1.856214
COL,3,1.429297,0.455849,0.022850,0.037244,0.196376,0.063242,1.000000,2001.249155,0.783259,0.000000,0.681205,2018.204357,1.799456
COL,3,0.684786,0.401674,0.027301,0.055267,0.213239,0.062488,1.000000,1994.903883,0.954167,0.000000,0.556141,2019.127459,1.923150
COL,3,1.313797,0.408168,0.037054,0.076105,0.182380,0.053141,1.000000,1997.722082,0.677602,0.000000,0.563917,2020.505116,2.077393
COL,3,0.530746,0.354128,0.034235,0.055368,0.210477,0.058515,1.000000,2003.606058,0.654197,0.000000,0.551224,2019.656632,2.004044
COL,3,0.369076,0.240156,0.043272,0.051331,0.219722,0.054521,1.000000,2006.270853,0.584523,0.000000,0.525648,2020.569583,2.137954
COL,3,0.311063,0.296753,0.027385,0.051436,0.209063,0.067514,1.000000,2001.235112,0.771310,0.000000,0.665911,2018.323780,2.041929
COL,3,0.645801,0.166141,0.025924,0.045141,0.215584,0.072385,1.000000,2002.125920,0.823222,0.000000,0.739436,2017.836430,2.178067
COL,3,0.462679,0.293734,0.035004,0.062340,0.213309,0.054601,1.000000,2000.057010,0.672771,0.000000,0.564463,2020.117051,2.086411
COL,3,1.447576,0.340810,0.059711,0.093405,0.211663,0.059500,1.000000,1999.096433,0.629337,0.000000,0.456527,2019.809919,2.080407
COL,3,0.960708,0.430335,0.025549,0.047777,0.200573,0.062320,1.000000,2000.745565,0.746264,0.000000,0.630123,2018.619692,1.872644
COL,3,0.445546,0.355378,0.021328,0.052316,0.224703,0.067899,1.000000,2000.083935,0.869670,0.000000,0.685679,2020.229128,2.309699
COL,3,0.266948,0.267506,0.022853,0.039797,0.210470,0.076377,1.000000,2001.504616,0.846701,0.000000,0.555415,2020.977156,2.255383
COL,3,0.714441,0.159482,0.021137,0.027243,0.212835,0.085720,1.000000,2002.559358,0.934795,0.000000,0.517250,2022.413736,2.452105
COL,3,0.476993,0.209117,0.026652,0.056361,0.220919,0.061290,1.000000,2000.797963,0.780388,0.000000,0.598775,2021.748743,2.200946
COL,3,0.338990,0.291205,0.022199,0.037340,0.230155,0.075286,1.000000,2003.049936,0.841118,0.000000,0.621662,2018.943857,2.041999
COL,3,0.530011,0.184545,0.021394,0.033704,0.222199,0.078906,1.000000,2002.303031,0.892673,0.000000,0.762296,2021.891603,2.339851
COL,3,0.572365,0.194562,0.023784,0.051475,0.227435,0.073945,1.000000,2001.504167,0.834069,0.000000,0.614653,2021.498371,2.333474
COL,3,0.796274,0.164614,0.022097,0.045791,0.227637,0.068688,1.000000,2003.740804,0.982499,0.000000,0.648753,2022.744510,2.330914
COL,3,1.183304,0.147465,0.022091,0.054678,0.229426,0.062209,1.000000,2003.520802,0.978709,0.000000,0.598997,2020.510398,2.457309
COL,3,0.445445,0.342252,0.025244,0.047119,0.213658,0.071265,1.000000,2000.689945,0.752562,0.000000,0.635990,2020.700416,2.031003
COL,3,0.817379,0.417220,0.028263,0.053778,0.206508,0.068530,1.000000,1998.531643,0.604078,0.000000,0.595784,2017.598672,1.978169
COL,3,0.358833,0.221218,0.022957,0.047692,0.223439,0.068649,1.000000,2002.673150,0.907792,0.000000,0.635901,2021.668196,2.251352
COL,3,0.914270,0.154757,0.022042,0.043399,0.224657,0.075009,1.000000,2006.069630,0.638202,0.000000,0.694900,2022.002404,2.414243
COL,3,0.414306,0.337784,0.025314,0.052082,0.216441,0.065870,1.000000,1998.857162,0.888581,0.000000,0.593410,2019.912747,2.062562
COL,3,0.707666,0.170155,0.041348,0.034212,0.227922,0.063238,1.000000,2002.137182,0.656658,0.000000,0.603900,2020.538662,2.144270
COL,3,0.367840,0.322509,0.022032,0.056505,0.215007,0.070929,1.000000,2001.623579,0.875169,0.000000,0.635177,2020.623582,2.196786
COL,3,0.594907,0.368833,0.024763,0.045522,0.207442,0.061836,1.000000,2002.101820,0.788718,0.000000,0.638366,2019.450648,1.978004
COL,3,0.281292,0.235014,0.024008,0.049931,0.223419,0.071156,1.000000,2001.656960,0.822991,0.000000,0.620660,2021.020126,2.253391
COL,3,0.897350,0.389294,0.035279,0.072010,0.215273,0.053420,1.000000,2001.169978,0.707316,0.000000,0.426141,2018.786769,1.951578
COL,3,0.283770,0.231615,0.022544,0.041173,0.220590,0.073570,1.000000,2002.031722,0.850656,0.000000,0.694410,2021.191649,2.253096
COL,3,0.627506,0.365787,0.022749,0.041903,0.216701,0.074854,1.000000,2002.803653,0.841159,0.000000,0.642985,2018.855333,2.125424
COL,3,0.307862,0.246225,0.025336,0.052420,0.219911,0.064961,1.000000,2001.337828,0.796031,0.000000,0.610085,2021.090817,2.182454
COL,3,0.312804,0.269670,0.021016,0.036416,0.224579,0.080813,1.000000,2003.529610,0.943442,0.000000,0.680333,2020.813439,2.251624
COL,3,0.362605,0.198941,0.031031,0.041347,0.213110,0.072872,1.000000,2003.973198,0.783680,0.000000,0.556998,2020.802209,2.006017
COL,3,0.521298,0.189251,0.023179,0.045037,0.224234,0.069895,1.000000,2004.014034,0.900226,0.000000,0.599498,2020.352626,2.285886
COL,3,0.308860,0.302153,0.024628,0.046591,0.216599,0.070926,1.000000,2001.638295,0.792389,0.000000,0.627044,2020.614436,2.099037
COL,3,0.513270,0.188067,0.023066,0.039860,0.222037,0.075623,1.000000,2005.347031,0.748952,0.000000,0.647056,2021.220231,2.264395
COL,3,0.311115,0.298410,0.024632,0.048774,0.217923,0.068485,1.000000,2000.936195,0.856346,0.000000,0.607197,2020.253331,2.115757
COL,3,0.338798,0.289098,0.020523,0.040115,0.218671,0.084650,1.000000,1994.819032,1.025524,0.000000,0.715181,2020.548225,2.192277
COL,3,0.413640,0.204750,0.024875,0.034109,0.223463,0.075634,1.000000,2001.809858,0.841974,0.000000,0.633627,2020.481210,2.132462
COL,3,0.294405,0.291843,0.022530,0.050020,0.217311,0.072155,1.000000,2001.670472,0.867052,0.000000,0.634790,2020.588152,2.180988
COL,3,0.429272,0.345559,0.020698,0.048602,0.225414,0.073702,1.000000,1998.247125,0.936510,0.000000,0.713855,2020.260615,2.331916
COL,3,0.269954,0.233054,0.025550,0.043071,0.216595,0.073081,1.000000,2002.825343,0.825736,0.000000,0.599806,2020.669161,2.094737
COL,3,0.459508,0.322579,0.022911,0.041436,0.214432,0.078088,1.000000,2000.203075,0.804461,0.000000,0.639348,2019.084569,2.074526
COL,3,0.260513,0.245453,0.022945,0.046059,0.221396,0.071208,1.000000,2002.110014,0.883738,0.000000,0.636765,2021.075104,2.209296
COL,3,0.291384,0.243107,0.024110,0.054483,0.200863,0.071216,1.000000,1999.499000,0.882182,0.000000,0.655599,2022.077542,2.303794
COL,3,0.456827,0.237692,0.043846,0.053518,0.215340,0.054457,1.000000,2005.801245,0.593878,0.000000,0.539450,2020.953482,2.185915
COL,3,0.286994,0.275987,0.021368,0.043173,0.217865,0.079006,1.000000,1998.645716,0.947476,0.000000,0.676095,2020.650919,2.190689
COL,3,0.392267,0.257448,0.033064,0.060125,0.206116,0.060575,1.000000,1998.506173,0.732644,0.000000,0.581854,2020.664403,2.112473
COL,3,0.261949,0.266599,0.021929,0.041455,0.220738,0.076599,1.000000,2002.488008,0.897787,0.000000,0.657196,2020.776367,2.218220
COL,3,0.306772,0.225069,0.022496,0.044196,0.215351,0.076125,1.000000,2001.925853,0.845031,0.000000,0.665718,2021.286252,2.264560
COL,3,0.355068,0.215385,0.021303,0.040774,0.223803,0.078168,1.000000,2001.760035,0.930694,0.000000,0.606950,2023.147240,2.358557
COL,3,0.261709,0.275668,0.024792,0.048579,0.213278,0.070423,1.000000,2001.368831,0.815117,0.000000,0.651712,2019.729839,2.128458
COL,3,0.383722,0.206685,0.022096,0.045440,0.217128,0.075235,1.000000,2001.316012,0.917256,0.000000,0.651111,2021.257237,2.316541
COL,3,0.265002,0.277240,0.023797,0.046301,0.216732,0.072044,1.000000,2001.558656,0.826087,0.000000,0.633150,2020.778763,2.156942
COL,3,0.291392,0.264631,0.021716,0.039405,0.212961,0.080854,1.000000,2001.653245,0.918444,0.000000,0.670517,2020.735559,2.237921
COL,3,0.299292,0.293888,0.023452,0.046030,0.217422,0.072014,1.000000,2001.000295,0.887917,0.000000,0.616224,2020.433436,2.149172
COL,3,0.252771,0.276185,0.023183,0.045565,0.216914,0.073081,1.000000,2001.239397,0.877514,0.000000,0.628977,2020.652905,2.179010
COL,3,0.297418,0.224540,0.023538,0.039950,0.215398,0.076139,1.000000,2001.199027,0.868499,0.000000,0.647164,2021.151532,2.234511
COL,3,0.281262,0.274525,0.022751,0.047326,0.216842,0.073188,1.000000,2001.554592,0.867414,0.000000,0.637907,2020.731739,2.194582
COL,3,0.309509,0.251968,0.025634,0.052203,0.220073,0.064548,1.000000,2001.199943,0.802042,0.000000,0.604114,2021.009100,2.169951
COL,3,0.263653,0.261446,0.022311,0.042331,0.214860,0.077385,1.000000,2001.541749,0.891663,0.000000,0.654610,2020.804591,2.221273
COL,3,0.322460,0.276877,0.022140,0.036040,0.229272,0.076637,1.000000,2003.319422,0.845420,0.000000,0.620154,2019.265584,2.080817
COL,3,0.242990,0.251411,0.023491,0.049277,0.209954,0.072639,1.000000,2000.587964,0.873222,0.000000,0.646934,2021.441766,2.251722
COL,3,0.277686,0.239987,0.027496,0.046835,0.216169,0.067049,1.000000,2004.077486,0.750200,0.000000,0.592270,2021.001579,2.213845
COL,3,0.279187,0.286336,0.024839,0.050099,0.212255,0.072306,1.000000,2001.804144,0.848237,0.000000,0.551677,2020.417502,2.142427
COL,3,0.329288,0.291488,0.023170,0.041340,0.206085,0.074836,1.000000,2002.196812,0.878711,0.000000,0.622051,2020.496626,2.122687
COL,3,0.257201,0.248756,0.023780,0.047658,0.219754,0.072106,1.000000,2001.794733,0.837404,0.000000,0.621008,2020.891568,2.221952
COL,3,0.258502,0.246989,0.024869,0.043724,0.214978,0.072703,1.000000,2002.330153,0.829989,0.000000,0.601480,2020.817754,2.189388
COL,3,0.299497,0.229483,0.022771,0.040299,0.219674,0.073642,1.000000,2002.180959,0.846748,0.000000,0.689159,2021.184484,2.247086
COL,3,0.259906,0.271764,0.024210,0.047483,0.214239,0.072644,1.000000,2001.899730,0.847865,0.000000,0.588466,2020.614245,2.169385
COL,3,0.300676,0.280613,0.021621,0.043286,0.215785,0.078937,1.000000,1998.814781,0.943944,0.000000,0.653488,2020.544401,2.170029
COL,3,0.247169,0.249942,0.025117,0.045926,0.216073,0.070330,1.000000,2003.012412,0.804376,0.000000,0.608073,2020.889057,2.203030
COL,3,0.282678,0.290931,0.022163,0.047566,0.215261,0.073305,1.000000,2000.668947,0.879804,0.000000,0.647815,2020.916780,2.298778
COL,3,0.254667,0.247116,0.024387,0.044160,0.216266,0.073137,1.000000,2002.329607,0.839714,0.000000,0.612118,2020.731586,2.148772
COL,3,0.272444,0.252144,0.024524,0.052216,0.221537,0.069143,1.000000,2002.231603,0.858872,0.000000,0.694667,2020.565149,2.125171
COL,3,0.261425,0.263639,0.023201,0.042645,0.213528,0.074683,1.000000,2001.691417,0.849767,0.000000,0.592814,2020.875593,2.224063
COL,4,13.477410,0.242181,0.585950,0.122836,0.184245,0.070118,1.000000,2000.024657,1.038163,0.000000,0.255864,2023.478117,0.835719
COL,4,16.424712,0.356497,0.585950,0.122836,0.184245,0.070118,1.000000,2000.024657,1.038163,0.000000,0.255864,2023.478117,0.835719
COL,4,17.606504,0.242181,0.724374,0.122836,0.184245,0.070118,1.000000,2000.024657,1.038163,0.000000,0.255864,2023.478117,0.835719
COL,4,15.984877,0.242181,0.585950,0.182032,0.184245,0.070118,1.000000,2000.024657,1.038163,0.000000,0.255864,2023.478117,0.835719
COL,4,13.759217,0.242181,0.585950,0.122836,0.215450,0.070118,1.000000,2000.024657,1.038163,0.000000,0.255864,2023.478117,0.835719
COL,4,12.401565,0.242181,0.585950,0.122836,0.184245,0.083929,1.000000,2000.024657,1.038163,0.000000,0.255864,2023.478117,0.835719
COL,4,13.477410,0.242181,0.585950,0.122836,0.184245,0.070118,1.000000,2000.024657,1.038163,0.000000,0.255864,2023.478117,0.835719
COL,4,13.477410,0.242181,0.585950,0.122836,0.184245,0.070118,1.000000,2005.020457,1.038163,0.000000,0.255864,2023.478117,0.835719
COL,4,13.477410,0.242181,0.585950,0.122836,0.184245,0.070118,1.000000,2000.024657,1.121395,0.000000,0.255864,2023.478117,0.835719
COL,4,13.477410,0.242181,0.585950,0.122836,0.184245,0.070118,1.000000,2000.024657,1.038163,0.000000,0.255864,2023.478117,0.835719
COL,4,13.332832,0.242181,0.585950,0.122836,0.184245,0.070118,1.000000,2000.024657,1.038163,0.000000,0.428122,2023.478117,0.835719
COL,4,13.694865,0.242181,0.585950,0.122836,0.184245,0.070118,1.000000,2000.024657,1.038163,0.000000,0.255864,2025.769858,0.835719
COL,4,13.613244,0.242181,0.585950,0.122836,0.184245,0.070118,1.000000,2000.024657,1.038163,0.000000,0.255864,2023.478117,1.368326
COL,4,9.647780,0.260718,0.413741,0.132612,0.190500,0.072835,1.000000,2001.067619,1.055919,0.000000,0.281542,2023.961150,0.914929
COL,4,6.329089,0.270156,0.254762,0.137562,0.193469,0.074133,1.000000,2001.555243,1.064150,0.000000,0.294926,2024.186148,0.956239
COL,4,9.708753,0.149850,0.530296,0.135083,0.191998,0.073489,1.000000,2001.314211,1.060087,0.000000,0.288190,2024.074998,0.935447
COL,4,9.044258,0.229386,0.520735,0.074635,0.193226,0.074027,1.000000,2001.515455,1.063480,0.000000,0.293797,2024.167809,0.952755
COL,4,10.174719,0.227285,0.509508,0.118362,0.145066,0.074645,1.000000,2001.745404,1.067348,0.000000,0.300414,2024.273747,0.973185
COL,4,9.290239,0.224845,0.496327,0.117622,0.183064,0.075354,1.000000,2002.007164,1.071740,0.000000,0.308234,2020.350513,0.997334
COL,4,9.379813,0.222015,0.480867,0.116761,0.182866,0.076164,1.000000,2002.303804,1.076701,0.000000,0.317489,2023.552995,0.530153
COL,4,8.880686,0.218737,0.462768,0.115759,0.182635,0.077086,1.000000,2002.638173,1.082274,0.000000,0.328459,2023.565376,0.877524
COL,4,8.306199,0.214945,0.441645,0.114594,0.182364,0.078129,1.000000,2003.012661,0.952256,0.000000,0.341477,2023.579785,0.884622
COL,4,7.379257,0.210567,0.417115,0.113240,0.182047,0.079302,1.000000,1995.890787,1.064322,0.000000,0.356945,2023.596548,0.892950
COL,4,6.663998,0.205523,0.388844,0.111669,0.181676,0.080611,1.000000,2002.132623,1.068306,0.000000,0.375331,2023.616040,0.902728
COL,4,5.814081,0.199729,0.356622,0.109848,0.181242,0.082058,1.000000,2002.445458,1.072823,0.000000,0.397179,2023.638691,0.914220
COL,4,3.731201,0.180268,0.254470,0.103575,0.179709,0.086459,1.000000,2003.458842,1.087576,0.000000,0.475722,2023.717218,0.955146
COL,4,4.646333,0.189835,0.303130,0.106691,0.180478,0.084385,1.000000,2002.967713,1.080401,0.000000,0.237763,2023.678100,0.934548
COL,4,4.191538,0.181839,0.262201,0.104091,0.179837,0.070948,1.000000,2003.379100,1.086407,0.000000,0.401111,2023.710719,0.951695
COL,4,4.604172,0.187709,0.292008,0.106004,0.213008,0.080765,1.000000,2002.228048,1.064367,0.000000,0.366678,2022.704013,0.813000
COL,4,3.363235,0.283146,0.241690,0.086682,0.181267,0.082696,1.000000,2002.759175,1.072103,0.000000,0.394353,2022.706085,0.827672
COL,4,1.363845,0.359253,0.145501,0.066757,0.175462,0.086254,1.000000,2003.401996,1.077764,0.000000,0.451589,2021.895280,0.777054
COL,4,3.206753,0.220133,0.227510,0.094114,0.189436,0.082268,1.000000,2002.021244,1.055159,0.000000,0.384319,2023.048422,1.415082
COL,4,2.508949,0.216559,0.184518,0.089688,0.190273,0.083865,1.000000,2002.319719,1.057838,0.000000,0.407849,2025.493835,0.879453
COL,4,3.277827,0.210075,0.137153,0.139249,0.179218,0.086039,1.000000,2002.893329,1.065486,0.000000,0.444655,2023.041724,0.909733
COL,4,1.994597,0.219041,0.132256,0.097529,0.189650,0.085242,1.000000,2001.849936,1.041009,0.000000,0.425599,2023.620387,0.992307
COL,4,1.661551,0.223563,0.113206,0.095882,0.191059,0.085492,1.000000,2001.206775,1.133793,0.000000,0.425943,2023.612841,1.003270
COL,4,1.506729,0.230308,0.097038,0.094362,0.192761,0.085513,1.000000,2006.273175,1.086267,0.000000,0.421254,2023.598847,1.013356
COL,4,1.274495,0.239971,0.083762,0.093050,0.194803,0.085222,1.000000,2003.637700,1.085614,0.000000,0.409892,2023.576412,1.021924
COL,4,0.706625,0.258098,0.042052,0.084410,0.200650,0.087166,1.000000,2004.292001,1.093483,0.000000,0.427466,2023.556490,1.084590
COL,4,0.925816,0.177731,0.099717,0.065043,0.184588,0.090619,1.000000,2004.473864,1.093634,0.000000,0.521330,2022.809153,0.987175
COL,4,0.905024,0.253217,0.068952,0.082391,0.197615,0.084948,1.000000,2003.583191,1.081304,0.000000,0.636941,2023.256403,1.018600
COL,4,0.787841,0.267509,0.057529,0.079370,0.153287,0.088413,1.000000,2004.396834,1.097882,0.000000,0.539475,2024.219865,1.195468
COL,4,0.591780,0.290254,0.051168,0.077231,0.191678,0.094070,1.000000,2003.578168,1.079939,0.000000,0.527125,2023.404300,1.077819
COL,4,0.522378,0.348920,0.029934,0.065633,0.197051,0.097586,1.000000,2003.675741,1.076583,0.000000,0.588513,2023.244607,1.143860
COL,4,0.580281,0.321968,0.038578,0.071753,0.194539,0.089192,1.000000,2003.536079,1.076807,0.000000,0.471292,2023.316858,1.106253
COL,4,0.392452,0.305922,0.051213,0.041739,0.197253,0.089976,1.000000,2004.151651,1.098752,0.000000,0.506799,2024.000997,1.191872
COL,4,0.986729,0.355594,0.035556,0.019576,0.204912,0.091548,1.000000,2004.704105,1.112425,0.000000,0.537598,2024.419724,1.345049
COL,4,0.414853,0.309463,0.031155,0.061439,0.189300,0.093012,1.000000,2005.087695,1.111832,0.000000,0.586745,2024.138551,0.706737
COL,4,0.478927,0.329463,0.029275,0.060727,0.188289,0.093287,1.000000,2005.261585,1.117131,0.000000,0.592436,2020.302361,1.154701
COL,4,0.570137,0.345490,0.029425,0.050403,0.188694,0.093538,1.000000,2005.953226,1.134361,0.000000,0.601984,2022.829716,1.058656
COL,4,0.714551,0.360947,0.027821,0.045740,0.186841,0.094279,1.000000,2006.751950,1.042470,0.000000,0.628939,2022.697950,1.056705
COL,4,0.897838,0.375212,0.026515,0.040830,0.183977,0.095127,1.000000,2002.399563,1.101310,0.000000,0.664007,2022.551378,1.053672
COL,4,0.282534,0.248531,0.022251,0.055832,0.200983,0.095688,1.000000,2005.558682,1.111586,0.000000,0.669615,2024.183796,1.383405
COL,4,0.440295,0.197690,0.020280,0.050910,0.211007,0.097660,1.000000,2006.377000,1.125064,0.000000,0.755219,2025.028731,1.722862
COL,4,0.951338,0.442835,0.022043,0.055899,0.196121,0.094305,1.000000,2004.864069,1.101225,0.000000,0.632385,2023.691029,1.198304
COL,4,0.400760,0.240182,0.052985,0.062660,0.187615,0.091703,1.000000,2004.573816,1.095579,0.000000,0.550112,2023.041926,1.038071
COL,4,0.876825,0.365276,0.023220,0.040858,0.180978,0.096942,1.000000,2005.718354,1.113563,0.000000,0.500826,2023.241327,1.167770
COL,4,0.676750,0.241666,0.042111,0.082446,0.194614,0.090855,1.000000,2006.765421,1.098060,0.000000,0.440519,2023.969538,1.150182
COL,4,1.261706,0.231792,0.079430,0.091416,0.199197,0.083451,1.000000,2004.421301,1.080672,0.000000,0.601471,2023.489692,1.034132
COL,4,0.528501,0.331881,0.026759,0.050744,0.185890,0.095243,1.000000,2005.422646,1.106223,0.000000,0.526583,2023.304420,1.133663
COL,4,0.464895,0.339256,0.023908,0.044614,0.219413,0.096094,1.000000,2005.881267,1.100175,0.000000,0.562382,2022.172112,0.998676
COL,4,0.554482,0.242640,0.037021,0.077388,0.204169,0.092412,1.000000,2002.716632,1.141459,0.000000,0.456692,2023.746693,1.123776
COL,4,0.667734,0.342508,0.025757,0.040618,0.191739,0.097021,1.000000,2005.615436,1.119917,0.000000,0.658861,2022.952783,1.101927
COL,4,0.888445,0.375708,0.024579,0.036756,0.197554,0.096446,1.000000,2002.027901,1.119573,0.000000,0.679618,2022.258208,1.029960
COL,4,0.430840,0.274662,0.034964,0.068385,0.195360,0.092739,1.000000,2005.916815,1.103883,0.000000,0.503784,2023.586149,1.119543
COL,4,0.641579,0.263622,0.040667,0.081910,0.200765,0.087627,1.000000,2004.075738,1.094516,0.000000,0.437942,2023.489422,1.079594
COL,4,0.418500,0.283154,0.035047,0.069550,0.198612,0.091206,1.000000,2004.500240,1.101476,0.000000,0.495629,2023.359743,1.085157
COL,4,0.319684,0.277545,0.026191,0.047010,0.198856,0.096671,1.000000,2006.106503,1.134416,0.000000,0.633315,2023.143354,1.071837
COL,4,0.395322,0.243539,0.031423,0.066590,0.205413,0.094896,1.000000,2003.807930,1.076921,0.000000,0.511418,2023.653482,1.121963
COL,4,0.692911,0.346581,0.025897,0.041457,0.190489,0.095954,1.000000,2006.691341,1.045888,0.000000,0.658962,2022.702568,1.056601
COL,4,0.355195,0.268032,0.033077,0.066808,0.200995,0.093500,1.000000,2003.983361,1.124885,0.000000,0.509722,2023.502646,1.106799
COL,4,0.403308,0.246585,0.036590,0.067416,0.209746,0.093175,1.000000,2004.407723,1.105290,0.000000,0.593589,2023.223993,1.042712
COL,4,0.344940,0.214712,0.032326,0.052461,0.202776,0.084941,1.000000,2006.054215,1.131692,0.000000,0.532798,2023.280605,1.016633
COL,4,0.420419,0.214642,0.033837,0.055485,0.211799,0.093387,1.000000,2004.862053,1.100783,0.000000,0.518488,2025.488308,0.984424
COL,4,0.861559,0.187815,0.059653,0.076847,0.173290,0.087910,1.000000,2003.891771,1.117728,0.000000,0.542225,2024.984311,1.136835
COL,4,0.325330,0.299447,0.027023,0.051449,0.210777,0.094775,1.000000,2005.448328,1.104858,0.000000,0.557370,2023.019209,1.032366
COL,4,0.264442,0.249627,0.029325,0.048331,0.207272,0.093691,1.000000,2003.732463,1.114659,0.000000,0.607691,2023.856419,1.000965
COL,4,0.298332,0.237430,0.027354,0.040233,0.212408,0.094122,1.000000,2002.296656,1.119620,0.000000,0.655528,2023.986349,0.944336
COL,4,0.438580,0.318545,0.029445,0.058652,0.188414,0.093124,1.000000,2004.825248,1.119427,0.000000,0.608299,2020.550183,1.140138
COL,4,0.305888,0.239312,0.032580,0.056264,0.206736,0.093322,1.000000,2004.852874,1.105782,0.000000,0.541511,2024.637596,1.022253
COL,4,0.271750,0.240290,0.028424,0.044625,0.204928,0.095094,1.000000,2005.221391,1.119461,0.000000,0.636028,2023.953497,1.026440
COL,4,0.427666,0.205643,0.030857,0.048312,0.214287,0.094145,1.000000,2004.672530,1.111270,0.000000,0.557542,2023.108306,1.541823
COL,4,0.319763,0.282369,0.031080,0.057927,0.196500,0.093313,1.000000,2004.986725,1.111692,0.000000,0.579517,2023.899467,0.883352
COL,4,0.313815,0.271031,0.026806,0.042531,0.193025,0.094024,1.000000,2005.408889,1.118396,0.000000,0.548049,2024.142761,1.101415
COL,4,0.315884,0.282968,0.022581,0.043091,0.214222,0.095373,1.000000,2005.396799,1.129157,0.000000,0.591274,2024.447693,1.116949
COL,4,0.390808,0.286148,0.025932,0.037318,0.200818,0.092574,1.000000,2006.181561,1.145759,0.000000,0.639540,2024.062928,1.032440
COL,4,0.361271,0.222061,0.021609,0.059123,0.209046,0.096463,1.000000,2006.229850,1.140089,0.000000,0.663611,2023.730813,0.942780
COL,4,0.446305,0.230012,0.026964,0.070268,0.207281,0.095722,1.000000,2004.234483,1.086880,0.000000,0.539053,2023.606337,1.079669
COL,4,0.288868,0.271766,0.026175,0.044047,0.202500,0.093519,1.000000,2005.761106,1.134594,0.000000,0.615513,2023.952642,1.044146
COL,4,0.356933,0.303497,0.051417,0.042901,0.197551,0.090193,1.000000,2004.052744,1.095667,0.000000,0.502350,2023.982554,1.193950
COL,4,0.302621,0.282506,0.035101,0.046571,0.200631,0.092348,1.000000,2004.683110,1.108981,0.000000,0.544919,2023.920802,1.128490
COL,4,0.329136,0.257984,0.024035,0.035160,0.205989,0.094424,1.000000,2006.354274,1.113626,0.000000,0.662377,2024.253087,1.026824
COL,4,0.448221,0.321831,0.023553,0.042712,0.204836,0.098109,1.000000,2004.494248,1.101457,0.000000,0.662409,2024.574836,1.119205
COL,4,0.265608,0.240141,0.029043,0.049870,0.203298,0.090760,1.000000,2005.707466,1.125070,0.000000,0.566929,2023.636798,1.041810
COL,4,0.355316,0.272562,0.032420,0.066281,0.201085,0.094040,1.000000,2003.901568,1.123722,0.000000,0.515522,2023.561261,1.111153
COL,4,0.284080,0.261606,0.025349,0.041491,0.204801,0.094330,1.000000,2005.844499,1.116260,0.000000,0.628087,2024.089184,1.047593
COL,4,0.265927,0.226383,0.026837,0.044536,0.194198,0.093556,1.000000,2005.158645,1.132344,0.000000,0.636432,2024.817788,1.108022
COL,4,0.306817,0.233247,0.023990,0.037545,0.208651,0.095000,1.000000,2005.631569,1.130190,0.000000,0.625069,2024.262536,1.316060
COL,4,0.283719,0.230654,0.026651,0.044976,0.208183,0.089481,1.000000,2004.284852,1.105166,0.000000,0.569235,2025.008480,1.147085
COL,4,0.301416,0.217403,0.038515,0.049378,0.189539,0.091183,1.000000,2004.970650,1.107716,0.000000,0.608835,2023.988022,1.106377
COL,4,0.356555,0.219778,0.028371,0.051246,0.211356,0.092665,1.000000,2004.880740,1.118114,0.000000,0.658257,2024.278772,1.122775
COL,4,0.284737,0.257841,0.027168,0.044587,0.198120,0.093708,1.000000,2005.281690,1.118326,0.000000,0.576931,2024.177151,1.106737
COL,4,0.339591,0.260896,0.035674,0.059214,0.194511,0.090946,1.000000,2004.555574,1.101970,0.000000,0.576290,2024.144990,0.893671
COL,4,0.285972,0.240043,0.025625,0.042224,0.205411,0.094187,1.000000,2005.382346,1.123946,0.000000,0.613149,2024.233437,1.203770
COL,4,0.319888,0.254748,0.024355,0.037745,0.196572,0.093332,1.000000,2005.458479,1.129880,0.000000,0.667195,2023.645406,1.201776
COL,4,0.271613,0.243135,0.029659,0.051063,0.204348,0.093325,1.000000,2005.010741,1.112435,0.000000,0.574673,2024.409551,1.065847
COL,4,0.340628,0.207385,0.023358,0.046652,0.203672,0.094321,1.000000,2005.652732,1.127841,0.000000,0.668568,2024.479855,1.081943
COL,4,0.269886,0.262925,0.030391,0.046591,0.201405,0.092894,1.000000,2004.942242,1.114082,0.000000,0.577557,2024.067115,1.116769
COL,4,0.304963,0.279316,0.022476,0.043542,0.214135,0.095273,1.000000,2005.396242,1.129704,0.000000,0.604455,2024.431703,1.105557
COL,4,0.263889,0.232281,0.031239,0.047863,0.196613,0.092435,1.000000,2005.080253,1.113742,0.000000,0.607743,2024.103073,1.106172
COL,4,0.312375,0.218113,0.028275,0.049496,0.202694,0.093356,1.000000,2004.410555,1.096431,0.000000,0.596364,2024.486180,1.180189
COL,4,0.259440,0.257937,0.026644,0.045361,0.202548,0.093478,1.000000,2005.454533,1.126525,0.000000,0.610770,2024.092027,1.077425
COL,4,0.275662,0.251672,0.029335,0.052170,0.199135,0.092459,1.000000,2004.874226,1.111128,0.000000,0.598375,2024.197962,1.002185
COL,4,0.287709,0.233054,0.027660,0.050786,0.206464,0.092812,1.000000,2004.913148,1.116031,0.000000,0.637010,2024.257405,1.077223
COL,4,0.281144,0.251554,0.027288,0.046075,0.200311,0.093495,1.000000,2005.191889,1.117758,0.000000,0.592368,2024.197349,1.099323
COL,4,0.323207,0.227860,0.030796,0.055347,0.199186,0.091857,1.000000,2004.100553,1.118348,0.000000,0.580305,2024.359368,1.146017
COL,4,0.260667,0.253001,0.026378,0.044655,0.203444,0.093788,1.000000,2005.458972,1.116787,0.000000,0.616414,2024.158265,1.071802
COL,4,0.274986,0.262497,0.028631,0.051160,0.194332,0.096044,1.000000,2005.870420,1.129578,0.000000,0.645733,2023.089035,1.034408
COL,4,0.257049,0.246519,0.051268,0.040435,0.201234,0.090428,1.000000,2004.739497,1.127201,0.000000,0.537427,2023.942672,0.783323
COL,4,0.439556,0.245515,0.127825,0.034179,0.201359,0.086040,1.000000,2004.281116,1.134006,0.000000,0.465810,2023.817436,0.560999
COL,4,0.274816,0.242688,0.032568,0.048192,0.202046,0.093151,1.000000,2005.063838,1.123264,0.000000,0.611252,2023.884439,0.970864
COL,4,0.279136,0.241087,0.030319,0.041907,0.203635,0.094193,1.000000,2005.400072,1.130781,0.000000,0.607480,2023.829490,1.060998
COL,4,0.267098,0.249009,0.029572,0.049431,0.200290,0.092933,1.000000,2005.010535,1.116476,0.000000,0.600661,2024.108500,1.016721
COL,4,0.282091,0.228471,0.031354,0.042514,0.208641,0.088090,1.000000,2004.125210,1.110128,0.000000,0.549682,2024.922654,1.025389
COL,4,0.255592,0.253822,0.029244,0.048875,0.198213,0.094747,1.000000,2005.484933,1.125122,0.000000,0.622795,2023.615557,1.032149
COL,4,0.268992,0.249678,0.027403,0.045303,0.201108,0.093260,1.000000,2005.142541,1.117777,0.000000,0.588699,2024.256651,1.101466
COL,4,0.270874,0.253697,0.030816,0.049035,0.197353,0.090177,1.000000,2004.969001,1.121383,0.000000,0.554111,2024.241271,1.056196
COL,4,0.288577,0.252573,0.029615,0.042511,0.196772,0.092227,1.000000,2005.174522,1.129037,0.000000,0.613634,2023.735883,1.015403
COL,4,0.271614,0.245482,0.029648,0.048805,0.202536,0.093065,1.000000,2005.052150,1.116894,0.000000,0.584570,2024.250164,1.053118
COL,4,0.256190,0.250160,0.037066,0.044490,0.199740,0.092884,1.000000,2005.125062,1.126168,0.000000,0.581012,2023.781722,0.902356
COL,4,0.265546,0.255876,0.027838,0.047091,0.200416,0.094145,1.000000,2005.469756,1.125826,0.000000,0.616807,2023.859453,1.054664
COL,4,0.262341,0.253411,0.027679,0.046726,0.200881,0.094286,1.000000,2005.471969,1.121056,0.000000,0.619612,2023.894332,1.051880
COL,4,0.273639,0.242954,0.030193,0.048367,0.197417,0.093689,1.000000,2005.286527,1.119618,0.000000,0.615307,2023.865251,1.068843
COL,4,0.275149,0.251721,0.029284,0.048603,0.202910,0.094241,1.000000,2004.672688,1.120049,0.000000,0.615282,2023.737384,1.016492
COL,4,0.285630,0.246945,0.029143,0.049371,0.200805,0.093012,1.000000,2005.597483,1.125096,0.000000,0.595307,2023.626188,1.036974
COL,4,0.267065,0.239936,0.027951,0.046665,0.196233,0.094180,1.000000,2005.324370,1.128819,0.000000,0.629649,2024.257310,1.069753
COL,4,0.263514,0.251411,0.029406,0.049153,0.199259,0.093903,1.000000,2005.253098,1.120908,0.000000,0.611809,2023.868103,1.024420
COL,4,0.271608,0.251747,0.028273,0.047061,0.199676,0.094047,1.000000,2005.316574,1.121529,0.000000,0.605929,2023.946622,1.066527
COL,4,0.264853,0.258360,0.029801,0.047722,0.199828,0.093886,1.000000,2005.220552,1.119778,0.000000,0.600482,2023.846401,1.074050
COL,4,0.273909,0.253759,0.029999,0.048955,0.197785,0.092789,1.000000,2005.233281,1.123273,0.000000,0.589086,2023.938409,1.044137
COL,4,0.274340,0.248457,0.029449,0.049960,0.201354,0.094076,1.000000,2005.253196,1.119008,0.000000,0.599076,2024.029091,1.048929
COL,4,0.259482,0.254978,0.029797,0.046247,0.198168,0.094729,1.000000,2004.906178,1.120136,0.000000,0.622497,2024.138566,1.037619
COL,4,0.260846,0.250719,0.029734,0.046596,0.195058,0.093690,1.000000,2005.825813,1.125191,0.000000,0.603937,2024.101198,1.061900
COL,4,0.272214,0.254374,0.029612,0.044784,0.195683,0.093801,1.000000,2005.407873,1.127133,0.000000,0.620833,2023.826502,1.031389
COL,4,0.260985,0.249168,0.029023,0.045042,0.199020,0.095046,1.000000,2005.455544,1.123726,0.000000,0.635510,2023.900708,1.034029
COL,4,0.274010,0.261129,0.028673,0.045056,0.199641,0.094552,1.000000,2005.431945,1.127843,0.000000,0.613430,2023.979141,1.004076
COL,4,0.257746,0.247452,0.029790,0.047521,0.197980,0.093916,1.000000,2005.323270,1.121752,0.000000,0.614838,2023.893972,1.052454
COL,4,0.254376,0.248448,0.029226,0.049134,0.201639,0.094470,1.000000,2005.296906,1.119449,0.000000,0.606836,2024.027590,1.044524
COL,4,0.270328,0.245505,0.029039,0.051433,0.204425,0.094778,1.000000,2005.240515,1.115332,0.000000,0.599741,2024.125066,1.051125
COL,4,0.263567,0.250512,0.030914,0.047114,0.198101,0.094311,1.000000,2005.385326,1.124863,0.000000,0.621869,2023.923152,1.006190
