cell,social_norm_on,map_on,map_depth,tfr_start,tfr_end,pct_change,tfr_end_sd
A_on_B_off,true,false,0.0,1.232927779507282,0.9576763433406247,-22.32502509406161,0.030333439664180624
A_on_B_on,true,true,0.6,0.8599520054006986,0.5770929105515976,-32.892428074204155,0.021143027722270807
A_off_B_off,false,false,0.0,1.2639830765020732,1.3649819236818446,7.990522108830285,0.030211113344462547
A_off_B_on,false,true,0.6,0.8839035271559489,1.046724073560464,18.42062412946886,0.0202188575194059
