year,age,sex,pop
2020,0,M,1075489
2020,0,F,1036143
2020,1,M,1071048
2020,1,F,1033405
2020,2,M,1071893
2020,2,F,1033638
2020,3,M,1077841
2020,3,F,1039004
2020,4,M,1094313
2020,4,F,1054469
2020,5,M,1109759
2020,5,F,1069110
2020,6,M,1119142
2020,6,F,1078197
2020,7,M,1127545
2020,7,F,1086512
2020,8,M,1139449
2020,8,F,1098110
2020,9,M,1152930
2020,9,F,1111100
2020,10,M,1162643
2020,10,F,1120627
2020,11,M,1165895
2020,11,F,1124409
2020,12,M,1162387
2020,12,F,1123137
2020,13,M,1154717
2020,13,F,1119762
2020,14,M,1146969
2020,14,F,1116774
2020,15,M,1142078
2020,15,F,1115701
2020,16,M,1140950
2020,16,F,1117193
2020,17,M,1144236
2020,17,F,1122021
2020,18,M,1150691
2020,18,F,1129339
2020,19,M,1154780
2020,19,F,1134173
2020,20,M,1150548
2020,20,F,1131453
2020,21,M,1137262
2020,21,F,1120582
2020,22,M,1122421
2020,22,F,1108320
2020,23,M,1113666
2020,23,F,1101988
2020,24,M,1110739
2020,24,F,1101653
2020,25,M,1109239
2020,25,F,1103207
2020,26,M,1105189
2020,26,F,1102933
2020,27,M,1096577
2020,27,F,1099102
2020,28,M,1081893
2020,28,F,1090222
2020,29,M,1059271
2020,29,F,1074453
2020,30,M,1030952
2020,30,F,1053909
2020,31,M,1002856
2020,31,F,1034089
2020,32,M,976612
2020,32,F,1017005
2020,33,M,950358
2020,33,F,1001533
2020,34,M,923005
2020,34,F,986927
2020,35,M,893239
2020,35,F,971722
2020,36,M,860620
2020,36,F,954458
2020,37,M,827917
2020,37,F,936294
2020,38,M,798305
2020,38,F,918555
2020,39,M,774312
2020,39,F,902534
2020,40,M,757136
2020,40,F,889280
2020,41,M,746346
2020,41,F,878876
2020,42,M,741488
2020,42,F,871656
2020,43,M,741632
2020,43,F,867402
2020,44,M,744131
2020,44,F,864023
2020,45,M,744490
2020,45,F,857252
2020,46,M,740152
2020,46,F,844807
2020,47,M,731122
2020,47,F,827420
2020,48,M,718328
2020,48,F,806633
2020,49,M,702899
2020,49,F,783987
2020,50,M,685729
2020,50,F,760360
2020,51,M,667887
2020,51,F,736837
2020,52,M,649402
2020,52,F,713692
2020,53,M,630460
2020,53,F,691049
2020,54,M,611896
2020,54,F,669654
2020,55,M,593246
2020,55,F,648832
2020,56,M,572749
2020,56,F,626439
2020,57,M,550324
2020,57,F,602290
2020,58,M,527304
2020,58,F,577882
2020,59,M,504036
2020,59,F,553420
2020,60,M,480042
2020,60,F,528133
2020,61,M,455528
2020,61,F,502313
2020,62,M,431276
2020,62,F,476944
2020,63,M,408315
2020,63,F,453061
2020,64,M,386460
2020,64,F,430426
2020,65,M,364075
2020,65,F,407017
2020,66,M,339664
2020,66,F,381343
2020,67,M,315956
2020,67,F,356157
2020,68,M,295288
2020,68,F,333928
2020,69,M,277277
2020,69,F,314552
2020,70,M,262696
2020,70,F,299018
2020,71,M,249577
2020,71,F,285192
2020,72,M,236041
2020,72,F,270826
2020,73,M,222265
2020,73,F,256145
2020,74,M,208373
2020,74,F,241303
2020,75,M,194455
2020,75,F,226418
2020,76,M,179996
2020,76,F,210940
2020,77,M,165433
2020,77,F,195287
2020,78,M,151849
2020,78,F,180604
2020,79,M,138784
2020,79,F,166318
2020,80,M,125894
2020,80,F,152012
2020,81,M,113543
2020,81,F,138133
2020,82,M,101923
2020,82,F,124924
2020,83,M,91055
2020,83,F,112424
2020,84,M,80919
2020,84,F,100603
2020,85,M,71544
2020,85,F,89484
2020,86,M,62880
2020,86,F,79034
2020,87,M,54817
2020,87,F,69185
2020,88,M,47311
2020,88,F,59942
2020,89,M,40333
2020,89,F,51302
2020,90,M,33902
2020,90,F,43305
2020,91,M,28069
2020,91,F,35981
2020,92,M,22994
2020,92,F,29557
2020,93,M,18544
2020,93,F,23894
2020,94,M,14693
2020,94,F,18978
2020,95,M,11472
2020,95,F,14851
2020,96,M,8778
2020,96,F,11372
2020,97,M,6576
2020,97,F,8508
2020,98,M,4827
2020,98,F,6212
2020,99,M,3475
2020,99,F,4427
2020,100,M,2459
2020,100,F,3084
2020,101,M,1709
2020,101,F,2105
2020,102,M,1164
2020,102,F,1405
2020,103,M,775
2020,103,F,915
2020,104,M,502
2020,104,F,577
2020,105,M,316
2020,105,F,350
2020,106,M,193
2020,106,F,205
2020,107,M,115
2020,107,F,116
2020,108,M,66
2020,108,F,63
2020,109,M,26
2020,109,F,26
2021,0,M,1069561
2021,0,F,1029539
2021,1,M,1066431
2021,1,F,1028579
2021,2,M,1068447
2021,2,F,1030972
2021,3,M,1069778
2021,3,F,1031637
2021,4,M,1076007
2021,4,F,1037278
2021,5,M,1092672
2021,5,F,1052937
2021,6,M,1108272
2021,6,F,1067732
2021,7,M,1117785
2021,7,F,1076953
2021,8,M,1126287
2021,8,F,1085372
2021,9,M,1138248
2021,9,F,1097034
2021,10,M,1151745
2021,10,F,1110056
2021,11,M,1161434
2021,11,F,1119577
2021,12,M,1164615
2021,12,F,1123317
2021,13,M,1160979
2021,13,F,1121958
2021,14,M,1153062
2021,14,F,1118435
2021,15,M,1144910
2021,15,F,1115229
2021,16,M,1139397
2021,16,F,1113865
2021,17,M,1137582
2021,17,F,1115004
2021,18,M,1140134
2021,18,F,1119472
2021,19,M,1145840
2021,19,F,1126358
2021,20,M,1149214
2021,20,F,1130756
2021,21,M,1144377
2021,21,F,1127673
2021,22,M,1130633
2021,22,F,1116557
2021,23,M,1115430
2021,23,F,1104149
2021,24,M,1106315
2021,24,F,1097718
2021,25,M,1103001
2021,25,F,1097309
2021,26,M,1101141
2021,26,F,1098827
2021,27,M,1096825
2021,27,F,1098562
2021,28,M,1088086
2021,28,F,1094778
2021,29,M,1073439
2021,29,F,1085990
2021,30,M,1051010
2021,30,F,1070367
2021,31,M,1022975
2021,31,F,1050002
2021,32,M,995170
2021,32,F,1030357
2021,33,M,969196
2021,33,F,1013420
2021,34,M,943197
2021,34,F,998056
2021,35,M,916097
2021,35,F,983506
2021,36,M,886581
2021,36,F,968321
2021,37,M,854214
2021,37,F,951067
2021,38,M,821756
2021,38,F,932910
2021,39,M,792369
2021,39,F,915177
2021,40,M,768548
2021,40,F,899153
2021,41,M,751440
2021,41,F,885871
2021,42,M,740584
2021,42,F,875386
2021,43,M,735531
2021,43,F,868004
2021,44,M,735361
2021,44,F,863514
2021,45,M,737443
2021,45,F,859865
2021,46,M,737342
2021,46,F,852817
2021,47,M,732575
2021,47,F,840098
2021,48,M,723206
2021,48,F,822478
2021,49,M,710171
2021,49,F,801515
2021,50,M,694551
2021,50,F,778741
2021,51,M,677192
2021,51,F,754997
2021,52,M,659124
2021,52,F,731319
2021,53,M,640390
2021,53,F,707965
2021,54,M,621185
2021,54,F,685061
2021,55,M,602326
2021,55,F,663329
2021,56,M,583343
2021,56,F,642112
2021,57,M,562501
2021,57,F,619333
2021,58,M,539720
2021,58,F,594836
2021,59,M,516323
2021,59,F,570082
2021,60,M,492686
2021,60,F,545255
2021,61,M,468357
2021,61,F,519606
2021,62,M,443535
2021,62,F,493468
2021,63,M,418973
2021,63,F,467800
2021,64,M,395673
2021,64,F,443566
2021,65,M,373501
2021,65,F,420535
2021,66,M,350937
2021,66,F,396801
2021,67,M,326576
2021,67,F,370977
2021,68,M,303013
2021,68,F,345740
2021,69,M,282420
2021,69,F,323404
2021,70,M,264385
2021,70,F,303826
2021,71,M,249649
2021,71,F,287974
2021,72,M,236348
2021,72,F,273819
2021,73,M,222713
2021,73,F,259205
2021,74,M,208936
2021,74,F,244329
2021,75,M,195120
2021,75,F,229348
2021,76,M,181330
2021,76,F,214393
2021,77,M,167099
2021,77,F,198930
2021,78,M,152859
2021,78,F,183361
2021,79,M,139625
2021,79,F,168775
2021,80,M,126963
2021,80,F,154638
2021,81,M,114534
2021,81,F,140562
2021,82,M,102657
2021,82,F,126958
2021,83,M,91507
2021,83,F,114037
2021,84,M,81122
2021,84,F,101830
2021,85,M,71503
2021,85,F,90344
2021,86,M,62686
2021,86,F,79653
2021,87,M,54602
2021,87,F,69721
2021,88,M,47122
2021,88,F,60398
2021,89,M,40212
2021,89,F,51608
2021,90,M,33901
2021,90,F,43480
2021,91,M,28233
2021,91,F,36158
2021,92,M,23209
2021,92,F,29723
2021,93,M,18861
2021,93,F,24185
2021,94,M,15027
2021,94,F,19253
2021,95,M,11691
2021,95,F,14929
2021,96,M,8915
2021,96,F,11351
2021,97,M,6638
2021,97,F,8433
2021,98,M,4836
2021,98,F,6107
2021,99,M,3465
2021,99,F,4310
2021,100,M,2455
2021,100,F,2980
2021,101,M,1726
2021,101,F,2045
2021,102,M,1203
2021,102,F,1400
2021,103,M,825
2021,103,F,945
2021,104,M,552
2021,104,F,615
2021,105,M,357
2021,105,F,378
2021,106,M,224
2021,106,F,221
2021,107,M,135
2021,107,F,124
2021,108,M,80
2021,108,F,68
2021,109,M,24
2021,109,F,23
2022,0,M,1056448
2022,0,F,1017466
2022,1,M,1063227
2022,1,F,1023994
2022,2,M,1063966
2022,2,F,1026168
2022,3,M,1066473
2022,3,F,1028996
2022,4,M,1068093
2022,4,F,1029945
2022,5,M,1074526
2022,5,F,1035792
2022,6,M,1091338
2022,6,F,1051602
2022,7,M,1107056
2022,7,F,1066525
2022,8,M,1116664
2022,8,F,1075851
2022,9,M,1125228
2022,9,F,1084340
2022,10,M,1137212
2022,10,F,1096040
2022,11,M,1150691
2022,11,F,1109058
2022,12,M,1160317
2022,12,F,1118541
2022,13,M,1163380
2022,13,F,1122207
2022,14,M,1159541
2022,14,F,1120710
2022,15,M,1151234
2022,15,F,1116953
2022,16,M,1142452
2022,16,F,1113447
2022,17,M,1136251
2022,17,F,1111724
2022,18,M,1133713
2022,18,F,1112504
2022,19,M,1135544
2022,19,F,1116565
2022,20,M,1140564
2022,20,F,1123048
2022,21,M,1143336
2022,21,F,1127111
2022,22,M,1138035
2022,22,F,1123808
2022,23,M,1123980
2022,23,F,1112594
2022,24,M,1108562
2022,24,F,1100161
2022,25,M,1099259
2022,25,F,1093729
2022,26,M,1095775
2022,26,F,1093337
2022,27,M,1093793
2022,27,F,1094896
2022,28,M,1089447
2022,28,F,1094697
2022,29,M,1080785
2022,29,F,1091010
2022,30,M,1066316
2022,30,F,1082359
2022,31,M,1044153
2022,31,F,1066906
2022,32,M,1016434
2022,32,F,1046714
2022,33,M,988940
2022,33,F,1027212
2022,34,M,963255
2022,34,F,1010372
2022,35,M,937522
2022,35,F,995060
2022,36,M,910666
2022,36,F,980537
2022,37,M,881387
2022,37,F,965372
2022,38,M,849259
2022,38,F,948139
2022,39,M,817028
2022,39,F,929999
2022,40,M,787831
2022,40,F,912279
2022,41,M,764131
2022,41,F,896251
2022,42,M,747052
2022,42,F,882925
2022,43,M,736132
2022,43,F,872332
2022,44,M,730922
2022,44,F,864786
2022,45,M,730510
2022,45,F,860105
2022,46,M,732294
2022,46,F,856250
2022,47,M,731894
2022,47,F,848984
2022,48,M,726873
2022,48,F,836071
2022,49,M,717306
2022,49,F,818297
2022,50,M,704109
2022,50,F,797217
2022,51,M,688339
2022,51,F,774339
2022,52,M,670813
2022,52,F,750469
2022,53,M,652550
2022,53,F,726630
2022,54,M,633603
2022,54,F,703079
2022,55,M,614164
2022,55,F,679916
2022,56,M,595042
2022,56,F,657867
2022,57,M,575778
2022,57,F,636327
2022,58,M,554667
2022,58,F,613266
2022,59,M,531622
2022,59,F,588509
2022,60,M,507955
2022,60,F,563473
2022,61,M,484042
2022,61,F,538348
2022,62,M,459454
2022,62,F,512435
2022,63,M,434390
2022,63,F,486055
2022,64,M,409598
2022,64,F,460120
2022,65,M,386062
2022,65,F,435570
2022,66,M,363683
2022,66,F,412236
2022,67,M,341006
2022,67,F,388302
2022,68,M,316675
2022,68,F,362409
2022,69,M,293156
2022,69,F,337093
2022,70,M,272565
2022,70,F,314604
2022,71,M,254471
2022,71,F,294813
2022,72,M,239581
2022,72,F,278691
2022,73,M,226120
2022,73,F,264278
2022,74,M,212382
2022,74,F,249435
2022,75,M,198557
2022,75,F,234357
2022,76,M,184752
2022,76,F,219222
2022,77,M,171034
2022,77,F,204159
2022,78,M,156977
2022,78,F,188673
2022,79,M,142975
2022,79,F,173145
2022,80,M,129984
2022,80,F,158616
2022,81,M,117603
2022,81,F,144587
2022,82,M,105506
2022,82,F,130694
2022,83,M,93985
2022,83,F,117316
2022,84,M,83207
2022,84,F,104623
2022,85,M,73216
2022,85,F,92666
2022,86,M,64025
2022,86,F,81515
2022,87,M,55668
2022,87,F,71267
2022,88,M,48069
2022,88,F,61811
2022,89,M,41101
2022,89,F,52909
2022,90,M,34740
2022,90,F,44582
2022,91,M,29006
2022,91,F,37020
2022,92,M,23934
2022,92,F,30438
2022,93,M,19490
2022,93,F,24778
2022,94,M,15657
2022,94,F,19877
2022,95,M,12294
2022,95,F,15496
2022,96,M,9394
2022,96,F,11725
2022,97,M,7016
2022,97,F,8695
2022,98,M,5110
2022,98,F,6292
2022,99,M,3643
2022,99,F,4426
2022,100,M,2559
2022,100,F,3034
2022,101,M,1785
2022,101,F,2055
2022,102,M,1243
2022,102,F,1399
2022,103,M,860
2022,103,F,955
2022,104,M,585
2022,104,F,636
2022,105,M,387
2022,105,F,401
2022,106,M,246
2022,106,F,237
2022,107,M,150
2022,107,F,133
2022,108,M,89
2022,108,F,72
2022,109,M,39
2022,109,F,31
2023,0,M,1042374
2023,0,F,1004586
2023,1,M,1052727
2023,1,F,1013987
2023,2,M,1060828
2023,2,F,1021585
2023,3,M,1062067
2023,3,F,1024195
2023,4,M,1064858
2023,4,F,1027301
2023,5,M,1066684
2023,5,F,1028462
2023,6,M,1073272
2023,6,F,1034472
2023,7,M,1090198
2023,7,F,1050405
2023,8,M,1106004
2023,8,F,1065422
2023,9,M,1115680
2023,9,F,1074819
2023,10,M,1124284
2023,10,F,1083356
2023,11,M,1136271
2023,11,F,1095069
2023,12,M,1149710
2023,12,F,1108067
2023,13,M,1159235
2023,13,F,1117490
2023,14,M,1162120
2023,14,F,1121017
2023,15,M,1157880
2023,15,F,1119257
2023,16,M,1148906
2023,16,F,1115177
2023,17,M,1139410
2023,17,F,1111296
2023,18,M,1132480
2023,18,F,1109214
2023,19,M,1129241
2023,19,F,1109624
2023,20,M,1130430
2023,20,F,1113340
2023,21,M,1134887
2023,21,F,1119533
2023,22,M,1137215
2023,22,F,1123393
2023,23,M,1131629
2023,23,F,1119996
2023,24,M,1117452
2023,24,F,1108793
2023,25,M,1102024
2023,25,F,1096437
2023,26,M,1092764
2023,26,F,1090106
2023,27,M,1089361
2023,27,F,1089823
2023,28,M,1087511
2023,28,F,1091502
2023,29,M,1083353
2023,29,F,1091434
2023,30,M,1074933
2023,30,F,1087886
2023,31,M,1060752
2023,31,F,1079377
2023,32,M,1038917
2023,32,F,1064069
2023,33,M,1011540
2023,33,F,1044016
2023,34,M,984368
2023,34,F,1024631
2023,35,M,958971
2023,35,F,1007882
2023,36,M,933497
2023,36,F,992638
2023,37,M,906875
2023,37,F,978161
2023,38,M,877810
2023,38,F,963027
2023,39,M,845876
2023,39,F,945812
2023,40,M,813808
2023,40,F,927678
2023,41,M,784735
2023,41,F,909947
2023,42,M,761112
2023,42,F,893892
2023,43,M,744061
2023,43,F,880519
2023,44,M,733120
2023,44,F,869860
2023,45,M,727843
2023,45,F,862225
2023,46,M,727319
2023,46,F,857433
2023,47,M,728956
2023,47,F,853447
2023,48,M,728395
2023,48,F,846046
2023,49,M,723210
2023,49,F,833001
2023,50,M,713480
2023,50,F,815097
2023,51,M,700120
2023,51,F,793888
2023,52,M,684184
2023,52,F,770877
2023,53,M,666486
2023,53,F,746869
2023,54,M,648042
2023,54,F,722881
2023,55,M,628904
2023,55,F,699170
2023,56,M,609265
2023,56,F,675833
2023,57,M,589927
2023,57,F,653593
2023,58,M,570438
2023,58,F,631847
2023,59,M,549109
2023,59,F,608579
2023,60,M,525861
2023,60,F,583618
2023,61,M,501997
2023,61,F,558375
2023,62,M,477892
2023,62,F,533039
2023,63,M,453127
2023,63,F,506920
2023,64,M,427904
2023,64,F,480343
2023,65,M,402967
2023,65,F,454211
2023,66,M,379283
2023,66,F,429453
2023,67,M,356756
2023,67,F,405904
2023,68,M,333962
2023,68,F,381776
2023,69,M,309582
2023,69,F,355743
2023,70,M,286037
2023,70,F,330306
2023,71,M,265390
2023,71,F,307671
2023,72,M,247213
2023,72,F,287701
2023,73,M,232179
2023,73,F,271331
2023,74,M,218556
2023,74,F,256639
2023,75,M,204692
2023,75,F,241545
2023,76,M,190779
2023,76,F,226246
2023,77,M,176925
2023,77,F,210922
2023,78,M,163201
2023,78,F,195704
2023,79,M,149208
2023,79,F,180129
2023,80,M,135331
2023,80,F,164573
2023,81,M,122481
2023,81,F,150034
2023,82,M,110276
2023,82,F,136041
2023,83,M,98414
2023,83,F,122258
2023,84,M,87173
2023,84,F,109051
2023,85,M,76708
2023,85,F,96581
2023,86,M,67055
2023,86,F,84899
2023,87,M,58224
2023,87,F,74070
2023,88,M,50240
2023,88,F,64178
2023,89,M,43028
2023,89,F,55121
2023,90,M,36477
2023,90,F,46722
2023,91,M,30542
2023,91,F,38915
2023,92,M,25244
2023,92,F,31909
2023,93,M,20604
2023,93,F,25880
2023,94,M,16583
2023,94,F,20757
2023,95,M,13156
2023,95,F,16385
2023,96,M,10193
2023,96,F,12554
2023,97,M,7677
2023,97,F,9321
2023,98,M,5646
2023,98,F,6773
2023,99,M,4045
2023,99,F,4795
2023,100,M,2834
2023,100,F,3294
2023,101,M,1954
2023,101,F,2201
2023,102,M,1336
2023,102,F,1451
2023,103,M,910
2023,103,F,959
2023,104,M,616
2023,104,F,634
2023,105,M,409
2023,105,F,409
2023,106,M,263
2023,106,F,248
2023,107,M,163
2023,107,F,141
2023,108,M,97
2023,108,F,76
2023,109,M,55
2023,109,F,39
2024,0,M,1031809
2024,0,F,994292
2024,1,M,1038828
2024,1,F,1001211
2024,2,M,1050425
2024,2,F,1011622
2024,3,M,1058985
2024,3,F,1019622
2024,4,M,1060498
2024,4,F,1022497
2024,5,M,1063487
2024,5,F,1025804
2024,6,M,1065468
2024,6,F,1027129
2024,7,M,1072178
2024,7,F,1033269
2024,8,M,1089192
2024,8,F,1049292
2024,9,M,1105067
2024,9,F,1064374
2024,10,M,1114794
2024,10,F,1073820
2024,11,M,1123422
2024,11,F,1082379
2024,12,M,1135394
2024,12,F,1094081
2024,13,M,1148756
2024,13,F,1107026
2024,14,M,1158137
2024,14,F,1116309
2024,15,M,1160619
2024,15,F,1119552
2024,16,M,1155681
2024,16,F,1117449
2024,17,M,1145961
2024,17,F,1112976
2024,18,M,1135716
2024,18,F,1108726
2024,19,M,1128082
2024,19,F,1106284
2024,20,M,1124212
2024,20,F,1106377
2024,21,M,1124853
2024,21,F,1109840
2024,22,M,1128857
2024,22,F,1115855
2024,23,M,1130858
2024,23,F,1119626
2024,24,M,1125100
2024,24,F,1116238
2024,25,M,1110904
2024,25,F,1105124
2024,26,M,1095554
2024,26,F,1092900
2024,27,M,1086410
2024,27,F,1086702
2024,28,M,1083147
2024,28,F,1086546
2024,29,M,1081472
2024,29,F,1088348
2024,30,M,1077533
2024,30,F,1088402
2024,31,M,1069371
2024,31,F,1084975
2024,32,M,1055481
2024,32,F,1076587
2024,33,M,1033966
2024,33,F,1061399
2024,34,M,1006915
2024,34,F,1041459
2024,35,M,980043
2024,35,F,1022166
2024,36,M,954909
2024,36,F,1005483
2024,37,M,929669
2024,37,F,990284
2024,38,M,903253
2024,38,F,975834
2024,39,M,874373
2024,39,F,960711
2024,40,M,842604
2024,40,F,943497
2024,41,M,810673
2024,41,F,925352
2024,42,M,781699
2024,42,F,907597
2024,43,M,758130
2024,43,F,891501
2024,44,M,741083
2024,44,F,878068
2024,45,M,730099
2024,45,F,867330
2024,46,M,724733
2024,46,F,859593
2024,47,M,724076
2024,47,F,854673
2024,48,M,725545
2024,48,F,850540
2024,49,M,724799
2024,49,F,842984
2024,50,M,719428
2024,50,F,829786
2024,51,M,709512
2024,51,F,811734
2024,52,M,695965
2024,52,F,790378
2024,53,M,679838
2024,53,F,767215
2024,54,M,661944
2024,54,F,743049
2024,55,M,643292
2024,55,F,718894
2024,56,M,623938
2024,56,F,695002
2024,57,M,604074
2024,57,F,671472
2024,58,M,584498
2024,58,F,649021
2024,59,M,564762
2024,59,F,627047
2024,60,M,543196
2024,60,F,603552
2024,61,M,519730
2024,61,F,578370
2024,62,M,495656
2024,62,F,552904
2024,63,M,471350
2024,63,F,527341
2024,64,M,446404
2024,64,F,501005
2024,65,M,421021
2024,65,F,474220
2024,66,M,395938
2024,66,F,447882
2024,67,M,372109
2024,67,F,422911
2024,68,M,349441
2024,68,F,399140
2024,69,M,326538
2024,69,F,374816
2024,70,M,302123
2024,70,F,348646
2024,71,M,278568
2024,71,F,323094
2024,72,M,257883
2024,72,F,300319
2024,73,M,239640
2024,73,F,280176
2024,74,M,224478
2024,74,F,263564
2024,75,M,210710
2024,75,F,248600
2024,76,M,196742
2024,76,F,233265
2024,77,M,182766
2024,77,F,217761
2024,78,M,168891
2024,78,F,202269
2024,79,M,155192
2024,79,F,186924
2024,80,M,141299
2024,80,F,171294
2024,81,M,127585
2024,81,F,155750
2024,82,M,114914
2024,82,F,141246
2024,83,M,102926
2024,83,F,127338
2024,84,M,91341
2024,84,F,113719
2024,85,M,80420
2024,85,F,100739
2024,86,M,70305
2024,86,F,88553
2024,87,M,61029
2024,87,F,77207
2024,88,M,52593
2024,88,F,66761
2024,89,M,45014
2024,89,F,57285
2024,90,M,38227
2024,90,F,48725
2024,91,M,32105
2024,91,F,40827
2024,92,M,26613
2024,92,F,33582
2024,93,M,21759
2024,93,F,27164
2024,94,M,17555
2024,94,F,21708
2024,95,M,13955
2024,95,F,17134
2024,96,M,10924
2024,96,F,13293
2024,97,M,8344
2024,97,F,9995
2024,98,M,6189
2024,98,F,7273
2024,99,M,4479
2024,99,F,5170
2024,100,M,3154
2024,100,F,3575
2024,101,M,2168
2024,101,F,2395
2024,102,M,1466
2024,102,F,1557
2024,103,M,981
2024,103,F,996
2024,104,M,654
2024,104,F,638
2024,105,M,432
2024,105,F,408
2024,106,M,280
2024,106,F,254
2024,107,M,175
2024,107,F,148
2024,108,M,105
2024,108,F,81
2024,109,M,60
2024,109,F,41
2025,0,M,1020678
2025,0,F,983516
2025,1,M,1028339
2025,1,F,990991
2025,2,M,1036548
2025,2,F,998877
2025,3,M,1048574
2025,3,F,1009662
2025,4,M,1057387
2025,4,F,1017907
2025,5,M,1059094
2025,5,F,1020976
2025,6,M,1062233
2025,6,F,1024438
2025,7,M,1064341
2025,7,F,1025895
2025,8,M,1071151
2025,8,F,1032134
2025,9,M,1088237
2025,9,F,1048221
2025,10,M,1104168
2025,10,F,1063348
2025,11,M,1113933
2025,11,F,1072818
2025,12,M,1122569
2025,12,F,1081373
2025,13,M,1134489
2025,13,F,1093028
2025,14,M,1147730
2025,14,F,1105830
2025,15,M,1156710
2025,15,F,1114816
2025,16,M,1158472
2025,16,F,1117697
2025,17,M,1152756
2025,17,F,1115187
2025,18,M,1142262
2025,18,F,1110337
2025,19,M,1131301
2025,19,F,1105734
2025,20,M,1123032
2025,20,F,1102996
2025,21,M,1118619
2025,21,F,1102866
2025,22,M,1118809
2025,22,F,1106180
2025,23,M,1122458
2025,23,F,1112119
2025,24,M,1124223
2025,24,F,1115889
2025,25,M,1118376
2025,25,F,1112575
2025,26,M,1104233
2025,26,F,1101595
2025,27,M,1089020
2025,27,F,1089526
2025,28,M,1080036
2025,28,F,1083473
2025,29,M,1076945
2025,29,F,1083442
2025,30,M,1075466
2025,30,F,1085357
2025,31,M,1071756
2025,31,F,1085519
2025,32,M,1063855
2025,32,F,1082195
2025,33,M,1050250
2025,33,F,1073906
2025,34,M,1029043
2025,34,F,1058815
2025,35,M,1002305
2025,35,F,1038967
2025,36,M,975717
2025,36,F,1019745
2025,37,M,950829
2025,37,F,1003109
2025,38,M,925804
2025,38,F,987938
2025,39,M,899577
2025,39,F,973498
2025,40,M,870864
2025,40,F,958372
2025,41,M,839245
2025,41,F,941146
2025,42,M,807437
2025,42,F,922978
2025,43,M,778549
2025,43,F,905188
2025,44,M,755020
2025,44,F,889040
2025,45,M,737965
2025,45,F,875537
2025,46,M,726925
2025,46,F,864706
2025,47,M,721456
2025,47,F,856852
2025,48,M,720649
2025,48,F,851789
2025,49,M,721931
2025,49,F,847490
2025,50,M,720982
2025,50,F,839761
2025,51,M,715404
2025,51,F,826394
2025,52,M,705282
2025,52,F,808176
2025,53,M,691528
2025,53,F,786655
2025,54,M,675191
2025,54,F,763323
2025,55,M,657081
2025,55,F,738982
2025,56,M,638203
2025,56,F,714640
2025,57,M,618614
2025,57,F,690550
2025,58,M,598509
2025,58,F,666809
2025,59,M,578679
2025,59,F,644126
2025,60,M,558681
2025,60,F,621906
2025,61,M,536867
2025,61,F,598166
2025,62,M,513174
2025,62,F,572747
2025,63,M,488885
2025,63,F,547041
2025,64,M,464376
2025,64,F,521238
2025,65,M,439248
2025,65,F,494673
2025,66,M,413708
2025,66,F,467671
2025,67,M,388486
2025,67,F,441121
2025,68,M,364521
2025,68,F,415929
2025,69,M,341720
2025,69,F,391931
2025,70,M,318722
2025,70,F,367409
2025,71,M,294290
2025,71,F,341107
2025,72,M,270747
2025,72,F,315450
2025,73,M,250044
2025,73,F,292542
2025,74,M,231754
2025,74,F,272236
2025,75,M,216485
2025,75,F,255390
2025,76,M,202595
2025,76,F,240163
2025,77,M,188548
2025,77,F,224604
2025,78,M,174537
2025,78,F,208916
2025,79,M,160674
2025,79,F,193283
2025,80,M,147036
2025,80,F,177844
2025,81,M,133281
2025,81,F,162198
2025,82,M,119772
2025,82,F,146712
2025,83,M,107321
2025,83,F,132292
2025,84,M,95593
2025,84,F,118524
2025,85,M,84326
2025,85,F,105128
2025,86,M,73766
2025,86,F,92438
2025,87,M,64042
2025,87,F,80598
2025,88,M,55177
2025,88,F,69651
2025,89,M,47169
2025,89,F,59648
2025,90,M,40036
2025,90,F,50692
2025,91,M,33686
2025,91,F,42627
2025,92,M,28010
2025,92,F,35275
2025,93,M,22971
2025,93,F,28625
2025,94,M,18567
2025,94,F,22817
2025,95,M,14797
2025,95,F,17946
2025,96,M,11608
2025,96,F,13922
2025,97,M,8959
2025,97,F,10601
2025,98,M,6741
2025,98,F,7812
2025,99,M,4920
2025,99,F,5562
2025,100,M,3499
2025,100,F,3862
2025,101,M,2419
2025,101,F,2604
2025,102,M,1631
2025,102,F,1697
2025,103,M,1079
2025,103,F,1072
2025,104,M,707
2025,104,F,665
2025,105,M,460
2025,105,F,412
2025,106,M,296
2025,106,F,254
2025,107,M,187
2025,107,F,152
2025,108,M,114
2025,108,F,85
2025,109,M,66
2025,109,F,44
2026,0,M,1009154
2026,0,F,972412
2026,1,M,1017227
2026,1,F,980283
2026,2,M,1026020
2026,2,F,988678
2026,3,M,1034645
2026,3,F,996923
2026,4,M,1046910
2026,4,F,1007937
2026,5,M,1055903
2026,5,F,1016361
2026,6,M,1057761
2026,6,F,1019581
2026,7,M,1061026
2026,7,F,1023170
2026,8,M,1063239
2026,8,F,1024729
2026,9,M,1070134
2026,9,F,1031042
2026,10,M,1087280
2026,10,F,1047173
2026,11,M,1103254
2026,11,F,1062319
2026,12,M,1113041
2026,12,F,1071785
2026,13,M,1121645
2026,13,F,1080296
2026,14,M,1133460
2026,14,F,1091807
2026,15,M,1146306
2026,15,F,1104309
2026,16,M,1154563
2026,16,F,1112920
2026,17,M,1155527
2026,17,F,1115383
2026,18,M,1149009
2026,18,F,1112489
2026,19,M,1137775
2026,19,F,1107292
2026,20,M,1126165
2026,20,F,1102406
2026,21,M,1117344
2026,21,F,1099463
2026,22,M,1112474
2026,22,F,1099206
2026,23,M,1112296
2026,23,F,1102460
2026,24,M,1115663
2026,24,F,1108397
2026,25,M,1117257
2026,25,F,1112221
2026,26,M,1111379
2026,26,F,1109019
2026,27,M,1097338
2026,27,F,1098192
2026,28,M,1082299
2026,28,F,1086285
2026,29,M,1073502
2026,29,F,1080373
2026,30,M,1070600
2026,30,F,1080458
2026,31,M,1069326
2026,31,F,1082474
2026,32,M,1065847
2026,32,F,1082727
2026,33,M,1058203
2026,33,F,1079488
2026,34,M,1044877
2026,34,F,1071278
2026,35,M,1023971
2026,35,F,1056267
2026,36,M,997536
2026,36,F,1036492
2026,37,M,971222
2026,37,F,1017325
2026,38,M,946569
2026,38,F,1000722
2026,39,M,921749
2026,39,F,985564
2026,40,M,895702
2026,40,F,971121
2026,41,M,867149
2026,41,F,955980
2026,42,M,835673
2026,42,F,938731
2026,43,M,803982
2026,43,F,920530
2026,44,M,775175
2026,44,F,902695
2026,45,M,751681
2026,45,F,886486
2026,46,M,734609
2026,46,F,872900
2026,47,M,723504
2026,47,F,861964
2026,48,M,717918
2026,48,F,853978
2026,49,M,716947
2026,49,F,848756
2026,50,M,718025
2026,50,F,844274
2026,51,M,716854
2026,51,F,836355
2026,52,M,711053
2026,52,F,822802
2026,53,M,700708
2026,53,F,804402
2026,54,M,686732
2026,54,F,782699
2026,55,M,670169
2026,55,F,759182
2026,56,M,651828
2026,56,F,734649
2026,57,M,632711
2026,57,F,710104
2026,58,M,612876
2026,58,F,685797
2026,59,M,592519
2026,59,F,661826
2026,60,M,572424
2026,60,F,638893
2026,61,M,552155
2026,61,F,616407
2026,62,M,530086
2026,62,F,592404
2026,63,M,506163
2026,63,F,566730
2026,64,M,481658
2026,64,F,540769
2026,65,M,456946
2026,65,F,514713
2026,66,M,431639
2026,66,F,487907
2026,67,M,405950
2026,67,F,460679
2026,68,M,380598
2026,68,F,433910
2026,69,M,356507
2026,69,F,408492
2026,70,M,333586
2026,70,F,384265
2026,71,M,310509
2026,71,F,359546
2026,72,M,286082
2026,72,F,333119
2026,73,M,262574
2026,73,F,307364
2026,74,M,241877
2026,74,F,284336
2026,75,M,223566
2026,75,F,263879
2026,76,M,208213
2026,76,F,246810
2026,77,M,194225
2026,77,F,231335
2026,78,M,180129
2026,78,F,215572
2026,79,M,166117
2026,79,F,199726
2026,80,M,152302
2026,80,F,183986
2026,81,M,138765
2026,81,F,168491
2026,82,M,125190
2026,82,F,152875
2026,83,M,111927
2026,83,F,137499
2026,84,M,99742
2026,84,F,123219
2026,85,M,88316
2026,85,F,109651
2026,86,M,77410
2026,86,F,96542
2026,87,M,67252
2026,87,F,84206
2026,88,M,57955
2026,88,F,72777
2026,89,M,49537
2026,89,F,62291
2026,90,M,42000
2026,90,F,52841
2026,91,M,35323
2026,91,F,44400
2026,92,M,29428
2026,92,F,36876
2026,93,M,24211
2026,93,F,30108
2026,94,M,19631
2026,94,F,24078
2026,95,M,15675
2026,95,F,18891
2026,96,M,12329
2026,96,F,14605
2026,97,M,9538
2026,97,F,11122
2026,98,M,7252
2026,98,F,8301
2026,99,M,5369
2026,99,F,5986
2026,100,M,3853
2026,100,F,4163
2026,101,M,2691
2026,101,F,2819
2026,102,M,1824
2026,102,F,1850
2026,103,M,1205
2026,103,F,1171
2026,104,M,780
2026,104,F,717
2026,105,M,499
2026,105,F,430
2026,106,M,317
2026,106,F,257
2026,107,M,199
2026,107,F,152
2026,108,M,122
2026,108,F,87
2026,109,M,71
2026,109,F,46
2027,0,M,997425
2027,0,F,961128
2027,1,M,1005707
2027,1,F,969249
2027,2,M,1014859
2027,2,F,977996
2027,3,M,1024051
2027,3,F,986733
2027,4,M,1032915
2027,4,F,995203
2027,5,M,1045351
2027,5,F,1006385
2027,6,M,1054484
2027,6,F,1014948
2027,7,M,1056470
2027,7,F,1018292
2027,8,M,1059839
2027,8,F,1021979
2027,9,M,1062143
2027,9,F,1023618
2027,10,M,1069108
2027,10,F,1029983
2027,11,M,1086298
2027,11,F,1046132
2027,12,M,1102294
2027,12,F,1061267
2027,13,M,1112060
2027,13,F,1070682
2027,14,M,1120567
2027,14,F,1079048
2027,15,M,1132003
2027,15,F,1090267
2027,16,M,1144142
2027,16,F,1102394
2027,17,M,1151598
2027,17,F,1110582
2027,18,M,1151738
2027,18,F,1112657
2027,19,M,1144449
2027,19,F,1109415
2027,20,M,1132538
2027,20,F,1103939
2027,21,M,1120355
2027,21,F,1098856
2027,22,M,1111059
2027,22,F,1095795
2027,23,M,1105805
2027,23,F,1095490
2027,24,M,1105322
2027,24,F,1098751
2027,25,M,1108464
2027,25,F,1104734
2027,26,M,1109939
2027,26,F,1108646
2027,27,M,1104075
2027,27,F,1105572
2027,28,M,1090174
2027,28,F,1094904
2027,29,M,1075340
2027,29,F,1083155
2027,30,M,1066751
2027,30,F,1077375
2027,31,M,1064049
2027,31,F,1077564
2027,32,M,1062986
2027,32,F,1079665
2027,33,M,1059739
2027,33,F,1079993
2027,34,M,1052349
2027,34,F,1076822
2027,35,M,1039298
2027,35,F,1068677
2027,36,M,1018686
2027,36,F,1053729
2027,37,M,992549
2027,37,F,1034012
2027,38,M,966502
2027,38,F,1014886
2027,39,M,942078
2027,39,F,998303
2027,40,M,917456
2027,40,F,983147
2027,41,M,891583
2027,41,F,968689
2027,42,M,863184
2027,42,F,953522
2027,43,M,831848
2027,43,F,936240
2027,44,M,800271
2027,44,F,917997
2027,45,M,771541
2027,45,F,900106
2027,46,M,748077
2027,46,F,883824
2027,47,M,730982
2027,47,F,870144
2027,48,M,719801
2027,48,F,859089
2027,49,M,714088
2027,49,F,850957
2027,50,M,712937
2027,50,F,845560
2027,51,M,713794
2027,51,F,840880
2027,52,M,712384
2027,52,F,832754
2027,53,M,706341
2027,53,F,818998
2027,54,M,695759
2027,54,F,800400
2027,55,M,681546
2027,55,F,778499
2027,56,M,664745
2027,56,F,754780
2027,57,M,646163
2027,57,F,730038
2027,58,M,626797
2027,58,F,705272
2027,59,M,606706
2027,59,F,680731
2027,60,M,586088
2027,60,F,656510
2027,61,M,565720
2027,61,F,633308
2027,62,M,545173
2027,62,F,610536
2027,63,M,522844
2027,63,F,586251
2027,64,M,498689
2027,64,F,560306
2027,65,M,473968
2027,65,F,534076
2027,66,M,449055
2027,66,F,507752
2027,67,M,423576
2027,67,F,480694
2027,68,M,397745
2027,68,F,453232
2027,69,M,372275
2027,69,F,426238
2027,70,M,348071
2027,70,F,400590
2027,71,M,325045
2027,71,F,376131
2027,72,M,301907
2027,72,F,351217
2027,73,M,277508
2027,73,F,324674
2027,74,M,254062
2027,74,F,298836
2027,75,M,233398
2027,75,F,275701
2027,76,M,215092
2027,76,F,255109
2027,77,M,199683
2027,77,F,237834
2027,78,M,185626
2027,78,F,222129
2027,79,M,171515
2027,79,F,206187
2027,80,M,157538
2027,80,F,190216
2027,81,M,143811
2027,81,F,174407
2027,82,M,130416
2027,82,F,158902
2027,83,M,117065
2027,83,F,143368
2027,84,M,104094
2027,84,F,128160
2027,85,M,92218
2027,85,F,114082
2027,86,M,81140
2027,86,F,100778
2027,87,M,70637
2027,87,F,88022
2027,88,M,60919
2027,88,F,76107
2027,89,M,52085
2027,89,F,65153
2027,90,M,44160
2027,90,F,55245
2027,91,M,37102
2027,91,F,46337
2027,92,M,30899
2027,92,F,38459
2027,93,M,25474
2027,93,F,31517
2027,94,M,20723
2027,94,F,25363
2027,95,M,16601
2027,95,F,19966
2027,96,M,13085
2027,96,F,15399
2027,97,M,10150
2027,97,F,11688
2027,98,M,7736
2027,98,F,8724
2027,99,M,5790
2027,99,F,6372
2027,100,M,4215
2027,100,F,4489
2027,101,M,2970
2027,101,F,3045
2027,102,M,2034
2027,102,F,2007
2027,103,M,1351
2027,103,F,1279
2027,104,M,873
2027,104,F,785
2027,105,M,552
2027,105,F,465
2027,106,M,344
2027,106,F,269
2027,107,M,213
2027,107,F,155
2027,108,M,130
2027,108,F,88
2027,109,M,76
2027,109,F,48
2028,0,M,985651
2028,0,F,949806
2028,1,M,993984
2028,1,F,958042
2028,2,M,1003295
2028,2,F,966999
2028,3,M,1012832
2028,3,F,976072
2028,4,M,1022256
2028,4,F,985025
2028,5,M,1031293
2028,5,F,993662
2028,6,M,1043863
2028,6,F,1004976
2028,7,M,1053112
2028,7,F,1013652
2028,8,M,1055204
2028,8,F,1017093
2028,9,M,1058662
2028,9,F,1020857
2028,10,M,1061039
2028,10,F,1022551
2028,11,M,1068056
2028,11,F,1028943
2028,12,M,1085267
2028,12,F,1045075
2028,13,M,1101239
2028,13,F,1060148
2028,14,M,1110903
2028,14,F,1069414
2028,15,M,1119045
2028,15,F,1077501
2028,16,M,1129799
2028,16,F,1088357
2028,17,M,1141146
2028,17,F,1100066
2028,18,M,1147765
2028,18,F,1107865
2028,19,M,1147100
2028,19,F,1109584
2028,20,M,1139092
2028,20,F,1106057
2028,21,M,1126576
2028,21,F,1100381
2028,22,M,1113898
2028,22,F,1095183
2028,23,M,1104203
2028,23,F,1092079
2028,24,M,1098637
2028,24,F,1091788
2028,25,M,1097917
2028,25,F,1095101
2028,26,M,1100894
2028,26,F,1101160
2028,27,M,1102304
2028,27,F,1105176
2028,28,M,1096502
2028,28,F,1102237
2028,29,M,1082782
2028,29,F,1091725
2028,30,M,1068184
2028,30,F,1080125
2028,31,M,1059824
2028,31,F,1074466
2028,32,M,1057337
2028,32,F,1074745
2028,33,M,1056491
2028,33,F,1076917
2028,34,M,1053478
2028,34,F,1077305
2028,35,M,1046339
2028,35,F,1074187
2028,36,M,1033556
2028,36,F,1066090
2028,37,M,1013232
2028,37,F,1051192
2028,38,M,987385
2028,38,F,1031520
2028,39,M,961598
2028,39,F,1012421
2028,40,M,937393
2028,40,F,995846
2028,41,M,912960
2028,41,F,980679
2028,42,M,887251
2028,42,F,966197
2028,43,M,858999
2028,43,F,950993
2028,44,M,827795
2028,44,F,933668
2028,45,M,796327
2028,45,F,915372
2028,46,M,767667
2028,46,F,897415
2028,47,M,744225
2028,47,F,881048
2028,48,M,727097
2028,48,F,867261
2028,49,M,715829
2028,49,F,856074
2028,50,M,709973
2028,50,F,847783
2028,51,M,708625
2028,51,F,842196
2028,52,M,709242
2028,52,F,837301
2028,53,M,707574
2028,53,F,828952
2028,54,M,701273
2028,54,F,814976
2028,55,M,690437
2028,55,F,796162
2028,56,M,675973
2028,56,F,774047
2028,57,M,658923
2028,57,F,750109
2028,58,M,640089
2028,58,F,725139
2028,59,M,620463
2028,59,F,700133
2028,60,M,600108
2028,60,F,675338
2028,61,M,579220
2028,61,F,650848
2028,62,M,558571
2028,62,F,627355
2028,63,M,537738
2028,63,F,604276
2028,64,M,515145
2028,64,F,579690
2028,65,M,490755
2028,65,F,553457
2028,66,M,465818
2028,66,F,526941
2028,67,M,440708
2028,67,F,500337
2028,68,M,415062
2028,68,F,473017
2028,69,M,389099
2028,69,F,445313
2028,70,M,363522
2028,70,F,418088
2028,71,M,339220
2028,71,F,392208
2028,72,M,316105
2028,72,F,367518
2028,73,M,292927
2028,73,F,342414
2028,74,M,268583
2028,74,F,315766
2028,75,M,245229
2028,75,F,289861
2028,76,M,224626
2028,76,F,266638
2028,77,M,206356
2028,77,F,245931
2028,78,M,190920
2028,78,F,228470
2028,79,M,176828
2028,79,F,212561
2028,80,M,162737
2028,80,F,196471
2028,81,M,148835
2028,81,F,180414
2028,82,M,135238
2028,82,F,164581
2028,83,M,122031
2028,83,F,149119
2028,84,M,108949
2028,84,F,133725
2028,85,M,96317
2028,85,F,118747
2028,86,M,84795
2028,86,F,104937
2028,87,M,74107
2028,87,F,91966
2028,88,M,64048
2028,88,F,79632
2028,89,M,54807
2028,89,F,68205
2028,90,M,46486
2028,90,F,57848
2028,91,M,39059
2028,91,F,48504
2028,92,M,32500
2028,92,F,40189
2028,93,M,26786
2028,93,F,32916
2028,94,M,21838
2028,94,F,26589
2028,95,M,17554
2028,95,F,21064
2028,96,M,13883
2028,96,F,16303
2028,97,M,10793
2028,97,F,12345
2028,98,M,8250
2028,98,F,9186
2028,99,M,6190
2028,99,F,6711
2028,100,M,4555
2028,100,F,4790
2028,101,M,3257
2028,101,F,3291
2028,102,M,2252
2028,102,F,2173
2028,103,M,1511
2028,103,F,1392
2028,104,M,982
2028,104,F,860
2028,105,M,620
2028,105,F,511
2028,106,M,383
2028,106,F,292
2028,107,M,233
2028,107,F,162
2028,108,M,140
2028,108,F,90
2028,109,M,82
2028,109,F,48
2029,0,M,973972
2029,0,F,938562
2029,1,M,982238
2029,1,F,946804
2029,2,M,991552
2029,2,F,955837
2029,3,M,1001233
2029,3,F,965106
2029,4,M,1010996
2029,4,F,974389
2029,5,M,1020590
2029,5,F,983504
2029,6,M,1029764
2029,6,F,992272
2029,7,M,1042445
2029,7,F,1003692
2029,8,M,1051789
2029,8,F,1012457
2029,9,M,1053969
2029,9,F,1015974
2029,10,M,1057496
2029,10,F,1019790
2029,11,M,1059925
2029,11,F,1021514
2029,12,M,1066969
2029,12,F,1027896
2029,13,M,1084153
2029,13,F,1043959
2029,14,M,1100010
2029,14,F,1058874
2029,15,M,1109314
2029,15,F,1067871
2029,16,M,1116797
2029,16,F,1075611
2029,17,M,1126782
2029,17,F,1086068
2029,18,M,1137292
2029,18,F,1097395
2029,19,M,1143080
2029,19,F,1104831
2029,20,M,1141652
2029,20,F,1106249
2029,21,M,1132994
2029,21,F,1102510
2029,22,M,1119955
2029,22,F,1096713
2029,23,M,1106868
2029,23,F,1091472
2029,24,M,1096862
2029,24,F,1088385
2029,25,M,1091065
2029,25,F,1088152
2029,26,M,1090182
2029,26,F,1091546
2029,27,M,1093061
2029,27,F,1097700
2029,28,M,1094466
2029,28,F,1101827
2029,29,M,1088778
2029,29,F,1099021
2029,30,M,1075281
2029,30,F,1088656
2029,31,M,1060951
2029,31,F,1077194
2029,32,M,1052841
2029,32,F,1071641
2029,33,M,1050580
2029,33,F,1071997
2029,34,M,1049954
2029,34,F,1074225
2029,35,M,1047174
2029,35,F,1074659
2029,36,M,1040280
2029,36,F,1071579
2029,37,M,1027757
2029,37,F,1063517
2029,38,M,1007709
2029,38,F,1048654
2029,39,M,982139
2029,39,F,1029013
2029,40,M,956596
2029,40,F,1009930
2029,41,M,932596
2029,41,F,993350
2029,42,M,908337
2029,42,F,978162
2029,43,M,882777
2029,43,F,963643
2029,44,M,854658
2029,44,F,948392
2029,45,M,823574
2029,45,F,931012
2029,46,M,792203
2029,46,F,912653
2029,47,M,763602
2029,47,F,894618
2029,48,M,740169
2029,48,F,878155
2029,49,M,722995
2029,49,F,864248
2029,50,M,711624
2029,50,F,852916
2029,51,M,705608
2029,51,F,844451
2029,52,M,704043
2029,52,F,838658
2029,53,M,704399
2029,53,F,833531
2029,54,M,702452
2029,54,F,824940
2029,55,M,695874
2029,55,F,810727
2029,56,M,684767
2029,56,F,791680
2029,57,M,670038
2029,57,F,769331
2029,58,M,652723
2029,58,F,745153
2029,59,M,633625
2029,59,F,719937
2029,60,M,613728
2029,60,F,694670
2029,61,M,593096
2029,61,F,669600
2029,62,M,571929
2029,62,F,644819
2029,63,M,550989
2029,63,F,621015
2029,64,M,529860
2029,64,F,597608
2029,65,M,506997
2029,65,F,572701
2029,66,M,482369
2029,66,F,546163
2029,67,M,457217
2029,67,F,519347
2029,68,M,431912
2029,68,F,492448
2029,69,M,406106
2029,69,F,464856
2029,70,M,380021
2029,70,F,436905
2029,71,M,354352
2029,71,F,409447
2029,72,M,329967
2029,72,F,383334
2029,73,M,306783
2029,73,F,358414
2029,74,M,283589
2029,74,F,333128
2029,75,M,259328
2029,75,F,306392
2029,76,M,236096
2029,76,F,280441
2029,77,M,215586
2029,77,F,257153
2029,78,M,197385
2029,78,F,236356
2029,79,M,181956
2029,79,F,218735
2029,80,M,167864
2029,80,F,202652
2029,81,M,153833
2029,81,F,186454
2029,82,M,140048
2029,82,F,170356
2029,83,M,126627
2029,83,F,154552
2029,84,M,113653
2029,84,F,139190
2029,85,M,100888
2029,85,F,124001
2029,86,M,88640
2029,86,F,109320
2029,87,M,77518
2029,87,F,95848
2029,88,M,67262
2029,88,F,83282
2029,89,M,57685
2029,89,F,71439
2029,90,M,48974
2029,90,F,60627
2029,91,M,41169
2029,91,F,50852
2029,92,M,34262
2029,92,F,42123
2029,93,M,28216
2029,93,F,34445
2029,94,M,23000
2029,94,F,27810
2029,95,M,18530
2029,95,F,22118
2029,96,M,14707
2029,96,F,17229
2029,97,M,11474
2029,97,F,13094
2029,98,M,8792
2029,98,F,9721
2029,99,M,6616
2029,99,F,7080
2029,100,M,4882
2029,100,F,5055
2029,101,M,3530
2029,101,F,3519
2029,102,M,2476
2029,102,F,2355
2029,103,M,1678
2029,103,F,1511
2029,104,M,1102
2029,104,F,938
2029,105,M,700
2029,105,F,561
2029,106,M,431
2029,106,F,321
2029,107,M,259
2029,107,F,177
2029,108,M,153
2029,108,F,95
2029,109,M,89
2029,109,F,49
2030,0,M,962395
2030,0,F,927392
2030,1,M,970615
2030,1,F,935648
2030,2,M,979815
2030,2,F,944651
2030,3,M,989486
2030,3,F,953985
2030,4,M,999387
2030,4,F,963457
2030,5,M,1009316
2030,5,F,972897
2030,6,M,1019044
2030,6,F,982139
2030,7,M,1028331
2030,7,F,991014
2030,8,M,1041100
2030,8,F,1002517
2030,9,M,1050521
2030,9,F,1011351
2030,10,M,1052768
2030,10,F,1014919
2030,11,M,1056341
2030,11,F,1018760
2030,12,M,1058797
2030,12,F,1020476
2030,13,M,1065821
2030,13,F,1026797
2030,14,M,1082882
2030,14,F,1042702
2030,15,M,1098377
2030,15,F,1057351
2030,16,M,1107034
2030,16,F,1066012
2030,17,M,1113772
2030,17,F,1073374
2030,18,M,1122937
2030,18,F,1083466
2030,19,M,1132607
2030,19,F,1094428
2030,20,M,1137599
2030,20,F,1101547
2030,21,M,1135474
2030,21,F,1102733
2030,22,M,1126254
2030,22,F,1098859
2030,23,M,1112789
2030,23,F,1093013
2030,24,M,1099395
2030,24,F,1087789
2030,25,M,1089174
2030,25,F,1084764
2030,26,M,1083238
2030,26,F,1084620
2030,27,M,1082274
2030,27,F,1088115
2030,28,M,1085129
2030,28,F,1094372
2030,29,M,1086590
2030,29,F,1098611
2030,30,M,1081067
2030,30,F,1095930
2030,31,M,1067831
2030,31,F,1085701
2030,32,M,1053794
2030,32,F,1074363
2030,33,M,1045949
2030,33,F,1068903
2030,34,M,1043921
2030,34,F,1069321
2030,35,M,1043517
2030,35,F,1071590
2030,36,M,1040961
2030,36,F,1072055
2030,37,M,1034302
2030,37,F,1068999
2030,38,M,1022022
2030,38,F,1060958
2030,39,M,1002231
2030,39,F,1046116
2030,40,M,976917
2030,40,F,1026493
2030,41,M,951597
2030,41,F,1007413
2030,42,M,927779
2030,42,F,990816
2030,43,M,903672
2030,43,F,975595
2030,44,M,878240
2030,44,F,961027
2030,45,M,850233
2030,45,F,945717
2030,46,M,819250
2030,46,F,928272
2030,47,M,787956
2030,47,F,909836
2030,48,M,759396
2030,48,F,891711
2030,49,M,735956
2030,49,F,875140
2030,50,M,718717
2030,50,F,861101
2030,51,M,707225
2030,51,F,849611
2030,52,M,701028
2030,52,F,840956
2030,53,M,699225
2030,53,F,834940
2030,54,M,699297
2030,54,F,829561
2030,55,M,697048
2030,55,F,820709
2030,56,M,690172
2030,56,F,806237
2030,57,M,678774
2030,57,F,786935
2030,58,M,663761
2030,58,F,764332
2030,59,M,646166
2030,59,F,739894
2030,60,M,626788
2030,60,F,714410
2030,61,M,606605
2030,61,F,688861
2030,62,M,585684
2030,62,F,663493
2030,63,M,564224
2030,63,F,638400
2030,64,M,542981
2030,64,F,614262
2030,65,M,521548
2030,65,F,590506
2030,66,M,498407
2030,66,F,565258
2030,67,M,473540
2030,67,F,538398
2030,68,M,448172
2030,68,F,511267
2030,69,M,422676
2030,69,F,484063
2030,70,M,396718
2030,70,F,456191
2030,71,M,370523
2030,71,F,427988
2030,72,M,344777
2030,72,F,400298
2030,73,M,320328
2030,73,F,373955
2030,74,M,297095
2030,74,F,348811
2030,75,M,273910
2030,75,F,323356
2030,76,M,249764
2030,76,F,296551
2030,77,M,226687
2030,77,F,270579
2030,78,M,206307
2030,78,F,247254
2030,79,M,188209
2030,79,F,226397
2030,80,M,172824
2030,80,F,208651
2030,81,M,158772
2030,81,F,192431
2030,82,M,144842
2030,82,F,176169
2030,83,M,131220
2030,83,F,160083
2030,84,M,118021
2030,84,F,144366
2030,85,M,105328
2030,85,F,129169
2030,86,M,92928
2030,86,F,114254
2030,87,M,81109
2030,87,F,99944
2030,88,M,70430
2030,88,F,86883
2030,89,M,60646
2030,89,F,74793
2030,90,M,51607
2030,90,F,63575
2030,91,M,43429
2030,91,F,53359
2030,92,M,36163
2030,92,F,44220
2030,93,M,29790
2030,93,F,36154
2030,94,M,24267
2030,94,F,29146
2030,95,M,19550
2030,95,F,23171
2030,96,M,15554
2030,96,F,18122
2030,97,M,12180
2030,97,F,13863
2030,98,M,9366
2030,98,F,10331
2030,99,M,7067
2030,99,F,7509
2030,100,M,5231
2030,100,F,5345
2030,101,M,3793
2030,101,F,3723
2030,102,M,2691
2030,102,F,2524
2030,103,M,1851
2030,103,F,1641
2030,104,M,1227
2030,104,F,1021
2030,105,M,788
2030,105,F,614
2030,106,M,489
2030,106,F,354
2030,107,M,294
2030,107,F,195
2030,108,M,172
2030,108,F,103
2030,109,M,98
2030,109,F,52
2031,0,M,950816
2031,0,F,916194
2031,1,M,959122
2031,1,F,924567
2031,2,M,968231
2031,2,F,933551
2031,3,M,977773
2031,3,F,942843
2031,4,M,987658
2031,4,F,952374
2031,5,M,997722
2031,5,F,961999
2031,6,M,1007782
2031,6,F,971564
2031,7,M,1017620
2031,7,F,980910
2031,8,M,1026997
2031,8,F,989869
2031,9,M,1039834
2031,9,F,1001436
2031,10,M,1049310
2031,10,F,1010314
2031,11,M,1051600
2031,11,F,1013906
2031,12,M,1055194
2031,12,F,1017735
2031,13,M,1057631
2031,13,F,1019394
2031,14,M,1064540
2031,14,F,1025571
2031,15,M,1081242
2031,15,F,1041220
2031,16,M,1096090
2031,16,F,1055537
2031,17,M,1104009
2031,17,F,1063829
2031,18,M,1109946
2031,18,F,1070845
2031,19,M,1118285
2031,19,F,1080583
2031,20,M,1127148
2031,20,F,1091221
2031,21,M,1131412
2031,21,F,1098087
2031,22,M,1128685
2031,22,F,1099116
2031,23,M,1119011
2031,23,F,1095179
2031,24,M,1105238
2031,24,F,1089347
2031,25,M,1091650
2031,25,F,1084187
2031,26,M,1081320
2031,26,F,1081258
2031,27,M,1075341
2031,27,F,1081224
2031,28,M,1074382
2031,28,F,1084828
2031,29,M,1077285
2031,29,F,1091189
2031,30,M,1078861
2031,30,F,1095534
2031,31,M,1073547
2031,31,F,1092969
2031,32,M,1060601
2031,32,F,1082862
2031,33,M,1046873
2031,33,F,1071633
2031,34,M,1039300
2031,34,F,1066250
2031,35,M,1037504
2031,35,F,1066715
2031,36,M,1037314
2031,36,F,1069012
2031,37,M,1034970
2031,37,F,1069493
2031,38,M,1028525
2031,38,F,1066447
2031,39,M,1016465
2031,39,F,1058411
2031,40,M,996905
2031,40,F,1043576
2031,41,M,971817
2031,41,F,1023958
2031,42,M,946690
2031,42,F,1004868
2031,43,M,923025
2031,43,F,988241
2031,44,M,899041
2031,44,F,972974
2031,45,M,873709
2031,45,F,958347
2031,46,M,845786
2031,46,F,942965
2031,47,M,814878
2031,47,F,925442
2031,48,M,783639
2031,48,F,906919
2031,49,M,755098
2031,49,F,888692
2031,50,M,731628
2031,50,F,871999
2031,51,M,714304
2031,51,F,857813
2031,52,M,702667
2031,52,F,846149
2031,53,M,696268
2031,53,F,837288
2031,54,M,694203
2031,54,F,831030
2031,55,M,693965
2031,55,F,825378
2031,56,M,691389
2031,56,F,816241
2031,57,M,684191
2031,57,F,801487
2031,58,M,672481
2031,58,F,781908
2031,59,M,657164
2031,59,F,759027
2031,60,M,639269
2031,60,F,734307
2031,61,M,619593
2031,61,F,708531
2031,62,M,599107
2031,62,F,682677
2031,63,M,577881
2031,63,F,656990
2031,64,M,556114
2031,64,F,631563
2031,65,M,534556
2031,65,F,607069
2031,66,M,512808
2031,66,F,582941
2031,67,M,489382
2031,67,F,557334
2031,68,M,464272
2031,68,F,530137
2031,69,M,438690
2031,69,F,502678
2031,70,M,413008
2031,70,F,475159
2031,71,M,386907
2031,71,F,447001
2031,72,M,360616
2031,72,F,418546
2031,73,M,334810
2031,73,F,390625
2031,74,M,310318
2031,74,F,364058
2031,75,M,287062
2031,75,F,338702
2031,76,M,263913
2031,76,F,313092
2031,77,M,239915
2031,77,F,286244
2031,78,M,217032
2031,78,F,260283
2031,79,M,196817
2031,79,F,236955
2031,80,M,178863
2031,80,F,216076
2031,81,M,163560
2031,81,F,198243
2031,82,M,149589
2031,82,F,181931
2031,83,M,135807
2031,83,F,165659
2031,84,M,122395
2031,84,F,149643
2031,85,M,109467
2031,85,F,134080
2031,86,M,97104
2031,86,F,119119
2031,87,M,85114
2031,87,F,104552
2031,88,M,73769
2031,88,F,90687
2031,89,M,63573
2031,89,F,78111
2031,90,M,54322
2031,90,F,66636
2031,91,M,45824
2031,91,F,56023
2031,92,M,38201
2031,92,F,46463
2031,93,M,31491
2031,93,F,38008
2031,94,M,25662
2031,94,F,30639
2031,95,M,20663
2031,95,F,24325
2031,96,M,16441
2031,96,F,19019
2031,97,M,12907
2031,97,F,14609
2031,98,M,9964
2031,98,F,10960
2031,99,M,7546
2031,99,F,7997
2031,100,M,5601
2031,100,F,5682
2031,101,M,4075
2031,101,F,3947
2031,102,M,2900
2031,102,F,2677
2031,103,M,2017
2031,103,F,1764
2031,104,M,1358
2031,104,F,1113
2031,105,M,881
2031,105,F,670
2031,106,M,552
2031,106,F,389
2031,107,M,334
2031,107,F,216
2031,108,M,195
2031,108,F,114
2031,109,M,110
2031,109,F,57
2032,0,M,939169
2032,0,F,904905
2032,1,M,947652
2032,1,F,913457
2032,2,M,956802
2032,2,F,922526
2032,3,M,966240
2032,3,F,931788
2032,4,M,975991
2032,4,F,941272
2032,5,M,986034
2032,5,F,950953
2032,6,M,996225
2032,6,F,960700
2032,7,M,1006392
2032,7,F,970365
2032,8,M,1016317
2032,8,F,979793
2032,9,M,1025763
2032,9,F,988819
2032,10,M,1038648
2032,10,F,1000425
2032,11,M,1048155
2032,11,F,1009321
2032,12,M,1050463
2032,12,F,1012901
2032,13,M,1054033
2032,13,F,1016672
2032,14,M,1056360
2032,14,F,1018196
2032,15,M,1062926
2032,15,F,1024136
2032,16,M,1078988
2032,16,F,1039464
2032,17,M,1093091
2032,17,F,1053414
2032,18,M,1100213
2032,18,F,1061367
2032,19,M,1105347
2032,19,F,1068043
2032,20,M,1112898
2032,20,F,1077462
2032,21,M,1121027
2032,21,F,1087836
2032,22,M,1124664
2032,22,F,1094523
2032,23,M,1121453
2032,23,F,1095468
2032,24,M,1111453
2032,24,F,1091535
2032,25,M,1097497
2032,25,F,1085766
2032,26,M,1083835
2032,26,F,1080707
2032,27,M,1073503
2032,27,F,1077895
2032,28,M,1067575
2032,28,F,1077981
2032,29,M,1066699
2032,29,F,1081696
2032,30,M,1069714
2032,30,F,1088157
2032,31,M,1071456
2032,31,F,1092598
2032,32,M,1066383
2032,32,F,1090136
2032,33,M,1053744
2032,33,F,1080135
2032,34,M,1040330
2032,34,F,1068999
2032,35,M,1033026
2032,35,F,1063678
2032,36,M,1031453
2032,36,F,1064175
2032,37,M,1031461
2032,37,F,1066485
2032,38,M,1029308
2032,38,F,1066968
2032,39,M,1023050
2032,39,F,1063916
2032,40,M,1011178
2032,40,F,1055872
2032,41,M,991814
2032,41,F,1041030
2032,42,M,966916
2032,42,F,1021403
2032,43,M,941946
2032,43,F,1002290
2032,44,M,918398
2032,44,F,985621
2032,45,M,894502
2032,45,F,970296
2032,46,M,869235
2032,46,F,955596
2032,47,M,841366
2032,47,F,940131
2032,48,M,810503
2032,48,F,922517
2032,49,M,779290
2032,49,F,903894
2032,50,M,750742
2032,50,F,885551
2032,51,M,727218
2032,51,F,868722
2032,52,M,709783
2032,52,F,854374
2032,53,M,697979
2032,53,F,842519
2032,54,M,691352
2032,54,F,833431
2032,55,M,688998
2032,55,F,826908
2032,56,M,688424
2032,56,F,820958
2032,57,M,685495
2032,57,F,811511
2032,58,M,677948
2032,58,F,796451
2032,59,M,665901
2032,59,F,776569
2032,60,M,650257
2032,60,F,753387
2032,61,M,632041
2032,61,F,728359
2032,62,M,612046
2032,62,F,702269
2032,63,M,591238
2032,63,F,676088
2032,64,M,569690
2032,64,F,650058
2032,65,M,547602
2032,65,F,624275
2032,66,M,525716
2032,66,F,599404
2032,67,M,503641
2032,67,F,574884
2032,68,M,479924
2032,68,F,548900
2032,69,M,454570
2032,69,F,521351
2032,70,M,428777
2032,70,F,493554
2032,71,M,402915
2032,71,F,465711
2032,72,M,376682
2032,72,F,437265
2032,73,M,350312
2032,73,F,408559
2032,74,M,324467
2032,74,F,380415
2032,75,M,299956
2032,75,F,353635
2032,76,M,276701
2032,76,F,328080
2032,77,M,253621
2032,77,F,302339
2032,78,M,229809
2032,78,F,275479
2032,79,M,207158
2032,79,F,249566
2032,80,M,187149
2032,80,F,226275
2032,81,M,169380
2032,81,F,205418
2032,82,M,154203
2032,82,F,187544
2032,83,M,140359
2032,83,F,171193
2032,84,M,126772
2032,84,F,154969
2032,85,M,113619
2032,85,F,139092
2032,86,M,101010
2032,86,F,123754
2032,87,M,89026
2032,87,F,109104
2032,88,M,77494
2032,88,F,94963
2032,89,M,66663
2032,89,F,81619
2032,90,M,57013
2032,90,F,69672
2032,91,M,48297
2032,91,F,58793
2032,92,M,40365
2032,92,F,48847
2032,93,M,33317
2032,93,F,39993
2032,94,M,27172
2032,94,F,32260
2032,95,M,21890
2032,95,F,25613
2032,96,M,17409
2032,96,F,20001
2032,97,M,13670
2032,97,F,15361
2032,98,M,10581
2032,98,F,11573
2032,99,M,8046
2032,99,F,8502
2032,100,M,5996
2032,100,F,6065
2032,101,M,4375
2032,101,F,4206
2032,102,M,3124
2032,102,F,2845
2032,103,M,2180
2032,103,F,1877
2032,104,M,1485
2032,104,F,1200
2032,105,M,978
2032,105,F,732
2032,106,M,619
2032,106,F,426
2032,107,M,379
2032,107,F,238
2032,108,M,223
2032,108,F,127
2032,109,M,125
2032,109,F,63
2033,0,M,927607
2033,0,F,893674
2033,1,M,936136
2033,1,F,902252
2033,2,M,945421
2033,2,F,911468
2033,3,M,954886
2033,3,F,920805
2033,4,M,964526
2033,4,F,930254
2033,5,M,974431
2033,5,F,939885
2033,6,M,984599
2033,6,F,949685
2033,7,M,994894
2033,7,F,959531
2033,8,M,1005145
2033,8,F,969278
2033,9,M,1015135
2033,9,F,978770
2033,10,M,1024630
2033,10,F,987836
2033,11,M,1037539
2033,11,F,999457
2033,12,M,1047052
2033,12,F,1008337
2033,13,M,1049334
2033,13,F,1011862
2033,14,M,1052794
2033,14,F,1015501
2033,15,M,1054783
2033,15,F,1016799
2033,16,M,1060730
2033,16,F,1022442
2033,17,M,1076052
2033,17,F,1037410
2033,18,M,1089349
2033,18,F,1051016
2033,19,M,1095675
2033,19,F,1058631
2033,20,M,1100051
2033,20,F,1064999
2033,21,M,1106897
2033,21,F,1074158
2033,22,M,1114401
2033,22,F,1084341
2033,23,M,1117537
2033,23,F,1090925
2033,24,M,1113979
2033,24,F,1091854
2033,25,M,1103791
2033,25,F,1087976
2033,26,M,1089781
2033,26,F,1082309
2033,27,M,1076158
2033,27,F,1077373
2033,28,M,1065924
2033,28,F,1074689
2033,29,M,1060129
2033,29,F,1074896
2033,30,M,1059404
2033,30,F,1078718
2033,31,M,1062583
2033,31,F,1085270
2033,32,M,1064527
2033,32,F,1089796
2033,33,M,1059715
2033,33,F,1087422
2033,34,M,1047387
2033,34,F,1077512
2033,35,M,1034277
2033,35,F,1066453
2033,36,M,1027228
2033,36,F,1061179
2033,37,M,1025860
2033,37,F,1061694
2033,38,M,1026043
2033,38,F,1064002
2033,39,M,1024052
2033,39,F,1064472
2033,40,M,1017949
2033,40,F,1061401
2033,41,M,1006228
2033,41,F,1053333
2033,42,M,987018
2033,42,F,1038470
2033,43,M,962266
2033,43,F,1018821
2033,44,M,937411
2033,44,F,999672
2033,45,M,913939
2033,45,F,982950
2033,46,M,890092
2033,46,F,967555
2033,47,M,864855
2033,47,F,952769
2033,48,M,837003
2033,48,F,937207
2033,49,M,806151
2033,49,F,919489
2033,50,M,774933
2033,50,F,900750
2033,51,M,746349
2033,51,F,882276
2033,52,M,722744
2033,52,F,865295
2033,53,M,705173
2033,53,F,850767
2033,54,M,693176
2033,54,F,838699
2033,55,M,686294
2033,55,F,829362
2033,56,M,683624
2033,56,F,822549
2033,57,M,682685
2033,57,F,816275
2033,58,M,679374
2033,58,F,806490
2033,59,M,671451
2033,59,F,791096
2033,60,M,659039
2033,60,F,770886
2033,61,M,643042
2033,61,F,747376
2033,62,M,624481
2033,62,F,722017
2033,63,M,604147
2033,63,F,695589
2033,64,M,582997
2033,64,F,669057
2033,65,M,561109
2033,65,F,642663
2033,66,M,538685
2033,66,F,616503
2033,67,M,516458
2033,67,F,591233
2033,68,M,494047
2033,68,F,566302
2033,69,M,470034
2033,69,F,539925
2033,70,M,444436
2033,70,F,512012
2033,71,M,418436
2033,71,F,483867
2033,72,M,392403
2033,72,F,455697
2033,73,M,366054
2033,73,F,426963
2033,74,M,339623
2033,74,F,398013
2033,75,M,313763
2033,75,F,369657
2033,76,M,289259
2033,76,F,342678
2033,77,M,266038
2033,77,F,316945
2033,78,M,243061
2033,78,F,291101
2033,79,M,219474
2033,79,F,264266
2033,80,M,197099
2033,80,F,238444
2033,81,M,177339
2033,81,F,215238
2033,82,M,159799
2033,82,F,194454
2033,83,M,144794
2033,83,F,176594
2033,84,M,131124
2033,84,F,160264
2033,85,M,117782
2033,85,F,144156
2033,86,M,104937
2033,86,F,128490
2033,87,M,92699
2033,87,F,113455
2033,88,M,81141
2033,88,F,99197
2033,89,M,70109
2033,89,F,85560
2033,90,M,59857
2033,90,F,72884
2033,91,M,50756
2033,91,F,61548
2033,92,M,42604
2033,92,F,51331
2033,93,M,35257
2033,93,F,42106
2033,94,M,28794
2033,94,F,33997
2033,95,M,23218
2033,95,F,27013
2033,96,M,18478
2033,96,F,21098
2033,97,M,14505
2033,97,F,16185
2033,98,M,11232
2033,98,F,12194
2033,99,M,8565
2033,99,F,8998
2033,100,M,6409
2033,100,F,6464
2033,101,M,4695
2033,101,F,4500
2033,102,M,3364
2033,102,F,3040
2033,103,M,2356
2033,103,F,2000
2033,104,M,1611
2033,104,F,1280
2033,105,M,1073
2033,105,F,792
2033,106,M,690
2033,106,F,467
2033,107,M,426
2033,107,F,262
2033,108,M,254
2033,108,F,140
2033,109,M,144
2033,109,F,71
2034,0,M,916320
2034,0,F,882688
2034,1,M,924720
2034,1,F,891097
2034,2,M,934010
2034,2,F,900310
2034,3,M,943597
2034,3,F,909786
2034,4,M,953258
2034,4,F,919305
2034,5,M,963048
2034,5,F,928898
2034,6,M,973076
2034,6,F,938647
2034,7,M,983345
2034,7,F,948545
2034,8,M,993723
2034,8,F,958471
2034,9,M,1004036
2034,9,F,968279
2034,10,M,1014072
2034,10,F,977811
2034,11,M,1023591
2034,11,F,986895
2034,12,M,1036500
2034,12,F,998499
2034,13,M,1045977
2034,13,F,1007322
2034,14,M,1048150
2034,14,F,1010721
2034,15,M,1051267
2034,15,F,1014133
2034,16,M,1052640
2034,16,F,1015145
2034,17,M,1057874
2034,17,F,1020453
2034,18,M,1072399
2034,18,F,1035082
2034,19,M,1084891
2034,19,F,1048339
2034,20,M,1090475
2034,20,F,1055646
2034,21,M,1094188
2034,21,F,1061764
2034,22,M,1100447
2034,22,F,1070738
2034,23,M,1107460
2034,23,F,1080805
2034,24,M,1110240
2034,24,F,1087353
2034,25,M,1106478
2034,25,F,1088322
2034,26,M,1096236
2034,26,F,1084539
2034,27,M,1082291
2034,27,F,1078997
2034,28,M,1068810
2034,28,F,1074195
2034,29,M,1058757
2034,29,F,1071641
2034,30,M,1053160
2034,30,F,1071965
2034,31,M,1052637
2034,31,F,1075886
2034,32,M,1056019
2034,32,F,1082517
2034,33,M,1058186
2034,33,F,1087116
2034,34,M,1053642
2034,34,F,1084815
2034,35,M,1041613
2034,35,F,1074981
2034,36,M,1028789
2034,36,F,1063983
2034,37,M,1021971
2034,37,F,1058741
2034,38,M,1020781
2034,38,F,1059259
2034,39,M,1021110
2034,39,F,1061551
2034,40,M,1019245
2034,40,F,1061994
2034,41,M,1013257
2034,41,F,1058888
2034,42,M,1001644
2034,42,F,1050783
2034,43,M,982543
2034,43,F,1035887
2034,44,M,957892
2034,44,F,1016203
2034,45,M,933105
2034,45,F,997007
2034,46,M,909667
2034,46,F,980218
2034,47,M,885828
2034,47,F,964739
2034,48,M,860579
2034,48,F,949854
2034,49,M,832707
2034,49,F,934180
2034,50,M,801832
2034,50,F,916342
2034,51,M,770577
2034,51,F,897471
2034,52,M,741928
2034,52,F,878849
2034,53,M,718214
2034,53,F,861696
2034,54,M,700480
2034,54,F,846967
2034,55,M,688262
2034,55,F,834664
2034,56,M,681097
2034,56,F,825054
2034,57,M,678082
2034,57,F,817924
2034,58,M,676747
2034,58,F,811296
2034,59,M,673022
2034,59,F,801144
2034,60,M,664692
2034,60,F,785387
2034,61,M,651888
2034,61,F,764822
2034,62,M,635512
2034,62,F,740959
2034,63,M,616582
2034,63,F,715245
2034,64,M,595885
2034,64,F,688455
2034,65,M,574374
2034,65,F,661550
2034,66,M,552129
2034,66,F,634770
2034,67,M,529354
2034,67,F,608211
2034,68,M,506775
2034,68,F,582524
2034,69,M,484020
2034,69,F,557163
2034,70,M,459708
2034,70,F,530378
2034,71,M,433868
2034,71,F,502092
2034,72,M,407668
2034,72,F,473594
2034,73,M,381478
2034,73,F,445094
2034,74,M,355029
2034,74,F,416077
2034,75,M,328560
2034,75,F,386894
2034,76,M,302713
2034,76,F,358341
2034,77,M,278247
2034,77,F,331186
2034,78,M,255094
2034,78,F,305302
2034,79,M,232260
2034,79,F,279389
2034,80,M,208942
2034,80,F,252624
2034,81,M,186887
2034,81,F,226944
2034,82,M,167424
2034,82,F,203877
2034,83,M,150159
2034,83,F,183224
2034,84,M,135375
2034,84,F,165440
2034,85,M,121929
2034,85,F,149199
2034,86,M,108882
2034,86,F,133282
2034,87,M,96398
2034,87,F,117905
2034,88,M,84579
2034,88,F,103255
2034,89,M,73494
2034,89,F,89470
2034,90,M,63028
2034,90,F,76491
2034,91,M,53358
2034,91,F,64466
2034,92,M,44836
2034,92,F,53808
2034,93,M,37269
2034,93,F,44310
2034,94,M,30521
2034,94,F,35849
2034,95,M,24647
2034,95,F,28514
2034,96,M,19636
2034,96,F,22291
2034,97,M,15427
2034,97,F,17105
2034,98,M,11944
2034,98,F,12874
2034,99,M,9113
2034,99,F,9501
2034,100,M,6840
2034,100,F,6856
2034,101,M,5033
2034,101,F,4808
2034,102,M,3621
2034,102,F,3262
2034,103,M,2545
2034,103,F,2143
2034,104,M,1746
2034,104,F,1368
2034,105,M,1168
2034,105,F,848
2034,106,M,760
2034,106,F,507
2034,107,M,477
2034,107,F,288
2034,108,M,287
2034,108,F,155
2034,109,M,164
2034,109,F,79
2035,0,M,905306
2035,0,F,871955
2035,1,M,913584
2035,1,F,880181
2035,2,M,922709
2035,2,F,889198
2035,3,M,932289
2035,3,F,898662
2035,4,M,942066
2035,4,F,908315
2035,5,M,951874
2035,5,F,917975
2035,6,M,961784
2035,6,F,927684
2035,7,M,971912
2035,7,F,937530
2035,8,M,982261
2035,8,F,947507
2035,9,M,992699
2035,9,F,957493
2035,10,M,1003056
2035,10,F,967342
2035,11,M,1013114
2035,11,F,976892
2035,12,M,1022635
2035,12,F,985963
2035,13,M,1035499
2035,13,F,997512
2035,14,M,1044858
2035,14,F,1006207
2035,15,M,1046684
2035,15,F,1009381
2035,16,M,1049177
2035,16,F,1012508
2035,17,M,1049846
2035,17,F,1013195
2035,18,M,1054322
2035,18,F,1018186
2035,19,M,1068056
2035,19,F,1032468
2035,20,M,1079803
2035,20,F,1045406
2035,21,M,1084744
2035,21,F,1052462
2035,22,M,1087920
2035,22,F,1058405
2035,23,M,1093732
2035,23,F,1067268
2035,24,M,1100400
2035,24,F,1077289
2035,25,M,1102970
2035,25,F,1083858
2035,26,M,1099142
2035,26,F,1084906
2035,27,M,1088967
2035,27,F,1081243
2035,28,M,1075190
2035,28,F,1075837
2035,29,M,1061931
2035,29,F,1071173
2035,30,M,1052122
2035,30,F,1068744
2035,31,M,1046773
2035,31,F,1069177
2035,32,M,1046485
2035,32,F,1073185
2035,33,M,1050090
2035,33,F,1079885
2035,34,M,1052489
2035,34,F,1084541
2035,35,M,1048203
2035,35,F,1082299
2035,36,M,1036453
2035,36,F,1072525
2035,37,M,1023886
2035,37,F,1061573
2035,38,M,1017267
2035,38,F,1056349
2035,39,M,1016223
2035,39,F,1056856
2035,40,M,1016662
2035,40,F,1059118
2035,41,M,1014885
2035,41,F,1059519
2035,42,M,1008970
2035,42,F,1056366
2035,43,M,997420
2035,43,F,1048211
2035,44,M,978380
2035,44,F,1033269
2035,45,M,953781
2035,45,F,1013538
2035,46,M,929016
2035,46,F,994281
2035,47,M,905567
2035,47,F,977412
2035,48,M,881694
2035,48,F,961835
2035,49,M,856395
2035,49,F,946835
2035,50,M,828466
2035,50,F,931032
2035,51,M,797534
2035,51,F,913057
2035,52,M,766210
2035,52,F,894036
2035,53,M,737466
2035,53,F,875247
2035,54,M,713615
2035,54,F,857902
2035,55,M,695690
2035,55,F,842949
2035,56,M,683223
2035,56,F,830388
2035,57,M,675747
2035,57,F,820478
2035,58,M,672355
2035,58,F,813002
2035,59,M,670592
2035,59,F,805990
2035,60,M,666422
2035,60,F,795440
2035,61,M,657655
2035,61,F,779290
2035,62,M,644429
2035,62,F,758341
2035,63,M,627646
2035,63,F,734100
2035,64,M,608322
2035,64,F,708005
2035,65,M,587243
2035,65,F,680832
2035,66,M,565352
2035,66,F,653530
2035,67,M,542734
2035,67,F,626344
2035,68,M,519596
2035,68,F,599368
2035,69,M,496654
2035,69,F,573244
2035,70,M,473551
2035,70,F,547437
2035,71,M,448939
2035,71,F,520232
2035,72,M,422864
2035,72,F,491565
2035,73,M,396475
2035,73,F,462712
2035,74,M,370143
2035,74,F,433885
2035,75,M,343616
2035,75,F,404594
2035,76,M,317137
2035,76,F,375192
2035,77,M,291334
2035,77,F,346465
2035,78,M,266942
2035,78,F,319160
2035,79,M,243895
2035,79,F,293159
2035,80,M,221247
2035,80,F,267219
2035,81,M,198245
2035,81,F,240576
2035,82,M,176560
2035,82,F,215097
2035,83,M,157442
2035,83,F,192231
2035,84,M,140504
2035,84,F,171776
2035,85,M,125990
2035,85,F,154138
2035,86,M,112821
2035,86,F,138060
2035,87,M,100122
2035,87,F,122414
2035,88,M,88048
2035,88,F,107411
2035,89,M,76695
2035,89,F,93230
2035,90,M,66150
2035,90,F,80078
2035,91,M,56258
2035,91,F,67739
2035,92,M,47201
2035,92,F,56434
2035,93,M,39281
2035,93,F,46515
2035,94,M,32315
2035,94,F,37784
2035,95,M,26171
2035,95,F,30117
2035,96,M,20884
2035,96,F,23572
2035,97,M,16427
2035,97,F,18107
2035,98,M,12730
2035,98,F,13634
2035,99,M,9713
2035,99,F,10053
2035,100,M,7295
2035,100,F,7257
2035,101,M,5385
2035,101,F,5113
2035,102,M,3892
2035,102,F,3494
2035,103,M,2747
2035,103,F,2306
2035,104,M,1892
2035,104,F,1470
2035,105,M,1271
2035,105,F,909
2035,106,M,830
2035,106,F,544
2035,107,M,528
2035,107,F,314
2035,108,M,323
2035,108,F,171
2035,109,M,187
2035,109,F,87
2036,0,M,894493
2036,0,F,861420
2036,1,M,902715
2036,1,F,869511
2036,2,M,911684
2036,2,F,878320
2036,3,M,921088
2036,3,F,887579
2036,4,M,930854
2036,4,F,897216
2036,5,M,940775
2036,5,F,907008
2036,6,M,950701
2036,6,F,916782
2036,7,M,960709
2036,7,F,926587
2036,8,M,970915
2036,8,F,936512
2036,9,M,981325
2036,9,F,946548
2036,10,M,991805
2036,10,F,956575
2036,11,M,1002183
2036,11,F,966441
2036,12,M,1012240
2036,12,F,975980
2036,13,M,1021715
2036,13,F,985001
2036,14,M,1034455
2036,14,F,996423
2036,15,M,1043453
2036,15,F,1004889
2036,16,M,1044650
2036,16,F,1007780
2036,17,M,1046431
2036,17,F,1010578
2036,18,M,1046360
2036,18,F,1010959
2036,19,M,1050098
2036,19,F,1015628
2036,20,M,1063105
2036,20,F,1029592
2036,21,M,1074207
2036,21,F,1042266
2036,22,M,1078633
2036,22,F,1049146
2036,23,M,1081413
2036,23,F,1054989
2036,24,M,1086923
2036,24,F,1063810
2036,25,M,1093390
2036,25,F,1073841
2036,26,M,1095884
2036,26,F,1080472
2036,27,M,1092109
2036,27,F,1081625
2036,28,M,1082100
2036,28,F,1078095
2036,29,M,1068568
2036,29,F,1072829
2036,30,M,1055591
2036,30,F,1068298
2036,31,M,1046068
2036,31,F,1065987
2036,32,M,1040993
2036,32,F,1066518
2036,33,M,1040957
2036,33,F,1070601
2036,34,M,1044790
2036,34,F,1077355
2036,35,M,1047415
2036,35,F,1082056
2036,36,M,1043369
2036,36,F,1079858
2036,37,M,1031869
2036,37,F,1070129
2036,38,M,1019523
2036,38,F,1059208
2036,39,M,1013068
2036,39,F,1053987
2036,40,M,1012134
2036,40,F,1054469
2036,41,M,1012644
2036,41,F,1056687
2036,42,M,1010916
2036,42,F,1057034
2036,43,M,1005030
2036,43,F,1053821
2036,44,M,993497
2036,44,F,1045604
2036,45,M,974471
2036,45,F,1030602
2036,46,M,949878
2036,46,F,1010812
2036,47,M,925092
2036,47,F,991481
2036,48,M,901592
2036,48,F,974517
2036,49,M,877646
2036,49,F,958826
2036,50,M,852261
2036,50,F,943693
2036,51,M,824241
2036,51,F,927744
2036,52,M,793220
2036,52,F,909613
2036,53,M,761798
2036,53,F,890422
2036,54,M,732930
2036,54,F,871444
2036,55,M,708915
2036,55,F,853885
2036,56,M,690772
2036,56,F,838685
2036,57,M,678028
2036,57,F,825840
2036,58,M,670211
2036,58,F,815603
2036,59,M,666412
2036,59,F,807751
2036,60,M,664188
2036,60,F,800323
2036,61,M,659539
2036,61,F,789342
2036,62,M,650303
2036,62,F,772771
2036,63,M,636627
2036,63,F,751410
2036,64,M,619413
2036,64,F,726765
2036,65,M,599672
2036,65,F,700265
2036,66,M,578189
2036,66,F,672684
2036,67,M,555901
2036,67,F,644965
2036,68,M,532898
2036,68,F,617352
2036,69,M,509387
2036,69,F,589940
2036,70,M,486078
2036,70,F,563362
2036,71,M,462623
2036,71,F,537094
2036,72,M,437717
2036,72,F,509458
2036,73,M,411415
2036,73,F,480407
2036,74,M,384855
2036,74,F,451199
2036,75,M,358402
2036,75,F,422052
2036,76,M,331824
2036,76,F,392501
2036,77,M,305367
2036,77,F,362902
2036,78,M,279644
2036,78,F,334030
2036,79,M,255366
2036,79,F,306611
2036,80,M,232469
2036,80,F,280532
2036,81,M,210055
2036,81,F,254616
2036,82,M,187419
2036,82,F,228155
2036,83,M,166156
2036,83,F,202943
2036,84,M,147435
2036,84,F,180348
2036,85,M,130875
2036,85,F,160164
2036,86,M,116685
2036,86,F,142749
2036,87,M,103845
2036,87,F,126917
2036,88,M,91546
2036,88,F,111627
2036,89,M,79932
2036,89,F,97085
2036,90,M,69115
2036,90,F,83537
2036,91,M,59121
2036,91,F,71002
2036,92,M,49835
2036,92,F,59378
2036,93,M,41415
2036,93,F,48854
2036,94,M,34115
2036,94,F,39724
2036,95,M,27758
2036,95,F,31795
2036,96,M,22217
2036,96,F,24941
2036,97,M,17506
2036,97,F,19184
2036,98,M,13585
2036,98,F,14462
2036,99,M,10376
2036,99,F,10670
2036,100,M,7795
2036,100,F,7696
2036,101,M,5759
2036,101,F,5425
2036,102,M,4176
2036,102,F,3726
2036,103,M,2962
2036,103,F,2477
2036,104,M,2049
2036,104,F,1587
2036,105,M,1381
2036,105,F,980
2036,106,M,907
2036,106,F,586
2036,107,M,579
2036,107,F,338
2036,108,M,358
2036,108,F,187
2036,109,M,211
2036,109,F,97
2037,0,M,883800
2037,0,F,851017
2037,1,M,892027
2037,1,F,859034
2037,2,M,900907
2037,2,F,867683
2037,3,M,910147
2037,3,F,876727
2037,4,M,919733
2037,4,F,886156
2037,5,M,929641
2037,5,F,895928
2037,6,M,939678
2037,6,F,905832
2037,7,M,949701
2037,7,F,915702
2037,8,M,959788
2037,8,F,925584
2037,9,M,970054
2037,9,F,935568
2037,10,M,980506
2037,10,F,945644
2037,11,M,991008
2037,11,F,955689
2037,12,M,1001382
2037,12,F,965545
2037,13,M,1011389
2037,13,F,975035
2037,14,M,1020739
2037,14,F,983934
2037,15,M,1033110
2037,15,F,995127
2037,16,M,1041463
2037,16,F,1003303
2037,17,M,1041949
2037,17,F,1005867
2037,18,M,1042988
2037,18,F,1008354
2037,19,M,1042203
2037,19,F,1008425
2037,20,M,1045274
2037,20,F,1012805
2037,21,M,1057654
2037,21,F,1026505
2037,22,M,1068232
2037,22,F,1038988
2037,23,M,1072281
2037,23,F,1045767
2037,24,M,1074803
2037,24,F,1051580
2037,25,M,1080145
2037,25,F,1060415
2037,26,M,1086536
2037,26,F,1070497
2037,27,M,1089064
2037,27,F,1077217
2037,28,M,1085435
2037,28,F,1078489
2037,29,M,1075665
2037,29,F,1075095
2037,30,M,1062431
2037,30,F,1069967
2037,31,M,1049770
2037,31,F,1065560
2037,32,M,1040554
2037,32,F,1063355
2037,33,M,1035763
2037,33,F,1063971
2037,34,M,1035979
2037,34,F,1068117
2037,35,M,1040033
2037,35,F,1074912
2037,36,M,1042868
2037,36,F,1079642
2037,37,M,1039037
2037,37,F,1077474
2037,38,M,1027751
2037,38,F,1067775
2037,39,M,1015589
2037,39,F,1056871
2037,40,M,1009262
2037,40,F,1051639
2037,41,M,1008401
2037,41,F,1052083
2037,42,M,1008946
2037,42,F,1054245
2037,43,M,1007225
2037,43,F,1054525
2037,44,M,1001328
2037,44,F,1051238
2037,45,M,989771
2037,45,F,1042947
2037,46,M,970718
2037,46,F,1027873
2037,47,M,946090
2037,47,F,1008009
2037,48,M,921245
2037,48,F,988589
2037,49,M,897657
2037,49,F,971514
2037,50,M,873606
2037,50,F,955691
2037,51,M,848104
2037,51,F,940408
2037,52,M,819964
2037,52,F,924293
2037,53,M,788825
2037,53,F,905985
2037,54,M,757279
2037,54,F,886605
2037,55,M,728264
2037,55,F,867417
2037,56,M,704059
2037,56,F,849621
2037,57,M,685673
2037,57,F,834150
2037,58,M,672625
2037,58,F,820994
2037,59,M,664439
2037,59,F,810401
2037,60,M,660201
2037,60,F,802143
2037,61,M,657484
2037,61,F,794264
2037,62,M,652325
2037,62,F,782821
2037,63,M,642590
2037,63,F,765796
2037,64,M,628436
2037,64,F,743996
2037,65,M,610766
2037,65,F,718918
2037,66,M,590589
2037,66,F,691989
2037,67,M,568686
2037,67,F,663977
2037,68,M,545989
2037,68,F,635821
2037,69,M,522590
2037,69,F,607761
2037,70,M,498701
2037,70,F,579895
2037,71,M,475023
2037,71,F,552848
2037,72,M,451219
2037,72,F,526106
2037,73,M,426027
2037,73,F,498033
2037,74,M,399516
2037,74,F,468596
2037,75,M,372804
2037,75,F,439039
2037,76,M,346257
2037,76,F,409584
2037,77,M,319661
2037,77,F,379793
2037,78,M,293264
2037,78,F,350026
2037,79,M,267664
2037,79,F,321044
2037,80,M,243546
2037,80,F,293552
2037,81,M,220848
2037,81,F,267447
2037,82,M,198717
2037,82,F,241612
2037,83,M,176503
2037,83,F,215401
2037,84,M,155716
2037,84,F,190530
2037,85,M,137447
2037,85,F,168284
2037,86,M,121319
2037,86,F,148452
2037,87,M,107506
2037,87,F,131344
2037,88,M,95050
2037,88,F,115845
2037,89,M,83201
2037,89,F,101001
2037,90,M,72118
2037,90,F,87089
2037,91,M,61850
2037,91,F,74160
2037,92,M,52444
2037,92,F,62320
2037,93,M,43792
2037,93,F,51475
2037,94,M,36026
2037,94,F,41786
2037,95,M,29355
2037,95,F,33483
2037,96,M,23608
2037,96,F,26377
2037,97,M,18660
2037,97,F,20337
2037,98,M,14508
2037,98,F,15354
2037,99,M,11098
2037,99,F,11343
2037,100,M,8348
2037,100,F,8188
2037,101,M,6169
2037,101,F,5768
2037,102,M,4479
2037,102,F,3964
2037,103,M,3188
2037,103,F,2649
2037,104,M,2216
2037,104,F,1710
2037,105,M,1501
2037,105,F,1061
2037,106,M,989
2037,106,F,634
2037,107,M,634
2037,107,F,365
2037,108,M,394
2037,108,F,203
2037,109,M,235
2037,109,F,106
2038,0,M,873188
2038,0,F,840721
2038,1,M,881428
2038,1,F,848685
2038,2,M,890284
2038,2,F,857237
2038,3,M,899427
2038,3,F,866114
2038,4,M,908845
2038,4,F,875323
2038,5,M,918571
2038,5,F,884886
2038,6,M,928593
2038,6,F,894769
2038,7,M,938726
2038,7,F,904767
2038,8,M,948828
2038,8,F,914713
2038,9,M,958976
2038,9,F,924653
2038,10,M,969287
2038,10,F,934677
2038,11,M,979761
2038,11,F,944772
2038,12,M,990259
2038,12,F,954807
2038,13,M,1000581
2038,13,F,964615
2038,14,M,1010458
2038,14,F,973983
2038,15,M,1019441
2038,15,F,982658
2038,16,M,1031164
2038,16,F,993559
2038,17,M,1038791
2038,17,F,1001400
2038,18,M,1038539
2038,18,F,1003653
2038,19,M,1038864
2038,19,F,1005827
2038,20,M,1037438
2038,20,F,1005621
2038,21,M,1039942
2038,21,F,1009769
2038,22,M,1051807
2038,22,F,1023280
2038,23,M,1061987
2038,23,F,1035646
2038,24,M,1065783
2038,24,F,1042393
2038,25,M,1068169
2038,25,F,1048231
2038,26,M,1073453
2038,26,F,1057122
2038,27,M,1079866
2038,27,F,1067282
2038,28,M,1082511
2038,28,F,1074105
2038,29,M,1079093
2038,29,F,1075502
2038,30,M,1069608
2038,30,F,1072240
2038,31,M,1056699
2038,31,F,1067240
2038,32,M,1044369
2038,32,F,1062946
2038,33,M,1035464
2038,33,F,1060835
2038,34,M,1030952
2038,34,F,1061522
2038,35,M,1031409
2038,35,F,1065716
2038,36,M,1035668
2038,36,F,1072537
2038,37,M,1038690
2038,37,F,1077284
2038,38,M,1035044
2038,38,F,1075131
2038,39,M,1023939
2038,39,F,1065447
2038,40,M,1011926
2038,40,F,1054547
2038,41,M,1005692
2038,41,F,1049290
2038,42,M,1004870
2038,42,F,1049684
2038,43,M,1005413
2038,43,F,1051776
2038,44,M,1003665
2038,44,F,1051977
2038,45,M,997722
2038,45,F,1048605
2038,46,M,986105
2038,46,F,1040225
2038,47,M,966990
2038,47,F,1025064
2038,48,M,942296
2038,48,F,1005112
2038,49,M,917363
2038,49,F,985586
2038,50,M,893660
2038,50,F,968382
2038,51,M,869477
2038,51,F,952410
2038,52,M,843832
2038,52,F,936957
2038,53,M,815549
2038,53,F,920656
2038,54,M,784271
2038,54,F,902152
2038,55,M,752579
2038,55,F,882561
2038,56,M,723395
2038,56,F,863142
2038,57,M,698979
2038,57,F,845086
2038,58,M,680326
2038,58,F,829318
2038,59,M,666950
2038,59,F,815824
2038,60,M,658366
2038,60,F,804844
2038,61,M,653660
2038,61,F,796147
2038,62,M,650419
2038,62,F,787785
2038,63,M,644719
2038,63,F,775844
2038,64,M,634457
2038,64,F,758334
2038,65,M,619802
2038,65,F,736063
2038,66,M,601655
2038,66,F,710528
2038,67,M,581025
2038,67,F,683144
2038,68,M,558690
2038,68,F,654680
2038,69,M,535574
2038,69,F,626064
2038,70,M,511775
2038,70,F,597539
2038,71,M,487509
2038,71,F,569203
2038,72,M,463465
2038,72,F,541673
2038,73,M,439322
2038,73,F,514447
2038,74,M,413859
2038,74,F,485933
2038,75,M,387160
2038,75,F,456115
2038,76,M,360325
2038,76,F,426219
2038,77,M,333717
2038,77,F,396475
2038,78,M,307141
2038,78,F,366469
2038,79,M,280847
2038,79,F,336570
2038,80,M,255418
2038,80,F,307522
2038,81,M,231511
2038,81,F,280009
2038,82,M,209064
2038,82,F,253936
2038,83,M,187275
2038,83,F,228250
2038,84,M,165539
2038,84,F,202366
2038,85,M,145286
2038,85,F,177918
2038,86,M,127523
2038,86,F,156104
2038,87,M,111882
2038,87,F,136711
2038,88,M,98501
2038,88,F,119999
2038,89,M,86481
2038,89,F,104925
2038,90,M,75155
2038,90,F,90703
2038,91,M,64619
2038,91,F,77406
2038,92,M,54940
2038,92,F,65175
2038,93,M,46152
2038,93,F,54102
2038,94,M,38154
2038,94,F,44095
2038,95,M,31052
2038,95,F,35278
2038,96,M,25011
2038,96,F,27826
2038,97,M,19868
2038,97,F,21549
2038,98,M,15497
2038,98,F,16309
2038,99,M,11879
2038,99,F,12068
2038,100,M,8950
2038,100,F,8724
2038,101,M,6624
2038,101,F,6152
2038,102,M,4811
2038,102,F,4226
2038,103,M,3429
2038,103,F,2826
2038,104,M,2393
2038,104,F,1834
2038,105,M,1629
2038,105,F,1147
2038,106,M,1079
2038,106,F,688
2038,107,M,695
2038,107,F,396
2038,108,M,434
2038,108,F,220
2038,109,M,260
2038,109,F,115
2039,0,M,862706
2039,0,F,830586
2039,1,M,870875
2039,1,F,838442
2039,2,M,879716
2039,2,F,846919
2039,3,M,888827
2039,3,F,855691
2039,4,M,898145
2039,4,F,864730
2039,5,M,907701
2039,5,F,874071
2039,6,M,917540
2039,6,F,883741
2039,7,M,927658
2039,7,F,893717
2039,8,M,937869
2039,8,F,903790
2039,9,M,948033
2039,9,F,913793
2039,10,M,958228
2039,10,F,923774
2039,11,M,968563
2039,11,F,933817
2039,12,M,979036
2039,12,F,943902
2039,13,M,989483
2039,13,F,953888
2039,14,M,999673
2039,14,F,963573
2039,15,M,1009183
2039,15,F,972719
2039,16,M,1017528
2039,16,F,981108
2039,17,M,1028523
2039,17,F,991671
2039,18,M,1035393
2039,18,F,999193
2039,19,M,1034432
2039,19,F,1001134
2039,20,M,1034111
2039,20,F,1003028
2039,21,M,1032140
2039,21,F,1002607
2039,22,M,1034184
2039,22,F,1006597
2039,23,M,1045644
2039,23,F,1019990
2039,24,M,1055534
2039,24,F,1032309
2039,25,M,1059184
2039,25,F,1039079
2039,26,M,1061530
2039,26,F,1044982
2039,27,M,1066841
2039,27,F,1053955
2039,28,M,1073345
2039,28,F,1064209
2039,29,M,1076162
2039,29,F,1071141
2039,30,M,1072993
2039,30,F,1072659
2039,31,M,1063816
2039,31,F,1069522
2039,32,M,1051244
2039,32,F,1064637
2039,33,M,1039244
2039,33,F,1060444
2039,34,M,1030642
2039,34,F,1058411
2039,35,M,1026396
2039,35,F,1059156
2039,36,M,1027075
2039,36,F,1063383
2039,37,M,1031519
2039,37,F,1070217
2039,38,M,1034702
2039,38,F,1074964
2039,39,M,1031213
2039,39,F,1072812
2039,40,M,1020258
2039,40,F,1063130
2039,41,M,1008362
2039,41,F,1052219
2039,42,M,1002190
2039,42,F,1046927
2039,43,M,1001377
2039,43,F,1047257
2039,44,M,1001890
2039,44,F,1049268
2039,45,M,1000084
2039,45,F,1049377
2039,46,M,994065
2039,46,F,1045905
2039,47,M,982362
2039,47,F,1037421
2039,48,M,963159
2039,48,F,1022158
2039,49,M,938375
2039,49,F,1002101
2039,50,M,913331
2039,50,F,982454
2039,51,M,889493
2039,51,F,965104
2039,52,M,865158
2039,52,F,948963
2039,53,M,839351
2039,53,F,933321
2039,54,M,810905
2039,54,F,916814
2039,55,M,779470
2039,55,F,898093
2039,56,M,747617
2039,56,F,878270
2039,57,M,718247
2039,57,F,858596
2039,58,M,693603
2039,58,F,840256
2039,59,M,674663
2039,59,F,824165
2039,60,M,660935
2039,60,F,810304
2039,61,M,651929
2039,61,F,798907
2039,62,M,646727
2039,62,F,789736
2039,63,M,642932
2039,63,F,780854
2039,64,M,636661
2039,64,F,768380
2039,65,M,625848
2039,65,F,750351
2039,66,M,610670
2039,66,F,727580
2039,67,M,592031
2039,67,F,701559
2039,68,M,570935
2039,68,F,673696
2039,69,M,548161
2039,69,F,644756
2039,70,M,524622
2039,70,F,615662
2039,71,M,500424
2039,71,F,586654
2039,72,M,475786
2039,72,F,557835
2039,73,M,451386
2039,73,F,529811
2039,74,M,426918
2039,74,F,502095
2039,75,M,401205
2039,75,F,473140
2039,76,M,374348
2039,76,F,442949
2039,77,M,347423
2039,77,F,412732
2039,78,M,320794
2039,78,F,382723
2039,79,M,294283
2039,79,F,352538
2039,80,M,268142
2039,80,F,322550
2039,81,M,242937
2039,81,F,293489
2039,82,M,219295
2039,82,F,266015
2039,83,M,197159
2039,83,F,240041
2039,84,M,175770
2039,84,F,214582
2039,85,M,154573
2039,85,F,189109
2039,86,M,134911
2039,86,F,165173
2039,87,M,117712
2039,87,F,143883
2039,88,M,102613
2039,88,F,125020
2039,89,M,89718
2039,89,F,108797
2039,90,M,78209
2039,90,F,94331
2039,91,M,67426
2039,91,F,80714
2039,92,M,57478
2039,92,F,68116
2039,93,M,48420
2039,93,F,56659
2039,94,M,40274
2039,94,F,46414
2039,95,M,32942
2039,95,F,37288
2039,96,M,26506
2039,96,F,29369
2039,97,M,21090
2039,97,F,22775
2039,98,M,16535
2039,98,F,17316
2039,99,M,12718
2039,99,F,12847
2039,100,M,9603
2039,100,F,9304
2039,101,M,7120
2039,101,F,6571
2039,102,M,5180
2039,102,F,4519
2039,103,M,3694
2039,103,F,3021
2039,104,M,2582
2039,104,F,1962
2039,105,M,1765
2039,105,F,1234
2039,106,M,1175
2039,106,F,747
2039,107,M,761
2039,107,F,432
2039,108,M,477
2039,108,F,240
2039,109,M,287
2039,109,F,125
2040,0,M,852360
2040,0,F,820612
2040,1,M,860421
2040,1,F,828359
2040,2,M,869165
2040,2,F,836706
2040,3,M,878253
2040,3,F,845396
2040,4,M,887535
2040,4,F,854327
2040,5,M,896989
2040,5,F,863494
2040,6,M,906657
2040,6,F,872941
2040,7,M,916591
2040,7,F,882703
2040,8,M,926787
2040,8,F,892753
2040,9,M,937062
2040,9,F,902882
2040,10,M,947274
2040,10,F,912925
2040,11,M,957496
2040,11,F,922925
2040,12,M,967833
2040,12,F,932957
2040,13,M,978258
2040,13,F,942993
2040,14,M,988573
2040,14,F,952856
2040,15,M,998401
2040,15,F,962320
2040,16,M,1007280
2040,16,F,971180
2040,17,M,1014913
2040,17,F,979238
2040,18,M,1025148
2040,18,F,989480
2040,19,M,1031282
2040,19,F,996681
2040,20,M,1029675
2040,20,F,998345
2040,21,M,1028794
2040,21,F,1000020
2040,22,M,1026375
2040,22,F,999457
2040,23,M,1028061
2040,23,F,1003364
2040,24,M,1039212
2040,24,F,1016709
2040,25,M,1048905
2040,25,F,1029034
2040,26,M,1052493
2040,26,F,1035868
2040,27,M,1054869
2040,27,F,1041863
2040,28,M,1060266
2040,28,F,1050933
2040,29,M,1066908
2040,29,F,1061286
2040,30,M,1069931
2040,30,F,1068324
2040,31,M,1067031
2040,31,F,1069955
2040,32,M,1058172
2040,32,F,1066930
2040,33,M,1045935
2040,33,F,1062148
2040,34,M,1034257
2040,34,F,1058038
2040,35,M,1025944
2040,35,F,1056070
2040,36,M,1021945
2040,36,F,1056856
2040,37,M,1022827
2040,37,F,1061103
2040,38,M,1027430
2040,38,F,1067934
2040,39,M,1030750
2040,39,F,1072669
2040,40,M,1027391
2040,40,F,1070503
2040,41,M,1016559
2040,41,F,1060809
2040,42,M,1004755
2040,42,F,1049876
2040,43,M,998619
2040,43,F,1044535
2040,44,M,997789
2040,44,F,1044790
2040,45,M,998245
2040,45,F,1046707
2040,46,M,996358
2040,46,F,1046709
2040,47,M,990239
2040,47,F,1043122
2040,48,M,978427
2040,48,F,1034518
2040,49,M,959118
2040,49,F,1019137
2040,50,M,934228
2040,50,F,998959
2040,51,M,909058
2040,51,F,979173
2040,52,M,885068
2040,52,F,961659
2040,53,M,860564
2040,53,F,945332
2040,54,M,834580
2040,54,F,929481
2040,55,M,805957
2040,55,F,912747
2040,56,M,774352
2040,56,F,893788
2040,57,M,742324
2040,57,F,873709
2040,58,M,712755
2040,58,F,853756
2040,59,M,687867
2040,59,F,835106
2040,60,M,668623
2040,60,F,818664
2040,61,M,654523
2040,61,F,804408
2040,62,M,645071
2040,62,F,792560
2040,63,M,639346
2040,63,F,782879
2040,64,M,634968
2040,64,F,773439
2040,65,M,628101
2040,65,F,760396
2040,66,M,616713
2040,66,F,741813
2040,67,M,600994
2040,67,F,718511
2040,68,M,581850
2040,68,F,691976
2040,69,M,560281
2040,69,F,663610
2040,70,M,537064
2040,70,F,634174
2040,71,M,513104
2040,71,F,604582
2040,72,M,488514
2040,72,F,575077
2040,73,M,463514
2040,73,F,545763
2040,74,M,438774
2040,74,F,517238
2040,75,M,414002
2040,75,F,489029
2040,76,M,388068
2040,76,F,459639
2040,77,M,361086
2040,77,F,429092
2040,78,M,334112
2040,78,F,398577
2040,79,M,307508
2040,79,F,368335
2040,80,M,281113
2040,80,F,338014
2040,81,M,255180
2040,81,F,307991
2040,82,M,230257
2040,82,F,278979
2040,83,M,206942
2040,83,F,251613
2040,84,M,185177
2040,84,F,225816
2040,85,M,164251
2040,85,F,200669
2040,86,M,143655
2040,86,F,175700
2040,87,M,124644
2040,87,F,152371
2040,88,M,108065
2040,88,F,131700
2040,89,M,93561
2040,89,F,113463
2040,90,M,81229
2040,90,F,97919
2040,91,M,70252
2040,91,F,84041
2040,92,M,60054
2040,92,F,71117
2040,93,M,50729
2040,93,F,59297
2040,94,M,42317
2040,94,F,48680
2040,95,M,34830
2040,95,F,39311
2040,96,M,28169
2040,96,F,31095
2040,97,M,22393
2040,97,F,24082
2040,98,M,17588
2040,98,F,18337
2040,99,M,13599
2040,99,F,13669
2040,100,M,10305
2040,100,F,9926
2040,101,M,7659
2040,101,F,7024
2040,102,M,5583
2040,102,F,4839
2040,103,M,3989
2040,103,F,3239
2040,104,M,2791
2040,104,F,2104
2040,105,M,1911
2040,105,F,1325
2040,106,M,1278
2040,106,F,806
2040,107,M,831
2040,107,F,471
2040,108,M,525
2040,108,F,262
2040,109,M,317
2040,109,F,137
2041,0,M,842187
2041,0,F,810826
2041,1,M,850082
2041,1,F,818435
2041,2,M,858694
2041,2,F,826653
2041,3,M,867677
2041,3,F,835208
2041,4,M,876933
2041,4,F,844052
2041,5,M,886349
2041,5,F,853108
2041,6,M,895913
2041,6,F,862381
2041,7,M,905675
2041,7,F,871917
2041,8,M,915687
2041,8,F,881751
2041,9,M,925947
2041,9,F,891857
2041,10,M,936271
2041,10,F,902025
2041,11,M,946513
2041,11,F,912086
2041,12,M,956740
2041,12,F,922075
2041,13,M,967034
2041,13,F,932057
2041,14,M,977332
2041,14,F,941970
2041,15,M,987293
2041,15,F,951614
2041,16,M,996500
2041,16,F,960793
2041,17,M,1004675
2041,17,F,969325
2041,18,M,1011562
2041,18,F,977070
2041,19,M,1021050
2041,19,F,986989
2041,20,M,1026500
2041,20,F,993902
2041,21,M,1024325
2041,21,F,995351
2041,22,M,1022975
2041,22,F,996881
2041,23,M,1020204
2041,23,F,996252
2041,24,M,1021621
2041,24,F,1000143
2041,25,M,1032547
2041,25,F,1013492
2041,26,M,1042117
2041,26,F,1025865
2041,27,M,1045709
2041,27,F,1032788
2041,28,M,1048172
2041,28,F,1038889
2041,29,M,1053697
2041,29,F,1048061
2041,30,M,1060508
2041,30,F,1058511
2041,31,M,1063756
2041,31,F,1065648
2041,32,M,1061135
2041,32,F,1067379
2041,33,M,1052592
2041,33,F,1064453
2041,34,M,1040683
2041,34,F,1059757
2041,35,M,1029315
2041,35,F,1055717
2041,36,M,1021273
2041,36,F,1053796
2041,37,M,1017502
2041,37,F,1054610
2041,38,M,1018564
2041,38,F,1058861
2041,39,M,1023305
2041,39,F,1065677
2041,40,M,1026737
2041,40,F,1070384
2041,41,M,1023483
2041,41,F,1068192
2041,42,M,1012751
2041,42,F,1058473
2041,43,M,1001016
2041,43,F,1047505
2041,44,M,994894
2041,44,F,1042103
2041,45,M,994023
2041,45,F,1042270
2041,46,M,994401
2041,46,F,1044078
2041,47,M,992410
2041,47,F,1043959
2041,48,M,986171
2041,48,F,1040241
2041,49,M,974233
2041,49,F,1031501
2041,50,M,954801
2041,50,F,1015985
2041,51,M,929790
2041,51,F,995669
2041,52,M,904481
2041,52,F,975728
2041,53,M,880325
2041,53,F,958032
2041,54,M,855639
2041,54,F,941499
2041,55,M,829464
2041,55,F,925418
2041,56,M,800650
2041,56,F,908435
2041,57,M,768864
2041,57,F,889214
2041,58,M,736651
2041,58,F,868855
2041,59,M,706872
2041,59,F,848599
2041,60,M,681728
2041,60,F,829612
2041,61,M,662162
2041,61,F,812790
2041,62,M,647671
2041,62,F,798105
2041,63,M,637749
2041,63,F,785772
2041,64,M,631475
2041,64,F,775545
2041,65,M,626488
2041,65,F,765507
2041,66,M,619000
2041,66,F,751855
2041,67,M,607017
2041,67,F,732684
2041,68,M,590743
2041,68,F,708821
2041,69,M,571084
2041,69,F,681745
2041,70,M,549039
2041,70,F,652851
2041,71,M,525380
2041,71,F,622899
2041,72,M,501006
2041,72,F,592794
2041,73,M,476034
2041,73,F,562779
2041,74,M,450690
2041,74,F,532963
2041,75,M,425631
2041,75,F,503933
2041,76,M,400582
2041,76,F,475234
2041,77,M,374460
2041,77,F,445422
2041,78,M,347394
2041,78,F,414539
2041,79,M,320418
2041,79,F,383758
2041,80,M,293889
2041,80,F,353326
2041,81,M,267667
2041,81,F,322922
2041,82,M,242002
2041,82,F,292926
2041,83,M,217424
2041,83,F,264035
2041,84,M,194499
2041,84,F,236858
2041,85,M,173171
2041,85,F,211325
2041,86,M,152772
2041,86,F,186584
2041,87,M,132839
2041,87,F,162218
2041,88,M,114538
2041,88,F,139596
2041,89,M,98634
2041,89,F,119643
2041,90,M,84805
2041,90,F,102228
2041,91,M,73054
2041,91,F,87338
2041,92,M,62654
2041,92,F,74141
2041,93,M,53078
2041,93,F,61993
2041,94,M,44403
2041,94,F,51020
2041,95,M,36657
2041,95,F,41295
2041,96,M,29836
2041,96,F,32838
2041,97,M,23843
2041,97,F,25544
2041,98,M,18712
2041,98,F,19427
2041,99,M,14497
2041,99,F,14505
2041,100,M,11045
2041,100,F,10585
2041,101,M,8240
2041,101,F,7512
2041,102,M,6022
2041,102,F,5186
2041,103,M,4312
2041,103,F,3479
2041,104,M,3022
2041,104,F,2263
2041,105,M,2072
2041,105,F,1425
2041,106,M,1388
2041,106,F,868
2041,107,M,907
2041,107,F,510
2041,108,M,576
2041,108,F,286
2041,109,M,350
2041,109,F,151
2042,0,M,832229
2042,0,F,801256
2042,1,M,839909
2042,1,F,808699
2042,2,M,848331
2042,2,F,816761
2042,3,M,857176
2042,3,F,825179
2042,4,M,866323
2042,4,F,833885
2042,5,M,875710
2042,5,F,842852
2042,6,M,885234
2042,6,F,852011
2042,7,M,894891
2042,7,F,861371
2042,8,M,904730
2042,8,F,870978
2042,9,M,914806
2042,9,F,880868
2042,10,M,925115
2042,10,F,891011
2042,11,M,935471
2042,11,F,901197
2042,12,M,945721
2042,12,F,911247
2042,13,M,955910
2042,13,F,921186
2042,14,M,966084
2042,14,F,931046
2042,15,M,976038
2042,15,F,940740
2042,16,M,985391
2042,16,F,950101
2042,17,M,993903
2042,17,F,958955
2042,18,M,1001336
2042,18,F,967176
2042,19,M,1007490
2042,19,F,974608
2042,20,M,1016274
2042,20,F,984237
2042,21,M,1021108
2042,21,F,990924
2042,22,M,1018452
2042,22,F,992232
2042,23,M,1016721
2042,23,F,993692
2042,24,M,1013687
2042,24,F,993064
2042,25,M,1014919
2042,25,F,996991
2042,26,M,1025692
2042,26,F,1010385
2042,27,M,1035206
2042,27,F,1022830
2042,28,M,1038857
2042,28,F,1029857
2042,29,M,1041450
2042,29,F,1036068
2042,30,M,1047137
2042,30,F,1045339
2042,31,M,1054139
2042,31,F,1055878
2042,32,M,1057623
2042,32,F,1063101
2042,33,M,1055283
2042,33,F,1064920
2042,34,M,1047052
2042,34,F,1062076
2042,35,M,1035459
2042,35,F,1057451
2042,36,M,1024384
2042,36,F,1053464
2042,37,M,1016596
2042,37,F,1051577
2042,38,M,1013032
2042,38,F,1052403
2042,39,M,1014253
2042,39,F,1056644
2042,40,M,1019107
2042,40,F,1063430
2042,41,M,1022627
2042,41,F,1068097
2042,42,M,1019455
2042,42,F,1065865
2042,43,M,1008800
2042,43,F,1056109
2042,44,M,997113
2042,44,F,1045094
2042,45,M,990983
2042,45,F,1039619
2042,46,M,990050
2042,46,F,1039684
2042,47,M,990327
2042,47,F,1041369
2042,48,M,988211
2042,48,F,1041112
2042,49,M,981833
2042,49,F,1037246
2042,50,M,969750
2042,50,F,1028353
2042,51,M,950181
2042,51,F,1012685
2042,52,M,925036
2042,52,F,992216
2042,53,M,899573
2042,53,F,972101
2042,54,M,875237
2042,54,F,954205
2042,55,M,850354
2042,55,F,937445
2042,56,M,823973
2042,56,F,921111
2042,57,M,794957
2042,57,F,903856
2042,58,M,762979
2042,58,F,884348
2042,59,M,730569
2042,59,F,863684
2042,60,M,700570
2042,60,F,843097
2042,61,M,675155
2042,61,F,823744
2042,62,M,655252
2042,62,F,806511
2042,63,M,640351
2042,63,F,791364
2042,64,M,629938
2042,64,F,778510
2042,65,M,623090
2042,65,F,767697
2042,66,M,617467
2042,66,F,757021
2042,67,M,609335
2042,67,F,742721
2042,68,M,596739
2042,68,F,722927
2042,69,M,579898
2042,69,F,698470
2042,70,M,559718
2042,70,F,670828
2042,71,M,537196
2042,71,F,641384
2042,72,M,513101
2042,72,F,610899
2042,73,M,488323
2042,73,F,580267
2042,74,M,462986
2042,74,F,549734
2042,75,M,437319
2042,75,F,519412
2042,76,M,411968
2042,76,F,489881
2042,77,M,386674
2042,77,F,460700
2042,78,M,360403
2042,78,F,430484
2042,79,M,333299
2042,79,F,399298
2042,80,M,306373
2042,80,F,368292
2042,81,M,279976
2042,81,F,337720
2042,82,M,253987
2042,82,F,307295
2042,83,M,228654
2042,83,F,277400
2042,84,M,204488
2042,84,F,248712
2042,85,M,182021
2042,85,F,221815
2042,86,M,161196
2042,86,F,196642
2042,87,M,141391
2042,87,F,172409
2042,88,M,122181
2042,88,F,148751
2042,89,M,104647
2042,89,F,126940
2042,90,M,89502
2042,90,F,107910
2042,91,M,76362
2042,91,F,91286
2042,92,M,65237
2042,92,F,77145
2042,93,M,55452
2042,93,F,64715
2042,94,M,46529
2042,94,F,53416
2042,95,M,38526
2042,95,F,43347
2042,96,M,31456
2042,96,F,34552
2042,97,M,25301
2042,97,F,27023
2042,98,M,19964
2042,98,F,20646
2042,99,M,15456
2042,99,F,15399
2042,100,M,11801
2042,100,F,11257
2042,101,M,8853
2042,101,F,8030
2042,102,M,6495
2042,102,F,5560
2042,103,M,4664
2042,103,F,3738
2042,104,M,3277
2042,104,F,2437
2042,105,M,2251
2042,105,F,1537
2042,106,M,1510
2042,106,F,937
2042,107,M,989
2042,107,F,551
2042,108,M,631
2042,108,F,311
2042,109,M,386
2042,109,F,165
2043,0,M,822412
2043,0,F,791819
2043,1,M,829953
2043,1,F,799177
2043,2,M,838139
2043,2,F,807055
2043,3,M,846787
2043,3,F,815311
2043,4,M,855791
2043,4,F,823877
2043,5,M,865067
2043,5,F,832703
2043,6,M,874561
2043,6,F,841771
2043,7,M,884177
2043,7,F,851015
2043,8,M,893909
2043,8,F,860445
2043,9,M,903811
2043,9,F,870108
2043,10,M,913936
2043,10,F,880035
2043,11,M,924278
2043,11,F,890196
2043,12,M,934644
2043,12,F,900370
2043,13,M,944862
2043,13,F,910371
2043,14,M,954938
2043,14,F,920188
2043,15,M,964779
2043,15,F,929831
2043,16,M,974138
2043,16,F,939245
2043,17,M,982807
2043,17,F,948283
2043,18,M,990584
2043,18,F,956829
2043,19,M,997282
2043,19,F,964740
2043,20,M,1002744
2043,20,F,971895
2043,21,M,1010886
2043,21,F,981293
2043,22,M,1015185
2043,22,F,987826
2043,23,M,1012137
2043,23,F,989068
2043,24,M,1010117
2043,24,F,990523
2043,25,M,1006907
2043,25,F,989948
2043,26,M,1008032
2043,26,F,993949
2043,27,M,1018722
2043,27,F,1007413
2043,28,M,1028238
2043,28,F,1019945
2043,29,M,1031997
2043,29,F,1027079
2043,30,M,1034757
2043,30,F,1033396
2043,31,M,1040631
2043,31,F,1042758
2043,32,M,1047838
2043,32,F,1053374
2043,33,M,1051565
2043,33,F,1060672
2043,34,M,1049503
2043,34,F,1062562
2043,35,M,1041574
2043,35,F,1059785
2043,36,M,1030284
2043,36,F,1055214
2043,37,M,1019484
2043,37,F,1051265
2043,38,M,1011929
2043,38,F,1049397
2043,39,M,1008550
2043,39,F,1050221
2043,40,M,1009906
2043,40,F,1054439
2043,41,M,1014850
2043,41,F,1061182
2043,42,M,1018433
2043,42,F,1065796
2043,43,M,1015319
2043,43,F,1063511
2043,44,M,1004718
2043,44,F,1053707
2043,45,M,993056
2043,45,F,1042632
2043,46,M,986895
2043,46,F,1037071
2043,47,M,985877
2043,47,F,1037019
2043,48,M,986031
2043,48,F,1038565
2043,49,M,983768
2043,49,F,1038154
2043,50,M,977230
2043,50,F,1034124
2043,51,M,964982
2043,51,F,1025060
2043,52,M,945257
2043,52,F,1009224
2043,53,M,919962
2043,53,F,988583
2043,54,M,894329
2043,54,F,968276
2043,55,M,869797
2043,55,F,950158
2043,56,M,844702
2043,56,F,933149
2043,57,M,818099
2043,57,F,916538
2043,58,M,788865
2043,58,F,898984
2043,59,M,756682
2043,59,F,879163
2043,60,M,724066
2043,60,F,858167
2043,61,M,693834
2043,61,F,837220
2043,62,M,668136
2043,62,F,817471
2043,63,M,647879
2043,63,F,799794
2043,64,M,632548
2043,64,F,784150
2043,65,M,621622
2043,65,F,770738
2043,66,M,614176
2043,66,F,759299
2043,67,M,607893
2043,67,F,747944
2043,68,M,599093
2043,68,F,732956
2043,69,M,585869
2043,69,F,712503
2043,70,M,568451
2043,70,F,687424
2043,71,M,547748
2043,71,F,659189
2043,72,M,524752
2043,72,F,629177
2043,73,M,500230
2043,73,F,598143
2043,74,M,475063
2043,74,F,566974
2043,75,M,449381
2043,75,F,535919
2043,76,M,423416
2043,76,F,505094
2043,77,M,397805
2043,77,F,475069
2043,78,M,372302
2043,78,F,445423
2043,79,M,345928
2043,79,F,414832
2043,80,M,318838
2043,80,F,383381
2043,81,M,292017
2043,81,F,352201
2043,82,M,265815
2043,82,F,321552
2043,83,M,240124
2043,83,F,291180
2043,84,M,215191
2043,84,F,261470
2043,85,M,191506
2043,85,F,233078
2043,86,M,169566
2043,86,F,206558
2043,87,M,149312
2043,87,F,181852
2043,88,M,130166
2043,88,F,158237
2043,89,M,111741
2043,89,F,135395
2043,90,M,95062
2043,90,F,114611
2043,91,M,80687
2043,91,F,96469
2043,92,M,68277
2043,92,F,80731
2043,93,M,57817
2043,93,F,67426
2043,94,M,48682
2043,94,F,55840
2043,95,M,40434
2043,95,F,45452
2043,96,M,33115
2043,96,F,36328
2043,97,M,26723
2043,97,F,28484
2043,98,M,21226
2043,98,F,21883
2043,99,M,16525
2043,99,F,16398
2043,100,M,12611
2043,100,F,11977
2043,101,M,9481
2043,101,F,8559
2043,102,M,6997
2043,102,F,5958
2043,103,M,5044
2043,103,F,4018
2043,104,M,3554
2043,104,F,2626
2043,105,M,2448
2043,105,F,1660
2043,106,M,1646
2043,106,F,1014
2043,107,M,1080
2043,107,F,596
2043,108,M,690
2043,108,F,338
2043,109,M,425
2043,109,F,181
2044,0,M,812656
2044,0,F,782431
2044,1,M,820148
2044,1,F,789785
2044,2,M,828175
2044,2,F,797562
2044,3,M,836579
2044,3,F,805630
2044,4,M,845385
2044,4,F,814030
2044,5,M,854516
2044,5,F,822714
2044,6,M,863897
2044,6,F,831639
2044,7,M,873480
2044,7,F,840791
2044,8,M,883170
2044,8,F,850104
2044,9,M,892965
2044,9,F,859588
2044,10,M,902916
2044,10,F,869288
2044,11,M,913073
2044,11,F,879233
2044,12,M,923427
2044,12,F,889382
2044,13,M,933764
2044,13,F,899508
2044,14,M,943876
2044,14,F,909389
2044,15,M,953632
2044,15,F,918991
2044,16,M,962891
2044,16,F,928356
2044,17,M,971577
2044,17,F,937450
2044,18,M,979519
2044,18,F,946184
2044,19,M,986563
2044,19,F,954423
2044,20,M,992566
2044,20,F,962059
2044,21,M,997398
2044,21,F,968995
2044,22,M,1004979
2044,22,F,978235
2044,23,M,1008831
2044,23,F,984687
2044,24,M,1005488
2044,24,F,985927
2044,25,M,1003270
2044,25,F,987430
2044,26,M,999969
2044,26,F,986944
2044,27,M,1001064
2044,27,F,991043
2044,28,M,1011736
2044,28,F,1004589
2044,29,M,1021308
2044,29,F,1017213
2044,30,M,1025218
2044,30,F,1024449
2044,31,M,1028176
2044,31,F,1030864
2044,32,M,1034255
2044,32,F,1040305
2044,33,M,1041678
2044,33,F,1050987
2044,34,M,1045648
2044,34,F,1058344
2044,35,M,1043858
2044,35,F,1060290
2044,36,M,1036217
2044,36,F,1057564
2044,37,M,1025209
2044,37,F,1053033
2044,38,M,1014664
2044,38,F,1049108
2044,39,M,1007318
2044,39,F,1047244
2044,40,M,1004100
2044,40,F,1048054
2044,41,M,1005565
2044,41,F,1052235
2044,42,M,1010572
2044,42,F,1058922
2044,43,M,1014193
2044,43,F,1063470
2044,44,M,1011110
2044,44,F,1061121
2044,45,M,1000538
2044,45,F,1051255
2044,46,M,988876
2044,46,F,1040108
2044,47,M,982661
2044,47,F,1034446
2044,48,M,981534
2044,48,F,1034264
2044,49,M,981538
2044,49,F,1035654
2044,50,M,979104
2044,50,F,1035072
2044,51,M,972381
2044,51,F,1030860
2044,52,M,959946
2044,52,F,1021607
2044,53,M,940046
2044,53,F,1005582
2044,54,M,914581
2044,54,F,984750
2044,55,M,888760
2044,55,F,964231
2044,56,M,864012
2044,56,F,945869
2044,57,M,838684
2044,57,F,928585
2044,58,M,811842
2044,58,F,911672
2044,59,M,782374
2044,59,F,893791
2044,60,M,749972
2044,60,F,873628
2044,61,M,717136
2044,61,F,852271
2044,62,M,686658
2044,62,F,830934
2044,63,M,660662
2044,63,F,810757
2044,64,M,640036
2044,64,F,792603
2044,65,M,624256
2044,65,F,776427
2044,66,M,612794
2044,66,F,762418
2044,67,M,604726
2044,67,F,750312
2044,68,M,597758
2044,68,F,738236
2044,69,M,588272
2044,69,F,722521
2044,70,M,574405
2044,70,F,701374
2044,71,M,556402
2044,71,F,675643
2044,72,M,535175
2044,72,F,646794
2044,73,M,511712
2044,73,F,616196
2044,74,M,486777
2044,74,F,584602
2044,75,M,461238
2044,75,F,552893
2044,76,M,435236
2044,76,F,521316
2044,77,M,409005
2044,77,F,489996
2044,78,M,383169
2044,78,F,459493
2044,79,M,357501
2044,79,F,429408
2044,80,M,331072
2044,80,F,398478
2044,81,M,304053
2044,81,F,366813
2044,82,M,277400
2044,82,F,335520
2044,83,M,251457
2044,83,F,304866
2044,84,M,226133
2044,84,F,274632
2044,85,M,201672
2044,85,F,245202
2044,86,M,178538
2044,86,F,217209
2044,87,M,157196
2044,87,F,191176
2044,88,M,137582
2044,88,F,167048
2044,89,M,119158
2044,89,F,144165
2044,90,M,101616
2044,90,F,122370
2044,91,M,85798
2044,91,F,102573
2044,92,M,72234
2044,92,F,85417
2044,93,M,60593
2044,93,F,70650
2044,94,M,50831
2044,94,F,58260
2044,95,M,42370
2044,95,F,47585
2044,96,M,34813
2044,96,F,38153
2044,97,M,28183
2044,97,F,30000
2044,98,M,22462
2044,98,F,23108
2044,99,M,17605
2044,99,F,17414
2044,100,M,13512
2044,100,F,12780
2044,101,M,10156
2044,101,F,9127
2044,102,M,7512
2044,102,F,6366
2044,103,M,5448
2044,103,F,4317
2044,104,M,3855
2044,104,F,2830
2044,105,M,2663
2044,105,F,1794
2044,106,M,1796
2044,106,F,1098
2044,107,M,1181
2044,107,F,647
2044,108,M,756
2044,108,F,367
2044,109,M,466
2044,109,F,197
2045,0,M,802951
2045,0,F,773077
2045,1,M,810419
2045,1,F,780441
2045,2,M,818377
2045,2,F,788198
2045,3,M,826616
2045,3,F,796159
2045,4,M,835175
2045,4,F,804369
2045,5,M,844105
2045,5,F,812886
2045,6,M,853339
2045,6,F,821666
2045,7,M,862808
2045,7,F,830674
2045,8,M,872465
2045,8,F,839893
2045,9,M,882215
2045,9,F,849261
2045,10,M,892058
2045,10,F,858782
2045,11,M,902041
2045,11,F,868499
2045,12,M,912211
2045,12,F,878433
2045,13,M,922540
2045,13,F,888535
2045,14,M,932780
2045,14,F,898543
2045,15,M,942581
2045,15,F,908210
2045,16,M,951768
2045,16,F,917539
2045,17,M,960366
2045,17,F,926588
2045,18,M,968335
2045,18,F,935381
2045,19,M,975550
2045,19,F,943812
2045,20,M,981900
2045,20,F,951780
2045,21,M,987271
2045,21,F,959199
2045,22,M,991557
2045,22,F,965986
2045,23,M,998668
2045,23,F,975139
2045,24,M,1002174
2045,24,F,981575
2045,25,M,998634
2045,25,F,982863
2045,26,M,996311
2045,26,F,984450
2045,27,M,993003
2045,27,F,984075
2045,28,M,994138
2045,28,F,988282
2045,29,M,1004852
2045,29,F,1001916
2045,30,M,1014530
2045,30,F,1014627
2045,31,M,1018624
2045,31,F,1021958
2045,32,M,1021803
2045,32,F,1028458
2045,33,M,1028100
2045,33,F,1037967
2045,34,M,1035743
2045,34,F,1048700
2045,35,M,1039950
2045,35,F,1056101
2045,36,M,1038418
2045,36,F,1058090
2045,37,M,1031046
2045,37,F,1055400
2045,38,M,1020299
2045,38,F,1050895
2045,39,M,1009982
2045,39,F,1046979
2045,40,M,1002819
2045,40,F,1045107
2045,41,M,999735
2045,41,F,1045888
2045,42,M,1001282
2045,42,F,1050020
2045,43,M,1006324
2045,43,F,1056639
2045,44,M,1009952
2045,44,F,1061110
2045,45,M,1006872
2045,45,F,1058683
2045,46,M,996302
2045,46,F,1048743
2045,47,M,984613
2045,47,F,1037511
2045,48,M,978316
2045,48,F,1031735
2045,49,M,977051
2045,49,F,1031404
2045,50,M,976880
2045,50,F,1032622
2045,51,M,974247
2045,51,F,1031851
2045,52,M,967313
2045,52,F,1027436
2045,53,M,954665
2045,53,F,1017974
2045,54,M,934564
2045,54,F,1001741
2045,55,M,908908
2045,55,F,980697
2045,56,M,882876
2045,56,F,959943
2045,57,M,857890
2045,57,F,941312
2045,58,M,832307
2045,58,F,923727
2045,59,M,805205
2045,59,F,906481
2045,60,M,775484
2045,60,F,888245
2045,61,M,742847
2045,61,F,867710
2045,62,M,709777
2045,62,F,845961
2045,63,M,679040
2045,63,F,824204
2045,64,M,652731
2045,64,F,803566
2045,65,M,631718
2045,65,F,784901
2045,66,M,615469
2045,66,F,768156
2045,67,M,603451
2045,67,F,753512
2045,68,M,594737
2045,68,F,740698
2045,69,M,587062
2045,69,F,727857
2045,70,M,576870
2045,70,F,711376
2045,71,M,562348
2045,71,F,689502
2045,72,M,543757
2045,72,F,663093
2045,73,M,522009
2045,73,F,633610
2045,74,M,498087
2045,74,F,602412
2045,75,M,472755
2045,75,F,570253
2045,76,M,446868
2045,76,F,538001
2045,77,M,420574
2045,77,F,505912
2045,78,M,394113
2045,78,F,474113
2045,79,M,368094
2045,79,F,443156
2045,80,M,342309
2045,80,F,412665
2045,81,M,315880
2045,81,F,381444
2045,82,M,288992
2045,82,F,349626
2045,83,M,262573
2045,83,F,318293
2045,84,M,236960
2045,84,F,287720
2045,85,M,212076
2045,85,F,257720
2045,86,M,188160
2045,86,F,228676
2045,87,M,165650
2045,87,F,201194
2045,88,M,144975
2045,88,F,175765
2045,89,M,126069
2045,89,F,152334
2045,90,M,108474
2045,90,F,130427
2045,91,M,91817
2045,91,F,109637
2045,92,M,76903
2045,92,F,90927
2045,93,M,64189
2045,93,F,74846
2045,94,M,53347
2045,94,F,61129
2045,95,M,44308
2045,95,F,49720
2045,96,M,36540
2045,96,F,40007
2045,97,M,29680
2045,97,F,31560
2045,98,M,23734
2045,98,F,24382
2045,99,M,18668
2045,99,F,18425
2045,100,M,14427
2045,100,F,13601
2045,101,M,10907
2045,101,F,9761
2045,102,M,8067
2045,102,F,6804
2045,103,M,5865
2045,103,F,4624
2045,104,M,4176
2045,104,F,3048
2045,105,M,2898
2045,105,F,1940
2045,106,M,1961
2045,106,F,1190
2045,107,M,1293
2045,107,F,704
2045,108,M,830
2045,108,F,400
2045,109,M,513
2045,109,F,214
2046,0,M,793359
2046,0,F,763818
2046,1,M,800754
2046,1,F,771128
2046,2,M,808670
2046,2,F,778881
2046,3,M,816835
2046,3,F,786818
2046,4,M,825225
2046,4,F,794918
2046,5,M,833907
2046,5,F,803241
2046,6,M,842938
2046,6,F,811854
2046,7,M,852259
2046,7,F,820716
2046,8,M,861800
2046,8,F,829791
2046,9,M,871516
2046,9,F,839064
2046,10,M,881313
2046,10,F,848468
2046,11,M,891188
2046,11,F,858007
2046,12,M,901185
2046,12,F,867715
2046,13,M,911334
2046,13,F,877603
2046,14,M,921572
2046,14,F,887589
2046,15,M,931510
2046,15,F,897386
2046,16,M,940754
2046,16,F,906783
2046,17,M,949291
2046,17,F,915800
2046,18,M,957183
2046,18,F,924552
2046,19,M,964436
2046,19,F,933047
2046,20,M,970963
2046,20,F,941208
2046,21,M,976686
2046,21,F,948961
2046,22,M,981512
2046,22,F,956232
2046,23,M,985352
2046,23,F,962942
2046,24,M,992097
2046,24,F,972070
2046,25,M,995359
2046,25,F,978538
2046,26,M,991721
2046,26,F,979911
2046,27,M,989383
2046,27,F,981602
2046,28,M,986144
2046,28,F,981349
2046,29,M,987384
2046,29,F,985668
2046,30,M,998192
2046,30,F,999385
2046,31,M,1008015
2046,31,F,1012176
2046,32,M,1012321
2046,32,F,1019591
2046,33,M,1015734
2046,33,F,1026165
2046,34,M,1022255
2046,34,F,1035728
2046,35,M,1030113
2046,35,F,1046498
2046,36,M,1034546
2046,36,F,1053930
2046,37,M,1033254
2046,37,F,1055946
2046,38,M,1026127
2046,38,F,1053279
2046,39,M,1015612
2046,39,F,1048785
2046,40,M,1005494
2046,40,F,1044866
2046,41,M,998484
2046,41,F,1042972
2046,42,M,995502
2046,42,F,1043713
2046,43,M,997101
2046,43,F,1047785
2046,44,M,1002147
2046,44,F,1054323
2046,45,M,1005753
2046,45,F,1058704
2046,46,M,1002645
2046,46,F,1056187
2046,47,M,992044
2046,47,F,1046160
2046,48,M,980299
2046,48,F,1034829
2046,49,M,973890
2046,49,F,1028922
2046,50,M,972459
2046,50,F,1028428
2046,51,M,972081
2046,51,F,1029454
2046,52,M,969220
2046,52,F,1028473
2046,53,M,962045
2046,53,F,1023835
2046,54,M,949155
2046,54,F,1014141
2046,55,M,928827
2046,55,F,997677
2046,56,M,902953
2046,56,F,976398
2046,57,M,876685
2046,57,F,955383
2046,58,M,851435
2046,58,F,936456
2046,59,M,825575
2046,59,F,918541
2046,60,M,798189
2046,60,F,900934
2046,61,M,768195
2046,61,F,882311
2046,62,M,735305
2046,62,F,861374
2046,63,M,701985
2046,63,F,839201
2046,64,M,670974
2046,64,F,816991
2046,65,M,644337
2046,65,F,795860
2046,66,M,622920
2046,66,F,776649
2046,67,M,606184
2046,67,F,759298
2046,68,M,593589
2046,68,F,743979
2046,69,M,584208
2046,69,F,730416
2046,70,M,575804
2046,70,F,716770
2046,71,M,564890
2046,71,F,699483
2046,72,M,549702
2046,72,F,676851
2046,73,M,530521
2046,73,F,649739
2046,74,M,508257
2046,74,F,619605
2046,75,M,483892
2046,75,F,587799
2046,76,M,458182
2046,76,F,555072
2046,77,M,431975
2046,77,F,522286
2046,78,M,405423
2046,78,F,489698
2046,79,M,378772
2046,79,F,457444
2046,80,M,352617
2046,80,F,426067
2046,81,M,326767
2046,81,F,395216
2046,82,M,300399
2046,82,F,363762
2046,83,M,273709
2046,83,F,331864
2046,84,M,247595
2046,84,F,300578
2046,85,M,222384
2046,85,F,270183
2046,86,M,198015
2046,86,F,240524
2046,87,M,174719
2046,87,F,211982
2046,88,M,152907
2046,88,F,185133
2046,89,M,132970
2046,89,F,160431
2046,90,M,114883
2046,90,F,137955
2046,91,M,98122
2046,91,F,116979
2046,92,M,82396
2046,92,F,97301
2046,93,M,68426
2046,93,F,79773
2046,94,M,56591
2046,94,F,64846
2046,95,M,46570
2046,95,F,52244
2046,96,M,38272
2046,96,F,41865
2046,97,M,31205
2046,97,F,33148
2046,98,M,25040
2046,98,F,25695
2046,99,M,19764
2046,99,F,19477
2046,100,M,15330
2046,100,F,14419
2046,101,M,11671
2046,101,F,10410
2046,102,M,8684
2046,102,F,7293
2046,103,M,6314
2046,103,F,4954
2046,104,M,4508
2046,104,F,3274
2046,105,M,3148
2046,105,F,2095
2046,106,M,2140
2046,106,F,1290
2046,107,M,1416
2046,107,F,765
2046,108,M,912
2046,108,F,436
2046,109,M,566
2046,109,F,234
2047,0,M,783956
2047,0,F,754727
2047,1,M,791216
2047,1,F,761908
2047,2,M,799042
2047,2,F,769593
2047,3,M,807159
2047,3,F,777521
2047,4,M,815472
2047,4,F,785595
2047,5,M,823983
2047,5,F,793807
2047,6,M,832765
2047,6,F,802225
2047,7,M,841882
2047,7,F,810919
2047,8,M,851275
2047,8,F,819848
2047,9,M,860874
2047,9,F,828975
2047,10,M,870636
2047,10,F,838285
2047,11,M,880464
2047,11,F,847707
2047,12,M,890354
2047,12,F,857237
2047,13,M,900333
2047,13,F,866901
2047,14,M,910396
2047,14,F,876676
2047,15,M,920340
2047,15,F,886455
2047,16,M,929731
2047,16,F,895986
2047,17,M,938338
2047,17,F,905075
2047,18,M,946182
2047,18,F,913798
2047,19,M,953370
2047,19,F,922255
2047,20,M,959948
2047,20,F,930483
2047,21,M,965859
2047,21,F,938432
2047,22,M,971046
2047,22,F,946037
2047,23,M,975431
2047,23,F,953230
2047,24,M,978934
2047,24,F,959923
2047,25,M,985420
2047,25,F,969075
2047,26,M,988543
2047,26,F,975611
2047,27,M,984902
2047,27,F,977090
2047,28,M,982629
2047,28,F,978897
2047,29,M,979527
2047,29,F,978766
2047,30,M,980925
2047,30,F,983193
2047,31,M,991870
2047,31,F,996987
2047,32,M,1001868
2047,32,F,1009848
2047,33,M,1006401
2047,33,F,1017335
2047,34,M,1010053
2047,34,F,1023969
2047,35,M,1016795
2047,35,F,1033572
2047,36,M,1024858
2047,36,F,1044367
2047,37,M,1029501
2047,37,F,1051816
2047,38,M,1028424
2047,38,F,1053846
2047,39,M,1021513
2047,39,F,1051188
2047,40,M,1011197
2047,40,F,1046693
2047,41,M,1001244
2047,41,F,1042758
2047,42,M,994352
2047,42,F,1040831
2047,43,M,991440
2047,43,F,1041520
2047,44,M,993057
2047,44,F,1045519
2047,45,M,998075
2047,45,F,1051965
2047,46,M,1001625
2047,46,F,1056242
2047,47,M,998455
2047,47,F,1053622
2047,48,M,987792
2047,48,F,1043494
2047,49,M,975958
2047,49,F,1032048
2047,50,M,969406
2047,50,F,1025995
2047,51,M,967776
2047,51,F,1025317
2047,52,M,967160
2047,52,F,1026132
2047,53,M,964038
2047,53,F,1024919
2047,54,M,956590
2047,54,F,1020034
2047,55,M,943426
2047,55,F,1010084
2047,56,M,922840
2047,56,F,993363
2047,57,M,896720
2047,57,F,971823
2047,58,M,870189
2047,58,F,950521
2047,59,M,844648
2047,59,F,931270
2047,60,M,818482
2047,60,F,912996
2047,61,M,790788
2047,61,F,894996
2047,62,M,760499
2047,62,F,875953
2047,63,M,727338
2047,63,F,854582
2047,64,M,693753
2047,64,F,831954
2047,65,M,662454
2047,65,F,809259
2047,66,M,635474
2047,66,F,787601
2047,67,M,613636
2047,67,F,767808
2047,68,M,596395
2047,68,F,749815
2047,69,M,583203
2047,69,F,733782
2047,70,M,573134
2047,70,F,719428
2047,71,M,563983
2047,71,F,704934
2047,72,M,552331
2047,72,F,686804
2047,73,M,536472
2047,73,F,663384
2047,74,M,516701
2047,74,F,635549
2047,75,M,493932
2047,75,F,604752
2047,76,M,469140
2047,76,F,572334
2047,77,M,443079
2047,77,F,539044
2047,78,M,416583
2047,78,F,505737
2047,79,M,389813
2047,79,F,472674
2047,80,M,363017
2047,80,F,439999
2047,81,M,336779
2047,81,F,408247
2047,82,M,310923
2047,82,F,377092
2047,83,M,284682
2047,83,F,345477
2047,84,M,258261
2047,84,F,313585
2047,85,M,232526
2047,85,F,282444
2047,86,M,207796
2047,86,F,252337
2047,87,M,184019
2047,87,F,223138
2047,88,M,161419
2047,88,F,195222
2047,89,M,140377
2047,89,F,169134
2047,90,M,121293
2047,90,F,145428
2047,91,M,104031
2047,91,F,123861
2047,92,M,88157
2047,92,F,103935
2047,93,M,73406
2047,93,F,85469
2047,94,M,60408
2047,94,F,69206
2047,95,M,49474
2047,95,F,55498
2047,96,M,40289
2047,96,F,44057
2047,97,M,32739
2047,97,F,34743
2047,98,M,26374
2047,98,F,27034
2047,99,M,20892
2047,99,F,20564
2047,100,M,16263
2047,100,F,15272
2047,101,M,12429
2047,101,F,11059
2047,102,M,9315
2047,102,F,7795
2047,103,M,6814
2047,103,F,5323
2047,104,M,4866
2047,104,F,3517
2047,105,M,3408
2047,105,F,2256
2047,106,M,2331
2047,106,F,1398
2047,107,M,1550
2047,107,F,832
2047,108,M,1003
2047,108,F,475
2047,109,M,624
2047,109,F,256
2048,0,M,774693
2048,0,F,745759
2048,1,M,781878
2048,1,F,752852
2048,2,M,789553
2048,2,F,760396
2048,3,M,797575
2048,3,F,768253
2048,4,M,805838
2048,4,F,776315
2048,5,M,814270
2048,5,F,784500
2048,6,M,822880
2048,6,F,792806
2048,7,M,831747
2048,7,F,801304
2048,8,M,840934
2048,8,F,810063
2048,9,M,850384
2048,9,F,819045
2048,10,M,860028
2048,10,F,828210
2048,11,M,869821
2048,11,F,837538
2048,12,M,879666
2048,12,F,846952
2048,13,M,889539
2048,13,F,856440
2048,14,M,899436
2048,14,F,865993
2048,15,M,909213
2048,15,F,875565
2048,16,M,918619
2048,16,F,885081
2048,17,M,927384
2048,17,F,894308
2048,18,M,935311
2048,18,F,903108
2048,19,M,942466
2048,19,F,911539
2048,20,M,948996
2048,20,F,919733
2048,21,M,954973
2048,21,F,927750
2048,22,M,960363
2048,22,F,935552
2048,23,M,965122
2048,23,F,943078
2048,24,M,969180
2048,24,F,950252
2048,25,M,972459
2048,25,F,956976
2048,26,M,978794
2048,26,F,966187
2048,27,M,981877
2048,27,F,972813
2048,28,M,978317
2048,28,F,974408
2048,29,M,976179
2048,29,F,976332
2048,30,M,973268
2048,30,F,976321
2048,31,M,974865
2048,31,F,980846
2048,32,M,985979
2048,32,F,994708
2048,33,M,996171
2048,33,F,1007629
2048,34,M,1000937
2048,34,F,1015174
2048,35,M,1004823
2048,35,F,1021856
2048,36,M,1011774
2048,36,F,1031486
2048,37,M,1020027
2048,37,F,1042292
2048,38,M,1024855
2048,38,F,1049746
2048,39,M,1023964
2048,39,F,1051777
2048,40,M,1017235
2048,40,F,1049115
2048,41,M,1007082
2048,41,F,1044606
2048,42,M,997257
2048,42,F,1040643
2048,43,M,990448
2048,43,F,1038671
2048,44,M,987569
2048,44,F,1039297
2048,45,M,989169
2048,45,F,1043212
2048,46,M,994124
2048,46,F,1049553
2048,47,M,997583
2048,47,F,1053713
2048,48,M,994317
2048,48,F,1050975
2048,49,M,983556
2048,49,F,1040730
2048,50,M,971600
2048,50,F,1029153
2048,51,M,964871
2048,51,F,1022935
2048,52,M,963009
2048,52,F,1022054
2048,53,M,962121
2048,53,F,1022634
2048,54,M,958702
2048,54,F,1021166
2048,55,M,950947
2048,55,F,1016008
2048,56,M,937475
2048,56,F,1005775
2048,57,M,916599
2048,57,F,988771
2048,58,M,890203
2048,58,F,966944
2048,59,M,863378
2048,59,F,945328
2048,60,M,837518
2048,60,F,925722
2048,61,M,811019
2048,61,F,907057
2048,62,M,782992
2048,62,F,888631
2048,63,M,752385
2048,63,F,869136
2048,64,M,718934
2048,64,F,847297
2048,65,M,685069
2048,65,F,824181
2048,66,M,653467
2048,66,F,800969
2048,67,M,626130
2048,67,F,778750
2048,68,M,603856
2048,68,F,758339
2048,69,M,586093
2048,69,F,739666
2048,70,M,572286
2048,70,F,722880
2048,71,M,561511
2048,71,F,707694
2048,72,M,551594
2048,72,F,692312
2048,73,M,539194
2048,73,F,673304
2048,74,M,522660
2048,74,F,649068
2048,75,M,502305
2048,75,F,620493
2048,76,M,479046
2048,76,F,589026
2048,77,M,453849
2048,77,F,555997
2048,78,M,427467
2048,78,F,522158
2048,79,M,400720
2048,79,F,488352
2048,80,M,373778
2048,80,F,454847
2048,81,M,346890
2048,81,F,421796
2048,82,M,320627
2048,82,F,389725
2048,83,M,294830
2048,83,F,358336
2048,84,M,268786
2048,84,F,326645
2048,85,M,242710
2048,85,F,294858
2048,86,M,217434
2048,86,F,263973
2048,87,M,193263
2048,87,F,234275
2048,88,M,170157
2048,88,F,205666
2048,89,M,148329
2048,89,F,178510
2048,90,M,128176
2048,90,F,153464
2048,91,M,109952
2048,91,F,130705
2048,92,M,93573
2048,92,F,110171
2048,93,M,78634
2048,93,F,91405
2048,94,M,64890
2048,94,F,74242
2048,95,M,52886
2048,95,F,59311
2048,96,M,42867
2048,96,F,46871
2048,97,M,34522
2048,97,F,36620
2048,98,M,27720
2048,98,F,28383
2048,99,M,22047
2048,99,F,21675
2048,100,M,17227
2048,100,F,16155
2048,101,M,13215
2048,101,F,11737
2048,102,M,9943
2048,102,F,8300
2048,103,M,7327
2048,103,F,5702
2048,104,M,5265
2048,104,F,3788
2048,105,M,3689
2048,105,F,2429
2048,106,M,2531
2048,106,F,1509
2048,107,M,1695
2048,107,F,903
2048,108,M,1101
2048,108,F,518
2048,109,M,688
2048,109,F,280
2049,0,M,765446
2049,0,F,736799
2049,1,M,772688
2049,1,F,743918
2049,2,M,780273
2049,2,F,751363
2049,3,M,788140
2049,3,F,759075
2049,4,M,796305
2049,4,F,767064
2049,5,M,804684
2049,5,F,775236
2049,6,M,813214
2049,6,F,783513
2049,7,M,821908
2049,7,F,791898
2049,8,M,830844
2049,8,F,800462
2049,9,M,840088
2049,9,F,809274
2049,10,M,849583
2049,10,F,818293
2049,11,M,859259
2049,11,F,827476
2049,12,M,869069
2049,12,F,836797
2049,13,M,878899
2049,13,F,846170
2049,14,M,888693
2049,14,F,855550
2049,15,M,898308
2049,15,F,864903
2049,16,M,907556
2049,16,F,874217
2049,17,M,916347
2049,17,F,883435
2049,18,M,924445
2049,18,F,892376
2049,19,M,931699
2049,19,F,900887
2049,20,M,938214
2049,20,F,909057
2049,21,M,944163
2049,21,F,917042
2049,22,M,949638
2049,22,F,924913
2049,23,M,954618
2049,23,F,932635
2049,24,M,959065
2049,24,F,940141
2049,25,M,962912
2049,25,F,947344
2049,26,M,966076
2049,26,F,954133
2049,27,M,972361
2049,27,F,963425
2049,28,M,975490
2049,28,F,970153
2049,29,M,972081
2049,29,F,971865
2049,30,M,970134
2049,30,F,973904
2049,31,M,967454
2049,31,F,974003
2049,32,M,969278
2049,32,F,978617
2049,33,M,980579
2049,33,F,992536
2049,34,M,990974
2049,34,F,1005504
2049,35,M,995968
2049,35,F,1013095
2049,36,M,1000077
2049,36,F,1019811
2049,37,M,1007220
2049,37,F,1029456
2049,38,M,1015639
2049,38,F,1040262
2049,39,M,1020625
2049,39,F,1047707
2049,40,M,1019887
2049,40,F,1049726
2049,41,M,1013302
2049,41,F,1047048
2049,42,M,1003273
2049,42,F,1042514
2049,43,M,993536
2049,43,F,1038512
2049,44,M,986770
2049,44,F,1036484
2049,45,M,983889
2049,45,F,1037035
2049,46,M,985435
2049,46,F,1040853
2049,47,M,990291
2049,47,F,1047075
2049,48,M,993624
2049,48,F,1051102
2049,49,M,990225
2049,49,F,1048230
2049,50,M,979332
2049,50,F,1037851
2049,51,M,967218
2049,51,F,1026127
2049,52,M,960278
2049,52,F,1019725
2049,53,M,958148
2049,53,F,1018618
2049,54,M,956952
2049,54,F,1018940
2049,55,M,953201
2049,55,F,1017189
2049,56,M,945101
2049,56,F,1011731
2049,57,M,931286
2049,57,F,1001186
2049,58,M,910086
2049,58,F,983872
2049,59,M,883382
2049,59,F,961729
2049,60,M,856233
2049,60,F,939769
2049,61,M,830023
2049,61,F,919779
2049,62,M,803165
2049,62,F,900690
2049,63,M,774778
2049,63,F,881805
2049,64,M,743831
2049,64,F,861823
2049,65,M,710074
2049,65,F,839483
2049,66,M,675914
2049,66,F,815846
2049,67,M,643997
2049,67,F,792082
2049,68,M,616290
2049,68,F,769268
2049,69,M,593567
2049,69,F,748204
2049,70,M,575267
2049,70,F,728814
2049,71,M,560829
2049,71,F,711236
2049,72,M,549332
2049,72,F,695177
2049,73,M,538635
2049,73,F,678867
2049,74,M,525478
2049,74,F,658947
2049,75,M,508270
2049,75,F,633873
2049,76,M,487342
2049,76,F,604545
2049,77,M,463611
2049,77,F,572406
2049,78,M,438039
2049,78,F,538777
2049,79,M,411371
2049,79,F,504409
2049,80,M,384418
2049,80,F,470136
2049,81,M,357354
2049,81,F,436233
2049,82,M,330434
2049,82,F,402864
2049,83,M,304210
2049,83,F,370544
2049,84,M,278544
2049,84,F,339004
2049,85,M,252774
2049,85,F,307336
2049,86,M,227123
2049,86,F,275768
2049,87,M,202386
2049,87,F,245263
2049,88,M,178856
2049,88,F,216106
2049,89,M,156501
2049,89,F,188224
2049,90,M,135567
2049,90,F,162124
2049,91,M,116313
2049,91,F,138067
2049,92,M,99010
2049,92,F,116385
2049,93,M,83566
2049,93,F,97002
2049,94,M,69602
2049,94,F,79498
2049,95,M,56890
2049,95,F,63713
2049,96,M,45892
2049,96,F,50163
2049,97,M,36790
2049,97,F,39019
2049,98,M,29279
2049,98,F,29966
2049,99,M,23214
2049,99,F,22796
2049,100,M,18215
2049,100,F,17060
2049,101,M,14027
2049,101,F,12441
2049,102,M,10595
2049,102,F,8828
2049,103,M,7840
2049,103,F,6085
2049,104,M,5676
2049,104,F,4067
2049,105,M,4003
2049,105,F,2623
2049,106,M,2748
2049,106,F,1629
2049,107,M,1846
2049,107,F,978
2049,108,M,1208
2049,108,F,565
2049,109,M,758
2049,109,F,307
2050,0,M,756192
2050,0,F,727830
2050,1,M,763515
2050,1,F,734990
2050,2,M,771143
2050,2,F,742450
2050,3,M,778915
2050,3,F,750059
2050,4,M,786923
2050,4,F,757902
2050,5,M,795203
2050,5,F,765999
2050,6,M,803679
2050,6,F,774262
2050,7,M,812292
2050,7,F,782618
2050,8,M,821055
2050,8,F,791069
2050,9,M,830048
2050,9,F,799684
2050,10,M,839337
2050,10,F,808533
2050,11,M,848863
2050,11,F,817571
2050,12,M,858557
2050,12,F,826748
2050,13,M,868353
2050,13,F,836029
2050,14,M,878105
2050,14,F,845296
2050,15,M,887620
2050,15,F,854480
2050,16,M,896713
2050,16,F,863580
2050,17,M,905356
2050,17,F,872600
2050,18,M,913493
2050,18,F,881536
2050,19,M,920934
2050,19,F,890191
2050,20,M,927565
2050,20,F,898444
2050,21,M,933520
2050,21,F,906407
2050,22,M,938988
2050,22,F,914246
2050,23,M,944073
2050,23,F,922037
2050,24,M,948760
2050,24,F,929738
2050,25,M,953011
2050,25,F,937271
2050,26,M,956755
2050,26,F,944537
2050,27,M,959904
2050,27,F,951414
2050,28,M,966225
2050,28,F,960799
2050,29,M,969473
2050,29,F,967631
2050,30,M,966271
2050,30,F,969458
2050,31,M,964554
2050,31,F,971602
2050,32,M,962129
2050,32,F,971801
2050,33,M,964193
2050,33,F,976493
2050,34,M,975692
2050,34,F,990457
2050,35,M,986286
2050,35,F,1003461
2050,36,M,991497
2050,36,F,1011085
2050,37,M,995809
2050,37,F,1017822
2050,38,M,1003120
2050,38,F,1027470
2050,39,M,1011679
2050,39,F,1038262
2050,40,M,1016791
2050,40,F,1045686
2050,41,M,1016170
2050,41,F,1047682
2050,42,M,1009689
2050,42,F,1044976
2050,43,M,999744
2050,43,F,1040405
2050,44,M,990055
2050,44,F,1036353
2050,45,M,983294
2050,45,F,1034258
2050,46,M,980371
2050,46,F,1034722
2050,47,M,981828
2050,47,F,1038429
2050,48,M,986550
2050,48,F,1044517
2050,49,M,989720
2050,49,F,1048395
2050,50,M,986153
2050,50,F,1045371
2050,51,M,975091
2050,51,F,1034841
2050,52,M,962785
2050,52,F,1022950
2050,53,M,955599
2050,53,F,1016343
2050,54,M,953166
2050,54,F,1014987
2050,55,M,951624
2050,55,F,1015024
2050,56,M,947503
2050,56,F,1012963
2050,57,M,939022
2050,57,F,1007176
2050,58,M,924826
2050,58,F,996290
2050,59,M,903268
2050,59,F,978635
2050,60,M,876225
2050,60,F,956148
2050,61,M,848723
2050,61,F,933814
2050,62,M,822134
2050,62,F,913406
2050,63,M,794888
2050,63,F,893860
2050,64,M,766119
2050,64,F,874480
2050,65,M,734812
2050,65,F,853976
2050,66,M,700731
2050,66,F,831101
2050,67,M,666264
2050,67,F,806908
2050,68,M,634021
2050,68,F,782559
2050,69,M,605934
2050,69,F,759116
2050,70,M,582750
2050,70,F,737363
2050,71,M,563901
2050,71,F,717218
2050,72,M,548819
2050,72,F,698809
2050,73,M,536586
2050,73,F,681840
2050,74,M,525100
2050,74,F,664564
2050,75,M,511182
2050,75,F,643701
2050,76,M,493305
2050,76,F,617770
2050,77,M,471820
2050,77,F,587682
2050,78,M,447643
2050,78,F,554878
2050,79,M,421729
2050,79,F,520667
2050,80,M,394821
2050,80,F,485801
2050,81,M,367711
2050,81,F,451105
2050,82,M,340585
2050,82,F,416861
2050,83,M,313696
2050,83,F,383243
2050,84,M,287584
2050,84,F,350759
2050,85,M,262125
2050,85,F,319166
2050,86,M,236710
2050,86,F,287634
2050,87,M,211568
2050,87,F,256410
2050,88,M,187454
2050,88,F,226422
2050,89,M,164648
2050,89,F,197948
2050,90,M,143171
2050,90,F,171104
2050,91,M,123145
2050,91,F,146003
2050,92,M,104852
2050,92,F,123073
2050,93,M,88525
2050,93,F,102592
2050,94,M,74061
2050,94,F,84470
2050,95,M,61104
2050,95,F,68313
2050,96,M,49438
2050,96,F,53963
2050,97,M,39448
2050,97,F,41823
2050,98,M,31256
2050,98,F,31981
2050,99,M,24565
2050,99,F,24109
2050,100,M,19216
2050,100,F,17976
2050,101,M,14863
2050,101,F,13163
2050,102,M,11271
2050,102,F,9376
2050,103,M,8374
2050,103,F,6486
2050,104,M,6089
2050,104,F,4350
2050,105,M,4327
2050,105,F,2823
2050,106,M,2991
2050,106,F,1764
2050,107,M,2010
2050,107,F,1059
2050,108,M,1320
2050,108,F,613
2050,109,M,835
2050,109,F,335
