year,age,sex,deaths
2020,0,M,6461
2020,0,F,4996
2020,1,M,6857
2020,1,F,5333
2020,2,M,605
2020,2,F,519
2020,3,M,366
2020,3,F,332
2020,4,M,292
2020,4,F,258
2020,5,M,264
2020,5,F,220
2020,6,M,250
2020,6,F,200
2020,7,M,242
2020,7,F,193
2020,8,M,244
2020,8,F,198
2020,9,M,259
2020,9,F,213
2020,10,M,293
2020,10,F,236
2020,11,M,351
2020,11,F,268
2020,12,M,441
2020,12,F,309
2020,13,M,573
2020,13,F,362
2020,14,M,758
2020,14,F,425
2020,15,M,1004
2020,15,F,496
2020,16,M,1305
2020,16,F,573
2020,17,M,1645
2020,17,F,655
2020,18,M,2011
2020,18,F,743
2020,19,M,2406
2020,19,F,835
2020,20,M,2817
2020,20,F,924
2020,21,M,3196
2020,21,F,998
2020,22,M,3525
2020,22,F,1059
2020,23,M,3869
2020,23,F,1125
2020,24,M,4303
2020,24,F,1205
2020,25,M,4831
2020,25,F,1299
2020,26,M,5358
2020,26,F,1397
2020,27,M,5805
2020,27,F,1492
2020,28,M,6137
2020,28,F,1581
2020,29,M,6325
2020,29,F,1660
2020,30,M,6368
2020,30,F,1720
2020,31,M,6350
2020,31,F,1765
2020,32,M,6343
2020,32,F,1799
2020,33,M,6352
2020,33,F,1822
2020,34,M,6351
2020,34,F,1844
2020,35,M,6312
2020,35,F,1885
2020,36,M,6226
2020,36,F,1954
2020,37,M,6120
2020,37,F,2041
2020,38,M,6016
2020,38,F,2129
2020,39,M,5923
2020,39,F,2213
2020,40,M,5879
2020,40,F,2306
2020,41,M,5931
2020,41,F,2421
2020,42,M,6111
2020,42,F,2571
2020,43,M,6398
2020,43,F,2768
2020,44,M,6778
2020,44,F,3015
2020,45,M,7230
2020,45,F,3296
2020,46,M,7692
2020,46,F,3587
2020,47,M,8108
2020,47,F,3867
2020,48,M,8426
2020,48,F,4112
2020,49,M,8660
2020,49,F,4318
2020,50,M,8861
2020,50,F,4501
2020,51,M,9083
2020,51,F,4687
2020,52,M,9348
2020,52,F,4914
2020,53,M,9617
2020,53,F,5183
2020,54,M,9885
2020,54,F,5493
2020,55,M,10185
2020,55,F,5838
2020,56,M,10514
2020,56,F,6198
2020,57,M,10847
2020,57,F,6548
2020,58,M,11223
2020,58,F,6912
2020,59,M,11633
2020,59,F,7297
2020,60,M,12005
2020,60,F,7682
2020,61,M,12290
2020,61,F,8031
2020,62,M,12547
2020,62,F,8357
2020,63,M,12817
2020,63,F,8675
2020,64,M,13158
2020,64,F,9042
2020,65,M,13432
2020,65,F,9399
2020,66,M,13501
2020,66,F,9663
2020,67,M,13285
2020,67,F,9778
2020,68,M,13127
2020,68,F,9921
2020,69,M,13050
2020,69,F,10084
2020,70,M,13139
2020,70,F,10327
2020,71,M,13377
2020,71,F,10693
2020,72,M,13532
2020,72,F,11019
2020,73,M,13581
2020,73,F,11294
2020,74,M,13513
2020,74,F,11496
2020,75,M,13375
2020,75,F,11615
2020,76,M,13213
2020,76,F,11667
2020,77,M,12934
2020,77,F,11611
2020,78,M,12629
2020,78,F,11553
2020,79,M,12304
2020,79,F,11507
2020,80,M,11861
2020,80,F,11364
2020,81,M,11376
2020,81,F,11155
2020,82,M,10899
2020,82,F,10928
2020,83,M,10432
2020,83,F,10695
2020,84,M,9932
2020,84,F,10403
2020,85,M,9381
2020,85,F,10023
2020,86,M,8789
2020,86,F,9577
2020,87,M,8199
2020,87,F,9121
2020,88,M,7643
2020,88,F,8688
2020,89,M,7093
2020,89,F,8234
2020,90,M,6453
2020,90,F,7663
2020,91,M,5658
2020,91,F,6918
2020,92,M,4802
2020,92,F,6076
2020,93,M,4081
2020,93,F,5326
2020,94,M,3461
2020,94,F,4611
2020,95,M,2977
2020,95,F,4008
2020,96,M,2545
2020,96,F,3440
2020,97,M,2132
2020,97,F,2894
2020,98,M,1734
2020,98,F,2377
2020,99,M,1350
2020,99,F,1887
2020,100,M,998
2020,100,F,1430
2020,101,M,703
2020,101,F,1029
2020,102,M,476
2020,102,F,705
2020,103,M,314
2020,103,F,467
2020,104,M,205
2020,104,F,305
2020,105,M,131
2020,105,F,198
2020,106,M,82
2020,106,F,125
2020,107,M,50
2020,107,F,77
2020,108,M,29
2020,108,F,45
2020,109,M,37
2020,109,F,38
2021,0,M,6235
2021,0,F,5044
2021,1,M,6639
2021,1,F,5405
2021,2,M,567
2021,2,F,527
2021,3,M,340
2021,3,F,338
2021,4,M,262
2021,4,F,260
2021,5,M,231
2021,5,F,226
2021,6,M,218
2021,6,F,209
2021,7,M,215
2021,7,F,197
2021,8,M,220
2021,8,F,190
2021,9,M,239
2021,9,F,199
2021,10,M,279
2021,10,F,233
2021,11,M,347
2021,11,F,287
2021,12,M,451
2021,12,F,347
2021,13,M,593
2021,13,F,402
2021,14,M,777
2021,14,F,450
2021,15,M,1008
2021,15,F,499
2021,16,M,1289
2021,16,F,552
2021,17,M,1616
2021,17,F,619
2021,18,M,1980
2021,18,F,710
2021,19,M,2381
2021,19,F,822
2021,20,M,2809
2021,20,F,937
2021,21,M,3235
2021,21,F,1024
2021,22,M,3631
2021,22,F,1071
2021,23,M,3997
2021,23,F,1095
2021,24,M,4398
2021,24,F,1149
2021,25,M,4871
2021,25,F,1259
2021,26,M,5405
2021,26,F,1399
2021,27,M,5941
2021,27,F,1549
2021,28,M,6403
2021,28,F,1704
2021,29,M,6744
2021,29,F,1833
2021,30,M,6954
2021,30,F,1904
2021,31,M,7037
2021,31,F,1925
2021,32,M,7053
2021,32,F,1933
2021,33,M,7046
2021,33,F,1964
2021,34,M,7020
2021,34,F,2037
2021,35,M,6980
2021,35,F,2153
2021,36,M,6930
2021,36,F,2284
2021,37,M,6837
2021,37,F,2392
2021,38,M,6692
2021,38,F,2474
2021,39,M,6525
2021,39,F,2537
2021,40,M,6371
2021,40,F,2581
2021,41,M,6297
2021,41,F,2632
2021,42,M,6340
2021,42,F,2733
2021,43,M,6512
2021,43,F,2934
2021,44,M,6814
2021,44,F,3224
2021,45,M,7236
2021,45,F,3538
2021,46,M,7721
2021,46,F,3862
2021,47,M,8168
2021,47,F,4195
2021,48,M,8516
2021,48,F,4491
2021,49,M,8746
2021,49,F,4712
2021,50,M,8901
2021,50,F,4863
2021,51,M,9030
2021,51,F,4987
2021,52,M,9190
2021,52,F,5148
2021,53,M,9399
2021,53,F,5371
2021,54,M,9632
2021,54,F,5654
2021,55,M,9904
2021,55,F,6048
2021,56,M,10220
2021,56,F,6542
2021,57,M,10553
2021,57,F,7022
2021,58,M,10857
2021,58,F,7409
2021,59,M,11163
2021,59,F,7762
2021,60,M,11487
2021,60,F,8149
2021,61,M,11821
2021,61,F,8558
2021,62,M,12125
2021,62,F,8898
2021,63,M,12415
2021,63,F,9198
2021,64,M,12691
2021,64,F,9550
2021,65,M,12989
2021,65,F,9995
2021,66,M,13213
2021,66,F,10392
2021,67,M,13268
2021,67,F,10587
2021,68,M,13073
2021,68,F,10558
2021,69,M,12949
2021,69,F,10615
2021,70,M,12861
2021,70,F,10784
2021,71,M,12890
2021,71,F,11056
2021,72,M,13064
2021,72,F,11393
2021,73,M,13179
2021,73,F,11619
2021,74,M,13221
2021,74,F,11813
2021,75,M,13185
2021,75,F,11981
2021,76,M,13071
2021,76,F,12082
2021,77,M,12876
2021,77,F,12122
2021,78,M,12521
2021,78,F,12029
2021,79,M,12136
2021,79,F,11897
2021,80,M,11766
2021,80,F,11759
2021,81,M,11323
2021,81,F,11526
2021,82,M,10850
2021,82,F,11224
2021,83,M,10375
2021,83,F,10898
2021,84,M,9909
2021,84,F,10621
2021,85,M,9426
2021,85,F,10350
2021,86,M,8902
2021,86,F,9957
2021,87,M,8335
2021,87,F,9391
2021,88,M,7726
2021,88,F,8787
2021,89,M,7086
2021,89,F,8348
2021,90,M,6412
2021,90,F,7980
2021,91,M,5681
2021,91,F,7375
2021,92,M,4919
2021,92,F,6439
2021,93,M,4184
2021,93,F,5418
2021,94,M,3574
2021,94,F,4669
2021,95,M,3026
2021,95,F,4089
2021,96,M,2569
2021,96,F,3558
2021,97,M,2147
2021,97,F,2985
2021,98,M,1746
2021,98,F,2424
2021,99,M,1373
2021,99,F,1919
2021,100,M,1043
2021,100,F,1464
2021,101,M,762
2021,101,F,1050
2021,102,M,535
2021,102,F,703
2021,103,M,363
2021,103,F,453
2021,104,M,241
2021,104,F,295
2021,105,M,159
2021,105,F,199
2021,106,M,103
2021,106,F,133
2021,107,M,67
2021,107,F,84
2021,108,M,42
2021,108,F,50
2021,109,M,48
2021,109,F,42
2022,0,M,14134
2022,0,F,11108
2022,1,M,1758
2022,1,F,1451
2022,2,M,659
2022,2,F,609
2022,3,M,382
2022,3,F,391
2022,4,M,289
2022,4,F,299
2022,5,M,247
2022,5,F,249
2022,6,M,230
2022,6,F,222
2022,7,M,228
2022,7,F,210
2022,8,M,234
2022,8,F,208
2022,9,M,251
2022,9,F,217
2022,10,M,286
2022,10,F,237
2022,11,M,346
2022,11,F,270
2022,12,M,438
2022,12,F,312
2022,13,M,570
2022,13,F,362
2022,14,M,742
2022,14,F,416
2022,15,M,956
2022,15,F,473
2022,16,M,1209
2022,16,F,531
2022,17,M,1499
2022,17,F,591
2022,18,M,1822
2022,18,F,651
2022,19,M,2173
2022,19,F,711
2022,20,M,2546
2022,20,F,771
2022,21,M,2928
2022,21,F,831
2022,22,M,3289
2022,22,F,883
2022,23,M,3603
2022,23,F,926
2022,24,M,3862
2022,24,F,959
2022,25,M,4104
2022,25,F,993
2022,26,M,4339
2022,26,F,1031
2022,27,M,4558
2022,27,F,1072
2022,28,M,4741
2022,28,F,1112
2022,29,M,4877
2022,29,F,1148
2022,30,M,4961
2022,30,F,1181
2022,31,M,4985
2022,31,F,1209
2022,32,M,4943
2022,32,F,1229
2022,33,M,4869
2022,33,F,1248
2022,34,M,4791
2022,34,F,1273
2022,35,M,4705
2022,35,F,1303
2022,36,M,4607
2022,36,F,1339
2022,37,M,4499
2022,37,F,1380
2022,38,M,4371
2022,38,F,1423
2022,39,M,4235
2022,39,F,1468
2022,40,M,4111
2022,40,F,1520
2022,41,M,4015
2022,41,F,1578
2022,42,M,3961
2022,42,F,1648
2022,43,M,3951
2022,43,F,1732
2022,44,M,3985
2022,44,F,1831
2022,45,M,4063
2022,45,F,1948
2022,46,M,4182
2022,46,F,2083
2022,47,M,4322
2022,47,F,2232
2022,48,M,4456
2022,48,F,2379
2022,49,M,4583
2022,49,F,2525
2022,50,M,4702
2022,50,F,2670
2022,51,M,4821
2022,51,F,2818
2022,52,M,4942
2022,52,F,2971
2022,53,M,5070
2022,53,F,3130
2022,54,M,5211
2022,54,F,3303
2022,55,M,5358
2022,55,F,3483
2022,56,M,5519
2022,56,F,3678
2022,57,M,5697
2022,57,F,3891
2022,58,M,5879
2022,58,F,4113
2022,59,M,6040
2022,59,F,4325
2022,60,M,6192
2022,60,F,4537
2022,61,M,6342
2022,61,F,4754
2022,62,M,6485
2022,62,F,4971
2022,63,M,6606
2022,63,F,5174
2022,64,M,6717
2022,64,F,5376
2022,65,M,6818
2022,65,F,5576
2022,66,M,6938
2022,66,F,5797
2022,67,M,7044
2022,67,F,6012
2022,68,M,7108
2022,68,F,6192
2022,69,M,7084
2022,69,F,6305
2022,70,M,7113
2022,70,F,6453
2022,71,M,7154
2022,71,F,6616
2022,72,M,7248
2022,72,F,6828
2022,73,M,7416
2022,73,F,7123
2022,74,M,7551
2022,74,F,7396
2022,75,M,7654
2022,75,F,7643
2022,76,M,7722
2022,76,F,7862
2022,77,M,7753
2022,77,F,8052
2022,78,M,7743
2022,78,F,8209
2022,79,M,7640
2022,79,F,8275
2022,80,M,7514
2022,80,F,8318
2022,81,M,7386
2022,81,F,8353
2022,82,M,7192
2022,82,F,8308
2022,83,M,6949
2022,83,F,8201
2022,84,M,6670
2022,84,F,8040
2022,85,M,6363
2022,85,F,7830
2022,86,M,6031
2022,86,F,7567
2022,87,M,5680
2022,87,F,7264
2022,88,M,5319
2022,88,F,6930
2022,89,M,4939
2022,89,F,6542
2022,90,M,4532
2022,90,F,6073
2022,91,M,4109
2022,91,F,5546
2022,92,M,3677
2022,92,F,5000
2022,93,M,3254
2022,93,F,4473
2022,94,M,2834
2022,94,F,3948
2022,95,M,2439
2022,95,F,3426
2022,96,M,2027
2022,96,F,2851
2022,97,M,1651
2022,97,F,2329
2022,98,M,1309
2022,98,F,1859
2022,99,M,1013
2022,99,F,1444
2022,100,M,770
2022,100,F,1088
2022,101,M,578
2022,101,F,801
2022,102,M,433
2022,102,F,589
2022,103,M,323
2022,103,F,437
2022,104,M,239
2022,104,F,323
2022,105,M,172
2022,105,F,228
2022,106,M,120
2022,106,F,150
2022,107,M,80
2022,107,F,93
2022,108,M,51
2022,108,F,55
2022,109,M,32
2022,109,F,32
2023,0,M,13632
2023,0,F,10706
2023,1,M,1656
2023,1,F,1369
2023,2,M,623
2023,2,F,575
2023,3,M,361
2023,3,F,369
2023,4,M,273
2023,4,F,283
2023,5,M,235
2023,5,F,237
2023,6,M,217
2023,6,F,209
2023,7,M,215
2023,7,F,197
2023,8,M,223
2023,8,F,198
2023,9,M,241
2023,9,F,208
2023,10,M,275
2023,10,F,228
2023,11,M,332
2023,11,F,259
2023,12,M,424
2023,12,F,301
2023,13,M,556
2023,13,F,351
2023,14,M,732
2023,14,F,407
2023,15,M,951
2023,15,F,464
2023,16,M,1208
2023,16,F,522
2023,17,M,1498
2023,17,F,580
2023,18,M,1817
2023,18,F,637
2023,19,M,2161
2023,19,F,694
2023,20,M,2523
2023,20,F,750
2023,21,M,2898
2023,21,F,807
2023,22,M,3274
2023,22,F,862
2023,23,M,3619
2023,23,F,911
2023,24,M,3906
2023,24,F,949
2023,25,M,4134
2023,25,F,978
2023,26,M,4342
2023,26,F,1009
2023,27,M,4544
2023,27,F,1045
2023,28,M,4731
2023,28,F,1084
2023,29,M,4882
2023,29,F,1123
2023,30,M,4988
2023,30,F,1160
2023,31,M,5044
2023,31,F,1194
2023,32,M,5045
2023,32,F,1223
2023,33,M,4982
2023,33,F,1245
2023,34,M,4891
2023,34,F,1266
2023,35,M,4802
2023,35,F,1295
2023,36,M,4708
2023,36,F,1330
2023,37,M,4606
2023,37,F,1370
2023,38,M,4496
2023,38,F,1416
2023,39,M,4371
2023,39,F,1465
2023,40,M,4238
2023,40,F,1517
2023,41,M,4121
2023,41,F,1575
2023,42,M,4032
2023,42,F,1641
2023,43,M,3988
2023,43,F,1720
2023,44,M,3988
2023,44,F,1813
2023,45,M,4035
2023,45,F,1922
2023,46,M,4127
2023,46,F,2051
2023,47,M,4262
2023,47,F,2199
2023,48,M,4420
2023,48,F,2362
2023,49,M,4573
2023,49,F,2523
2023,50,M,4719
2023,50,F,2683
2023,51,M,4857
2023,51,F,2842
2023,52,M,4995
2023,52,F,3004
2023,53,M,5134
2023,53,F,3171
2023,54,M,5281
2023,54,F,3345
2023,55,M,5441
2023,55,F,3532
2023,56,M,5605
2023,56,F,3729
2023,57,M,5784
2023,57,F,3940
2023,58,M,5980
2023,58,F,4170
2023,59,M,6178
2023,59,F,4408
2023,60,M,6353
2023,60,F,4636
2023,61,M,6517
2023,61,F,4864
2023,62,M,6677
2023,62,F,5096
2023,63,M,6829
2023,63,F,5326
2023,64,M,6956
2023,64,F,5541
2023,65,M,7069
2023,65,F,5754
2023,66,M,7172
2023,66,F,5964
2023,67,M,7292
2023,67,F,6194
2023,68,M,7395
2023,68,F,6417
2023,69,M,7454
2023,69,F,6600
2023,70,M,7417
2023,70,F,6711
2023,71,M,7435
2023,71,F,6858
2023,72,M,7464
2023,72,F,7018
2023,73,M,7546
2023,73,F,7228
2023,74,M,7702
2023,74,F,7523
2023,75,M,7822
2023,75,F,7791
2023,76,M,7905
2023,76,F,8029
2023,77,M,7950
2023,77,F,8233
2023,78,M,7954
2023,78,F,8403
2023,79,M,7914
2023,79,F,8534
2023,80,M,7777
2023,80,F,8567
2023,81,M,7615
2023,81,F,8571
2023,82,M,7450
2023,82,F,8564
2023,83,M,7216
2023,83,F,8470
2023,84,M,6934
2023,84,F,8310
2023,85,M,6615
2023,85,F,8093
2023,86,M,6270
2023,86,F,7823
2023,87,M,5900
2023,87,F,7501
2023,88,M,5515
2023,88,F,7138
2023,89,M,5123
2023,89,F,6745
2023,90,M,4715
2023,90,F,6301
2023,91,M,4287
2023,91,F,5788
2023,92,M,3848
2023,92,F,5221
2023,93,M,3407
2023,93,F,4644
2023,94,M,2980
2023,94,F,4094
2023,95,M,2563
2023,95,F,3557
2023,96,M,2177
2023,96,F,3034
2023,97,M,1783
2023,97,F,2479
2023,98,M,1430
2023,98,F,1984
2023,99,M,1116
2023,99,F,1550
2023,100,M,849
2023,100,F,1176
2023,101,M,633
2023,101,F,864
2023,102,M,466
2023,102,F,620
2023,103,M,341
2023,103,F,443
2023,104,M,249
2023,104,F,319
2023,105,M,180
2023,105,F,228
2023,106,M,127
2023,106,F,155
2023,107,M,86
2023,107,F,98
2023,108,M,56
2023,108,F,59
2023,109,M,35
2023,109,F,34
2024,0,M,13045
2024,0,F,10236
2024,1,M,1553
2024,1,F,1286
2024,2,M,575
2024,2,F,531
2024,3,M,338
2024,3,F,345
2024,4,M,256
2024,4,F,265
2024,5,M,221
2024,5,F,222
2024,6,M,206
2024,6,F,198
2024,7,M,201
2024,7,F,185
2024,8,M,209
2024,8,F,185
2024,9,M,229
2024,9,F,196
2024,10,M,263
2024,10,F,217
2024,11,M,319
2024,11,F,247
2024,12,M,407
2024,12,F,288
2024,13,M,537
2024,13,F,337
2024,14,M,714
2024,14,F,393
2024,15,M,937
2024,15,F,452
2024,16,M,1201
2024,16,F,511
2024,17,M,1496
2024,17,F,568
2024,18,M,1815
2024,18,F,623
2024,19,M,2154
2024,19,F,677
2024,20,M,2508
2024,20,F,730
2024,21,M,2871
2024,21,F,782
2024,22,M,3240
2024,22,F,835
2024,23,M,3600
2024,23,F,886
2024,24,M,3921
2024,24,F,930
2024,25,M,4178
2024,25,F,965
2024,26,M,4370
2024,26,F,991
2024,27,M,4542
2024,27,F,1019
2024,28,M,4710
2024,28,F,1053
2024,29,M,4865
2024,29,F,1092
2024,30,M,4987
2024,30,F,1131
2024,31,M,5065
2024,31,F,1168
2024,32,M,5096
2024,32,F,1203
2024,33,M,5076
2024,33,F,1234
2024,34,M,4996
2024,34,F,1258
2024,35,M,4893
2024,35,F,1283
2024,36,M,4795
2024,36,F,1316
2024,37,M,4697
2024,37,F,1355
2024,38,M,4593
2024,38,F,1400
2024,39,M,4485
2024,39,F,1453
2024,40,M,4363
2024,40,F,1508
2024,41,M,4237
2024,41,F,1567
2024,42,M,4128
2024,42,F,1633
2024,43,M,4048
2024,43,F,1707
2024,44,M,4015
2024,44,F,1795
2024,45,M,4028
2024,45,F,1897
2024,46,M,4088
2024,46,F,2017
2024,47,M,4195
2024,47,F,2158
2024,48,M,4347
2024,48,F,2320
2024,49,M,4524
2024,49,F,2496
2024,50,M,4697
2024,50,F,2673
2024,51,M,4862
2024,51,F,2847
2024,52,M,5020
2024,52,F,3020
2024,53,M,5177
2024,53,F,3197
2024,54,M,5335
2024,54,F,3379
2024,55,M,5501
2024,55,F,3568
2024,56,M,5679
2024,56,F,3771
2024,57,M,5861
2024,57,F,3983
2024,58,M,6057
2024,58,F,4211
2024,59,M,6269
2024,59,F,4457
2024,60,M,6484
2024,60,F,4713
2024,61,M,6671
2024,61,F,4957
2024,62,M,6847
2024,62,F,5200
2024,63,M,7016
2024,63,F,5446
2024,64,M,7175
2024,64,F,5690
2024,65,M,7306
2024,65,F,5917
2024,66,M,7421
2024,66,F,6139
2024,67,M,7522
2024,67,F,6358
2024,68,M,7641
2024,68,F,6596
2024,69,M,7740
2024,69,F,6825
2024,70,M,7789
2024,70,F,7011
2024,71,M,7738
2024,71,F,7118
2024,72,M,7743
2024,72,F,7260
2024,73,M,7756
2024,73,F,7414
2024,74,M,7822
2024,74,F,7619
2024,75,M,7964
2024,75,F,7911
2024,76,M,8064
2024,76,F,8170
2024,77,M,8124
2024,77,F,8393
2024,78,M,8142
2024,78,F,8578
2024,79,M,8116
2024,79,F,8722
2024,80,M,8043
2024,80,F,8821
2024,81,M,7869
2024,81,F,8815
2024,82,M,7669
2024,82,F,8775
2024,83,M,7463
2024,83,F,8720
2024,84,M,7189
2024,84,F,8573
2024,85,M,6867
2024,85,F,8355
2024,86,M,6508
2024,86,F,8078
2024,87,M,6126
2024,87,F,7747
2024,88,M,5722
2024,88,F,7363
2024,89,M,5306
2024,89,F,6941
2024,90,M,4886
2024,90,F,6491
2024,91,M,4456
2024,91,F,6001
2024,92,M,4012
2024,92,F,5446
2024,93,M,3562
2024,93,F,4847
2024,94,M,3117
2024,94,F,4249
2024,95,M,2693
2024,95,F,3688
2024,96,M,2286
2024,96,F,3150
2024,97,M,1914
2024,97,F,2638
2024,98,M,1544
2024,98,F,2112
2024,99,M,1219
2024,99,F,1655
2024,100,M,935
2024,100,F,1264
2024,101,M,698
2024,101,F,935
2024,102,M,510
2024,102,F,669
2024,103,M,368
2024,103,F,466
2024,104,M,264
2024,104,F,323
2024,105,M,188
2024,105,F,225
2024,106,M,132
2024,106,F,155
2024,107,M,91
2024,107,F,102
2024,108,M,60
2024,108,F,62
2024,109,M,38
2024,109,F,36
2025,0,M,12510
2025,0,F,9810
2025,1,M,1463
2025,1,F,1212
2025,2,M,536
2025,2,F,495
2025,3,M,313
2025,3,F,320
2025,4,M,241
2025,4,F,250
2025,5,M,209
2025,5,F,210
2025,6,M,195
2025,6,F,187
2025,7,M,192
2025,7,F,176
2025,8,M,198
2025,8,F,175
2025,9,M,216
2025,9,F,185
2025,10,M,251
2025,10,F,207
2025,11,M,307
2025,11,F,238
2025,12,M,393
2025,12,F,277
2025,13,M,519
2025,13,F,324
2025,14,M,694
2025,14,F,380
2025,15,M,919
2025,15,F,440
2025,16,M,1188
2025,16,F,500
2025,17,M,1492
2025,17,F,558
2025,18,M,1817
2025,18,F,612
2025,19,M,2156
2025,19,F,664
2025,20,M,2504
2025,20,F,714
2025,21,M,2857
2025,21,F,763
2025,22,M,3211
2025,22,F,811
2025,23,M,3563
2025,23,F,859
2025,24,M,3901
2025,24,F,907
2025,25,M,4193
2025,25,F,948
2025,26,M,4414
2025,26,F,979
2025,27,M,4569
2025,27,F,1003
2025,28,M,4706
2025,28,F,1030
2025,29,M,4841
2025,29,F,1063
2025,30,M,4966
2025,30,F,1102
2025,31,M,5059
2025,31,F,1141
2025,32,M,5113
2025,32,F,1180
2025,33,M,5124
2025,33,F,1217
2025,34,M,5086
2025,34,F,1250
2025,35,M,4995
2025,35,F,1278
2025,36,M,4883
2025,36,F,1307
2025,37,M,4780
2025,37,F,1344
2025,38,M,4681
2025,38,F,1389
2025,39,M,4579
2025,39,F,1440
2025,40,M,4476
2025,40,F,1499
2025,41,M,4361
2025,41,F,1561
2025,42,M,4243
2025,42,F,1628
2025,43,M,4144
2025,43,F,1702
2025,44,M,4076
2025,44,F,1785
2025,45,M,4055
2025,45,F,1882
2025,46,M,4081
2025,46,F,1995
2025,47,M,4156
2025,47,F,2127
2025,48,M,4281
2025,48,F,2281
2025,49,M,4452
2025,49,F,2457
2025,50,M,4649
2025,50,F,2650
2025,51,M,4842
2025,51,F,2842
2025,52,M,5029
2025,52,F,3032
2025,53,M,5207
2025,53,F,3221
2025,54,M,5384
2025,54,F,3413
2025,55,M,5562
2025,55,F,3611
2025,56,M,5746
2025,56,F,3816
2025,57,M,5943
2025,57,F,4035
2025,58,M,6143
2025,58,F,4264
2025,59,M,6356
2025,59,F,4509
2025,60,M,6585
2025,60,F,4774
2025,61,M,6815
2025,61,F,5048
2025,62,M,7015
2025,62,F,5309
2025,63,M,7201
2025,63,F,5567
2025,64,M,7379
2025,64,F,5829
2025,65,M,7543
2025,65,F,6087
2025,66,M,7676
2025,66,F,6324
2025,67,M,7791
2025,67,F,6556
2025,68,M,7890
2025,68,F,6782
2025,69,M,8004
2025,69,F,7028
2025,70,M,8097
2025,70,F,7262
2025,71,M,8135
2025,71,F,7448
2025,72,M,8067
2025,72,F,7548
2025,73,M,8054
2025,73,F,7683
2025,74,M,8049
2025,74,F,7829
2025,75,M,8097
2025,75,F,8025
2025,76,M,8220
2025,76,F,8310
2025,77,M,8297
2025,77,F,8555
2025,78,M,8331
2025,78,F,8759
2025,79,M,8319
2025,79,F,8919
2025,80,M,8259
2025,80,F,9031
2025,81,M,8149
2025,81,F,9092
2025,82,M,7935
2025,82,F,9041
2025,83,M,7694
2025,83,F,8951
2025,84,M,7447
2025,84,F,8841
2025,85,M,7131
2025,85,F,8635
2025,86,M,6767
2025,86,F,8355
2025,87,M,6370
2025,87,F,8014
2025,88,M,5951
2025,88,F,7620
2025,89,M,5515
2025,89,F,7174
2025,90,M,5070
2025,90,F,6693
2025,91,M,4627
2025,91,F,6195
2025,92,M,4178
2025,92,F,5658
2025,93,M,3721
2025,93,F,5067
2025,94,M,3266
2025,94,F,4445
2025,95,M,2824
2025,95,F,3837
2025,96,M,2408
2025,96,F,3274
2025,97,M,2016
2025,97,F,2745
2025,98,M,1663
2025,98,F,2254
2025,99,M,1320
2025,99,F,1767
2025,100,M,1024
2025,100,F,1353
2025,101,M,771
2025,101,F,1007
2025,102,M,565
2025,102,F,726
2025,103,M,404
2025,103,F,504
2025,104,M,285
2025,104,F,341
2025,105,M,200
2025,105,F,228
2025,106,M,139
2025,106,F,153
2025,107,M,95
2025,107,F,102
2025,108,M,63
2025,108,F,64
2025,109,M,41
2025,109,F,38
2026,0,M,11944
2026,0,F,9358
2026,1,M,1369
2026,1,F,1135
2026,2,M,497
2026,2,F,459
2026,3,M,291
2026,3,F,298
2026,4,M,223
2026,4,F,231
2026,5,M,196
2026,5,F,197
2026,6,M,184
2026,6,F,176
2026,7,M,182
2026,7,F,167
2026,8,M,189
2026,8,F,166
2026,9,M,204
2026,9,F,175
2026,10,M,237
2026,10,F,195
2026,11,M,294
2026,11,F,227
2026,12,M,380
2026,12,F,266
2026,13,M,503
2026,13,F,313
2026,14,M,672
2026,14,F,365
2026,15,M,895
2026,15,F,424
2026,16,M,1167
2026,16,F,485
2026,17,M,1478
2026,17,F,545
2026,18,M,1814
2026,18,F,600
2026,19,M,2159
2026,19,F,651
2026,20,M,2506
2026,20,F,699
2026,21,M,2852
2026,21,F,745
2026,22,M,3194
2026,22,F,790
2026,23,M,3530
2026,23,F,833
2026,24,M,3859
2026,24,F,878
2026,25,M,4168
2026,25,F,922
2026,26,M,4426
2026,26,F,960
2026,27,M,4611
2026,27,F,990
2026,28,M,4728
2026,28,F,1012
2026,29,M,4830
2026,29,F,1037
2026,30,M,4934
2026,30,F,1071
2026,31,M,5031
2026,31,F,1110
2026,32,M,5099
2026,32,F,1150
2026,33,M,5132
2026,33,F,1191
2026,34,M,5125
2026,34,F,1231
2026,35,M,5075
2026,35,F,1268
2026,36,M,4974
2026,36,F,1299
2026,37,M,4858
2026,37,F,1333
2026,38,M,4755
2026,38,F,1375
2026,39,M,4657
2026,39,F,1425
2026,40,M,4560
2026,40,F,1483
2026,41,M,4464
2026,41,F,1549
2026,42,M,4359
2026,42,F,1619
2026,43,M,4251
2026,43,F,1694
2026,44,M,4164
2026,44,F,1776
2026,45,M,4108
2026,45,F,1869
2026,46,M,4101
2026,46,F,1976
2026,47,M,4142
2026,47,F,2101
2026,48,M,4233
2026,48,F,2245
2026,49,M,4376
2026,49,F,2413
2026,50,M,4566
2026,50,F,2605
2026,51,M,4785
2026,51,F,2814
2026,52,M,4999
2026,52,F,3023
2026,53,M,5207
2026,53,F,3229
2026,54,M,5406
2026,54,F,3434
2026,55,M,5604
2026,55,F,3643
2026,56,M,5802
2026,56,F,3857
2026,57,M,6005
2026,57,F,4079
2026,58,M,6220
2026,58,F,4315
2026,59,M,6438
2026,59,F,4562
2026,60,M,6667
2026,60,F,4825
2026,61,M,6913
2026,61,F,5108
2026,62,M,7157
2026,62,F,5401
2026,63,M,7369
2026,63,F,5678
2026,64,M,7563
2026,64,F,5952
2026,65,M,7748
2026,65,F,6228
2026,66,M,7916
2026,66,F,6499
2026,67,M,8050
2026,67,F,6747
2026,68,M,8163
2026,68,F,6987
2026,69,M,8257
2026,69,F,7220
2026,70,M,8365
2026,70,F,7471
2026,71,M,8447
2026,71,F,7708
2026,72,M,8472
2026,72,F,7891
2026,73,M,8383
2026,73,F,7982
2026,74,M,8350
2026,74,F,8107
2026,75,M,8324
2026,75,F,8241
2026,76,M,8350
2026,76,F,8424
2026,77,M,8451
2026,77,F,8696
2026,78,M,8502
2026,78,F,8924
2026,79,M,8505
2026,79,F,9103
2026,80,M,8459
2026,80,F,9231
2026,81,M,8362
2026,81,F,9305
2026,82,M,8212
2026,82,F,9322
2026,83,M,7956
2026,83,F,9219
2026,84,M,7672
2026,84,F,9073
2026,85,M,7382
2026,85,F,8903
2026,86,M,7024
2026,86,F,8633
2026,87,M,6620
2026,87,F,8288
2026,88,M,6186
2026,88,F,7882
2026,89,M,5734
2026,89,F,7424
2026,90,M,5268
2026,90,F,6919
2026,91,M,4800
2026,91,F,6390
2026,92,M,4338
2026,92,F,5844
2026,93,M,3876
2026,93,F,5267
2026,94,M,3414
2026,94,F,4649
2026,95,M,2960
2026,95,F,4016
2026,96,M,2527
2026,96,F,3408
2026,97,M,2124
2026,97,F,2855
2026,98,M,1752
2026,98,F,2348
2026,99,M,1422
2026,99,F,1887
2026,100,M,1110
2026,100,F,1445
2026,101,M,846
2026,101,F,1080
2026,102,M,625
2026,102,F,783
2026,103,M,448
2026,103,F,548
2026,104,M,314
2026,104,F,369
2026,105,M,216
2026,105,F,241
2026,106,M,148
2026,106,F,156
2026,107,M,100
2026,107,F,101
2026,108,M,67
2026,108,F,64
2026,109,M,44
2026,109,F,40
2027,0,M,11416
2027,0,F,8938
2027,1,M,1284
2027,1,F,1066
2027,2,M,462
2027,2,F,426
2027,3,M,271
2027,3,F,277
2027,4,M,209
2027,4,F,216
2027,5,M,183
2027,5,F,184
2027,6,M,174
2027,6,F,167
2027,7,M,173
2027,7,F,158
2027,8,M,180
2027,8,F,158
2027,9,M,196
2027,9,F,168
2027,10,M,226
2027,10,F,186
2027,11,M,279
2027,11,F,216
2027,12,M,365
2027,12,F,256
2027,13,M,488
2027,13,F,302
2027,14,M,654
2027,14,F,353
2027,15,M,870
2027,15,F,409
2027,16,M,1140
2027,16,F,469
2027,17,M,1455
2027,17,F,530
2027,18,M,1800
2027,18,F,587
2027,19,M,2158
2027,19,F,640
2027,20,M,2513
2027,20,F,687
2027,21,M,2856
2027,21,F,731
2027,22,M,3190
2027,22,F,772
2027,23,M,3512
2027,23,F,813
2027,24,M,3822
2027,24,F,853
2027,25,M,4121
2027,25,F,895
2027,26,M,4398
2027,26,F,936
2027,27,M,4620
2027,27,F,972
2027,28,M,4767
2027,28,F,1000
2027,29,M,4848
2027,29,F,1021
2027,30,M,4917
2027,30,F,1046
2027,31,M,4993
2027,31,F,1080
2027,32,M,5064
2027,32,F,1120
2027,33,M,5112
2027,33,F,1163
2027,34,M,5127
2027,34,F,1207
2027,35,M,5107
2027,35,F,1250
2027,36,M,5049
2027,36,F,1291
2027,37,M,4944
2027,37,F,1327
2027,38,M,4827
2027,38,F,1365
2027,39,M,4726
2027,39,F,1413
2027,40,M,4634
2027,40,F,1470
2027,41,M,4545
2027,41,F,1535
2027,42,M,4458
2027,42,F,1609
2027,43,M,4364
2027,43,F,1687
2027,44,M,4269
2027,44,F,1771
2027,45,M,4195
2027,45,F,1863
2027,46,M,4153
2027,46,F,1965
2027,47,M,4160
2027,47,F,2084
2027,48,M,4218
2027,48,F,2221
2027,49,M,4327
2027,49,F,2378
2027,50,M,4488
2027,50,F,2561
2027,51,M,4700
2027,51,F,2770
2027,52,M,4940
2027,52,F,2997
2027,53,M,5178
2027,53,F,3223
2027,54,M,5408
2027,54,F,3448
2027,55,M,5628
2027,55,F,3670
2027,56,M,5847
2027,56,F,3896
2027,57,M,6065
2027,57,F,4128
2027,58,M,6287
2027,58,F,4367
2027,59,M,6521
2027,59,F,4622
2027,60,M,6756
2027,60,F,4887
2027,61,M,7002
2027,61,F,5169
2027,62,M,7263
2027,62,F,5472
2027,63,M,7521
2027,63,F,5784
2027,64,M,7743
2027,64,F,6078
2027,65,M,7946
2027,65,F,6368
2027,66,M,8135
2027,66,F,6658
2027,67,M,8306
2027,67,F,6942
2027,68,M,8439
2027,68,F,7199
2027,69,M,8547
2027,69,F,7447
2027,70,M,8633
2027,70,F,7685
2027,71,M,8732
2027,71,F,7940
2027,72,M,8802
2027,72,F,8177
2027,73,M,8809
2027,73,F,8355
2027,74,M,8697
2027,74,F,8432
2027,75,M,8642
2027,75,F,8544
2027,76,M,8590
2027,76,F,8661
2027,77,M,8591
2027,77,F,8827
2027,78,M,8665
2027,78,F,9082
2027,79,M,8686
2027,79,F,9285
2027,80,M,8655
2027,80,F,9433
2027,81,M,8572
2027,81,F,9523
2027,82,M,8435
2027,82,F,9553
2027,83,M,8242
2027,83,F,9518
2027,84,M,7942
2027,84,F,9358
2027,85,M,7614
2027,85,F,9150
2027,86,M,7280
2027,86,F,8915
2027,87,M,6881
2027,87,F,8577
2027,88,M,6438
2027,88,F,8165
2027,89,M,5969
2027,89,F,7693
2027,90,M,5486
2027,90,F,7173
2027,91,M,4996
2027,91,F,6618
2027,92,M,4509
2027,92,F,6038
2027,93,M,4032
2027,93,F,5450
2027,94,M,3563
2027,94,F,4842
2027,95,M,3100
2027,95,F,4209
2027,96,M,2654
2027,96,F,3575
2027,97,M,2234
2027,97,F,2979
2027,98,M,1851
2027,98,F,2447
2027,99,M,1503
2027,99,F,1970
2027,100,M,1199
2027,100,F,1547
2027,101,M,920
2027,101,F,1156
2027,102,M,687
2027,102,F,841
2027,103,M,498
2027,103,F,593
2027,104,M,349
2027,104,F,402
2027,105,M,239
2027,105,F,263
2027,106,M,161
2027,106,F,166
2027,107,M,107
2027,107,F,103
2027,108,M,71
2027,108,F,64
2027,109,M,47
2027,109,F,40
2028,0,M,10883
2028,0,F,8515
2028,1,M,1200
2028,1,F,997
2028,2,M,428
2028,2,F,394
2028,3,M,251
2028,3,F,257
2028,4,M,194
2028,4,F,202
2028,5,M,171
2028,5,F,172
2028,6,M,162
2028,6,F,156
2028,7,M,164
2028,7,F,150
2028,8,M,171
2028,8,F,151
2028,9,M,187
2028,9,F,160
2028,10,M,217
2028,10,F,179
2028,11,M,267
2028,11,F,206
2028,12,M,348
2028,12,F,244
2028,13,M,471
2028,13,F,291
2028,14,M,636
2028,14,F,342
2028,15,M,848
2028,15,F,396
2028,16,M,1110
2028,16,F,453
2028,17,M,1424
2028,17,F,513
2028,18,M,1774
2028,18,F,571
2028,19,M,2144
2028,19,F,626
2028,20,M,2513
2028,20,F,674
2028,21,M,2865
2028,21,F,717
2028,22,M,3195
2028,22,F,757
2028,23,M,3506
2028,23,F,794
2028,24,M,3801
2028,24,F,831
2028,25,M,4079
2028,25,F,868
2028,26,M,4344
2028,26,F,907
2028,27,M,4586
2028,27,F,946
2028,28,M,4771
2028,28,F,981
2028,29,M,4882
2028,29,F,1008
2028,30,M,4929
2028,30,F,1029
2028,31,M,4968
2028,31,F,1054
2028,32,M,5018
2028,32,F,1089
2028,33,M,5068
2028,33,F,1132
2028,34,M,5098
2028,34,F,1177
2028,35,M,5100
2028,35,F,1224
2028,36,M,5072
2028,36,F,1271
2028,37,M,5008
2028,37,F,1317
2028,38,M,4903
2028,38,F,1358
2028,39,M,4789
2028,39,F,1402
2028,40,M,4693
2028,40,F,1456
2028,41,M,4609
2028,41,F,1520
2028,42,M,4530
2028,42,F,1593
2028,43,M,4456
2028,43,F,1675
2028,44,M,4375
2028,44,F,1763
2028,45,M,4294
2028,45,F,1855
2028,46,M,4234
2028,46,F,1958
2028,47,M,4207
2028,47,F,2071
2028,48,M,4230
2028,48,F,2201
2028,49,M,4305
2028,49,F,2351
2028,50,M,4432
2028,50,F,2523
2028,51,M,4614
2028,51,F,2722
2028,52,M,4847
2028,52,F,2948
2028,53,M,5111
2028,53,F,3194
2028,54,M,5371
2028,54,F,3440
2028,55,M,5625
2028,55,F,3683
2028,56,M,5867
2028,56,F,3924
2028,57,M,6107
2028,57,F,4168
2028,58,M,6344
2028,58,F,4418
2028,59,M,6585
2028,59,F,4676
2028,60,M,6837
2028,60,F,4950
2028,61,M,7089
2028,61,F,5233
2028,62,M,7351
2028,62,F,5534
2028,63,M,7627
2028,63,F,5857
2028,64,M,7898
2028,64,F,6189
2028,65,M,8129
2028,65,F,6500
2028,66,M,8338
2028,66,F,6805
2028,67,M,8531
2028,67,F,7110
2028,68,M,8702
2028,68,F,7405
2028,69,M,8830
2028,69,F,7671
2028,70,M,8932
2028,70,F,7924
2028,71,M,9008
2028,71,F,8165
2028,72,M,9094
2028,72,F,8421
2028,73,M,9148
2028,73,F,8656
2028,74,M,9135
2028,74,F,8825
2028,75,M,8997
2028,75,F,8885
2028,76,M,8914
2028,76,F,8979
2028,77,M,8835
2028,77,F,9075
2028,78,M,8806
2028,78,F,9219
2028,79,M,8851
2028,79,F,9450
2028,80,M,8838
2028,80,F,9623
2028,81,M,8769
2028,81,F,9733
2028,82,M,8645
2028,82,F,9778
2028,83,M,8464
2028,83,F,9756
2028,84,M,8227
2028,84,F,9664
2028,85,M,7882
2028,85,F,9440
2028,86,M,7510
2028,86,F,9165
2028,87,M,7132
2028,87,F,8861
2028,88,M,6692
2028,88,F,8454
2028,89,M,6213
2028,89,F,7973
2028,90,M,5712
2028,90,F,7437
2028,91,M,5205
2028,91,F,6865
2028,92,M,4695
2028,92,F,6258
2028,93,M,4193
2028,93,F,5636
2028,94,M,3709
2028,94,F,5015
2028,95,M,3238
2028,95,F,4388
2028,96,M,2782
2028,96,F,3751
2028,97,M,2349
2028,97,F,3129
2028,98,M,1949
2028,98,F,2557
2028,99,M,1590
2028,99,F,2057
2028,100,M,1269
2028,100,F,1618
2028,101,M,995
2028,101,F,1240
2028,102,M,749
2028,102,F,903
2028,103,M,549
2028,103,F,638
2028,104,M,389
2028,104,F,436
2028,105,M,267
2028,105,F,287
2028,106,M,178
2028,106,F,181
2028,107,M,117
2028,107,F,110
2028,108,M,76
2028,108,F,66
2028,109,M,49
2028,109,F,40
2029,0,M,10381
2029,0,F,8117
2029,1,M,1123
2029,1,F,934
2029,2,M,397
2029,2,F,366
2029,3,M,233
2029,3,F,239
2029,4,M,181
2029,4,F,188
2029,5,M,160
2029,5,F,161
2029,6,M,153
2029,6,F,147
2029,7,M,154
2029,7,F,141
2029,8,M,163
2029,8,F,143
2029,9,M,179
2029,9,F,153
2029,10,M,208
2029,10,F,172
2029,11,M,258
2029,11,F,199
2029,12,M,334
2029,12,F,233
2029,13,M,451
2029,13,F,278
2029,14,M,617
2029,14,F,330
2029,15,M,828
2029,15,F,385
2029,16,M,1086
2029,16,F,440
2029,17,M,1390
2029,17,F,496
2029,18,M,1739
2029,18,F,554
2029,19,M,2116
2029,19,F,609
2029,20,M,2499
2029,20,F,660
2029,21,M,2867
2029,21,F,705
2029,22,M,3205
2029,22,F,743
2029,23,M,3512
2029,23,F,779
2029,24,M,3794
2029,24,F,813
2029,25,M,4055
2029,25,F,847
2029,26,M,4298
2029,26,F,881
2029,27,M,4527
2029,27,F,918
2029,28,M,4732
2029,28,F,956
2029,29,M,4881
2029,29,F,990
2029,30,M,4958
2029,30,F,1016
2029,31,M,4975
2029,31,F,1037
2029,32,M,4988
2029,32,F,1064
2029,33,M,5016
2029,33,F,1101
2029,34,M,5048
2029,34,F,1146
2029,35,M,5065
2029,35,F,1195
2029,36,M,5059
2029,36,F,1246
2029,37,M,5025
2029,37,F,1298
2029,38,M,4961
2029,38,F,1349
2029,39,M,4859
2029,39,F,1396
2029,40,M,4751
2029,40,F,1447
2029,41,M,4664
2029,41,F,1508
2029,42,M,4591
2029,42,F,1580
2029,43,M,4524
2029,43,F,1661
2029,44,M,4463
2029,44,F,1752
2029,45,M,4397
2029,45,F,1849
2029,46,M,4331
2029,46,F,1952
2029,47,M,4287
2029,47,F,2065
2029,48,M,4276
2029,48,F,2190
2029,49,M,4316
2029,49,F,2333
2029,50,M,4408
2029,50,F,2497
2029,51,M,4555
2029,51,F,2684
2029,52,M,4758
2029,52,F,2900
2029,53,M,5014
2029,53,F,3146
2029,54,M,5302
2029,54,F,3412
2029,55,M,5587
2029,55,F,3678
2029,56,M,5863
2029,56,F,3942
2029,57,M,6128
2029,57,F,4202
2029,58,M,6389
2029,58,F,4465
2029,59,M,6646
2029,59,F,4735
2029,60,M,6907
2029,60,F,5012
2029,61,M,7176
2029,61,F,5305
2029,62,M,7445
2029,62,F,5609
2029,63,M,7721
2029,63,F,5930
2029,64,M,8012
2029,64,F,6273
2029,65,M,8294
2029,65,F,6625
2029,66,M,8533
2029,66,F,6953
2029,67,M,8746
2029,67,F,7273
2029,68,M,8940
2029,68,F,7591
2029,69,M,9109
2029,69,F,7898
2029,70,M,9231
2029,70,F,8170
2029,71,M,9322
2029,71,F,8427
2029,72,M,9385
2029,72,F,8668
2029,73,M,9456
2029,73,F,8923
2029,74,M,9491
2029,74,F,9152
2029,75,M,9454
2029,75,F,9308
2029,76,M,9286
2029,76,F,9346
2029,77,M,9173
2029,77,F,9417
2029,78,M,9062
2029,78,F,9487
2029,79,M,9000
2029,79,F,9602
2029,80,M,9011
2029,80,F,9804
2029,81,M,8960
2029,81,F,9939
2029,82,M,8850
2029,82,F,10004
2029,83,M,8682
2029,83,F,9997
2029,84,M,8456
2029,84,F,9917
2029,85,M,8172
2029,85,F,9761
2029,86,M,7781
2029,86,F,9468
2029,87,M,7365
2029,87,F,9121
2029,88,M,6945
2029,88,F,8745
2029,89,M,6467
2029,89,F,8267
2029,90,M,5954
2029,90,F,7719
2029,91,M,5428
2029,91,F,7129
2029,92,M,4899
2029,92,F,6503
2029,93,M,4374
2029,93,F,5852
2029,94,M,3864
2029,94,F,5196
2029,95,M,3377
2029,95,F,4553
2029,96,M,2912
2029,96,F,3919
2029,97,M,2468
2029,97,F,3290
2029,98,M,2054
2029,98,F,2691
2029,99,M,1678
2029,99,F,2154
2029,100,M,1346
2029,100,F,1693
2029,101,M,1056
2029,101,F,1300
2029,102,M,813
2029,102,F,971
2029,103,M,599
2029,103,F,687
2029,104,M,430
2029,104,F,471
2029,105,M,298
2029,105,F,312
2029,106,M,199
2029,106,F,198
2029,107,M,130
2029,107,F,120
2029,108,M,83
2029,108,F,70
2029,109,M,53
2029,109,F,41
2030,0,M,9885
2030,0,F,7724
2030,1,M,1049
2030,1,F,874
2030,2,M,368
2030,2,F,338
2030,3,M,216
2030,3,F,222
2030,4,M,168
2030,4,F,175
2030,5,M,149
2030,5,F,151
2030,6,M,143
2030,6,F,138
2030,7,M,145
2030,7,F,133
2030,8,M,153
2030,8,F,135
2030,9,M,171
2030,9,F,146
2030,10,M,200
2030,10,F,165
2030,11,M,248
2030,11,F,192
2030,12,M,324
2030,12,F,227
2030,13,M,434
2030,13,F,267
2030,14,M,593
2030,14,F,316
2030,15,M,805
2030,15,F,372
2030,16,M,1063
2030,16,F,427
2030,17,M,1362
2030,17,F,481
2030,18,M,1701
2030,18,F,535
2030,19,M,2077
2030,19,F,591
2030,20,M,2468
2030,20,F,643
2030,21,M,2852
2030,21,F,690
2030,22,M,3208
2030,22,F,730
2030,23,M,3523
2030,23,F,765
2030,24,M,3799
2030,24,F,797
2030,25,M,4046
2030,25,F,828
2030,26,M,4270
2030,26,F,859
2030,27,M,4475
2030,27,F,891
2030,28,M,4667
2030,28,F,927
2030,29,M,4836
2030,29,F,964
2030,30,M,4952
2030,30,F,997
2030,31,M,4998
2030,31,F,1024
2030,32,M,4988
2030,32,F,1047
2030,33,M,4979
2030,33,F,1075
2030,34,M,4990
2030,34,F,1115
2030,35,M,5009
2030,35,F,1163
2030,36,M,5017
2030,36,F,1216
2030,37,M,5005
2030,37,F,1272
2030,38,M,4971
2030,38,F,1329
2030,39,M,4910
2030,39,F,1386
2030,40,M,4814
2030,40,F,1440
2030,41,M,4715
2030,41,F,1497
2030,42,M,4639
2030,42,F,1566
2030,43,M,4579
2030,43,F,1646
2030,44,M,4527
2030,44,F,1736
2030,45,M,4481
2030,45,F,1838
2030,46,M,4431
2030,46,F,1945
2030,47,M,4381
2030,47,F,2059
2030,48,M,4353
2030,48,F,2184
2030,49,M,4359
2030,49,F,2321
2030,50,M,4416
2030,50,F,2478
2030,51,M,4527
2030,51,F,2656
2030,52,M,4693
2030,52,F,2860
2030,53,M,4918
2030,53,F,3094
2030,54,M,5198
2030,54,F,3361
2030,55,M,5511
2030,55,F,3649
2030,56,M,5820
2030,56,F,3936
2030,57,M,6121
2030,57,F,4221
2030,58,M,6408
2030,58,F,4501
2030,59,M,6691
2030,59,F,4785
2030,60,M,6967
2030,60,F,5075
2030,61,M,7246
2030,61,F,5372
2030,62,M,7533
2030,62,F,5686
2030,63,M,7817
2030,63,F,6009
2030,64,M,8108
2030,64,F,6351
2030,65,M,8411
2030,65,F,6715
2030,66,M,8704
2030,66,F,7087
2030,67,M,8948
2030,67,F,7431
2030,68,M,9163
2030,68,F,7766
2030,69,M,9356
2030,69,F,8097
2030,70,M,9521
2030,70,F,8412
2030,71,M,9633
2030,71,F,8689
2030,72,M,9711
2030,72,F,8947
2030,73,M,9757
2030,73,F,9185
2030,74,M,9809
2030,74,F,9435
2030,75,M,9821
2030,75,F,9655
2030,76,M,9757
2030,76,F,9794
2030,77,M,9554
2030,77,F,9805
2030,78,M,9408
2030,78,F,9847
2030,79,M,9261
2030,79,F,9884
2030,80,M,9163
2030,80,F,9965
2030,81,M,9137
2030,81,F,10130
2030,82,M,9044
2030,82,F,10220
2030,83,M,8890
2030,83,F,10233
2030,84,M,8676
2030,84,F,10167
2030,85,M,8403
2030,85,F,10022
2030,86,M,8071
2030,86,F,9795
2030,87,M,7635
2030,87,F,9429
2030,88,M,7175
2030,88,F,9009
2030,89,M,6715
2030,89,F,8558
2030,90,M,6201
2030,90,F,8010
2030,91,M,5662
2030,91,F,7406
2030,92,M,5113
2030,92,F,6759
2030,93,M,4569
2030,93,F,6087
2030,94,M,4035
2030,94,F,5401
2030,95,M,3523
2030,95,F,4724
2030,96,M,3041
2030,96,F,4072
2030,97,M,2587
2030,97,F,3442
2030,98,M,2161
2030,98,F,2834
2030,99,M,1772
2030,99,F,2271
2030,100,M,1424
2030,100,F,1777
2030,101,M,1123
2030,101,F,1363
2030,102,M,864
2030,102,F,1020
2030,103,M,652
2030,103,F,740
2030,104,M,471
2030,104,F,508
2030,105,M,330
2030,105,F,337
2030,106,M,223
2030,106,F,216
2030,107,M,146
2030,107,F,132
2030,108,M,92
2030,108,F,77
2030,109,M,58
2030,109,F,44
2031,0,M,9412
2031,0,F,7350
2031,1,M,981
2031,1,F,817
2031,2,M,341
2031,2,F,313
2031,3,M,201
2031,3,F,207
2031,4,M,156
2031,4,F,164
2031,5,M,139
2031,5,F,141
2031,6,M,134
2031,6,F,129
2031,7,M,136
2031,7,F,125
2031,8,M,145
2031,8,F,128
2031,9,M,162
2031,9,F,139
2031,10,M,192
2031,10,F,158
2031,11,M,239
2031,11,F,185
2031,12,M,313
2031,12,F,219
2031,13,M,423
2031,13,F,260
2031,14,M,573
2031,14,F,305
2031,15,M,776
2031,15,F,357
2031,16,M,1036
2031,16,F,414
2031,17,M,1336
2031,17,F,468
2031,18,M,1669
2031,18,F,520
2031,19,M,2033
2031,19,F,572
2031,20,M,2424
2031,20,F,624
2031,21,M,2818
2031,21,F,672
2031,22,M,3193
2031,22,F,716
2031,23,M,3526
2031,23,F,752
2031,24,M,3811
2031,24,F,783
2031,25,M,4050
2031,25,F,812
2031,26,M,4258
2031,26,F,840
2031,27,M,4443
2031,27,F,869
2031,28,M,4610
2031,28,F,900
2031,29,M,4766
2031,29,F,935
2031,30,M,4902
2031,30,F,972
2031,31,M,4988
2031,31,F,1006
2031,32,M,5007
2031,32,F,1034
2031,33,M,4975
2031,33,F,1058
2031,34,M,4949
2031,34,F,1089
2031,35,M,4947
2031,35,F,1132
2031,36,M,4957
2031,36,F,1184
2031,37,M,4960
2031,37,F,1242
2031,38,M,4947
2031,38,F,1304
2031,39,M,4915
2031,39,F,1367
2031,40,M,4861
2031,40,F,1431
2031,41,M,4774
2031,41,F,1491
2031,42,M,4687
2031,42,F,1556
2031,43,M,4624
2031,43,F,1633
2031,44,M,4579
2031,44,F,1723
2031,45,M,4542
2031,45,F,1823
2031,46,M,4513
2031,46,F,1935
2031,47,M,4480
2031,47,F,2053
2031,48,M,4447
2031,48,F,2179
2031,49,M,4436
2031,49,F,2316
2031,50,M,4459
2031,50,F,2466
2031,51,M,4535
2031,51,F,2638
2031,52,M,4665
2031,52,F,2832
2031,53,M,4852
2031,53,F,3054
2031,54,M,5099
2031,54,F,3308
2031,55,M,5404
2031,55,F,3596
2031,56,M,5743
2031,56,F,3908
2031,57,M,6077
2031,57,F,4218
2031,58,M,6402
2031,58,F,4525
2031,59,M,6712
2031,59,F,4828
2031,60,M,7015
2031,60,F,5133
2031,61,M,7312
2031,61,F,5443
2031,62,M,7609
2031,62,F,5762
2031,63,M,7912
2031,63,F,6097
2031,64,M,8210
2031,64,F,6441
2031,65,M,8514
2031,65,F,6803
2031,66,M,8828
2031,66,F,7189
2031,67,M,9130
2031,67,F,7580
2031,68,M,9378
2031,68,F,7941
2031,69,M,9593
2031,69,F,8289
2031,70,M,9782
2031,70,F,8630
2031,71,M,9938
2031,71,F,8953
2031,72,M,10038
2031,72,F,9232
2031,73,M,10100
2031,73,F,9488
2031,74,M,10125
2031,74,F,9720
2031,75,M,10154
2031,75,F,9961
2031,76,M,10140
2031,76,F,10166
2031,77,M,10044
2031,77,F,10282
2031,78,M,9804
2031,78,F,10261
2031,79,M,9621
2031,79,F,10268
2031,80,M,9435
2031,80,F,10266
2031,81,M,9297
2031,81,F,10305
2031,82,M,9229
2031,82,F,10426
2031,83,M,9092
2031,83,F,10465
2031,84,M,8891
2031,84,F,10418
2031,85,M,8628
2031,85,F,10285
2031,86,M,8306
2031,86,F,10068
2031,87,M,7926
2031,87,F,9767
2031,88,M,7446
2031,88,F,9324
2031,89,M,6945
2031,89,F,8828
2031,90,M,6447
2031,90,F,8304
2031,91,M,5905
2031,91,F,7697
2031,92,M,5341
2031,92,F,7033
2031,93,M,4775
2031,93,F,6338
2031,94,M,4221
2031,94,F,5628
2031,95,M,3685
2031,95,F,4919
2031,96,M,3178
2031,96,F,4232
2031,97,M,2707
2031,97,F,3584
2031,98,M,2271
2031,98,F,2972
2031,99,M,1869
2031,99,F,2397
2031,100,M,1507
2031,100,F,1878
2031,101,M,1190
2031,101,F,1434
2031,102,M,921
2031,102,F,1072
2031,103,M,696
2031,103,F,780
2031,104,M,514
2031,104,F,549
2031,105,M,363
2031,105,F,365
2031,106,M,249
2031,106,F,234
2031,107,M,164
2031,107,F,144
2031,108,M,104
2031,108,F,85
2031,109,M,66
2031,109,F,48
2032,0,M,8951
2032,0,F,6985
2032,1,M,915
2032,1,F,764
2032,2,M,316
2032,2,F,290
2032,3,M,186
2032,3,F,192
2032,4,M,145
2032,4,F,152
2032,5,M,130
2032,5,F,132
2032,6,M,126
2032,6,F,121
2032,7,M,128
2032,7,F,118
2032,8,M,137
2032,8,F,121
2032,9,M,153
2032,9,F,132
2032,10,M,182
2032,10,F,150
2032,11,M,231
2032,11,F,178
2032,12,M,303
2032,12,F,212
2032,13,M,411
2032,13,F,253
2032,14,M,560
2032,14,F,298
2032,15,M,752
2032,15,F,345
2032,16,M,1001
2032,16,F,398
2032,17,M,1305
2032,17,F,454
2032,18,M,1640
2032,18,F,506
2032,19,M,1998
2032,19,F,556
2032,20,M,2375
2032,20,F,604
2032,21,M,2770
2032,21,F,652
2032,22,M,3156
2032,22,F,697
2032,23,M,3511
2032,23,F,737
2032,24,M,3814
2032,24,F,770
2032,25,M,4062
2032,25,F,798
2032,26,M,4262
2032,26,F,824
2032,27,M,4430
2032,27,F,850
2032,28,M,4575
2032,28,F,878
2032,29,M,4706
2032,29,F,908
2032,30,M,4828
2032,30,F,942
2032,31,M,4934
2032,31,F,980
2032,32,M,4992
2032,32,F,1015
2032,33,M,4990
2032,33,F,1045
2032,34,M,4940
2032,34,F,1072
2032,35,M,4901
2032,35,F,1106
2032,36,M,4890
2032,36,F,1152
2032,37,M,4895
2032,37,F,1209
2032,38,M,4897
2032,38,F,1273
2032,39,M,4887
2032,39,F,1340
2032,40,M,4862
2032,40,F,1411
2032,41,M,4816
2032,41,F,1482
2032,42,M,4741
2032,42,F,1550
2032,43,M,4668
2032,43,F,1623
2032,44,M,4621
2032,44,F,1709
2032,45,M,4591
2032,45,F,1808
2032,46,M,4572
2032,46,F,1919
2032,47,M,4561
2032,47,F,2042
2032,48,M,4545
2032,48,F,2173
2032,49,M,4530
2032,49,F,2311
2032,50,M,4536
2032,50,F,2461
2032,51,M,4577
2032,51,F,2626
2032,52,M,4671
2032,52,F,2813
2032,53,M,4820
2032,53,F,3024
2032,54,M,5029
2032,54,F,3265
2032,55,M,5299
2032,55,F,3540
2032,56,M,5629
2032,56,F,3852
2032,57,M,5995
2032,57,F,4188
2032,58,M,6355
2032,58,F,4523
2032,59,M,6704
2032,59,F,4854
2032,60,M,7037
2032,60,F,5179
2032,61,M,7361
2032,61,F,5507
2032,62,M,7677
2032,62,F,5839
2032,63,M,7991
2032,63,F,6179
2032,64,M,8310
2032,64,F,6536
2032,65,M,8621
2032,65,F,6901
2032,66,M,8936
2032,66,F,7284
2032,67,M,9260
2032,67,F,7691
2032,68,M,9568
2032,68,F,8101
2032,69,M,9817
2032,69,F,8477
2032,70,M,10029
2032,70,F,8838
2032,71,M,10211
2032,71,F,9188
2032,72,M,10357
2032,72,F,9515
2032,73,M,10441
2032,73,F,9793
2032,74,M,10482
2032,74,F,10044
2032,75,M,10482
2032,75,F,10265
2032,76,M,10485
2032,76,F,10492
2032,77,M,10440
2032,77,F,10677
2032,78,M,10308
2032,78,F,10764
2032,79,M,10028
2032,79,F,10704
2032,80,M,9803
2032,80,F,10670
2032,81,M,9575
2032,81,F,10623
2032,82,M,9394
2032,82,F,10613
2032,83,M,9281
2032,83,F,10682
2032,84,M,9096
2032,84,F,10660
2032,85,M,8846
2032,85,F,10546
2032,86,M,8534
2032,86,F,10341
2032,87,M,8162
2032,87,F,10047
2032,88,M,7736
2032,88,F,9666
2032,89,M,7212
2032,89,F,9145
2032,90,M,6674
2032,90,F,8574
2032,91,M,6145
2032,91,F,7988
2032,92,M,5576
2032,92,F,7318
2032,93,M,4994
2032,93,F,6603
2032,94,M,4418
2032,94,F,5868
2032,95,M,3861
2032,95,F,5134
2032,96,M,3329
2032,96,F,4415
2032,97,M,2834
2032,97,F,3732
2032,98,M,2380
2032,98,F,3100
2032,99,M,1967
2032,99,F,2518
2032,100,M,1593
2032,100,F,1986
2032,101,M,1263
2032,101,F,1519
2032,102,M,979
2032,102,F,1130
2032,103,M,744
2032,103,F,822
2032,104,M,550
2032,104,F,580
2032,105,M,397
2032,105,F,396
2032,106,M,274
2032,106,F,254
2032,107,M,183
2032,107,F,157
2032,108,M,118
2032,108,F,93
2032,109,M,74
2032,109,F,54
2033,0,M,8512
2033,0,F,6639
2033,1,M,855
2033,1,F,714
2033,2,M,293
2033,2,F,268
2033,3,M,172
2033,3,F,178
2033,4,M,135
2033,4,F,142
2033,5,M,121
2033,5,F,124
2033,6,M,118
2033,6,F,114
2033,7,M,121
2033,7,F,111
2033,8,M,130
2033,8,F,115
2033,9,M,146
2033,9,F,125
2033,10,M,174
2033,10,F,144
2033,11,M,219
2033,11,F,170
2033,12,M,294
2033,12,F,205
2033,13,M,399
2033,13,F,245
2033,14,M,546
2033,14,F,290
2033,15,M,738
2033,15,F,337
2033,16,M,973
2033,16,F,385
2033,17,M,1264
2033,17,F,437
2033,18,M,1605
2033,18,F,492
2033,19,M,1966
2033,19,F,541
2033,20,M,2337
2033,20,F,587
2033,21,M,2717
2033,21,F,632
2033,22,M,3104
2033,22,F,677
2033,23,M,3472
2033,23,F,718
2033,24,M,3798
2033,24,F,754
2033,25,M,4066
2033,25,F,784
2033,26,M,4273
2033,26,F,810
2033,27,M,4432
2033,27,F,834
2033,28,M,4560
2033,28,F,858
2033,29,M,4668
2033,29,F,885
2033,30,M,4764
2033,30,F,915
2033,31,M,4857
2033,31,F,950
2033,32,M,4936
2033,32,F,989
2033,33,M,4972
2033,33,F,1026
2033,34,M,4952
2033,34,F,1059
2033,35,M,4889
2033,35,F,1088
2033,36,M,4842
2033,36,F,1126
2033,37,M,4827
2033,37,F,1177
2033,38,M,4831
2033,38,F,1240
2033,39,M,4835
2033,39,F,1309
2033,40,M,4831
2033,40,F,1384
2033,41,M,4815
2033,41,F,1462
2033,42,M,4781
2033,42,F,1541
2033,43,M,4720
2033,43,F,1618
2033,44,M,4662
2033,44,F,1700
2033,45,M,4632
2033,45,F,1795
2033,46,M,4620
2033,46,F,1905
2033,47,M,4619
2033,47,F,2027
2033,48,M,4626
2033,48,F,2163
2033,49,M,4629
2033,49,F,2307
2033,50,M,4632
2033,50,F,2458
2033,51,M,4656
2033,51,F,2622
2033,52,M,4714
2033,52,F,2802
2033,53,M,4827
2033,53,F,3006
2033,54,M,4997
2033,54,F,3236
2033,55,M,5227
2033,55,F,3497
2033,56,M,5521
2033,56,F,3794
2033,57,M,5878
2033,57,F,4131
2033,58,M,6270
2033,58,F,4494
2033,59,M,6657
2033,59,F,4855
2033,60,M,7031
2033,60,F,5210
2033,61,M,7386
2033,61,F,5560
2033,62,M,7731
2033,62,F,5911
2033,63,M,8064
2033,63,F,6266
2033,64,M,8395
2033,64,F,6628
2033,65,M,8729
2033,65,F,7007
2033,66,M,9052
2033,66,F,7393
2033,67,M,9377
2033,67,F,7798
2033,68,M,9708
2033,68,F,8225
2033,69,M,10020
2033,69,F,8654
2033,70,M,10267
2033,70,F,9044
2033,71,M,10473
2033,71,F,9414
2033,72,M,10645
2033,72,F,9770
2033,73,M,10776
2033,73,F,10100
2033,74,M,10840
2033,74,F,10373
2033,75,M,10856
2033,75,F,10614
2033,76,M,10829
2033,76,F,10819
2033,77,M,10800
2033,77,F,11027
2033,78,M,10720
2033,78,F,11186
2033,79,M,10549
2033,79,F,11238
2033,80,M,10224
2033,80,F,11132
2033,81,M,9955
2033,81,F,11049
2033,82,M,9681
2033,82,F,10949
2033,83,M,9453
2033,83,F,10883
2033,84,M,9292
2033,84,F,10892
2033,85,M,9058
2033,85,F,10802
2033,86,M,8757
2033,86,F,10615
2033,87,M,8394
2033,87,F,10331
2033,88,M,7974
2033,88,F,9955
2033,89,M,7502
2033,89,F,9493
2033,90,M,6939
2033,90,F,8895
2033,91,M,6369
2033,91,F,8259
2033,92,M,5811
2033,92,F,7606
2033,93,M,5221
2033,93,F,6881
2033,94,M,4628
2033,94,F,6124
2033,95,M,4047
2033,95,F,5362
2033,96,M,3494
2033,96,F,4615
2033,97,M,2975
2033,97,F,3900
2033,98,M,2497
2033,98,F,3235
2033,99,M,2066
2033,99,F,2633
2033,100,M,1681
2033,100,F,2092
2033,101,M,1338
2033,101,F,1611
2033,102,M,1042
2033,102,F,1201
2033,103,M,793
2033,103,F,869
2033,104,M,590
2033,104,F,613
2033,105,M,427
2033,105,F,419
2033,106,M,301
2033,106,F,276
2033,107,M,203
2033,107,F,171
2033,108,M,132
2033,108,F,102
2033,109,M,84
2033,109,F,59
2034,0,M,8091
2034,0,F,6307
2034,1,M,798
2034,1,F,667
2034,2,M,271
2034,2,F,248
2034,3,M,160
2034,3,F,165
2034,4,M,126
2034,4,F,133
2034,5,M,113
2034,5,F,116
2034,6,M,111
2034,6,F,107
2034,7,M,114
2034,7,F,105
2034,8,M,122
2034,8,F,109
2034,9,M,138
2034,9,F,119
2034,10,M,165
2034,10,F,137
2034,11,M,210
2034,11,F,163
2034,12,M,281
2034,12,F,197
2034,13,M,388
2034,13,F,238
2034,14,M,532
2034,14,F,282
2034,15,M,721
2034,15,F,329
2034,16,M,958
2034,16,F,377
2034,17,M,1231
2034,17,F,423
2034,18,M,1557
2034,18,F,474
2034,19,M,1926
2034,19,F,526
2034,20,M,2302
2034,20,F,572
2034,21,M,2675
2034,21,F,615
2034,22,M,3046
2034,22,F,655
2034,23,M,3416
2034,23,F,697
2034,24,M,3756
2034,24,F,735
2034,25,M,4049
2034,25,F,768
2034,26,M,4277
2034,26,F,795
2034,27,M,4443
2034,27,F,819
2034,28,M,4561
2034,28,F,841
2034,29,M,4651
2034,29,F,865
2034,30,M,4725
2034,30,F,892
2034,31,M,4790
2034,31,F,922
2034,32,M,4856
2034,32,F,959
2034,33,M,4913
2034,33,F,1000
2034,34,M,4931
2034,34,F,1039
2034,35,M,4898
2034,35,F,1075
2034,36,M,4828
2034,36,F,1108
2034,37,M,4777
2034,37,F,1150
2034,38,M,4760
2034,38,F,1207
2034,39,M,4767
2034,39,F,1275
2034,40,M,4777
2034,40,F,1352
2034,41,M,4782
2034,41,F,1434
2034,42,M,4777
2034,42,F,1521
2034,43,M,4757
2034,43,F,1609
2034,44,M,4713
2034,44,F,1694
2034,45,M,4672
2034,45,F,1785
2034,46,M,4659
2034,46,F,1892
2034,47,M,4667
2034,47,F,2013
2034,48,M,4685
2034,48,F,2147
2034,49,M,4711
2034,49,F,2296
2034,50,M,4733
2034,50,F,2454
2034,51,M,4754
2034,51,F,2619
2034,52,M,4795
2034,52,F,2799
2034,53,M,4872
2034,53,F,2995
2034,54,M,5004
2034,54,F,3217
2034,55,M,5194
2034,55,F,3466
2034,56,M,5446
2034,56,F,3749
2034,57,M,5765
2034,57,F,4070
2034,58,M,6148
2034,58,F,4433
2034,59,M,6569
2034,59,F,4824
2034,60,M,6982
2034,60,F,5213
2034,61,M,7380
2034,61,F,5595
2034,62,M,7757
2034,62,F,5969
2034,63,M,8123
2034,63,F,6344
2034,64,M,8474
2034,64,F,6723
2034,65,M,8819
2034,65,F,7108
2034,66,M,9166
2034,66,F,7509
2034,67,M,9499
2034,67,F,7917
2034,68,M,9832
2034,68,F,8341
2034,69,M,10168
2034,69,F,8788
2034,70,M,10481
2034,70,F,9234
2034,71,M,10724
2034,71,F,9636
2034,72,M,10920
2034,72,F,10014
2034,73,M,11078
2034,73,F,10374
2034,74,M,11190
2034,74,F,10702
2034,75,M,11230
2034,75,F,10966
2034,76,M,11218
2034,76,F,11192
2034,77,M,11158
2034,77,F,11376
2034,78,M,11094
2034,78,F,11558
2034,79,M,10974
2034,79,F,11684
2034,80,M,10760
2034,80,F,11693
2034,81,M,10387
2034,81,F,11534
2034,82,M,10070
2034,82,F,11396
2034,83,M,9747
2034,83,F,11235
2034,84,M,9470
2034,84,F,11104
2034,85,M,9259
2034,85,F,11045
2034,86,M,8973
2034,86,F,10881
2034,87,M,8620
2034,87,F,10613
2034,88,M,8208
2034,88,F,10246
2034,89,M,7740
2034,89,F,9787
2034,90,M,7225
2034,90,F,9243
2034,91,M,6629
2034,91,F,8578
2034,92,M,6030
2034,92,F,7874
2034,93,M,5448
2034,93,F,7161
2034,94,M,4845
2034,94,F,6391
2034,95,M,4246
2034,95,F,5604
2034,96,M,3669
2034,96,F,4829
2034,97,M,3128
2034,97,F,4085
2034,98,M,2626
2034,98,F,3387
2034,99,M,2172
2034,99,F,2753
2034,100,M,1770
2034,100,F,2192
2034,101,M,1415
2034,101,F,1700
2034,102,M,1107
2034,102,F,1276
2034,103,M,846
2034,103,F,925
2034,104,M,630
2034,104,F,650
2034,105,M,459
2034,105,F,445
2034,106,M,325
2034,106,F,294
2034,107,M,224
2034,107,F,187
2034,108,M,147
2034,108,F,111
2034,109,M,95
2034,109,F,65
2035,0,M,7692
2035,0,F,5992
2035,1,M,745
2035,1,F,624
2035,2,M,251
2035,2,F,229
2035,3,M,148
2035,3,F,154
2035,4,M,117
2035,4,F,124
2035,5,M,106
2035,5,F,108
2035,6,M,104
2035,6,F,101
2035,7,M,107
2035,7,F,99
2035,8,M,116
2035,8,F,103
2035,9,M,131
2035,9,F,113
2035,10,M,157
2035,10,F,131
2035,11,M,201
2035,11,F,156
2035,12,M,270
2035,12,F,189
2035,13,M,372
2035,13,F,229
2035,14,M,520
2035,14,F,274
2035,15,M,706
2035,15,F,321
2035,16,M,938
2035,16,F,368
2035,17,M,1215
2035,17,F,415
2035,18,M,1520
2035,18,F,459
2035,19,M,1872
2035,19,F,507
2035,20,M,2258
2035,20,F,556
2035,21,M,2637
2035,21,F,599
2035,22,M,3001
2035,22,F,638
2035,23,M,3353
2035,23,F,675
2035,24,M,3697
2035,24,F,713
2035,25,M,4005
2035,25,F,748
2035,26,M,4259
2035,26,F,779
2035,27,M,4447
2035,27,F,804
2035,28,M,4572
2035,28,F,827
2035,29,M,4651
2035,29,F,848
2035,30,M,4706
2035,30,F,872
2035,31,M,4749
2035,31,F,899
2035,32,M,4789
2035,32,F,931
2035,33,M,4832
2035,33,F,969
2035,34,M,4871
2035,34,F,1012
2035,35,M,4876
2035,35,F,1055
2035,36,M,4835
2035,36,F,1095
2035,37,M,4761
2035,37,F,1132
2035,38,M,4709
2035,38,F,1180
2035,39,M,4696
2035,39,F,1242
2035,40,M,4708
2035,40,F,1317
2035,41,M,4727
2035,41,F,1402
2035,42,M,4743
2035,42,F,1492
2035,43,M,4753
2035,43,F,1588
2035,44,M,4749
2035,44,F,1685
2035,45,M,4722
2035,45,F,1781
2035,46,M,4700
2035,46,F,1882
2035,47,M,4706
2035,47,F,2000
2035,48,M,4733
2035,48,F,2133
2035,49,M,4771
2035,49,F,2281
2035,50,M,4817
2035,50,F,2444
2035,51,M,4858
2035,51,F,2616
2035,52,M,4897
2035,52,F,2797
2035,53,M,4957
2035,53,F,2994
2035,54,M,5052
2035,54,F,3207
2035,55,M,5203
2035,55,F,3448
2035,56,M,5414
2035,56,F,3718
2035,57,M,5689
2035,57,F,4023
2035,58,M,6033
2035,58,F,4370
2035,59,M,6443
2035,59,F,4762
2035,60,M,6892
2035,60,F,5182
2035,61,M,7331
2035,61,F,5600
2035,62,M,7755
2035,62,F,6010
2035,63,M,8153
2035,63,F,6410
2035,64,M,8538
2035,64,F,6810
2035,65,M,8905
2035,65,F,7213
2035,66,M,9264
2035,66,F,7620
2035,67,M,9622
2035,67,F,8044
2035,68,M,9964
2035,68,F,8473
2035,69,M,10301
2035,69,F,8917
2035,70,M,10640
2035,70,F,9383
2035,71,M,10951
2035,71,F,9845
2035,72,M,11186
2035,72,F,10257
2035,73,M,11369
2035,73,F,10639
2035,74,M,11509
2035,74,F,10999
2035,75,M,11598
2035,75,F,11320
2035,76,M,11609
2035,76,F,11570
2035,77,M,11564
2035,77,F,11775
2035,78,M,11467
2035,78,F,11931
2035,79,M,11363
2035,79,F,12081
2035,80,M,11200
2035,80,F,12166
2035,81,M,10938
2035,81,F,12125
2035,82,M,10514
2035,82,F,11905
2035,83,M,10147
2035,83,F,11703
2035,84,M,9773
2035,84,F,11473
2035,85,M,9444
2035,85,F,11271
2035,86,M,9180
2035,86,F,11137
2035,87,M,8841
2035,87,F,10891
2035,88,M,8437
2035,88,F,10538
2035,89,M,7975
2035,89,F,10085
2035,90,M,7463
2035,90,F,9541
2035,91,M,6911
2035,91,F,8926
2035,92,M,6285
2035,92,F,8190
2035,93,M,5662
2035,93,F,7425
2035,94,M,5063
2035,94,F,6662
2035,95,M,4453
2035,95,F,5859
2035,96,M,3857
2035,96,F,5056
2035,97,M,3291
2035,97,F,4282
2035,98,M,2767
2035,98,F,3555
2035,99,M,2290
2035,99,F,2889
2035,100,M,1865
2035,100,F,2297
2035,101,M,1494
2035,101,F,1786
2035,102,M,1174
2035,102,F,1351
2035,103,M,901
2035,103,F,987
2035,104,M,675
2035,104,F,695
2035,105,M,492
2035,105,F,473
2035,106,M,350
2035,106,F,313
2035,107,M,242
2035,107,F,199
2035,108,M,162
2035,108,F,122
2035,109,M,106
2035,109,F,71
2036,0,M,7310
2036,0,F,5692
2036,1,M,696
2036,1,F,583
2036,2,M,233
2036,2,F,212
2036,3,M,137
2036,3,F,143
2036,4,M,109
2036,4,F,115
2036,5,M,99
2036,5,F,102
2036,6,M,97
2036,6,F,95
2036,7,M,101
2036,7,F,93
2036,8,M,109
2036,8,F,97
2036,9,M,124
2036,9,F,108
2036,10,M,150
2036,10,F,125
2036,11,M,192
2036,11,F,150
2036,12,M,259
2036,12,F,182
2036,13,M,359
2036,13,F,221
2036,14,M,500
2036,14,F,264
2036,15,M,692
2036,15,F,313
2036,16,M,921
2036,16,F,359
2036,17,M,1193
2036,17,F,406
2036,18,M,1502
2036,18,F,451
2036,19,M,1830
2036,19,F,491
2036,20,M,2198
2036,20,F,536
2036,21,M,2590
2036,21,F,582
2036,22,M,2961
2036,22,F,622
2036,23,M,3306
2036,23,F,657
2036,24,M,3631
2036,24,F,691
2036,25,M,3943
2036,25,F,726
2036,26,M,4214
2036,26,F,759
2036,27,M,4429
2036,27,F,788
2036,28,M,4576
2036,28,F,812
2036,29,M,4662
2036,29,F,833
2036,30,M,4705
2036,30,F,855
2036,31,M,4729
2036,31,F,879
2036,32,M,4746
2036,32,F,907
2036,33,M,4764
2036,33,F,940
2036,34,M,4790
2036,34,F,981
2036,35,M,4815
2036,35,F,1028
2036,36,M,4812
2036,36,F,1074
2036,37,M,4766
2036,37,F,1118
2036,38,M,4692
2036,38,F,1161
2036,39,M,4644
2036,39,F,1214
2036,40,M,4637
2036,40,F,1283
2036,41,M,4658
2036,41,F,1366
2036,42,M,4688
2036,42,F,1459
2036,43,M,4718
2036,43,F,1559
2036,44,M,4744
2036,44,F,1664
2036,45,M,4758
2036,45,F,1772
2036,46,M,4750
2036,46,F,1878
2036,47,M,4747
2036,47,F,1991
2036,48,M,4773
2036,48,F,2120
2036,49,M,4820
2036,49,F,2267
2036,50,M,4879
2036,50,F,2428
2036,51,M,4945
2036,51,F,2607
2036,52,M,5005
2036,52,F,2795
2036,53,M,5063
2036,53,F,2993
2036,54,M,5141
2036,54,F,3206
2036,55,M,5253
2036,55,F,3438
2036,56,M,5424
2036,56,F,3699
2036,57,M,5656
2036,57,F,3992
2036,58,M,5954
2036,58,F,4321
2036,59,M,6324
2036,59,F,4696
2036,60,M,6762
2036,60,F,5117
2036,61,M,7239
2036,61,F,5569
2036,62,M,7705
2036,62,F,6017
2036,63,M,8153
2036,63,F,6455
2036,64,M,8572
2036,64,F,6883
2036,65,M,8975
2036,65,F,7309
2036,66,M,9357
2036,66,F,7736
2036,67,M,9728
2036,67,F,8166
2036,68,M,10096
2036,68,F,8612
2036,69,M,10443
2036,69,F,9061
2036,70,M,10783
2036,70,F,9524
2036,71,M,11121
2036,71,F,10006
2036,72,M,11427
2036,72,F,10482
2036,73,M,11650
2036,73,F,10901
2036,74,M,11815
2036,74,F,11284
2036,75,M,11933
2036,75,F,11639
2036,76,M,11995
2036,76,F,11949
2036,77,M,11973
2036,77,F,12179
2036,78,M,11890
2036,78,F,12356
2036,79,M,11750
2036,79,F,12478
2036,80,M,11602
2036,80,F,12587
2036,81,M,11391
2036,81,F,12623
2036,82,M,11078
2036,82,F,12523
2036,83,M,10600
2036,83,F,12234
2036,84,M,10180
2036,84,F,11960
2036,85,M,9753
2036,85,F,11655
2036,86,M,9371
2036,86,F,11374
2036,87,M,9053
2036,87,F,11157
2036,88,M,8662
2036,88,F,10825
2036,89,M,8207
2036,89,F,10384
2036,90,M,7699
2036,90,F,9843
2036,91,M,7147
2036,91,F,9226
2036,92,M,6560
2036,92,F,8533
2036,93,M,5909
2036,93,F,7734
2036,94,M,5270
2036,94,F,6919
2036,95,M,4661
2036,95,F,6118
2036,96,M,4052
2036,96,F,5296
2036,97,M,3465
2036,97,F,4493
2036,98,M,2917
2036,98,F,3735
2036,99,M,2418
2036,99,F,3039
2036,100,M,1971
2036,100,F,2416
2036,101,M,1579
2036,101,F,1877
2036,102,M,1243
2036,102,F,1423
2036,103,M,959
2036,103,F,1048
2036,104,M,721
2036,104,F,743
2036,105,M,529
2036,105,F,507
2036,106,M,377
2036,106,F,334
2036,107,M,262
2036,107,F,213
2036,108,M,176
2036,108,F,131
2036,109,M,118
2036,109,F,78
2037,0,M,6947
2037,0,F,5406
2037,1,M,651
2037,1,F,546
2037,2,M,215
2037,2,F,196
2037,3,M,127
2037,3,F,132
2037,4,M,101
2037,4,F,108
2037,5,M,92
2037,5,F,95
2037,6,M,91
2037,6,F,89
2037,7,M,95
2037,7,F,88
2037,8,M,103
2037,8,F,92
2037,9,M,118
2037,9,F,102
2037,10,M,143
2037,10,F,119
2037,11,M,184
2037,11,F,144
2037,12,M,249
2037,12,F,175
2037,13,M,347
2037,13,F,213
2037,14,M,485
2037,14,F,256
2037,15,M,668
2037,15,F,302
2037,16,M,905
2037,16,F,351
2037,17,M,1174
2037,17,F,396
2037,18,M,1478
2037,18,F,441
2037,19,M,1812
2037,19,F,483
2037,20,M,2151
2037,20,F,520
2037,21,M,2524
2037,21,F,561
2037,22,M,2910
2037,22,F,604
2037,23,M,3263
2037,23,F,640
2037,24,M,3581
2037,24,F,672
2037,25,M,3873
2037,25,F,703
2037,26,M,4150
2037,26,F,736
2037,27,M,4382
2037,27,F,767
2037,28,M,4557
2037,28,F,794
2037,29,M,4666
2037,29,F,818
2037,30,M,4716
2037,30,F,839
2037,31,M,4728
2037,31,F,861
2037,32,M,4725
2037,32,F,886
2037,33,M,4720
2037,33,F,916
2037,34,M,4720
2037,34,F,952
2037,35,M,4733
2037,35,F,996
2037,36,M,4750
2037,36,F,1047
2037,37,M,4742
2037,37,F,1098
2037,38,M,4696
2037,38,F,1147
2037,39,M,4626
2037,39,F,1195
2037,40,M,4585
2037,40,F,1254
2037,41,M,4586
2037,41,F,1331
2037,42,M,4619
2037,42,F,1422
2037,43,M,4663
2037,43,F,1524
2037,44,M,4709
2037,44,F,1634
2037,45,M,4753
2037,45,F,1750
2037,46,M,4786
2037,46,F,1869
2037,47,M,4797
2037,47,F,1987
2037,48,M,4815
2037,48,F,2111
2037,49,M,4862
2037,49,F,2254
2037,50,M,4930
2037,50,F,2414
2037,51,M,5009
2037,51,F,2592
2037,52,M,5096
2037,52,F,2787
2037,53,M,5176
2037,53,F,2992
2037,54,M,5252
2037,54,F,3207
2037,55,M,5348
2037,55,F,3439
2037,56,M,5479
2037,56,F,3691
2037,57,M,5669
2037,57,F,3973
2037,58,M,5922
2037,58,F,4289
2037,59,M,6244
2037,59,F,4645
2037,60,M,6639
2037,60,F,5048
2037,61,M,7105
2037,61,F,5501
2037,62,M,7611
2037,62,F,5986
2037,63,M,8104
2037,63,F,6466
2037,64,M,8575
2037,64,F,6934
2037,65,M,9015
2037,65,F,7390
2037,66,M,9434
2037,66,F,7842
2037,67,M,9830
2037,67,F,8293
2037,68,M,10211
2037,68,F,8746
2037,69,M,10586
2037,69,F,9213
2037,70,M,10936
2037,70,F,9681
2037,71,M,11275
2037,71,F,10161
2037,72,M,11609
2037,72,F,10659
2037,73,M,11906
2037,73,F,11146
2037,74,M,12113
2037,74,F,11567
2037,75,M,12256
2037,75,F,11947
2037,76,M,12347
2037,76,F,12292
2037,77,M,12376
2037,77,F,12585
2037,78,M,12316
2037,78,F,12788
2037,79,M,12191
2037,79,F,12930
2037,80,M,12005
2037,80,F,13008
2037,81,M,11808
2037,81,F,13068
2037,82,M,11545
2037,82,F,13046
2037,83,M,11177
2037,83,F,12880
2037,84,M,10643
2037,84,F,12514
2037,85,M,10167
2037,85,F,12161
2037,86,M,9686
2037,86,F,11773
2037,87,M,9251
2037,87,F,11407
2037,88,M,8878
2037,88,F,11102
2037,89,M,8435
2037,89,F,10679
2037,90,M,7931
2037,90,F,10147
2037,91,M,7382
2037,91,F,9530
2037,92,M,6794
2037,92,F,8832
2037,93,M,6177
2037,93,F,8070
2037,94,M,5509
2037,94,F,7218
2037,95,M,4859
2037,95,F,6364
2037,96,M,4249
2037,96,F,5540
2037,97,M,3648
2037,97,F,4715
2037,98,M,3079
2037,98,F,3927
2037,99,M,2555
2037,99,F,3200
2037,100,M,2086
2037,100,F,2548
2037,101,M,1673
2037,101,F,1979
2037,102,M,1317
2037,102,F,1499
2037,103,M,1018
2037,103,F,1107
2037,104,M,770
2037,104,F,791
2037,105,M,567
2037,105,F,544
2037,106,M,407
2037,106,F,359
2037,107,M,283
2037,107,F,228
2037,108,M,192
2037,108,F,140
2037,109,M,128
2037,109,F,84
2038,0,M,6601
2038,0,F,5134
2038,1,M,608
2038,1,F,510
2038,2,M,200
2038,2,F,181
2038,3,M,118
2038,3,F,123
2038,4,M,94
2038,4,F,100
2038,5,M,86
2038,5,F,89
2038,6,M,85
2038,6,F,84
2038,7,M,89
2038,7,F,83
2038,8,M,98
2038,8,F,87
2038,9,M,112
2038,9,F,97
2038,10,M,136
2038,10,F,114
2038,11,M,176
2038,11,F,138
2038,12,M,239
2038,12,F,168
2038,13,M,334
2038,13,F,206
2038,14,M,469
2038,14,F,248
2038,15,M,650
2038,15,F,293
2038,16,M,876
2038,16,F,339
2038,17,M,1156
2038,17,F,388
2038,18,M,1459
2038,18,F,431
2038,19,M,1786
2038,19,F,472
2038,20,M,2133
2038,20,F,511
2038,21,M,2472
2038,21,F,544
2038,22,M,2838
2038,22,F,582
2038,23,M,3210
2038,23,F,621
2038,24,M,3537
2038,24,F,654
2038,25,M,3822
2038,25,F,683
2038,26,M,4077
2038,26,F,712
2038,27,M,4315
2038,27,F,743
2038,28,M,4509
2038,28,F,773
2038,29,M,4646
2038,29,F,800
2038,30,M,4719
2038,30,F,823
2038,31,M,4738
2038,31,F,845
2038,32,M,4723
2038,32,F,868
2038,33,M,4698
2038,33,F,895
2038,34,M,4676
2038,34,F,928
2038,35,M,4663
2038,35,F,967
2038,36,M,4668
2038,36,F,1014
2038,37,M,4680
2038,37,F,1069
2038,38,M,4671
2038,38,F,1126
2038,39,M,4628
2038,39,F,1181
2038,40,M,4565
2038,40,F,1235
2038,41,M,4533
2038,41,F,1301
2038,42,M,4547
2038,42,F,1385
2038,43,M,4593
2038,43,F,1486
2038,44,M,4653
2038,44,F,1598
2038,45,M,4717
2038,45,F,1719
2038,46,M,4780
2038,46,F,1847
2038,47,M,4834
2038,47,F,1979
2038,48,M,4866
2038,48,F,2108
2038,49,M,4904
2038,49,F,2245
2038,50,M,4973
2038,50,F,2402
2038,51,M,5063
2038,51,F,2578
2038,52,M,5163
2038,52,F,2771
2038,53,M,5271
2038,53,F,2984
2038,54,M,5371
2038,54,F,3207
2038,55,M,5465
2038,55,F,3441
2038,56,M,5578
2038,56,F,3693
2038,57,M,5727
2038,57,F,3966
2038,58,M,5937
2038,58,F,4271
2038,59,M,6211
2038,59,F,4612
2038,60,M,6556
2038,60,F,4995
2038,61,M,6978
2038,61,F,5429
2038,62,M,7472
2038,62,F,5915
2038,63,M,8007
2038,63,F,6435
2038,64,M,8526
2038,64,F,6948
2038,65,M,9020
2038,65,F,7447
2038,66,M,9479
2038,66,F,7931
2038,67,M,9913
2038,67,F,8409
2038,68,M,10320
2038,68,F,8885
2038,69,M,10710
2038,69,F,9360
2038,70,M,11088
2038,70,F,9847
2038,71,M,11438
2038,71,F,10333
2038,72,M,11773
2038,72,F,10828
2038,73,M,12100
2038,73,F,11338
2038,74,M,12383
2038,74,F,11832
2038,75,M,12569
2038,75,F,12252
2038,76,M,12686
2038,76,F,12623
2038,77,M,12745
2038,77,F,12952
2038,78,M,12737
2038,78,F,13220
2038,79,M,12634
2038,79,F,13389
2038,80,M,12461
2038,80,F,13488
2038,81,M,12225
2038,81,F,13514
2038,82,M,11975
2038,82,F,13516
2038,83,M,11656
2038,83,F,13427
2038,84,M,11230
2038,84,F,13184
2038,85,M,10638
2038,85,F,12734
2038,86,M,10106
2038,86,F,12295
2038,87,M,9570
2038,87,F,11818
2038,88,M,9081
2038,88,F,11362
2038,89,M,8655
2038,89,F,10964
2038,90,M,8161
2038,90,F,10448
2038,91,M,7614
2038,91,F,9837
2038,92,M,7026
2038,92,F,9136
2038,93,M,6406
2038,93,F,8366
2038,94,M,5767
2038,94,F,7544
2038,95,M,5088
2038,95,F,6651
2038,96,M,4438
2038,96,F,5774
2038,97,M,3833
2038,97,F,4942
2038,98,M,3247
2038,98,F,4129
2038,99,M,2702
2038,99,F,3371
2038,100,M,2209
2038,100,F,2689
2038,101,M,1775
2038,101,F,2093
2038,102,M,1399
2038,102,F,1586
2038,103,M,1082
2038,103,F,1169
2038,104,M,820
2038,104,F,838
2038,105,M,607
2038,105,F,581
2038,106,M,438
2038,106,F,387
2038,107,M,306
2038,107,F,246
2038,108,M,208
2038,108,F,151
2038,109,M,140
2038,109,F,91
2039,0,M,6273
2039,0,F,4877
2039,1,M,568
2039,1,F,478
2039,2,M,185
2039,2,F,167
2039,3,M,110
2039,3,F,114
2039,4,M,88
2039,4,F,94
2039,5,M,80
2039,5,F,83
2039,6,M,80
2039,6,F,79
2039,7,M,84
2039,7,F,78
2039,8,M,92
2039,8,F,83
2039,9,M,106
2039,9,F,92
2039,10,M,129
2039,10,F,109
2039,11,M,168
2039,11,F,132
2039,12,M,230
2039,12,F,162
2039,13,M,322
2039,13,F,198
2039,14,M,454
2039,14,F,239
2039,15,M,631
2039,15,F,284
2039,16,M,855
2039,16,F,329
2039,17,M,1123
2039,17,F,375
2039,18,M,1439
2039,18,F,421
2039,19,M,1765
2039,19,F,462
2039,20,M,2106
2039,20,F,499
2039,21,M,2454
2039,21,F,534
2039,22,M,2783
2039,22,F,564
2039,23,M,3132
2039,23,F,599
2039,24,M,3480
2039,24,F,635
2039,25,M,3775
2039,25,F,665
2039,26,M,4023
2039,26,F,692
2039,27,M,4240
2039,27,F,719
2039,28,M,4440
2039,28,F,749
2039,29,M,4597
2039,29,F,778
2039,30,M,4698
2039,30,F,805
2039,31,M,4739
2039,31,F,829
2039,32,M,4731
2039,32,F,851
2039,33,M,4694
2039,33,F,876
2039,34,M,4652
2039,34,F,906
2039,35,M,4618
2039,35,F,941
2039,36,M,4597
2039,36,F,984
2039,37,M,4597
2039,37,F,1037
2039,38,M,4608
2039,38,F,1097
2039,39,M,4602
2039,39,F,1159
2039,40,M,4566
2039,40,F,1220
2039,41,M,4513
2039,41,F,1281
2039,42,M,4493
2039,42,F,1355
2039,43,M,4520
2039,43,F,1448
2039,44,M,4582
2039,44,F,1559
2039,45,M,4660
2039,45,F,1682
2039,46,M,4744
2039,46,F,1815
2039,47,M,4828
2039,47,F,1956
2039,48,M,4903
2039,48,F,2100
2039,49,M,4957
2039,49,F,2243
2039,50,M,5017
2039,50,F,2394
2039,51,M,5107
2039,51,F,2565
2039,52,M,5219
2039,52,F,2758
2039,53,M,5341
2039,53,F,2969
2039,54,M,5471
2039,54,F,3200
2039,55,M,5590
2039,55,F,3443
2039,56,M,5702
2039,56,F,3697
2039,57,M,5833
2039,57,F,3970
2039,58,M,6000
2039,58,F,4265
2039,59,M,6229
2039,59,F,4594
2039,60,M,6525
2039,60,F,4962
2039,61,M,6893
2039,61,F,5374
2039,62,M,7340
2039,62,F,5840
2039,63,M,7863
2039,63,F,6361
2039,64,M,8426
2039,64,F,6917
2039,65,M,8971
2039,65,F,7465
2039,66,M,9487
2039,66,F,7996
2039,67,M,9964
2039,67,F,8509
2039,68,M,10412
2039,68,F,9013
2039,69,M,10828
2039,69,F,9513
2039,70,M,11222
2039,70,F,10009
2039,71,M,11602
2039,71,F,10515
2039,72,M,11949
2039,72,F,11016
2039,73,M,12276
2039,73,F,11523
2039,74,M,12590
2039,74,F,12042
2039,75,M,12856
2039,75,F,12539
2039,76,M,13017
2039,76,F,12952
2039,77,M,13102
2039,77,F,13308
2039,78,M,13123
2039,78,F,13614
2039,79,M,13073
2039,79,F,13850
2039,80,M,12922
2039,80,F,13975
2039,81,M,12697
2039,81,F,14022
2039,82,M,12405
2039,82,F,13988
2039,83,M,12098
2039,83,F,13921
2039,84,M,11720
2039,84,F,13756
2039,85,M,11234
2039,85,F,13428
2039,86,M,10583
2039,86,F,12887
2039,87,M,9994
2039,87,F,12354
2039,88,M,9404
2039,88,F,11784
2039,89,M,8861
2039,89,F,11233
2039,90,M,8384
2039,90,F,10740
2039,91,M,7844
2039,91,F,10142
2039,92,M,7257
2039,92,F,9444
2039,93,M,6635
2039,93,F,8666
2039,94,M,5990
2039,94,F,7832
2039,95,M,5336
2039,95,F,6963
2039,96,M,4655
2039,96,F,6045
2039,97,M,4011
2039,97,F,5160
2039,98,M,3419
2039,98,F,4337
2039,99,M,2857
2039,99,F,3553
2039,100,M,2342
2039,100,F,2840
2039,101,M,1885
2039,101,F,2214
2039,102,M,1489
2039,102,F,1681
2039,103,M,1152
2039,103,F,1240
2039,104,M,874
2039,104,F,889
2039,105,M,649
2039,105,F,618
2039,106,M,470
2039,106,F,414
2039,107,M,331
2039,107,F,266
2039,108,M,226
2039,108,F,163
2039,109,M,153
2039,109,F,98
2040,0,M,5962
2040,0,F,4632
2040,1,M,532
2040,1,F,447
2040,2,M,171
2040,2,F,155
2040,3,M,102
2040,3,F,106
2040,4,M,81
2040,4,F,87
2040,5,M,75
2040,5,F,78
2040,6,M,75
2040,6,F,74
2040,7,M,79
2040,7,F,74
2040,8,M,87
2040,8,F,78
2040,9,M,101
2040,9,F,88
2040,10,M,123
2040,10,F,104
2040,11,M,161
2040,11,F,126
2040,12,M,220
2040,12,F,156
2040,13,M,311
2040,13,F,191
2040,14,M,440
2040,14,F,231
2040,15,M,613
2040,15,F,275
2040,16,M,834
2040,16,F,320
2040,17,M,1098
2040,17,F,364
2040,18,M,1400
2040,18,F,408
2040,19,M,1745
2040,19,F,452
2040,20,M,2084
2040,20,F,488
2040,21,M,2425
2040,21,F,522
2040,22,M,2765
2040,22,F,554
2040,23,M,3073
2040,23,F,580
2040,24,M,3398
2040,24,F,612
2040,25,M,3716
2040,25,F,645
2040,26,M,3975
2040,26,F,673
2040,27,M,4184
2040,27,F,698
2040,28,M,4362
2040,28,F,724
2040,29,M,4525
2040,29,F,754
2040,30,M,4646
2040,30,F,783
2040,31,M,4716
2040,31,F,810
2040,32,M,4730
2040,32,F,835
2040,33,M,4700
2040,33,F,860
2040,34,M,4645
2040,34,F,887
2040,35,M,4592
2040,35,F,919
2040,36,M,4549
2040,36,F,959
2040,37,M,4524
2040,37,F,1006
2040,38,M,4523
2040,38,F,1063
2040,39,M,4537
2040,39,F,1129
2040,40,M,4538
2040,40,F,1198
2040,41,M,4512
2040,41,F,1266
2040,42,M,4471
2040,42,F,1335
2040,43,M,4465
2040,43,F,1417
2040,44,M,4508
2040,44,F,1520
2040,45,M,4588
2040,45,F,1642
2040,46,M,4686
2040,46,F,1777
2040,47,M,4790
2040,47,F,1923
2040,48,M,4896
2040,48,F,2077
2040,49,M,4994
2040,49,F,2236
2040,50,M,5070
2040,50,F,2392
2040,51,M,5152
2040,51,F,2558
2040,52,M,5265
2040,52,F,2745
2040,53,M,5399
2040,53,F,2955
2040,54,M,5544
2040,54,F,3185
2040,55,M,5694
2040,55,F,3436
2040,56,M,5833
2040,56,F,3700
2040,57,M,5963
2040,57,F,3975
2040,58,M,6112
2040,58,F,4271
2040,59,M,6296
2040,59,F,4589
2040,60,M,6544
2040,60,F,4944
2040,61,M,6861
2040,61,F,5340
2040,62,M,7253
2040,62,F,5783
2040,63,M,7726
2040,63,F,6282
2040,64,M,8277
2040,64,F,6840
2040,65,M,8869
2040,65,F,7434
2040,66,M,9439
2040,66,F,8017
2040,67,M,9975
2040,67,F,8581
2040,68,M,10468
2040,68,F,9122
2040,69,M,10927
2040,69,F,9653
2040,70,M,11350
2040,70,F,10175
2040,71,M,11746
2040,71,F,10691
2040,72,M,12124
2040,72,F,11214
2040,73,M,12463
2040,73,F,11727
2040,74,M,12778
2040,74,F,12243
2040,75,M,13075
2040,75,F,12767
2040,76,M,13318
2040,76,F,13261
2040,77,M,13448
2040,77,F,13661
2040,78,M,13497
2040,78,F,13995
2040,79,M,13476
2040,79,F,14270
2040,80,M,13378
2040,80,F,14465
2040,81,M,13174
2040,81,F,14537
2040,82,M,12893
2040,82,F,14522
2040,83,M,12541
2040,83,F,14417
2040,84,M,12173
2040,84,F,14273
2040,85,M,11733
2040,85,F,14022
2040,86,M,11185
2040,86,F,13600
2040,87,M,10476
2040,87,F,12961
2040,88,M,9830
2040,88,F,12331
2040,89,M,9186
2040,89,F,11664
2040,90,M,8593
2040,90,F,11017
2040,91,M,8069
2040,91,F,10439
2040,92,M,7486
2040,92,F,9750
2040,93,M,6863
2040,93,F,8972
2040,94,M,6214
2040,94,F,8127
2040,95,M,5552
2040,95,F,7242
2040,96,M,4890
2040,96,F,6340
2040,97,M,4215
2040,97,F,5413
2040,98,M,3585
2040,98,F,4539
2040,99,M,3015
2040,99,F,3741
2040,100,M,2482
2040,100,F,3001
2040,101,M,2003
2040,101,F,2345
2040,102,M,1585
2040,102,F,1783
2040,103,M,1230
2040,103,F,1318
2040,104,M,934
2040,104,F,945
2040,105,M,694
2040,105,F,657
2040,106,M,504
2040,106,F,442
2040,107,M,357
2040,107,F,286
2040,108,M,245
2040,108,F,177
2040,109,M,167
2040,109,F,107
2041,0,M,5668
2041,0,F,4402
2041,1,M,498
2041,1,F,419
2041,2,M,159
2041,2,F,143
2041,3,M,94
2041,3,F,99
2041,4,M,76
2041,4,F,81
2041,5,M,70
2041,5,F,73
2041,6,M,70
2041,6,F,69
2041,7,M,74
2041,7,F,70
2041,8,M,82
2041,8,F,74
2041,9,M,95
2041,9,F,83
2041,10,M,117
2041,10,F,99
2041,11,M,154
2041,11,F,121
2041,12,M,212
2041,12,F,150
2041,13,M,300
2041,13,F,184
2041,14,M,426
2041,14,F,224
2041,15,M,596
2041,15,F,266
2041,16,M,812
2041,16,F,310
2041,17,M,1073
2041,17,F,354
2041,18,M,1373
2041,18,F,396
2041,19,M,1701
2041,19,F,437
2041,20,M,2063
2041,20,F,478
2041,21,M,2404
2041,21,F,511
2041,22,M,2735
2041,22,F,541
2041,23,M,3056
2041,23,F,569
2041,24,M,3335
2041,24,F,592
2041,25,M,3629
2041,25,F,621
2041,26,M,3913
2041,26,F,653
2041,27,M,4134
2041,27,F,679
2041,28,M,4303
2041,28,F,703
2041,29,M,4444
2041,29,F,728
2041,30,M,4572
2041,30,F,758
2041,31,M,4662
2041,31,F,787
2041,32,M,4705
2041,32,F,816
2041,33,M,4697
2041,33,F,843
2041,34,M,4649
2041,34,F,870
2041,35,M,4582
2041,35,F,900
2041,36,M,4521
2041,36,F,936
2041,37,M,4475
2041,37,F,979
2041,38,M,4450
2041,38,F,1032
2041,39,M,4452
2041,39,F,1095
2041,40,M,4472
2041,40,F,1168
2041,41,M,4481
2041,41,F,1244
2041,42,M,4468
2041,42,F,1320
2041,43,M,4441
2041,43,F,1396
2041,44,M,4452
2041,44,F,1488
2041,45,M,4512
2041,45,F,1601
2041,46,M,4612
2041,46,F,1735
2041,47,M,4730
2041,47,F,1883
2041,48,M,4858
2041,48,F,2043
2041,49,M,4987
2041,49,F,2212
2041,50,M,5108
2041,50,F,2385
2041,51,M,5208
2041,51,F,2557
2041,52,M,5312
2041,52,F,2739
2041,53,M,5448
2041,53,F,2943
2041,54,M,5605
2041,54,F,3172
2041,55,M,5771
2041,55,F,3421
2041,56,M,5943
2041,56,F,3694
2041,57,M,6101
2041,57,F,3980
2041,58,M,6250
2041,58,F,4278
2041,59,M,6415
2041,59,F,4597
2041,60,M,6616
2041,60,F,4940
2041,61,M,6883
2041,61,F,5323
2041,62,M,7221
2041,62,F,5748
2041,63,M,7636
2041,63,F,6223
2041,64,M,8135
2041,64,F,6757
2041,65,M,8714
2041,65,F,7354
2041,66,M,9333
2041,66,F,7987
2041,67,M,9927
2041,67,F,8607
2041,68,M,10482
2041,68,F,9203
2041,69,M,10988
2041,69,F,9774
2041,70,M,11457
2041,70,F,10329
2041,71,M,11883
2041,71,F,10873
2041,72,M,12278
2041,72,F,11406
2041,73,M,12650
2041,73,F,11943
2041,74,M,12977
2041,74,F,12466
2041,75,M,13275
2041,75,F,12986
2041,76,M,13551
2041,76,F,13509
2041,77,M,13766
2041,77,F,13994
2041,78,M,13860
2041,78,F,14374
2041,79,M,13866
2041,79,F,14678
2041,80,M,13798
2041,80,F,14913
2041,81,M,13647
2041,81,F,15057
2041,82,M,13385
2041,82,F,15067
2041,83,M,13043
2041,83,F,14980
2041,84,M,12629
2041,84,F,14793
2041,85,M,12197
2041,85,F,14561
2041,86,M,11693
2041,86,F,14215
2041,87,M,11082
2041,87,F,13693
2041,88,M,10314
2041,88,F,12950
2041,89,M,9613
2041,89,F,12219
2041,90,M,8919
2041,90,F,11453
2041,91,M,8281
2041,91,F,10722
2041,92,M,7711
2041,92,F,10049
2041,93,M,7090
2041,93,F,9276
2041,94,M,6438
2041,94,F,8427
2041,95,M,5769
2041,95,F,7527
2041,96,M,5097
2041,96,F,6606
2041,97,M,4437
2041,97,F,5689
2041,98,M,3776
2041,98,F,4771
2041,99,M,3168
2041,99,F,3923
2041,100,M,2625
2041,100,F,3167
2041,101,M,2128
2041,101,F,2483
2041,102,M,1689
2041,102,F,1893
2041,103,M,1313
2041,103,F,1403
2041,104,M,1000
2041,104,F,1008
2041,105,M,744
2041,105,F,701
2041,106,M,541
2041,106,F,472
2041,107,M,384
2041,107,F,306
2041,108,M,266
2041,108,F,191
2041,109,M,182
2041,109,F,116
2042,0,M,5390
2042,0,F,4184
2042,1,M,466
2042,1,F,393
2042,2,M,147
2042,2,F,132
2042,3,M,87
2042,3,F,91
2042,4,M,70
2042,4,F,76
2042,5,M,65
2042,5,F,68
2042,6,M,66
2042,6,F,65
2042,7,M,70
2042,7,F,66
2042,8,M,78
2042,8,F,70
2042,9,M,90
2042,9,F,79
2042,10,M,112
2042,10,F,94
2042,11,M,147
2042,11,F,116
2042,12,M,203
2042,12,F,144
2042,13,M,289
2042,13,F,178
2042,14,M,412
2042,14,F,216
2042,15,M,579
2042,15,F,258
2042,16,M,791
2042,16,F,301
2042,17,M,1049
2042,17,F,343
2042,18,M,1345
2042,18,F,385
2042,19,M,1670
2042,19,F,425
2042,20,M,2014
2042,20,F,462
2042,21,M,2382
2042,21,F,500
2042,22,M,2713
2042,22,F,529
2042,23,M,3024
2042,23,F,556
2042,24,M,3318
2042,24,F,581
2042,25,M,3563
2042,25,F,601
2042,26,M,3821
2042,26,F,628
2042,27,M,4069
2042,27,F,658
2042,28,M,4251
2042,28,F,683
2042,29,M,4383
2042,29,F,706
2042,30,M,4489
2042,30,F,732
2042,31,M,4586
2042,31,F,762
2042,32,M,4649
2042,32,F,793
2042,33,M,4669
2042,33,F,823
2042,34,M,4643
2042,34,F,852
2042,35,M,4583
2042,35,F,882
2042,36,M,4509
2042,36,F,916
2042,37,M,4444
2042,37,F,956
2042,38,M,4398
2042,38,F,1005
2042,39,M,4377
2042,39,F,1062
2042,40,M,4385
2042,40,F,1132
2042,41,M,4414
2042,41,F,1213
2042,42,M,4435
2042,42,F,1297
2042,43,M,4436
2042,43,F,1381
2042,44,M,4426
2042,44,F,1466
2042,45,M,4455
2042,45,F,1568
2042,46,M,4535
2042,46,F,1692
2042,47,M,4655
2042,47,F,1839
2042,48,M,4796
2042,48,F,2001
2042,49,M,4947
2042,49,F,2176
2042,50,M,5100
2042,50,F,2361
2042,51,M,5246
2042,51,F,2551
2042,52,M,5369
2042,52,F,2739
2042,53,M,5496
2042,53,F,2937
2042,54,M,5655
2042,54,F,3160
2042,55,M,5835
2042,55,F,3409
2042,56,M,6024
2042,56,F,3680
2042,57,M,6218
2042,57,F,3975
2042,58,M,6395
2042,58,F,4285
2042,59,M,6561
2042,59,F,4606
2042,60,M,6742
2042,60,F,4951
2042,61,M,6960
2042,61,F,5320
2042,62,M,7246
2042,62,F,5731
2042,63,M,7604
2042,63,F,6187
2042,64,M,8042
2042,64,F,6696
2042,65,M,8566
2042,65,F,7267
2042,66,M,9172
2042,66,F,7903
2042,67,M,9818
2042,67,F,8578
2042,68,M,10434
2042,68,F,9234
2042,69,M,11007
2042,69,F,9864
2042,70,M,11524
2042,70,F,10462
2042,71,M,11998
2042,71,F,11042
2042,72,M,12424
2042,72,F,11605
2042,73,M,12814
2042,73,F,12153
2042,74,M,13176
2042,74,F,12701
2042,75,M,13487
2042,75,F,13228
2042,76,M,13764
2042,76,F,13747
2042,77,M,14013
2042,77,F,14263
2042,78,M,14194
2042,78,F,14733
2042,79,M,14247
2042,79,F,15084
2042,80,M,14205
2042,80,F,15349
2042,81,M,14083
2042,81,F,15533
2042,82,M,13874
2042,82,F,15616
2042,83,M,13550
2042,83,F,15553
2042,84,M,13143
2042,84,F,15382
2042,85,M,12663
2042,85,F,15105
2042,86,M,12164
2042,86,F,14775
2042,87,M,11595
2042,87,F,14325
2042,88,M,10921
2042,88,F,13696
2042,89,M,10097
2042,89,F,12847
2042,90,M,9344
2042,90,F,12013
2042,91,M,8605
2042,91,F,11161
2042,92,M,7924
2042,92,F,10337
2042,93,M,7313
2042,93,F,9576
2042,94,M,6661
2042,94,F,8727
2042,95,M,5986
2042,95,F,7818
2042,96,M,5306
2042,96,F,6879
2042,97,M,4633
2042,97,F,5939
2042,98,M,3982
2042,98,F,5025
2042,99,M,3344
2042,99,F,4133
2042,100,M,2765
2042,100,F,3329
2042,101,M,2257
2042,101,F,2627
2042,102,M,1799
2042,102,F,2011
2042,103,M,1403
2042,103,F,1494
2042,104,M,1071
2042,104,F,1076
2042,105,M,799
2042,105,F,750
2042,106,M,582
2042,106,F,505
2042,107,M,414
2042,107,F,328
2042,108,M,287
2042,108,F,205
2042,109,M,198
2042,109,F,126
2043,0,M,5126
2043,0,F,3977
2043,1,M,437
2043,1,F,368
2043,2,M,136
2043,2,F,123
2043,3,M,81
2043,3,F,85
2043,4,M,65
2043,4,F,71
2043,5,M,61
2043,5,F,64
2043,6,M,62
2043,6,F,61
2043,7,M,66
2043,7,F,62
2043,8,M,73
2043,8,F,66
2043,9,M,86
2043,9,F,75
2043,10,M,106
2043,10,F,90
2043,11,M,140
2043,11,F,111
2043,12,M,195
2043,12,F,138
2043,13,M,279
2043,13,F,171
2043,14,M,399
2043,14,F,209
2043,15,M,562
2043,15,F,249
2043,16,M,771
2043,16,F,291
2043,17,M,1025
2043,17,F,333
2043,18,M,1317
2043,18,F,374
2043,19,M,1640
2043,19,F,413
2043,20,M,1981
2043,20,F,449
2043,21,M,2329
2043,21,F,483
2043,22,M,2691
2043,22,F,517
2043,23,M,3002
2043,23,F,543
2043,24,M,3285
2043,24,F,567
2043,25,M,3545
2043,25,F,589
2043,26,M,3752
2043,26,F,607
2043,27,M,3974
2043,27,F,633
2043,28,M,4184
2043,28,F,662
2043,29,M,4329
2043,29,F,686
2043,30,M,4426
2043,30,F,710
2043,31,M,4501
2043,31,F,736
2043,32,M,4571
2043,32,F,767
2043,33,M,4611
2043,33,F,800
2043,34,M,4613
2043,34,F,833
2043,35,M,4574
2043,35,F,865
2043,36,M,4507
2043,36,F,898
2043,37,M,4430
2043,37,F,936
2043,38,M,4366
2043,38,F,981
2043,39,M,4324
2043,39,F,1035
2043,40,M,4309
2043,40,F,1099
2043,41,M,4326
2043,41,F,1176
2043,42,M,4366
2043,42,F,1264
2043,43,M,4402
2043,43,F,1357
2043,44,M,4420
2043,44,F,1451
2043,45,M,4428
2043,45,F,1546
2043,46,M,4475
2043,46,F,1658
2043,47,M,4576
2043,47,F,1795
2043,48,M,4719
2043,48,F,1955
2043,49,M,4884
2043,49,F,2133
2043,50,M,5059
2043,50,F,2324
2043,51,M,5238
2043,51,F,2526
2043,52,M,5409
2043,52,F,2733
2043,53,M,5555
2043,53,F,2938
2043,54,M,5706
2043,54,F,3155
2043,55,M,5889
2043,55,F,3398
2043,56,M,6092
2043,56,F,3667
2043,57,M,6303
2043,57,F,3961
2043,58,M,6518
2043,58,F,4281
2043,59,M,6715
2043,59,F,4616
2043,60,M,6897
2043,60,F,4963
2043,61,M,7095
2043,61,F,5334
2043,62,M,7329
2043,62,F,5731
2043,63,M,7632
2043,63,F,6172
2043,64,M,8010
2043,64,F,6660
2043,65,M,8470
2043,65,F,7204
2043,66,M,9019
2043,66,F,7813
2043,67,M,9651
2043,67,F,8490
2043,68,M,10322
2043,68,F,9206
2043,69,M,10959
2043,69,F,9901
2043,70,M,11547
2043,70,F,10563
2043,71,M,12072
2043,71,F,11188
2043,72,M,12549
2043,72,F,11790
2043,73,M,12972
2043,73,F,12370
2043,74,M,13352
2043,74,F,12929
2043,75,M,13699
2043,75,F,13483
2043,76,M,13989
2043,76,F,14010
2043,77,M,14239
2043,77,F,14522
2043,78,M,14455
2043,78,F,15023
2043,79,M,14597
2043,79,F,15469
2043,80,M,14602
2043,80,F,15783
2043,81,M,14507
2043,81,F,15997
2043,82,M,14326
2043,82,F,16121
2043,83,M,14054
2043,83,F,16131
2043,84,M,13664
2043,84,F,15984
2043,85,M,13188
2043,85,F,15720
2043,86,M,12639
2043,86,F,15341
2043,87,M,12073
2043,87,F,14905
2043,88,M,11438
2043,88,F,14344
2043,89,M,10702
2043,89,F,13602
2043,90,M,9825
2043,90,F,12646
2043,91,M,9026
2043,91,F,11721
2043,92,M,8245
2043,92,F,10774
2043,93,M,7526
2043,93,F,9864
2043,94,M,6881
2043,94,F,9023
2043,95,M,6204
2043,95,F,8110
2043,96,M,5515
2043,96,F,7158
2043,97,M,4832
2043,97,F,6197
2043,98,M,4167
2043,98,F,5257
2043,99,M,3534
2043,99,F,4363
2043,100,M,2926
2043,100,F,3515
2043,101,M,2383
2043,101,F,2769
2043,102,M,1913
2043,102,F,2133
2043,103,M,1499
2043,103,F,1591
2043,104,M,1148
2043,104,F,1149
2043,105,M,859
2043,105,F,803
2043,106,M,627
2043,106,F,542
2043,107,M,447
2043,107,F,353
2043,108,M,310
2043,108,F,221
2043,109,M,215
2043,109,F,136
2044,0,M,4876
2044,0,F,3781
2044,1,M,409
2044,1,F,346
2044,2,M,126
2044,2,F,113
2044,3,M,75
2044,3,F,79
2044,4,M,61
2044,4,F,66
2044,5,M,57
2044,5,F,60
2044,6,M,58
2044,6,F,57
2044,7,M,62
2044,7,F,58
2044,8,M,69
2044,8,F,63
2044,9,M,81
2044,9,F,71
2044,10,M,101
2044,10,F,86
2044,11,M,134
2044,11,F,106
2044,12,M,187
2044,12,F,132
2044,13,M,269
2044,13,F,165
2044,14,M,386
2044,14,F,202
2044,15,M,546
2044,15,F,241
2044,16,M,752
2044,16,F,282
2044,17,M,1001
2044,17,F,323
2044,18,M,1290
2044,18,F,363
2044,19,M,1609
2044,19,F,401
2044,20,M,1948
2044,20,F,437
2044,21,M,2293
2044,21,F,470
2044,22,M,2633
2044,22,F,500
2044,23,M,2980
2044,23,F,531
2044,24,M,3263
2044,24,F,554
2044,25,M,3512
2044,25,F,575
2044,26,M,3735
2044,26,F,595
2044,27,M,3902
2044,27,F,611
2044,28,M,4086
2044,28,F,636
2044,29,M,4260
2044,29,F,664
2044,30,M,4370
2044,30,F,689
2044,31,M,4436
2044,31,F,713
2044,32,M,4484
2044,32,F,740
2044,33,M,4531
2044,33,F,773
2044,34,M,4553
2044,34,F,809
2044,35,M,4543
2044,35,F,845
2044,36,M,4496
2044,36,F,880
2044,37,M,4425
2044,37,F,918
2044,38,M,4349
2044,38,F,960
2044,39,M,4290
2044,39,F,1011
2044,40,M,4255
2044,40,F,1071
2044,41,M,4249
2044,41,F,1141
2044,42,M,4278
2044,42,F,1226
2044,43,M,4332
2044,43,F,1324
2044,44,M,4385
2044,44,F,1426
2044,45,M,4420
2044,45,F,1530
2044,46,M,4447
2044,46,F,1635
2044,47,M,4516
2044,47,F,1759
2044,48,M,4638
2044,48,F,1909
2044,49,M,4805
2044,49,F,2084
2044,50,M,4994
2044,50,F,2278
2044,51,M,5196
2044,51,F,2487
2044,52,M,5401
2044,52,F,2707
2044,53,M,5597
2044,53,F,2934
2044,54,M,5768
2044,54,F,3158
2044,55,M,5942
2044,55,F,3393
2044,56,M,6148
2044,56,F,3657
2044,57,M,6375
2044,57,F,3949
2044,58,M,6609
2044,58,F,4268
2044,59,M,6845
2044,59,F,4614
2044,60,M,7060
2044,60,F,4975
2044,61,M,7258
2044,61,F,5348
2044,62,M,7471
2044,62,F,5747
2044,63,M,7721
2044,63,F,6173
2044,64,M,8041
2044,64,F,6646
2044,65,M,8438
2044,65,F,7167
2044,66,M,8920
2044,66,F,7747
2044,67,M,9492
2044,67,F,8396
2044,68,M,10149
2044,68,F,9116
2044,69,M,10844
2044,69,F,9874
2044,70,M,11499
2044,70,F,10606
2044,71,M,12100
2044,71,F,11300
2044,72,M,12631
2044,72,F,11950
2044,73,M,13106
2044,73,F,12572
2044,74,M,13521
2044,74,F,13165
2044,75,M,13888
2044,75,F,13732
2044,76,M,14215
2044,76,F,14287
2044,77,M,14478
2044,77,F,14807
2044,78,M,14695
2044,78,F,15304
2044,79,M,14873
2044,79,F,15783
2044,80,M,14970
2044,80,F,16195
2044,81,M,14921
2044,81,F,16460
2044,82,M,14767
2044,82,F,16614
2044,83,M,14522
2044,83,F,16665
2044,84,M,14182
2044,84,F,16591
2044,85,M,13722
2044,85,F,16348
2044,86,M,13175
2044,86,F,15980
2044,87,M,12556
2044,87,F,15490
2044,88,M,11921
2044,88,F,14939
2044,89,M,11220
2044,89,F,14261
2044,90,M,10426
2044,90,F,13404
2044,91,M,9502
2044,91,F,12355
2044,92,M,8660
2044,92,F,11331
2044,93,M,7842
2044,93,F,10297
2044,94,M,7092
2044,94,F,9309
2044,95,M,6419
2044,95,F,8400
2044,96,M,5726
2044,96,F,7439
2044,97,M,5032
2044,97,F,6460
2044,98,M,4355
2044,98,F,5496
2044,99,M,3706
2044,99,F,4574
2044,100,M,3099
2044,100,F,3719
2044,101,M,2527
2044,101,F,2931
2044,102,M,2025
2044,102,F,2254
2044,103,M,1598
2044,103,F,1692
2044,104,M,1230
2044,104,F,1227
2044,105,M,923
2044,105,F,860
2044,106,M,676
2044,106,F,582
2044,107,M,483
2044,107,F,380
2044,108,M,336
2044,108,F,238
2044,109,M,233
2044,109,F,147
2045,0,M,4640
2045,0,F,3596
2045,1,M,384
2045,1,F,325
2045,2,M,117
2045,2,F,105
2045,3,M,70
2045,3,F,73
2045,4,M,57
2045,4,F,61
2045,5,M,53
2045,5,F,56
2045,6,M,54
2045,6,F,54
2045,7,M,58
2045,7,F,55
2045,8,M,65
2045,8,F,59
2045,9,M,77
2045,9,F,68
2045,10,M,96
2045,10,F,81
2045,11,M,128
2045,11,F,101
2045,12,M,180
2045,12,F,127
2045,13,M,259
2045,13,F,159
2045,14,M,374
2045,14,F,195
2045,15,M,531
2045,15,F,233
2045,16,M,733
2045,16,F,273
2045,17,M,978
2045,17,F,313
2045,18,M,1263
2045,18,F,352
2045,19,M,1579
2045,19,F,389
2045,20,M,1914
2045,20,F,424
2045,21,M,2257
2045,21,F,456
2045,22,M,2596
2045,22,F,486
2045,23,M,2919
2045,23,F,513
2045,24,M,3241
2045,24,F,540
2045,25,M,3490
2045,25,F,561
2045,26,M,3701
2045,26,F,580
2045,27,M,3885
2045,27,F,598
2045,28,M,4012
2045,28,F,614
2045,29,M,4159
2045,29,F,638
2045,30,M,4300
2045,30,F,667
2045,31,M,4379
2045,31,F,692
2045,32,M,4418
2045,32,F,717
2045,33,M,4444
2045,33,F,746
2045,34,M,4473
2045,34,F,782
2045,35,M,4482
2045,35,F,820
2045,36,M,4463
2045,36,F,860
2045,37,M,4413
2045,37,F,899
2045,38,M,4343
2045,38,F,942
2045,39,M,4272
2045,39,F,990
2045,40,M,4219
2045,40,F,1046
2045,41,M,4194
2045,41,F,1112
2045,42,M,4201
2045,42,F,1191
2045,43,M,4244
2045,43,F,1284
2045,44,M,4314
2045,44,F,1391
2045,45,M,4384
2045,45,F,1505
2045,46,M,4439
2045,46,F,1619
2045,47,M,4487
2045,47,F,1735
2045,48,M,4577
2045,48,F,1871
2045,49,M,4723
2045,49,F,2036
2045,50,M,4914
2045,50,F,2228
2045,51,M,5130
2045,51,F,2439
2045,52,M,5358
2045,52,F,2667
2045,53,M,5589
2045,53,F,2907
2045,54,M,5812
2045,54,F,3154
2045,55,M,6008
2045,55,F,3397
2045,56,M,6206
2045,56,F,3653
2045,57,M,6436
2045,57,F,3940
2045,58,M,6686
2045,58,F,4256
2045,59,M,6942
2045,59,F,4601
2045,60,M,7199
2045,60,F,4974
2045,61,M,7432
2045,61,F,5363
2045,62,M,7646
2045,62,F,5765
2045,63,M,7873
2045,63,F,6193
2045,64,M,8137
2045,64,F,6649
2045,65,M,8473
2045,65,F,7154
2045,66,M,8889
2045,66,F,7711
2045,67,M,9391
2045,67,F,8328
2045,68,M,9985
2045,68,F,9017
2045,69,M,10666
2045,69,F,9780
2045,70,M,11383
2045,70,F,10581
2045,71,M,12054
2045,71,F,11350
2045,72,M,12663
2045,72,F,12074
2045,73,M,13196
2045,73,F,12748
2045,74,M,13666
2045,74,F,13386
2045,75,M,14069
2045,75,F,13989
2045,76,M,14416
2045,76,F,14557
2045,77,M,14718
2045,77,F,15107
2045,78,M,14949
2045,78,F,15613
2045,79,M,15128
2045,79,F,16087
2045,80,M,15261
2045,80,F,16533
2045,81,M,15305
2045,81,F,16901
2045,82,M,15198
2045,82,F,17107
2045,83,M,14978
2045,83,F,17188
2045,84,M,14665
2045,84,F,17154
2045,85,M,14254
2045,85,F,16984
2045,86,M,13719
2045,86,F,16633
2045,87,M,13100
2045,87,F,16151
2045,88,M,12410
2045,88,F,15542
2045,89,M,11707
2045,89,F,14869
2045,90,M,10942
2045,90,F,14071
2045,91,M,10096
2045,91,F,13113
2045,92,M,9129
2045,92,F,11960
2045,93,M,8249
2045,93,F,10845
2045,94,M,7401
2045,94,F,9733
2045,95,M,6627
2045,95,F,8681
2045,96,M,5935
2045,96,F,7718
2045,97,M,5234
2045,97,F,6727
2045,98,M,4544
2045,98,F,5741
2045,99,M,3881
2045,99,F,4792
2045,100,M,3258
2045,100,F,3908
2045,101,M,2684
2045,101,F,3108
2045,102,M,2153
2045,102,F,2392
2045,103,M,1697
2045,103,F,1793
2045,104,M,1315
2045,104,F,1309
2045,105,M,992
2045,105,F,922
2045,106,M,730
2045,106,F,626
2045,107,M,523
2045,107,F,409
2045,108,M,365
2045,108,F,257
2045,109,M,253
2045,109,F,159
2046,0,M,4416
2046,0,F,3420
2046,1,M,360
2046,1,F,305
2046,2,M,108
2046,2,F,97
2046,3,M,65
2046,3,F,68
2046,4,M,53
2046,4,F,57
2046,5,M,50
2046,5,F,52
2046,6,M,51
2046,6,F,51
2046,7,M,55
2046,7,F,52
2046,8,M,62
2046,8,F,56
2046,9,M,73
2046,9,F,64
2046,10,M,92
2046,10,F,78
2046,11,M,123
2046,11,F,97
2046,12,M,173
2046,12,F,122
2046,13,M,250
2046,13,F,153
2046,14,M,362
2046,14,F,188
2046,15,M,516
2046,15,F,226
2046,16,M,714
2046,16,F,265
2046,17,M,956
2046,17,F,304
2046,18,M,1237
2046,18,F,341
2046,19,M,1549
2046,19,F,377
2046,20,M,1881
2046,20,F,411
2046,21,M,2222
2046,21,F,442
2046,22,M,2558
2046,22,F,471
2046,23,M,2880
2046,23,F,498
2046,24,M,3176
2046,24,F,522
2046,25,M,3468
2046,25,F,547
2046,26,M,3679
2046,26,F,566
2046,27,M,3850
2046,27,F,583
2046,28,M,3995
2046,28,F,601
2046,29,M,4085
2046,29,F,616
2046,30,M,4198
2046,30,F,640
2046,31,M,4308
2046,31,F,669
2046,32,M,4360
2046,32,F,696
2046,33,M,4377
2046,33,F,723
2046,34,M,4385
2046,34,F,754
2046,35,M,4402
2046,35,F,793
2046,36,M,4402
2046,36,F,835
2046,37,M,4379
2046,37,F,878
2046,38,M,4330
2046,38,F,923
2046,39,M,4265
2046,39,F,970
2046,40,M,4201
2046,40,F,1024
2046,41,M,4159
2046,41,F,1087
2046,42,M,4145
2046,42,F,1161
2046,43,M,4166
2046,43,F,1248
2046,44,M,4225
2046,44,F,1351
2046,45,M,4313
2046,45,F,1468
2046,46,M,4403
2046,46,F,1593
2046,47,M,4478
2046,47,F,1718
2046,48,M,4548
2046,48,F,1847
2046,49,M,4660
2046,49,F,1997
2046,50,M,4830
2046,50,F,2177
2046,51,M,5048
2046,51,F,2386
2046,52,M,5290
2046,52,F,2617
2046,53,M,5546
2046,53,F,2865
2046,54,M,5805
2046,54,F,3126
2046,55,M,6055
2046,55,F,3394
2046,56,M,6276
2046,56,F,3659
2046,57,M,6497
2046,57,F,3937
2046,58,M,6751
2046,58,F,4247
2046,59,M,7025
2046,59,F,4590
2046,60,M,7303
2046,60,F,4961
2046,61,M,7580
2046,61,F,5364
2046,62,M,7831
2046,62,F,5782
2046,63,M,8059
2046,63,F,6214
2046,64,M,8300
2046,64,F,6672
2046,65,M,8577
2046,65,F,7161
2046,66,M,8928
2046,66,F,7699
2046,67,M,9361
2046,67,F,8292
2046,68,M,9882
2046,68,F,8948
2046,69,M,10497
2046,69,F,9678
2046,70,M,11200
2046,70,F,10484
2046,71,M,11936
2046,71,F,11327
2046,72,M,12620
2046,72,F,12133
2046,73,M,13235
2046,73,F,12886
2046,74,M,13766
2046,74,F,13579
2046,75,M,14226
2046,75,F,14229
2046,76,M,14611
2046,76,F,14837
2046,77,M,14934
2046,77,F,15400
2046,78,M,15204
2046,78,F,15938
2046,79,M,15397
2046,79,F,16421
2046,80,M,15531
2046,80,F,16862
2046,81,M,15612
2046,81,F,17265
2046,82,M,15599
2046,82,F,17577
2046,83,M,15426
2046,83,F,17710
2046,84,M,15137
2046,84,F,17706
2046,85,M,14750
2046,85,F,17575
2046,86,M,14263
2046,86,F,17296
2046,87,M,13653
2046,87,F,16828
2046,88,M,12960
2046,88,F,16222
2046,89,M,12199
2046,89,F,15487
2046,90,M,11429
2046,90,F,14689
2046,91,M,10609
2046,91,F,13782
2046,92,M,9711
2046,92,F,12711
2046,93,M,8707
2046,93,F,11463
2046,94,M,7796
2046,94,F,10267
2046,95,M,6926
2046,95,F,9091
2046,96,M,6137
2046,96,F,7990
2046,97,M,5435
2046,97,F,6992
2046,98,M,4735
2046,98,F,5989
2046,99,M,4058
2046,99,F,5017
2046,100,M,3419
2046,100,F,4104
2046,101,M,2827
2046,101,F,3274
2046,102,M,2293
2046,102,F,2543
2046,103,M,1809
2046,103,F,1908
2046,104,M,1400
2046,104,F,1391
2046,105,M,1064
2046,105,F,986
2046,106,M,787
2046,106,F,673
2046,107,M,566
2046,107,F,441
2046,108,M,396
2046,108,F,278
2046,109,M,276
2046,109,F,172
2047,0,M,4204
2047,0,F,3255
2047,1,M,338
2047,1,F,287
2047,2,M,100
2047,2,F,90
2047,3,M,60
2047,3,F,63
2047,4,M,49
2047,4,F,53
2047,5,M,46
2047,5,F,49
2047,6,M,48
2047,6,F,47
2047,7,M,52
2047,7,F,49
2047,8,M,58
2047,8,F,53
2047,9,M,69
2047,9,F,61
2047,10,M,87
2047,10,F,74
2047,11,M,117
2047,11,F,93
2047,12,M,166
2047,12,F,117
2047,13,M,241
2047,13,F,147
2047,14,M,351
2047,14,F,181
2047,15,M,501
2047,15,F,218
2047,16,M,696
2047,16,F,256
2047,17,M,935
2047,17,F,294
2047,18,M,1212
2047,18,F,331
2047,19,M,1521
2047,19,F,366
2047,20,M,1849
2047,20,F,399
2047,21,M,2186
2047,21,F,429
2047,22,M,2521
2047,22,F,457
2047,23,M,2840
2047,23,F,483
2047,24,M,3136
2047,24,F,506
2047,25,M,3401
2047,25,F,528
2047,26,M,3657
2047,26,F,552
2047,27,M,3828
2047,27,F,568
2047,28,M,3960
2047,28,F,585
2047,29,M,4067
2047,29,F,602
2047,30,M,4123
2047,30,F,617
2047,31,M,4206
2047,31,F,642
2047,32,M,4289
2047,32,F,673
2047,33,M,4319
2047,33,F,701
2047,34,M,4319
2047,34,F,730
2047,35,M,4314
2047,35,F,765
2047,36,M,4322
2047,36,F,807
2047,37,M,4319
2047,37,F,853
2047,38,M,4296
2047,38,F,901
2047,39,M,4251
2047,39,F,951
2047,40,M,4193
2047,40,F,1004
2047,41,M,4139
2047,41,F,1064
2047,42,M,4109
2047,42,F,1134
2047,43,M,4111
2047,43,F,1216
2047,44,M,4147
2047,44,F,1312
2047,45,M,4224
2047,45,F,1426
2047,46,M,4331
2047,46,F,1555
2047,47,M,4442
2047,47,F,1691
2047,48,M,4539
2047,48,F,1830
2047,49,M,4631
2047,49,F,1971
2047,50,M,4767
2047,50,F,2136
2047,51,M,4963
2047,51,F,2332
2047,52,M,5207
2047,52,F,2561
2047,53,M,5477
2047,53,F,2812
2047,54,M,5762
2047,54,F,3082
2047,55,M,6050
2047,55,F,3366
2047,56,M,6327
2047,56,F,3657
2047,57,M,6572
2047,57,F,3945
2047,58,M,6818
2047,58,F,4246
2047,59,M,7095
2047,59,F,4582
2047,60,M,7392
2047,60,F,4952
2047,61,M,7693
2047,61,F,5352
2047,62,M,7990
2047,62,F,5785
2047,63,M,8257
2047,63,F,6235
2047,64,M,8499
2047,64,F,6697
2047,65,M,8752
2047,65,F,7188
2047,66,M,9040
2047,66,F,7709
2047,67,M,9405
2047,67,F,8282
2047,68,M,9853
2047,68,F,8911
2047,69,M,10392
2047,69,F,9607
2047,70,M,11026
2047,70,F,10379
2047,71,M,11748
2047,71,F,11228
2047,72,M,12501
2047,72,F,12113
2047,73,M,13195
2047,73,F,12953
2047,74,M,13812
2047,74,F,13732
2047,75,M,14335
2047,75,F,14442
2047,76,M,14781
2047,76,F,15099
2047,77,M,15143
2047,77,F,15704
2047,78,M,15435
2047,78,F,16256
2047,79,M,15668
2047,79,F,16772
2047,80,M,15816
2047,80,F,17222
2047,81,M,15898
2047,81,F,17620
2047,82,M,15922
2047,82,F,17968
2047,83,M,15844
2047,83,F,18211
2047,84,M,15601
2047,84,F,18258
2047,85,M,15236
2047,85,F,18155
2047,86,M,14772
2047,86,F,17914
2047,87,M,14207
2047,87,F,17515
2047,88,M,13520
2047,88,F,16919
2047,89,M,12753
2047,89,F,16182
2047,90,M,11923
2047,90,F,15317
2047,91,M,11094
2047,91,F,14406
2047,92,M,10218
2047,92,F,13378
2047,93,M,9275
2047,93,F,12201
2047,94,M,8241
2047,94,F,10869
2047,95,M,7307
2047,95,F,9605
2047,96,M,6425
2047,96,F,8382
2047,97,M,5630
2047,97,F,7252
2047,98,M,4926
2047,98,F,6238
2047,99,M,4238
2047,99,F,5245
2047,100,M,3582
2047,100,F,4306
2047,101,M,2974
2047,101,F,3446
2047,102,M,2421
2047,102,F,2685
2047,103,M,1931
2047,103,F,2033
2047,104,M,1496
2047,104,F,1484
2047,105,M,1136
2047,105,F,1051
2047,106,M,846
2047,106,F,722
2047,107,M,612
2047,107,F,476
2047,108,M,431
2047,108,F,301
2047,109,M,301
2047,109,F,187
2048,0,M,4004
2048,0,F,3098
2048,1,M,318
2048,1,F,270
2048,2,M,93
2048,2,F,83
2048,3,M,56
2048,3,F,59
2048,4,M,46
2048,4,F,50
2048,5,M,43
2048,5,F,46
2048,6,M,45
2048,6,F,45
2048,7,M,48
2048,7,F,46
2048,8,M,55
2048,8,F,50
2048,9,M,66
2048,9,F,58
2048,10,M,83
2048,10,F,70
2048,11,M,112
2048,11,F,89
2048,12,M,159
2048,12,F,112
2048,13,M,232
2048,13,F,142
2048,14,M,340
2048,14,F,175
2048,15,M,487
2048,15,F,211
2048,16,M,679
2048,16,F,248
2048,17,M,914
2048,17,F,285
2048,18,M,1188
2048,18,F,321
2048,19,M,1493
2048,19,F,355
2048,20,M,1818
2048,20,F,386
2048,21,M,2152
2048,21,F,416
2048,22,M,2483
2048,22,F,443
2048,23,M,2801
2048,23,F,468
2048,24,M,3096
2048,24,F,491
2048,25,M,3360
2048,25,F,512
2048,26,M,3588
2048,26,F,532
2048,27,M,3807
2048,27,F,554
2048,28,M,3938
2048,28,F,570
2048,29,M,4032
2048,29,F,586
2048,30,M,4105
2048,30,F,604
2048,31,M,4130
2048,31,F,619
2048,32,M,4187
2048,32,F,645
2048,33,M,4248
2048,33,F,678
2048,34,M,4261
2048,34,F,708
2048,35,M,4249
2048,35,F,740
2048,36,M,4236
2048,36,F,778
2048,37,M,4239
2048,37,F,824
2048,38,M,4235
2048,38,F,875
2048,39,M,4216
2048,39,F,929
2048,40,M,4178
2048,40,F,984
2048,41,M,4131
2048,41,F,1044
2048,42,M,4090
2048,42,F,1111
2048,43,M,4075
2048,43,F,1189
2048,44,M,4092
2048,44,F,1280
2048,45,M,4146
2048,45,F,1386
2048,46,M,4241
2048,46,F,1510
2048,47,M,4370
2048,47,F,1652
2048,48,M,4503
2048,48,F,1802
2048,49,M,4623
2048,49,F,1954
2048,50,M,4738
2048,50,F,2109
2048,51,M,4898
2048,51,F,2289
2048,52,M,5120
2048,52,F,2504
2048,53,M,5392
2048,53,F,2753
2048,54,M,5692
2048,54,F,3026
2048,55,M,6006
2048,55,F,3319
2048,56,M,6323
2048,56,F,3628
2048,57,M,6628
2048,57,F,3944
2048,58,M,6899
2048,58,F,4256
2048,59,M,7167
2048,59,F,4582
2048,60,M,7469
2048,60,F,4944
2048,61,M,7789
2048,61,F,5343
2048,62,M,8111
2048,62,F,5774
2048,63,M,8427
2048,63,F,6240
2048,64,M,8711
2048,64,F,6722
2048,65,M,8964
2048,65,F,7217
2048,66,M,9228
2048,66,F,7740
2048,67,M,9527
2048,67,F,8295
2048,68,M,9904
2048,68,F,8904
2048,69,M,10366
2048,69,F,9571
2048,70,M,10919
2048,70,F,10305
2048,71,M,11570
2048,71,F,11119
2048,72,M,12309
2048,72,F,12012
2048,73,M,13076
2048,73,F,12938
2048,74,M,13776
2048,74,F,13810
2048,75,M,14390
2048,75,F,14610
2048,76,M,14901
2048,76,F,15332
2048,77,M,15326
2048,77,F,15990
2048,78,M,15659
2048,78,F,16585
2048,79,M,15914
2048,79,F,17117
2048,80,M,16104
2048,80,F,17602
2048,81,M,16200
2048,81,F,18008
2048,82,M,16224
2048,82,F,18350
2048,83,M,16183
2048,83,F,18630
2048,84,M,16035
2048,84,F,18789
2048,85,M,15716
2048,85,F,18738
2048,86,M,15272
2048,86,F,18522
2048,87,M,14727
2048,87,F,18158
2048,88,M,14082
2048,88,F,17628
2048,89,M,13318
2048,89,F,16896
2048,90,M,12478
2048,90,F,16023
2048,91,M,11587
2048,91,F,15040
2048,92,M,10698
2048,92,F,14002
2048,93,M,9771
2048,93,F,12859
2048,94,M,8791
2048,94,F,11585
2048,95,M,7736
2048,95,F,10185
2048,96,M,6789
2048,96,F,8872
2048,97,M,5904
2048,97,F,7622
2048,98,M,5113
2048,98,F,6483
2048,99,M,4417
2048,99,F,5474
2048,100,M,3749
2048,100,F,4511
2048,101,M,3123
2048,101,F,3624
2048,102,M,2553
2048,102,F,2833
2048,103,M,2044
2048,103,F,2153
2048,104,M,1602
2048,104,F,1586
2048,105,M,1218
2048,105,F,1124
2048,106,M,906
2048,106,F,771
2048,107,M,661
2048,107,F,512
2048,108,M,467
2048,108,F,326
2048,109,M,328
2048,109,F,203
2049,0,M,3814
2049,0,F,2949
2049,1,M,299
2049,1,F,254
2049,2,M,86
2049,2,F,77
2049,3,M,51
2049,3,F,55
2049,4,M,42
2049,4,F,46
2049,5,M,40
2049,5,F,43
2049,6,M,42
2049,6,F,42
2049,7,M,46
2049,7,F,43
2049,8,M,52
2049,8,F,47
2049,9,M,62
2049,9,F,55
2049,10,M,79
2049,10,F,67
2049,11,M,107
2049,11,F,85
2049,12,M,153
2049,12,F,108
2049,13,M,224
2049,13,F,136
2049,14,M,329
2049,14,F,169
2049,15,M,474
2049,15,F,203
2049,16,M,662
2049,16,F,240
2049,17,M,894
2049,17,F,275
2049,18,M,1165
2049,18,F,310
2049,19,M,1466
2049,19,F,343
2049,20,M,1788
2049,20,F,374
2049,21,M,2119
2049,21,F,403
2049,22,M,2447
2049,22,F,429
2049,23,M,2763
2049,23,F,453
2049,24,M,3055
2049,24,F,475
2049,25,M,3318
2049,25,F,496
2049,26,M,3546
2049,26,F,515
2049,27,M,3736
2049,27,F,534
2049,28,M,3917
2049,28,F,555
2049,29,M,4010
2049,29,F,571
2049,30,M,4070
2049,30,F,587
2049,31,M,4113
2049,31,F,605
2049,32,M,4112
2049,32,F,622
2049,33,M,4147
2049,33,F,650
2049,34,M,4191
2049,34,F,685
2049,35,M,4191
2049,35,F,718
2049,36,M,4171
2049,36,F,754
2049,37,M,4154
2049,37,F,795
2049,38,M,4157
2049,38,F,846
2049,39,M,4157
2049,39,F,902
2049,40,M,4144
2049,40,F,962
2049,41,M,4116
2049,41,F,1024
2049,42,M,4081
2049,42,F,1090
2049,43,M,4055
2049,43,F,1165
2049,44,M,4056
2049,44,F,1252
2049,45,M,4091
2049,45,F,1352
2049,46,M,4164
2049,46,F,1468
2049,47,M,4280
2049,47,F,1605
2049,48,M,4430
2049,48,F,1760
2049,49,M,4587
2049,49,F,1925
2049,50,M,4731
2049,50,F,2092
2049,51,M,4870
2049,51,F,2262
2049,52,M,5055
2049,52,F,2459
2049,53,M,5304
2049,53,F,2693
2049,54,M,5605
2049,54,F,2964
2049,55,M,5935
2049,55,F,3261
2049,56,M,6279
2049,56,F,3579
2049,57,M,6626
2049,57,F,3914
2049,58,M,6959
2049,58,F,4257
2049,59,M,7255
2049,59,F,4594
2049,60,M,7548
2049,60,F,4946
2049,61,M,7872
2049,61,F,5337
2049,62,M,8215
2049,62,F,5767
2049,63,M,8558
2049,63,F,6230
2049,64,M,8893
2049,64,F,6729
2049,65,M,9191
2049,65,F,7246
2049,66,M,9456
2049,66,F,7774
2049,67,M,9728
2049,67,F,8332
2049,68,M,10035
2049,68,F,8921
2049,69,M,10423
2049,69,F,9566
2049,70,M,10896
2049,70,F,10271
2049,71,M,11463
2049,71,F,11045
2049,72,M,12128
2049,72,F,11900
2049,73,M,12881
2049,73,F,12834
2049,74,M,13658
2049,74,F,13799
2049,75,M,14359
2049,75,F,14700
2049,76,M,14965
2049,76,F,15518
2049,77,M,15458
2049,77,F,16244
2049,78,M,15856
2049,78,F,16896
2049,79,M,16153
2049,79,F,17473
2049,80,M,16366
2049,80,F,17974
2049,81,M,16504
2049,81,F,18417
2049,82,M,16542
2049,82,F,18767
2049,83,M,16501
2049,83,F,19040
2049,84,M,16390
2049,84,F,19237
2049,85,M,16165
2049,85,F,19298
2049,86,M,15765
2049,86,F,19134
2049,87,M,15239
2049,87,F,18793
2049,88,M,14611
2049,88,F,18294
2049,89,M,13885
2049,89,F,17623
2049,90,M,13045
2049,90,F,16750
2049,91,M,12140
2049,91,F,15753
2049,92,M,11187
2049,92,F,14638
2049,93,M,10244
2049,93,F,13477
2049,94,M,9274
2049,94,F,12229
2049,95,M,8265
2049,95,F,10874
2049,96,M,7199
2049,96,F,9423
2049,97,M,6250
2049,97,F,8081
2049,98,M,5372
2049,98,F,6826
2049,99,M,4594
2049,99,F,5700
2049,100,M,3916
2049,100,F,4718
2049,101,M,3276
2049,101,F,3805
2049,102,M,2687
2049,102,F,2986
2049,103,M,2161
2049,103,F,2277
2049,104,M,1700
2049,104,F,1684
2049,105,M,1307
2049,105,F,1205
2049,106,M,975
2049,106,F,828
2049,107,M,710
2049,107,F,549
2049,108,M,506
2049,108,F,352
2049,109,M,358
2049,109,F,220
2050,0,M,3633
2050,0,F,2807
2050,1,M,281
2050,1,F,239
2050,2,M,80
2050,2,F,71
2050,3,M,48
2050,3,F,51
2050,4,M,39
2050,4,F,43
2050,5,M,38
2050,5,F,40
2050,6,M,39
2050,6,F,39
2050,7,M,43
2050,7,F,41
2050,8,M,49
2050,8,F,45
2050,9,M,59
2050,9,F,52
2050,10,M,75
2050,10,F,64
2050,11,M,102
2050,11,F,81
2050,12,M,147
2050,12,F,104
2050,13,M,216
2050,13,F,131
2050,14,M,319
2050,14,F,163
2050,15,M,461
2050,15,F,197
2050,16,M,646
2050,16,F,232
2050,17,M,874
2050,17,F,267
2050,18,M,1142
2050,18,F,300
2050,19,M,1440
2050,19,F,333
2050,20,M,1759
2050,20,F,362
2050,21,M,2087
2050,21,F,390
2050,22,M,2412
2050,22,F,415
2050,23,M,2725
2050,23,F,439
2050,24,M,3016
2050,24,F,460
2050,25,M,3277
2050,25,F,480
2050,26,M,3504
2050,26,F,499
2050,27,M,3694
2050,27,F,517
2050,28,M,3845
2050,28,F,535
2050,29,M,3990
2050,29,F,556
2050,30,M,4049
2050,30,F,572
2050,31,M,4078
2050,31,F,589
2050,32,M,4094
2050,32,F,608
2050,33,M,4072
2050,33,F,627
2050,34,M,4091
2050,34,F,656
2050,35,M,4122
2050,35,F,694
2050,36,M,4114
2050,36,F,731
2050,37,M,4090
2050,37,F,770
2050,38,M,4073
2050,38,F,816
2050,39,M,4079
2050,39,F,872
2050,40,M,4085
2050,40,F,934
2050,41,M,4082
2050,41,F,1001
2050,42,M,4067
2050,42,F,1069
2050,43,M,4047
2050,43,F,1144
2050,44,M,4037
2050,44,F,1227
2050,45,M,4055
2050,45,F,1323
2050,46,M,4109
2050,46,F,1433
2050,47,M,4202
2050,47,F,1561
2050,48,M,4340
2050,48,F,1711
2050,49,M,4514
2050,49,F,1881
2050,50,M,4694
2050,50,F,2061
2050,51,M,4863
2050,51,F,2244
2050,52,M,5027
2050,52,F,2431
2050,53,M,5238
2050,53,F,2645
2050,54,M,5515
2050,54,F,2900
2050,55,M,5846
2050,55,F,3195
2050,56,M,6207
2050,56,F,3517
2050,57,M,6582
2050,57,F,3863
2050,58,M,6959
2050,58,F,4226
2050,59,M,7321
2050,59,F,4596
2050,60,M,7642
2050,60,F,4961
2050,61,M,7958
2050,61,F,5341
2050,62,M,8306
2050,62,F,5762
2050,63,M,8671
2050,63,F,6224
2050,64,M,9034
2050,64,F,6721
2050,65,M,9387
2050,65,F,7256
2050,66,M,9698
2050,66,F,7808
2050,67,M,9972
2050,67,F,8371
2050,68,M,10251
2050,68,F,8963
2050,69,M,10565
2050,69,F,9587
2050,70,M,10960
2050,70,F,10269
2050,71,M,11443
2050,71,F,11012
2050,72,M,12020
2050,72,F,11825
2050,73,M,12696
2050,73,F,12720
2050,74,M,13459
2050,74,F,13695
2050,75,M,14242
2050,75,F,14695
2050,76,M,14939
2050,76,F,15620
2050,77,M,15532
2050,77,F,16450
2050,78,M,16001
2050,78,F,17174
2050,79,M,16366
2050,79,F,17811
2050,80,M,16621
2050,80,F,18360
2050,81,M,16783
2050,81,F,18818
2050,82,M,16863
2050,82,F,19206
2050,83,M,16836
2050,83,F,19486
2050,84,M,16723
2050,84,F,19675
2050,85,M,16535
2050,85,F,19774
2050,86,M,16229
2050,86,F,19723
2050,87,M,15744
2050,87,F,19431
2050,88,M,15132
2050,88,F,18952
2050,89,M,14420
2050,89,F,18309
2050,90,M,13614
2050,90,F,17490
2050,91,M,12705
2050,91,F,16487
2050,92,M,11734
2050,92,F,15352
2050,93,M,10725
2050,93,F,14109
2050,94,M,9736
2050,94,F,12836
2050,95,M,8732
2050,95,F,11496
2050,96,M,7703
2050,96,F,10077
2050,97,M,6638
2050,97,F,8598
2050,98,M,5696
2050,98,F,7251
2050,99,M,4835
2050,99,F,6014
2050,100,M,4080
2050,100,F,4923
2050,101,M,3429
2050,101,F,3989
2050,102,M,2825
2050,102,F,3143
2050,103,M,2280
2050,103,F,2406
2050,104,M,1802
2050,104,F,1786
2050,105,M,1392
2050,105,F,1283
2050,106,M,1049
2050,106,F,890
2050,107,M,766
2050,107,F,591
2050,108,M,546
2050,108,F,378
2050,109,M,389
2050,109,F,239
