outcome_vs_single,ref_lag_coef,ref_lag_p
cohabiting,0.33002347802156257,0.83043442641393
married,0.40573044327829977,0.7940121269459909
