id,capitulo,seccion,afirmacion,tipo,tier_seccion,valor_ciep,fuente_oficial,valor_oficial,coincide,discrepancia,tipo_error,contrafactual_explicito,nota
V001,Presentación,Presentación (p. vi),Tasa de referencia de EE.UU. pasó de 0–0.25 % a 2.25–2.50 %; CEPAL anticipa 3.25–3.50 % al cierre de 2022,a,restitucion,0–0.25 → 2.25–2.50; 3.25–3.50,Fed / CEPAL (fuentes externas al paquete),,no_verificable,,,na,Fuente externa; no está en el paquete.
V002,Presentación,Presentación (p. vi),"Crecimiento estimado al cierre de 2022 de 2.4 %, menor al 4.1 % aprobado hace un año",a,restitucion,2.4; 4.1,CGPE 2023 p. 19 y 134 (SHCP); CGPE 2022 p. 39,2022e 2.4; aprobado 2022 4.1,si,,,si,
V003,Presentación,Presentación (p. vi),"La SHCP estima que inflación, tasa de interés y precio de la mezcla al cierre de 2022 serán mayores que en los CGPE 2022",a,restitucion,mayores,"CGPE 2023 p. 19, 134 vs CGPE 2022 p. 39 (SHCP)",inflación dic/dic 7.7 vs 3.4; Cetes fin 9.5 vs 5.3; mezcla 93.6 vs 55.1 dpb,si,,,si,
V004,Presentación,Presentación (p. vi),"CGPE estiman PIB 2023 de 3.0 %, por encima del 1.2 % del FMI y del PIB potencial de 2.4 % de la SHCP; habría que crecer 0.6 pp sobre el potencial",a/b,restitucion,3.0; 1.2; 2.4; 0.6,CGPE 2023 p. 134 (3.0) y p. 145 (PIB potencial 2.38 %) (SHCP); FMI externo,3.0 ✓; 2.38 ≈ 2.4 ✓; 3.0 − 2.4 = 0.6 ✓; FMI no verificable,si,,,na,"El 1.2 del FMI es fuente externa (coincide con el piso del rango 1.2–3.0 del CGPE p. 134, pero CIEP lo atribuye al FMI)."
V005,Presentación,Presentación (p. vi),"Inflación promedio 2023 de 4.7 %, tasa de interés promedio de 8.95 %, tasa real de 4.1 %",a/b,restitucion,4.7; 8.95; 4.1,CGPE 2023 p. 134 (SHCP),4.7 ✓; 8.95 ✓; real promedio oficial 4.04; 1.0895/1.047 − 1 = 4.06,aprox,4.1 vs 4.04,,na,Redondeo.
V006,Presentación,Cuadro macro (p. vii),"Cuadro: 2022 aprobado 4.1 / 4.1 / 5.0 / 55.1 / 20.3; 2022 estimado 2.4 / 7.8 / 7.5 / 93.6 / 20.4; 2023 3.0 / 4.7 / 8.9 / 68.7 / 20.6 (crecimiento, inflación, tasa nominal, mezcla, tipo de cambio)",a,restitucion,ver afirmación,CGPE 2022 p. 39; CGPE 2023 p. 134 (SHCP),"Todas coinciden como inflación promedio, Cetes 28 promedio y tipo de cambio promedio; Cetes 2022e 7.48 → 7.5 ✓; 2023 8.95 → CIEP 8.9 (trunca)",aprox,8.9 vs 8.95,,na,"El cuadro no dice que 'inflación', 'tasa' y 'tipo de cambio' son promedios anuales (no fin de periodo)."
V007,Presentación,Austeridad fiscal (p. vii),RFSP en 4.1 % del PIB y SHRFSP en 49.4 % del PIB,a,restitucion,4.1; 49.4,"CGPE 2023 p. 16, 135 (SHCP)",−4.1; 49.4,si,,,na,
V008,Presentación,Austeridad fiscal (p. vii),El Gasto Corriente Estructural propuesto excede el límite en 102.2 mil mdp,a,restitucion,102.2 mil mdp,CGPE 2023 p. 69 (SHCP),"102.2 mmp sobre el LMGCE de 3,117.7 mmp",si,,,na,
V009,Presentación,Austeridad fiscal (p. vii),Es la primera ocasión desde 2014 en que el GCE propuesto excede el límite,a/c,restitucion,desde 2014,Serie del LMGCE por paquete (no en carpeta),,no_verificable,,,na,Requiere los CGPE 2015–2022 (Anexo IV.2 de cada uno); solo 2022 y 2023 están en carpeta.
V010,Presentación,Visión 2023 (p. vii),No se presentó miscelánea fiscal; los cambios se concentran en la Ley Federal de Derechos y la LFPRH,a,restitucion,sin miscelánea; LFD; LFPRH,CGPE 2023 p. 17 (sin nuevos impuestos ni aumentos) (SHCP); iniciativas LFD y LFPRH no en carpeta,Congruente con CGPE p. 17 y 73,si,,,na,Las iniciativas de LFD y LFPRH no están en la carpeta; se acepta por el CGPE.
V011,Presentación,Presentación (p. vi–vii),Juicios: las estimaciones podrían ser optimistas; la restricción presupuestaria se relaja con endeudamiento; la consistencia del marco es debatible; la visión de corto plazo domina,c,juicio,,,,,,,na,Juicio.
V012,Resumen ejecutivo,Parte I ingresos (p. viii),"ILIF 2023 estima 7.1 billones, 22.7 % del PIB, +9.9 % respecto a la LIF 2022 y +0.8 % respecto al cierre 2022; tributarios 14.7 % del PIB",a,restitucion,7.1; 22.7; 9.9; 0.8; 14.7,"CGPE 2023 p. 71, 150–151 (SHCP)","7,123,474.0; 22.7; +9.9 real vs LIF; +0.8 real vs est.; 14.7",si,,,si,Restitución del capítulo 1 (detalle en V1xx).
V013,Resumen ejecutivo,Ingresos por energía (p. viii),"Pemex + FMP + CFE suman 1.7 billones, +9.3 % real vs LIF 2022; FMP +25.3 %; Pemex +10 %; CFE −6.5 %; petroleros +15.2 % vs LIF 2022 y −11.5 % respecto al cierre 2022",a/b,restitucion,1.7; 9.3; 25.3; 10; −6.5; 15.2; −11.5,"ILIF 2023 art. 1o. numerales 7.72 y 9.97 (Pemex 826,492.8; CFE 398,988.8; FMP 487,742.6) vs ILIF 2022 (716,087.2; 406,582.8; 370,928.1) (Ejecutivo); CGPE 2023 p. 71 (SHCP)","1,713,224.2 = 1.7 ✓; +9.2 % real (1.050) ✓; FMP +25.2 ✓; Pemex +9.9 ✓; CFE −6.5 ✓; Pemex+FMP +15.2 ✓ (perímetro ILIF); vs cierre: 1,314,235.4 / 1,484,912.5 = −11.5 % NOMINAL; real −15.5 % (CGPE p. 71)",no,−11.5 nominal presentado junto a variaciones reales,contrafactual,no,"Todo reproduce salvo el −11.5 %, que es nominal (y mezcla el perímetro ILIF con el estimado CGPE que incluye ISR petrolero) sin decirlo; el cap. 13 dice −13 % para 'energéticos'."
V014,Resumen ejecutivo,Parte II gasto (p. ix),"El PPEF 2023 presentaría un incremento de 11.6 % respecto al PEF 2022, para ubicarse en 6.3 billones de pesos",a,restitucion,11.6 %; 6.3 billones,"CGPE 2023 p. 78–79, 142 (SHCP); DEC 2023 art. 2 (Ejecutivo)","Gasto neto total 8,257.6 mmp pagado (8,299.6 con diferimiento); +11.6 % real ✓",no,6.3 vs 8.3 billones,transcripcion,si,Ningún agregado del paquete vale 6.3 billones (programable devengado 5.96; gasto neto 8.26).
V015,Resumen ejecutivo,Parte II gasto (p. ix),El gasto programable tendrá una proporción menor en 2.2 pp respecto a lo aprobado en 2022,b,restitucion,−2.2 pp,CGPE 2023 p. 150 (SHCP),"5,207,251.7/7,048,205.6 = 73.9 %; 5,916,223.5/8,257,614.7 = 71.6 %; −2.2 pp ✓",si,,,si,
V016,Resumen ejecutivo,Parte II gasto (p. ix),"Gasto federalizado, pensiones y costo financiero concentran 63.2 % del PPEF",b,restitucion,63.2 %,"CGPE 2023 p. 79–80, 150 (SHCP); DEC Anexo 1","(2,432.8 + pensiones CIEP ≈1,695 + 1,079.1)/8,257.6 = 63.1 %; con 8,299.6: 62.7 %; con pensiones oficiales + PBAM (1,668.8): 62.7 / 62.4",aprox,63.2 vs 62.7–63.1,,na,"Depende del perímetro de pensiones de CIEP (5.4 % del PIB), no declarado en el resumen."
V017,Resumen ejecutivo,Parte II gasto (p. ix),"Espacio fiscal 2 % del PIB; 4,751.2 pesos por persona para política pública, 2.8 % menos que en 2022",b/c,juicio,"2 %; 4,751.2; −2.8 %",Concepto y cálculo de CIEP; CONAPO (externo),,no_verificable,,,no,Sin equivalente oficial; población externa.
V018,Resumen ejecutivo,Gasto en salud (p. ix),El sector salud aumenta 4.2 %; equivale a 2.8 % del PIB,a/b,restitucion,4.2 %; 2.8 %,CGPE 2023 p. 17 (gasto en salud +4.0 % real) (SHCP); p. 125 (función salud 2.8 % del PIB en 2022e),+4.0 % (función salud oficial); 2.8 % del PIB 2022e; 2023 por función no publicado en % PIB,aprox,4.2 vs 4.0 (perímetro CIEP),,no,Perímetro 'sector salud' propio de CIEP (nota del cap. 8); no declara si real.
V019,Resumen ejecutivo,Gasto en salud (p. ix),"Atención a la salud +46.5 %; Medicamentos gratuitos +0.06 %; gasto per cápita sin seguridad social 3,733 → 3,694 pesos (−2.1 %); programas de infraestructura sin presupuesto; IMSS-Bienestar y remanente FONSABI",a/b,restitucion,"46.5; 0.06; 3,733; 3,694; −2.1",Analíticos del PPEF 2023 por programa (ausentes); ILIF 2023 transitorios (FONSABI),,no_verificable,,,no,EM y analíticos del proyecto ausentes; población externa. FONSABI: verificar en V1xx (cap. 8).
V020,Resumen ejecutivo,Gasto en energía (p. ix),"Gasto del sector energético 1.2 billones, 3.6 pp del PIB, 13.5 % del PPEF, −8.1 % real; Pemex +1.5 %; SENER 95.61 % aportación patrimonial; sin partida para LitioMx",a/b,restitucion,1.2; 3.6; 13.5; −8.1; +1.5; 95.61,"CGPE 2023 p. 68 (Pemex programable +1.6 % real) (SHCP); DEC 2023 Anexo 1 (Pemex 678,406.8; Ramo 18 49,401.9) y analítico PEF 2022 aprobado (Pemex programable 636,281.1)","Pemex: 678,406.8/(636,281.1 × 1.05) = +1.5 % ✓; perímetro 'sector energético' de CIEP (Pemex, CFE, Sener, R23) no reproducible sin analíticos GF",aprox,,,no,"Solo Pemex verificable; el resto es perímetro propio con analíticos ausentes (ver cap. 6, V1xx)."
V021,Resumen ejecutivo,Gasto en energía (p. ix),El gasto para la CFE decrece 7.8 % en términos reales,b,restitucion,−7.8 %,"DEC 2023 Anexo 1 (CFE programable 439,772.4; costo financiero 35,841.2) vs analítico PEF 2022 aprobado (449,997.2; 29,585.6) (Ejecutivo/SHCP)",Programable: −6.9 % (1.050) / −6.7 % (1.047); total con costo financiero: −5.6 %,no,−7.8 vs −6.9 / −5.6,perimetro,no,No reproduce con ninguna combinación programable / costo financiero; perímetro CFE de CIEP no declarado en el resumen (ver cap. 6).
V022,Resumen ejecutivo,Gasto federalizado (p. ix),"Gasto federalizado 2,432,770.9 mdp (7.7 % del PIB), +9.9 % vs aprobado 2022, 29.3 % del gasto neto; participaciones 50.2 %, aportaciones 38.0 %, convenios 5.0 %, salud 3.4 %, resto 3.4 %",a/b,restitucion,"2,432,770.9; 7.7; 9.9; 29.3; 50.2; 38.0; 5.0; 3.4; 3.4","CGPE 2023 p. 79 (2,432.8 mmp; +9.9 %; participaciones 50.2 %; aportaciones 41.0 %; otros 8.8 %) (SHCP); DEC Anexo 1 (R28 1,220,271.1; R33 924,331.7; R25 72,782.7)",7.75 ✓; 29.3 ✓; 50.16 ✓; aportaciones R33 solas = 38.0 (CGPE incluye R25: 41.0),aprox,aportaciones 38.0 vs 41.0 (perímetro),,si,CIEP separa el Ramo 25 en 'resto'; perímetro propio no declarado en el resumen pero reproducible.
V023,Resumen ejecutivo,Gasto federalizado (p. ix),"Por habitante: 5,647.8 pesos a educación, 1,286 a salud, 2,463.9 a protección social y vivienda",b,restitucion,"5,647.8; 1,286; 2,463.9",CONAPO (externo); analíticos por fondo (ausentes),,no_verificable,,,na,Población externa; asignación por función propia de CIEP.
V024,Resumen ejecutivo,Gasto en infraestructura (p. x),"Gasto público en inversión 1,190,133 mdp, +15.6 % respecto al PEF 2022",a,restitucion,"1,190,133; 15.6 %","CGPE 2023 p. 17 y 80 (gasto de inversión 1,190.1 mmp de 2023; +15.6 % real vs PEF) (SHCP)","1,190.1 mmp ✓; +15.6 ✓",si,,,si,La referencia de CEPAL (4 % del PIB) es externa.
V025,Resumen ejecutivo,Gasto en infraestructura (p. x),Principal destino Combustibles y energía (−7.4 %); Vivienda y servicios a la comunidad 21.3 %; Comunicaciones y transportes 17.3 %; Salud 2.6 %,b,restitucion,−7.4; 21.3; 17.3; 2.6,Analíticos por función y capítulo (ausentes),,no_verificable,,,no,Requiere analíticos del proyecto por función × capítulo de gasto (ver cap. 9).
V026,Resumen ejecutivo,Gasto en educación (p. x),"Gasto educativo por debajo de los niveles 2016–2021 y 0.8 pp del PIB por debajo de lo recomendado; +44,272 mdp vs PEF 2022; 88.8 % del aumento en tres partidas",a/b,restitucion,"44,272; 88.8 %; 0.8 pp",CGPE 2023 p. 125 (función educación 3.4 % del PIB en 2016 → 2.9 en 2022e) (SHCP); analíticos ausentes,"Serie oficial 2016–2022e cae de 3.4 a 2.9 % del PIB, congruente; el resto no verificable",no_verificable,,,no,Perímetro educativo de CIEP; recomendación externa (ver cap. 7).
V027,Resumen ejecutivo,Gasto en pensiones (p. x),"1.7 billones para pensiones contributivas y de Bienestar, 5.4 % del PIB y 20.4 % del PPEF, +12.8 % vs aprobado 2022",a/b,restitucion,1.7; 5.4; 20.4; 12.8,"CGPE 2023 p. 80 (pensiones 1,230.5 → 1,333.3 mmp de 2023, +8.4 %) y p. 105 (PBAM 238.0 → 335.5, +34.3 %) (SHCP)","1,333.3 + 335.5 = 1,668.8 mmp (5.3 % del PIB; 20.1 % del PPEF); (1,668.8)/(1,230.5 + 238.0 × 1.05) = +12.7 %",aprox,5.4 / 20.4 vs 5.3 / 20.1 con el perímetro contributivas + PBAM,,si,CIEP incluye además pensiones para personas con discapacidad u otras; perímetro declarado en el cap. 5 (ver V1xx).
V028,Resumen ejecutivo,Gasto en pensiones (p. x),58.4 % de las personas pensionadas son hombres y 41.6 % mujeres; las mujeres reciben una pensión 14 % menor,b,mixta,58.4; 41.6; 14 %,ENIGH / cálculo CIEP (externo),,no_verificable,,,na,Fuente externa al paquete.
V029,Resumen ejecutivo,Economía de los cuidados (p. x),"Presupuesto de programas de cuidado directo −2.7 % real; FAM asistencia social −6.3 %, Educación Inicial +0.6 %, PABNNHMT +0.1 %",b,restitucion,−2.7; −6.3; 0.6; 0.1,Analíticos por programa (ausentes),,no_verificable,,,si,Perímetro propio de CIEP (metodología del cap. 10).
V030,Resumen ejecutivo,Parte III deuda (p. xi),"La política de deuda 2023–2028 no contempla la transición demográfica ni las presiones por pensiones, costo financiero y gasto federalizado; no es responsable con las futuras generaciones",c,juicio,,"CGPE 2023 p. 103–105 (riesgos de largo plazo: pensiones, salud; pasivo pensionario 43.6 % del PIB)",,,,,na,"Juicio. Dato en contra parcial: el CGPE sí nombra la pirámide poblacional y el pasivo pensionario como riesgos de largo plazo (p. 103–104), aunque no los integra a la proyección del SHRFSP."
V031,Resumen ejecutivo,Parte III deuda (p. xi),El Paquete proyecta un SHRFSP constante en 49.4 % del PIB para 2023–2028,a,restitucion,49.4 todos los años,"CGPE 2023 p. 101, 135 (SHCP); ILIF p. XXXIX",49.4 en 2023–2028 ✓,si,,,na,
V032,Resumen ejecutivo,Parte III deuda (p. xi),…sin mostrar cómo se logrará mantener el equilibrio presupuestario constante,a/c,juicio,equilibrio presupuestario constante,"CGPE 2023 p. 101, 135 (balance público −2.2 % del PIB en 2024–2028; balance sin inversión 0.0 solo para 2023) (SHCP)",El CGPE no proyecta equilibrio: proyecta déficit público de 2.2 % del PIB en 2024–2028 (RFSPF 2.7),no,equilibrio vs déficit de 2.2 %,objeto,na,Nombra 'equilibrio presupuestario' lo que la fuente presenta como déficit constante; el único equilibrio del paquete es el balance sin inversión de 2023.
V033,Resumen ejecutivo,Parte III deuda (p. xi),La deuda pública per cápita seguirá en aumento,b,mixta,,CONAPO (externo); CGPE 2023 p. 101 (SHRFSP nominal creciente),Con 49.4 % constante y PIB nominal creciente el saldo nominal sube 5–6 % anual; per cápita real depende de población externa,no_verificable,,,no,Cierto en nominal por construcción; en términos reales y per cápita requiere CONAPO.
V034,Resumen ejecutivo,Costo financiero (p. xi),"Costo financiero +30 % en 2023, 1.1 billones, 3.4 % del PIB; el principal crecimiento en la deuda del Gobierno Federal (+38.0 %), equivalente a 2.7 % del PIB",a/b,restitucion,30 %; 1.1; 3.4; 38.0; 2.7,"CGPE 2023 p. 79, 150 (1,079,087.1; +29.9 % real; 3.4 %) (SHCP); DEC 2023 y 2022 Anexo 8 (Ramo 24 840,943.3 vs 580,638.2) (Ejecutivo)","+29.9 (CGPE); Ramo 24: 840,943.3/(580,638.2 × 1.05) = +37.9 %; 2.68 % del PIB",aprox,30.0 vs 29.9; 38.0 vs 37.9 (deflactor CIEP ≈1.048),,si,'Deuda del Gobierno Federal' = Ramo 24; el CGPE p. 88 da 2.9 % del PIB para el GF incluyendo el Ramo 34.
V035,Resumen ejecutivo,Costo financiero (p. xi),El monto se basa en supuestos optimistas; ante un entorno adverso el costo financiero puede subir y provocar reasignaciones,c,juicio,,,,,,,na,Juicio.
V036,11 Costo financiero,"Infografía (p. 69, PDF 80)","Costo financiero de la deuda PPEF 2023: 1,079,087.0 mdp; variación vs PEF 2022 +30.0 %; 3.4 % del PIB; 13.0 % del PPEF",a/b,restitucion,"1,079,087.0; 30.0; 3.4; 13.0","CGPE 2023 p. 150 (1,079,087.1; +29.9 % real) (SHCP); DEC 2023 art. 2 y Anexo 8","1,079,087.1; 29.9; 3.44; 1,079,087.1/8,299,647.8 = 13.0 ✓",aprox,"30.0 vs 29.9; 1,079,087.0 vs .1",deflactor,si,"Deflactor CIEP ≈1.048 (830.8 mmp de 2023 en CGPE p. 79 implica 1.0497). [Remarcado ex post 2026-09-06, corrida 2024, instrucción v3 §2.10: tipo_error=deflactor.]"
V037,11 Costo financiero,Infografía texto (p. 69),El costo financiero del Gobierno Federal representa 2.7 % del PIB; el de Pemex y CFE representan 1.8 % y 0.4 % del PIB,a/b,restitucion,2.7; 1.8; 0.4 (% del PIB),DEC 2023 Anexo 1 y 8 (Ejecutivo); PIB CGPE p. 134,"GF 840,943.3/31,401,700 = 2.68 % ✓; Pemex 148,086.0 = 0.47 % del PIB y 1.78 % del PPEF; CFE 35,841.2 = 0.11 % del PIB y 0.43 % del PPEF",no,"1.8 y 0.4 son % del PPEF, no del PIB",objeto,na,Las burbujas de la misma página rotulan 1.8 y 0.4 como '% PPEF'; el texto los llama % del PIB.
V038,11 Costo financiero,Infografía burbujas (p. 69),"GF 840,943.3 (10.1 %, +38.0 %); Pemex 148,086.0 (1.8 %, −1.0 %); CFE 35,841.2 (0.4 %, 15.5 % con flecha a la baja); ahorradores y deudores 54,216.5 (0.7 %, +33.6 %)",a/b,restitucion,ver afirmación,"DEC 2023 Anexo 1.E y Anexo 8; DEC 2022 Anexo 1.E y 8 (Pemex 142,556.1; CFE 29,585.6; R34 38,683.9; R24 580,638.2) (Ejecutivo)",Montos ✓; % del PPEF 10.13 / 1.78 / 0.43 / 0.65 ✓; variaciones reales (1.050): +37.9 / −1.1 / +15.4 / +33.5,aprox,38.0 vs 37.9; 33.6 vs 33.5; flecha de CFE apunta a la baja con +15.5 %,,si,Base = DEC 2022 (proyecto) = PEF 2022 aprobado para las EPE según el analítico de entidades; la flecha roja descendente de CFE contradice el signo.
V039,11 Costo financiero,§11 apertura (p. 70),Costo financiero 3.4 % del PIB; comparado con lo aprobado para 2022 (2.7 % del PIB) es 0.7 pp mayor,a/b,restitucion,2.7 % (aprobado 2022); +0.7 pp,"CGPE 2023 p. 58, 135, 150 (costo financiero aprobado 2022 = 2.8 % del PIB) (SHCP)","791,463.8/28,129,300 = 2.81 % con el PIB de aprobación (CGPE 2022 p. 119); 2.72 % solo con el PIB revisado 29,058.3; diferencia oficial 0.6 pp",no,2.7 vs 2.8; 0.7 vs 0.6 pp,contrafactual,no,Quinta declaración: el aprobado 2022 se divide entre el PIB revisado sin decirlo; la fuente oficial presenta 2.8 en todos sus cuadros.
V040,11 Costo financiero,§11.1 (p. 70),Costo financiero del GF +38.0 % vs aprobado 2022 = 2.7 % del PIB; EPE +1.8 % = 0.6 % del PIB; resto de pasivos +33.6 % = 0.2 % del PIB,a/b,restitucion,38.0; 2.7; 1.8; 0.6; 33.6; 0.2,DEC 2023 y 2022 Anexos 1.E y 8 (Ejecutivo); PIB CGPE p. 134,"R24 +37.9 % (2.68 %); EPE 183,927.2/(172,141.7 × 1.05) = +1.8 % (0.59 %); R34 +33.5 % (0.17 %)",aprox,décimas de deflactor,,si,'Resto de pasivos' = Ramo 34 (IPAB y deudores).
V041,11 Costo financiero,§11.1 ¿Cómo se genera el costo? (p. 70),"La deuda del Gobierno Federal se clasifica por deuda externa (11.4 % del total), instrumentos financieros internos (83.9 %) y resto de pasivos internos (4.7 %)",a/b,restitucion,11.4; 83.9; 4.7 (% de la deuda),"Figura 11.2 de CIEP (costo financiero por fuente: 96,147 / 703,360 / 39,436 mdp de 2023); CGPE 2023 p. 88 (deuda del GF: externa 19.2 %, interna 80.8 % en 2023e) (SHCP)","Los porcentajes son participaciones del COSTO FINANCIERO del Ramo 24 (11.4 / 83.6 / 4.7 de 840,943), no de la deuda; la deuda externa es 19.2 % del total (20.6 % en 2022e)",no,11.4 % (costo) presentado como composición de la deuda; oficial 19.2 %,objeto,na,"El texto nombra 'deuda' a la composición del costo financiero. Composición del Ramo 24 por concepto: Tomo I ausente, no verificable contra fuente."
V042,11 Costo financiero,§11.1 Instrumentos financieros (p. 70),Costo de instrumentos internos: crecimiento real de 38.1 %; deuda externa: crecimiento de 11.4 %,b,restitucion,38.1; 11.4,"Figura 11.2 de CIEP (mdp de 2023: internos 510,774 → 703,360; externa 91,038 → 96,147); Tomo I del PPEF (ausente)","Internos: 703,360/510,774 = +37.7 % (≈38.1 con lectura de la figura); externa: 96,147/91,038 = +5.6 %; 11.4 % es la participación de la externa en el costo, no su crecimiento",no,11.4 vs ≈5.6,transcripcion,no,La fuente del desglose (Tomo I) no está en carpeta; el cotejo es interno contra la propia figura 11.2 de CIEP.
V043,11 Costo financiero,§11.1 EPE (p. 70),El costo financiero de las EPE se compone de Pemex (80.5 %) y CFE (19.5 %); el de Pemex (0.5 % del PIB en 2023) se reduce −1.0 % respecto a 2022,a/b,restitucion,80.5; 19.5; 0.5; −1.0,"DEC 2023 Anexo 1.E (Pemex 148,086.0; CFE 35,841.2); DEC 2022 (Pemex 142,556.1) (Ejecutivo)","148,086.0/183,927.2 = 80.5 ✓; 19.5 ✓; 0.47 % del PIB ✓; 148,086.0/(142,556.1 × 1.05) = −1.1 %",si,,,si,'Se destina a intereses de la deuda externa' no es verificable (Tomo I).
V044,11 Costo financiero,Conceptos clave (p. 70),"Costo financiero de la deuda pública: erogaciones por intereses, comisiones y gastos de la deuda y gasto destinado al saneamiento del sistema financiero (SHCP 2022b)",a,restitucion,definición,"SHCP (2023) Balance Fiscal en México p. 3–4 y DEC 2023 Anexo 8 (Ramos 24, 29, 34 y EPE) (SHCP)",Congruente con el Anexo 8 del DEC,si,,,na,
V045,11 Costo financiero,§11.1 CFE y Figura 11.3 (p. 71–72),"Costo de CFE: interno 25.7 %, externo 42.1 %, coberturas 32.2 %; crecimiento real 12.9 % interno y 2.1 % externo; la deuda interna pasó de 53.1 % del costo en 2016 a 23.7 % en 2023; coberturas +42.4 % en 2023 y +291.9 % aprobado en 2022",a/b,restitucion,25.7; 42.1; 32.2; 12.9; 2.1; 53.1; 23.7; 42.4; 291.9,"Tomo I / flujo de efectivo de CFE (ausente); Cuenta Pública 2016 (ex post, ausente)","Solo el total (35,841.2) es verificable con el DEC Anexo 1.E; la suma de la figura 11.3 para 2023 no coincide con 35,841 al leerla (≈36,700)",no_verificable,,,si,Desglose de CFE no está en carpeta; 25.7 + 42.1 + 32.2 = 100 pero 'interno 25.7 %' y 'interna representaría 23.7 %' son dos cifras para un mismo objeto en la misma página.
V046,11 Costo financiero,§11.2 Supuestos macroeconómicos (p. 72),"Los cálculos se realizaron con una tasa nominal promedio de 5.5 % y una inflación anual de 4.7 % en 2023, lo que implica una tasa real acumulada de 6.0 %",a/b,juicio,5.5; 4.7; 6.0,CGPE 2023 p. 134 (Cetes 28 nominal promedio 2023 = 8.95 %; 5.5 % es la tasa de 2026–2028; inflación promedio 4.7; real acumulada 5.98) (SHCP),8.95 (no 5.5); 4.7 ✓; 5.98 ✓,no,5.5 vs 8.95,transcripcion,na,"Con 5.5 nominal y 4.7 de inflación la real sería 0.8 %, no 6.0: la cifra copiada es la de otro año."
V047,11 Costo financiero,§11.2 Tasas de interés (p. 72),Por cada punto porcentual de tasa el costo financiero crecería 0.11 % del PIB (SHCP 2022d),a,juicio,0.11 % del PIB,"CGPE 2023 p. 102 (100 pb = 30,218.0 mdp = 0.11 % del PIB, incluye IPAB) (SHCP)","0.11 ✓ (0.096 con el PIB de 31,401.7; el CGPE redondea)",si,,,na,La sensibilidad oficial incluye al IPAB; CIEP no lo dice.
V048,11 Costo financiero,§11.2 Fondo de estabilización (p. 72),Se propuso una iniciativa a la LFPRH para que el costo financiero del GF no gastado pueda reasignarse al FEIP,a,juicio,iniciativa LFPRH → FEIP,Iniciativa de reforma a la LFPRH del paquete 2023 (no en carpeta); CGPE 2023 no la menciona,,no_verificable,,,na,La iniciativa de LFPRH no está en la carpeta (la corrida 2022 registró que las iniciativas distintas de ILIF y PPEF no se descargaron).
V049,11 Costo financiero,§11.2 (p. 72),Juicios: las implicaciones varían con las variables macro; presiones inflacionarias podrían motivar alzas y reasignaciones,c,juicio,,,,,,,na,Juicio.
V050,12 Endeudamiento y deuda,"Infografía (p. 74, PDF 85)",El indicador de la deuda (SHRFSP/PIB) cierra 2022 en 48.9 % y se estabiliza en 49.4 % de 2023 a 2028,a,restitucion,48.9; 49.4,"CGPE 2023 p. 101, 135 (SHCP)",48.9e; 49.4 en 2023–2028,si,,,na,
V051,12 Endeudamiento y deuda,"Infografía, figura Saldo histórico de RFSP (p. 74)","SHRFSP en mil millones: 2022 interno 9,705 + externo 4,504 = 14,209 (48.9 %); 2023 10,896 + 4,585 = 15,481 (49.4 %); 2024 16,435; 2025 17,383; 2026 18,460; 2027 19,567; 2028 20,696; interno 68.3 % / externo 31.7 % en 2022",b,restitucion,ver afirmación,"CGPE 2023 p. 101, 134–135 (% del PIB × PIB nominal: 48.9 × 29,058.3 = 14,209.5; 49.4 × 31,401.7 = 15,512; 16,435; 17,418; 18,459; 19,567; 20,738; interno 33.4/48.9 = 68.3) (SHCP)","2022 ✓; 2023 15,481 vs 15,512 (−0.2 %); 2024 ✓; 2025 17,383 vs 17,418; 2026 ✓; 2027 ✓; 2028 20,696 vs 20,738 (−0.2 %); 68.3/31.7 ✓",aprox,"≤0.2 % en 2023, 2025 y 2028",,na,"Reproduce con el PIB nominal de cada año, no con pesos de 2023 (ver V052)."
V052,12 Endeudamiento y deuda,"Infografía, figura Saldo histórico de RFSP (p. 74)",Eje de la figura: 'mil millones MXN 2023',b,restitucion,MXN 2023,CGPE 2023 p. 134 (PIB nominal por año) (SHCP),"Los valores 2024–2028 son 49.4 % del PIB NOMINAL de cada año (pesos corrientes); en pesos de 2023 el SHRFSP crecería solo con el PIB real (2.4 % anual), no 5–6 %",no,serie nominal rotulada como pesos de 2023,objeto,na,La unidad nombrada no es la unidad de la serie; el 'crecimiento' del saldo que la figura muestra es inflación en dos terceras partes.
V053,12 Endeudamiento y deuda,"Infografía, figura Tasas de interés efectivas (p. 74)","Costo financiero / saldo × 100, interno y externo, 2013–2028 (2023: externo ≈6.9, interno ≈6.3; 2028 ≈5.5)",b,mixta,ver figura,"Ramo 24 por moneda y saldos por moneda (Tomo I; Estadísticas Oportunas, ex post); CGPE 2023 p. 126 (saldos a julio 2022)","Tasa implícita agregada verificable: 1,079,087.1/14,209,000 = 7.6 % en 2023; 904,925.2/13,110,000 = 6.9 % en 2022e; el desglose por moneda no es verificable",no_verificable,,,no,Derivación de CIEP con series ex post; no declara qué saldo (SHRFSP o deuda del GF) usa como denominador.
V054,12 Endeudamiento y deuda,Infografía texto (p. 74),"El monto del SHRFSP seguirá creciendo en términos per cápita, con tasas efectivas en el pago de la deuda a la baja",b/c,mixta,,CONAPO (externo); CGPE 2023 p. 134 (Cetes 8.95 → 5.50),La baja de tasas efectivas es congruente con la senda oficial de Cetes; per cápita requiere población,no_verificable,,,no,
V055,12 Endeudamiento y deuda,§12 apertura (p. 75),La LFPRH art. 17 establece que ILIF y PPEF deberán contribuir al equilibrio presupuestario; solo circunstancialmente se podrá prever déficit,a,restitucion,art. 17 LFPRH,LFPRH art. 17 (Congreso); SHCP (2023) p. 3; CGPE 2023 p. 67,Paráfrasis fiel,si,,,na,
V056,12 Endeudamiento y deuda,§12 apertura (p. 75),Los CGPE estiman que el SHRFSP se mantenga en 49.4 % de 2023 a 2028 sin especificar los ingresos necesarios para lograr un déficit presupuestario constante en 2.2 % del PIB,a/c,restitucion,49.4; déficit 2.2,"CGPE 2023 p. 101, 135, 137–138 (balance público −2.2 % en 2024–2028; balance no presupuestario 0.0; supuestos de resultado) (SHCP); SHCP (2023) p. 26 (balance presupuestario = público si el no presupuestario es cero)","49.4 ✓; −2.2 ✓ (el CGPE lo llama balance público; coincide con el presupuestario porque el no presupuestario es 0.0); los supuestos de p. 137–138 son de resultado, no de instrumento ✓",si,,,na,"Nomenclatura: CIEP dice 'déficit presupuestario', el CGPE 'balance público'; mismo objeto en 2023–2028."
V057,12 Endeudamiento y deuda,§12 apertura (p. 75),"En términos per cápita el SHRFSP crecería 3.2 % real, de 114,574 pesos por habitante en 2022 a 118,208 en 2023",b,mixta,"114,574; 118,208; 3.2 %","CONAPO (externo); CGPE 2023 p. 134–135 (SHRFSP 14,209 mmp en 2022 y 15,512 en 2023)","118,208/114,574 = +3.17 % ✓ (interno); población implícita ≈130.2 y 131.2 millones; nivel no verificable",no_verificable,,,si,"Aritmética interna consistente; el §12.2 da 114,732 para 2022 (V068)."
V058,12 Endeudamiento y deuda,§12.1 (p. 75),"Los CGPE proponen un déficit presupuestario de 1,176,173.8 mdp, 3.7 % del PIB, +22.4 % real respecto a la LIF 2022",a/b,restitucion,"1,176,173.8; 3.7; 22.4","ILIF 2023 art. 1o. numeral 0 ('Ingresos derivados de financiamientos' 1,176,173.8 = déficit 1,134,140.7 + diferimiento de pagos 42,033.1); DEC 2023 art. 2 (déficit presupuestario 1,134,140.7 = 3.6 %); CGPE p. 69 (Ejecutivo/SHCP); ILIF 2022 numeral 0 = 915,615.2","1,176,173.8 son los financiamientos, no el déficit; 3.75 % ✓ aritmética; 1,176,173.8/(915,615.2 × 1.05) = +22.3 % ✓; el déficit presupuestario oficial es 1,134,140.7 (3.6 %), +23.4 % real",no,"1,176,173.8 (financiamientos) llamado déficit presupuestario; 3.7 vs 3.6",objeto,si,La nota 27 de CIEP reconoce que 'descontando los diferimientos' el requerimiento presupuestario es 3.6 %: el objeto correcto está en la nota y el incorrecto en el texto.
V059,12 Endeudamiento y deuda,§12.1 (p. 75),"RFSP de 4.1 % del PIB, los mayores observados desde 2015",a/b,restitucion,4.1; mayores desde 2015,"CGPE 2023 p. 120 (2016–2022e: 2.8, 1.1, 2.2, 1.8, 3.9, 3.8, 3.8); CGPE 2022 p. 84 (2015: 4.0) (SHCP)",4.1 ✓; máximo desde 2015 (4.0) ✓; compara un proyecto con observados,si,,,no,Proyecto 2023 contra serie observada; no lo dice.
V060,12 Endeudamiento y deuda,§12.1 (p. 75),Para 2023 la ILIF 2023 no considera déficit para las EPE,a,restitucion,0,CGPE 2023 p. 68–69 (Pemex 0.0; CFE 0.0) (SHCP); ILIF art. 1o. numeral 0.05 (0.0),0.0 ✓,si,,,na,
V061,12 Endeudamiento y deuda,§12.1 nota 28 (p. 75),"Las necesidades fuera de presupuesto incluyen Pidiregas, FONADIN, banca de desarrollo y fondos de fomento y el componente indexado de la deuda",a,restitucion,lista de componentes,"CGPE 2023 p. 66–67, 135 (Pidiregas 0.14, IPAB 0.10, adecuaciones 0.23, deudores 0.01, banca −0.01) (SHCP); SHCP (2023) p. 7","Omite IPAB (0.10 % del PIB, segundo componente) y programas de deudores",no,IPAB y deudores omitidos,omision,na,
V062,12 Endeudamiento y deuda,§12.1.1 Balance primario (p. 75),"Déficit primario 0.2 % del PIB en 2023; superávit primario de 1.0 % en 2024, logrado reduciendo inversión física y financiera de 3.8 % a 2.2 % del PIB",a,restitucion,0.2; 1.0; 3.8; 2.2,CGPE 2023 p. 135 (primario −0.2 / +1.0; gasto de capital 3.8 → 2.2) (SHCP),✓,si,,,si,
V063,12 Endeudamiento y deuda,Conceptos clave (p. 76),RFSP = balance presupuestario + necesidades fuera del presupuesto,a,restitucion,definición,"SHCP (2023) p. 3, 7, 26 (RFSP = balance público [presupuestario + no presupuestario] + fuera del presupuesto) y p. 26 ('a partir de este año se hará énfasis en el balance presupuestario') (SHCP)","Omite el balance no presupuestario (0.0 en 2023, 0.1 en 2021)",aprox,,,na,Coincide en 2023 porque el no presupuestario es cero; como definición es incompleta.
V064,12 Endeudamiento y deuda,Figura 12.1 RFSP (p. 76),RFSP por componente: 2023 balance 3.6 + adecuaciones 0.2 + otros 0.3 = 4.1; 2022 3.0 + 0.5 + 0.3 = 3.8; 2024–2028 2.2 + adecuaciones 0.2 + otros 0.3 = 2.7; serie 2013–2021 (2019: 2.3),a/b,restitucion,ver afirmación,"CGPE 2023 p. 135 (2023: adecuaciones 0.2; Pidiregas 0.1 + IPAB 0.1 = otros 0.2–0.3; 2024–2028: adecuaciones 0.3, Pidiregas 0.1, IPAB 0.1) y p. 120 (2019 = 1.8); CGPE 2022 p. 84 y CGPE 2024 p. 99 (2019 = 2.3) (SHCP)","2023 ✓; 2022 ✓; 2024–2028: rótulos de adecuaciones (0.3) y otros (0.2) intercambiados; 2019 = 2.3 coincide con CGPE 2022 y 2024, no con CGPE 2023 (1.8)",aprox,rótulos 2024–2028,,na,Serie histórica de Estadísticas Oportunas (ex post); el propio CGPE 2023 trae 1.8 para 2019 contra 2.3 en las ediciones vecinas.
V065,12 Endeudamiento y deuda,§12.1 Costo financiero (p. 76),"Costo financiero 1,079,087.1 mdp (sin ADEFAS), +30.0 % real vs PEF 2022, 3.4 % del PIB o 95.1 % de los requerimientos financieros presupuestarios",a/b,restitucion,"1,079,087.1; 30.0; 3.4; 95.1","CGPE 2023 p. 150 (SHCP); DEC art. 2 (déficit 1,134,140.7)","1,079,087.1/1,134,140.7 = 95.1 % ✓ (denominador = déficit presupuestario); 29.9 %",aprox,30.0 vs 29.9,,si,"Aquí 'requerimientos financieros presupuestarios' vale 1,134,140.7 y en el §12.1 el 'déficit presupuestario' vale 1,176,173.8: dos cifras para un objeto en dos párrafos."
V066,12 Endeudamiento y deuda,§12.1 Costo financiero (p. 76),Los CGPE estiman que estos costos se mantengan por encima de 3 % del PIB hasta el 2026,a,restitucion,> 3 % hasta 2026,"CGPE 2023 p. 101, 135 (costo financiero 3.4, 3.2, 3.2, 2.9, 2.8, 2.7 en 2023–2028) (SHCP)",Por encima de 3 % en 2023–2025; 2.9 en 2026,no,2026 vs 2025,transcripcion,na,
V067,12 Endeudamiento y deuda,§12.2 Incidencia (p. 76),Indicador de la deuda al cierre de 2022 de 48.9 % y desde 2024 hasta 2028 en 49.4 % (Figura ??),a,mixta,48.9; 49.4,"CGPE 2023 p. 101, 135 (SHCP)",✓ (también 49.4 en 2023),si,,,na,Referencia cruzada rota ('Figura ??') en el original.
V068,12 Endeudamiento y deuda,§12.2 Incidencia (p. 76),"Cada persona tendría una deuda de 114,732 pesos en 2022 y 118,208 en 2023, crecimiento real de 3.2 %",b,mixta,"114,732; 118,208; 3.2","Figura 12.2 y §12 de CIEP (114,574 para 2022); CONAPO (externo)","118,208/114,732 = +3.0 %; con 114,574 (figura) = +3.2 %",no,"114,732 vs 114,574 en el mismo capítulo",transcripcion,si,Dos cifras para el per cápita 2022; el 3.2 % solo sale con la de la figura.
V069,12 Endeudamiento y deuda,Figura 12.2 SHRFSP per cápita (p. 77),"Serie per cápita 2013–2028 en MXN 2023 (91,809 en 2013 … 114,574 en 2022 … 128,153 en 2028)",b,mixta,ver figura,"SHRFSP histórico (Estadísticas Oportunas, ex post) y CONAPO (externos)",,no_verificable,,,no,Población y serie histórica externas; la unidad 'MXN 2023' para las proyecciones tiene el problema de V052.
V070,12 Endeudamiento y deuda,§12.3 Implicaciones (p. 77),Juicios: estabilidad sostenida por supuestos de crecimiento no vinculados a la transición demográfica; se necesitan políticas de recaudación; deuda per cápita en ascenso; inequidad intergeneracional,c,juicio,,,,,,,na,Juicio.
V071,13 Implicaciones,§13 apertura (p. 81),El 8 de septiembre de 2022 la SHCP entregó el Paquete Económico 2023,a,juicio,8-sep-2022,DEC 2023 (PDF creado 2022-09-08); CGPE 2023,✓,si,,,na,
V072,13 Implicaciones,Menos ingresos para 2023 (p. 81),"Contra el estimado de cierre 2022 los ingresos aumentan solo 0.8 %, con una caída de 13 % en los ingresos energéticos",a/b,juicio,0.8; −13,CGPE 2023 p. 71 (ingresos +0.8 % real vs est.; petroleros −15.5 % real; organismos y empresas −3.7 %) (SHCP),"0.8 ✓; 'energéticos' (Pemex + FMP + CFE, perímetro CIEP) no reproducible: CFE estimado 2022 no se publica por entidad; el resumen (p. viii) dice −11.5 %",no_verificable,,,no,"Tres cifras para la caída de ingresos energéticos/petroleros: −15.5 (CGPE, real), −11.5 (resumen, nominal), −13 (cap. 13)."
V073,13 Implicaciones,Urge revisar los compromisos de gasto (p. 81),El aumento propuesto sobrepasa el límite de la LFPRH al gasto corriente estructural (crecimiento del PIB potencial),a,juicio,excede,"CGPE 2023 p. 69, 145–146 (GCE 3,219.9 vs LMGCE 3,117.7 mmp) (SHCP)",✓ (+102.2 mmp),si,,,na,
V074,13 Implicaciones,Más costo financiero y más pensiones (p. 81),Pensiones 5.4 % del PIB (+12.8 %) y costo financiero 3.4 % (+30 %) suman 8.8 % del PIB y consumirían 33.4 % del gasto; se proyecta recaudar 8 % del PIB por ISR,a/b,juicio,5.4; 12.8; 3.4; 30; 8.8; 33.4; 8,"CGPE 2023 p. 80, 105, 150 (SHCP); ILIF art. 1o. (ISR 2,512,233.3)","5.4 + 3.4 = 8.8 ✓; (≈1,695 + 1,079)/8,299.6 = 33.4 ✓ con el perímetro de pensiones de CIEP; ISR 2,512,233.3/31,401,700 = 8.0 ✓",aprox,perímetro de pensiones; 30 vs 29.9,,si,
V075,13 Implicaciones,Más deuda y endeudamiento (p. 83),Se proyecta que el indicador de la deuda se estabilice en 49 % del PIB,a,juicio,49 %,CGPE 2023 p. 101 (49.4) (SHCP),49.4,aprox,49 vs 49.4,,na,Redondeo grueso en el capítulo de conclusiones.
V076,13 Implicaciones,Más deuda y endeudamiento (p. 83),Al destinar 80 % del gasto total a gastos ineludibles queda un margen reducido,b/c,juicio,80 %,"DEC 2023 Anexo 3 (gastos obligatorios con pensiones 6,689,188.3) y art. 2 (8,299,647.8) (Ejecutivo)","6,689,188.3/8,299,647.8 = 80.6 %",aprox,80 vs 80.6 (si el perímetro es el Anexo 3),,na,CIEP no declara el perímetro de 'ineludibles'; el Anexo 3 lo reproduce.
V077,13 Implicaciones,La perspectiva intergeneracional (p. 82),Gasto dirigido a la población de 0 a 4 años 0.5 % del PIB; a la de 65 años o más 4.5 % del PIB,b,juicio,0.5; 4.5,"Perímetros por edad de CIEP (analíticos y CONAPO, ausentes)",,no_verificable,,,na,
V078,13 Implicaciones,§13 (p. 81–83),Juicios: reforma fiscal pendiente; credibilidad de la política fiscal; dependencia subnacional; sectores sin financiamiento; perspectiva de género e intergeneracional; SNC,c,juicio,,,,,,,na,Juicio.
V101,Cap. 1 Ingresos presupuestarios,Infografía (p.4),"Encabezado 'Ingresos tributarios ILIF 2023: $7,123,474.0 MDP'",a,restitucion,"7,123,474.0 rotulado como ingresos tributarios",CGPE 2023 p.150 (SHCP); ILIF 2023 art. 1o. PDF 69 (Ejecutivo),"Ingresos presupuestarios 7,123,474.0; impuestos ILIF 4,623,583.1; tributarios CGPE 4,620,165.3",no,rótulo,objeto,na,"La cifra es la de ingresos presupuestarios (sin financiamiento), no la de tributarios; la misma lámina trae tributarios 4,623,583.1."
V102,Cap. 1 Ingresos presupuestarios,Infografía (p.4),Variación vs LIF 2022 +10.0 %,b,restitucion,+10.0,CGPE 2023 p.150 (SHCP),"7,123,474.0/(6,172,635.1×1.0497) = +9.9 %; con 1.0492: +10.0 %",aprox,0.1 pp,deflactor,no,"Deflactor CIEP ≈1.0492 (PIB nominal/real del CGPE); el CGPE reporta 9.9 %. No declara real. [Remarcado ex post 2026-09-06, corrida 2024, instrucción v3 §2.10: tipo_error=deflactor.]"
V103,Cap. 1 Ingresos presupuestarios,Infografía (p.4),Variación vs 2022 CGPE (cierre estimado) +0.8 %,a,restitucion,+0.8,CGPE 2023 p.71 y p.151 (SHCP),+0.8 %,si,,,no,Real no declarado.
V104,Cap. 1 Ingresos presupuestarios,Infografía (p.4),Ingresos presupuestarios = 22.7 % del PIB,a,restitucion,22.7,CGPE 2023 p.150 (SHCP),"22.7 % (7,123,474.0/31,401,700 = 22.69)",si,,,na,
V105,Cap. 1 Ingresos presupuestarios,Infografía (p.4),'ILIF 85.8 %' (presupuestarios como parte del total de la ILIF),b,restitucion,85.8,"ILIF 2023 art. 1o. PDF 69 (Ejecutivo): total 8,299,647.8","7,123,474.0/8,299,647.8 = 85.8 %",si,,,na,"Denominador = ingresos totales incluido financiamiento (1,176,173.8); perímetro no declarado en la lámina."
V106,Cap. 1 Ingresos presupuestarios,Infografía (p.4),Tributarios 14.7 % del PIB; 8 puntos ISR y 4.5 IVA,a/b,restitucion,14.7; 8; 4.5,CGPE 2023 p.73 (SHCP); ILIF art. 1o.,"4,623,583.1/31,401,700 = 14.7; ISR 2,512,233.3 = 8.0; IVA 1,419,457.1 = 4.5",si,,,na,
V107,Cap. 1 Ingresos presupuestarios,Infografía (p.4),"Tributarios $4,623,583.1 (64.9 % de los presupuestarios), variación +11.7 %",a/b,restitucion,"4,623,583.1; 64.9; +11.7",ILIF 2023 art. 1o. PDF 69; ILIF 2022 art. 1o. PDF 59 (= LIF 2022 en art. 1o.); CGPE 2023 p.150,"4,623,583.1; 64.91 %; 4,623,583.1/(3,944,520.6×1.0492) = +11.7 % (CGPE: +11.6 % con tributarios 4,620.2/4,140.3 y 1.0497)",aprox,0.1 pp,deflactor,no,"Perímetro ILIF 'impuestos' (incluye ISR de contratistas, 3.4 mmp que el CGPE reclasifica a petroleros). Base LIF 2022 tomada de la ILIF 2022 (totales idénticos a CGPE 2023 p.150). [Remarcado ex post 2026-09-06, corrida 2024, instrucción v3 §2.10: tipo_error=deflactor.] Causa dominante: deflactor. Causa concurrente: reclasificación ILIF–CGPE de 3.4 mmp."
V108,Cap. 1 Ingresos presupuestarios,Infografía (p.4),"Energía $1,713,224.2 (24.1 %), +9.3 %",b,restitucion,"1,713,224.2; 24.1; +9.3",ILIF 2023 art. 1o. PDF 76-77; CGPE 2023 p.71,"826,492.8+487,742.6+398,988.8 = 1,713,224.2; 24.05 %; +9.3 % (CGPE energéticos: petroleros +15.5 y CFE ≈ −6.5 → 1,713,224.2/((716,087.2+370,928.1+406,582.8)×1.0492) = +9.3)",si,,,no,
V109,Cap. 1 Ingresos presupuestarios,Infografía (p.4),"IMSS e ISSSTE $549,341.3 (7.7 %), +5.9 %",b,restitucion,"549,341.3; 7.7; +5.9",ILIF 2023 art. 1o. PDF 70 y 76; ILIF 2022 PDF 61 y 68,"470,845.4+28,526.0+49,969.9 = 549,341.3; 7.71 %; 549,341.3/((411,852.5+82,654.3)×1.0492) = +5.9 %",si,,,no,
V110,Cap. 1 Ingresos presupuestarios,Infografía (p.4),"No tributarios (no energía) $237,325.4 (3.3 %), −5.8 %",a/b,restitucion,"237,325.4; 3.3; −5.8","CGPE 2023 p.150 (SHCP): no tributarios GF 237,325.4, −5.8 %","237,325.4 = derechos 57,193.0 + productos 6,543.6 + aprovechamientos 173,554.2 + contribuciones 34.6; 3.33 %; −5.8 %",si,,,no,
V111,Cap. 1 Ingresos presupuestarios,Infografía (p.4),"ISR $2,512,233.3 (35.3 %), +15.5 % vs LIF 2022 y +0.8 % vs cierre",a/b,restitucion,"2,512,233.3; 35.3; +15.5; +0.8",ILIF 2023 PDF 69; ILIF 2022 PDF 59; CGPE 2023 p.72,"2,512,233.3; 35.27 %; 2,512,233.3/(2,073,493.5×1.0492) = +15.5 % (CGPE sistema renta +15.3 %: 2,508.7/2,176.3); +0.8 %",aprox,0.2 pp vs CGPE,deflactor,no,"La diferencia con el CGPE viene de la reclasificación del ISR de contratistas y del deflactor. [Remarcado ex post 2026-09-06, corrida 2024, instrucción v3 §2.10: tipo_error=deflactor.] Causa dominante: deflactor. Causa concurrente: reclasificación ILIF–CGPE de 3.4 mmp."
V112,Cap. 1 Ingresos presupuestarios,Infografía (p.4),"IVA $1,419,457.1 (19.9 %), +11.5 % vs LIF 2022 y +1.5 % vs cierre",a/b,restitucion,"1,419,457.1; 19.9; +11.5; +1.5",ILIF 2023 PDF 69; ILIF 2022 PDF 59; CGPE 2023 p.72,"1,419,457.1; 19.93 %; 1,419,457.1/(1,213,777.9×1.0492) = +11.5 % (CGPE +11.4 %); +1.5 %",aprox,0.1 pp,deflactor,no,"Deflactor CIEP 1.0492. [Remarcado ex post 2026-09-06, corrida 2024, instrucción v3 §2.10: tipo_error=deflactor.]"
V113,Cap. 1 Ingresos presupuestarios,Infografía (p.4),"Otros ingresos tributarios $413,479.9 (5.8 %), +16.2 %",b,restitucion,"413,479.9; 5.8; +16.2",ILIF 2023 PDF 69-70; ILIF 2022 PDF 59-60,"4,623,583.1−2,512,233.3−1,419,457.1−278,412.8 = 413,479.9; 5.80 %; 413,479.9/(339,113.0×1.0492) = +16.2 %",si,,,no,Residuo: IEPS no combustibles + ISAN + importación + accesorios + IAEEH + otros.
V114,Cap. 1 Ingresos presupuestarios,Infografía (p.4),"IEPS (petrolero) $278,412.8 (3.9 %), −16.6 %",a/b,restitucion,"278,412.8; 3.9; −16.6",ILIF 2023 PDF 69; CGPE 2023 p.71,"278,412.8; 3.91 %; −16.6 %",si,,,no,'IEPS petrolero' = IEPS a combustibles automotrices (art. 2o. I D y 2o.-A).
V115,Cap. 1 Ingresos presupuestarios,Apertura (p.5),LIF 2022 aprobó recaudación equivalente a 21.2 % del PIB; se estima 23.2 %,a/b,restitucion,21.2; 23.2,CGPE 2023 p.150-151 (SHCP),"Aprobado 2022: 21.9 % con PIB CGPE 2022 (28,129.3); 6,172,635.1/29,058.3 = 21.2 % con PIB revisado; estimado 23.2 %",si,,,no,El CGPE presenta el aprobado 2022 con el PIB de su aprobación (21.9). CIEP recalcula con el PIB revisado sin declararlo; el CGPE no publica 21.2 en ningún cuadro.
V116,Cap. 1 Ingresos presupuestarios,Apertura (p.5),Resultado impulsado por ISR e IVA no previstos y menor IEPS por estímulos a combustibles,a,restitucion,,CGPE 2023 p.71-72 (SHCP),Tributarios sin IEPS gasolinas +13.2 % real al cierre; IEPS gasolinas −83.4 mmp,si,,,na,
V117,Cap. 1 Ingresos presupuestarios,Apertura (p.5),"2023: 22.7 % del PIB, 1.5 pp mayor a lo aprobado en 2022 y 0.5 pp menor al estimado",b,restitucion,22.7; +1.5 pp; −0.5 pp,CGPE 2023 p.142 y p.150-151 (SHCP),"22.7; vs aprobado: +0.8 pp (21.9→22.7, cuadro resumen p.142) o +1.5 pp con PIB revisado; vs estimado −0.5 pp",si,,,no,"La comparación oficial (p.142) es +0.8 pp; +1.5 pp exige el PIB revisado para 2022, no declarado."
V118,Cap. 1 Ingresos presupuestarios,Apertura (p.5),Hasta 2021 el máximo de ISR fue 2020 (7.5 % del PIB) y el del IVA 2021 (4.3 %),a,restitucion,7.5; 4.3,CGPE 2023 Anexo I p.123 (SHCP),ISR 2020 7.5; IVA 2021 4.3,si,,,na,
V119,Cap. 1 Ingresos presupuestarios,Apertura (p.5),Para 2023 ISR e IVA en máximos históricos: 8.0 % y 4.5 % del PIB,a/c,restitucion,8.0; 4.5,CGPE 2023 p.123 y p.151 (SHCP),"2023: ISR 8.0, IVA 4.5; pero cierre estimado 2022: ISR 8.2 y IVA 4.6 (p.123)",no,−0.2 y −0.1 pp vs 2022e,omision,no,Las cifras 2023 son correctas; el 'máximo histórico' ignora el estimado 2022 (8.2 y 4.6) que el mismo CGPE publica.
V120,Cap. 1 Ingresos presupuestarios,1.1 Evolución (p.5),Ingresos presupuestarios sin financiamiento 7.1 billones = 22.7 % del PIB,a,restitucion,7.1 bn; 22.7,CGPE 2023 p.71 (SHCP),"7,123.5 mmp; 22.7 %",si,,,na,
V121,Cap. 1 Ingresos presupuestarios,1.1 Evolución (p.5),Lo propuesto 2023 es 9.9 % mayor a lo aprobado y 0.8 % respecto a lo estimado 2022,a,restitucion,+9.9; +0.8,CGPE 2023 p.71 (SHCP),+9.9 % real vs LIF; +0.8 % real vs cierre,si,,,no,Declara base (aprobado/estimado) pero no que es real ni en pesos de 2023.
V122,Cap. 1 Ingresos presupuestarios,1.1 Evolución (p.5),Tributarios 64.9 % del total; 56 % en 2016,b,restitucion,64.9; 56,ILIF 2023 art. 1o.; CGPE 2023 p.123,"4,623,583.1/7,123,474.0 = 64.9 %; 2016: 13.5/24.1 = 56.0 %",si,,,na,
V123,Cap. 1 Ingresos presupuestarios,1.1 Evolución (p.5),Ingresos por energía 24.8 % del total,b,restitucion,24.8,ILIF 2023 art. 1o. PDF 76-77,"1,713,224.2/7,123,474.0 = 24.1 % (la infografía p.4 dice 24.1)",no,0.7 pp,transcripcion,na,Inconsistencia interna: 24.1 % en la infografía y en el cuadro 2.1 implícito.
V124,Cap. 1 Ingresos presupuestarios,1.1 Evolución (p.5),"Organismos de control directo (IMSS e ISSSTE) 7.7 %; no tributarios (no energía) 3.3 % (nota 5: excluye petroleros y propios de CFE, IMSS e ISSSTE)",b,restitucion,7.7; 3.3,ILIF 2023 art. 1o.,"549,341.3/7,123,474.0 = 7.7 %; 237,325.4/7,123,474.0 = 3.3 %",si,,,na,Perímetro declarado en nota 5.
V125,Cap. 1 Ingresos presupuestarios,1.1 Evolución (p.5),"ISR 54.3 % de los tributarios, IVA 30.7 %, IEPS a combustibles 6.0 %",b,restitucion,54.3; 30.7; 6.0,ILIF 2023 art. 1o. PDF 69,"2,512,233.3/4,623,583.1 = 54.3; 1,419,457.1 = 30.7; 278,412.8 = 6.0",si,,,na,
V126,Cap. 1 Ingresos presupuestarios,1.1 Evolución (p.5),Estos tres representan 91.3 % de la recaudación tributaria,b,restitucion,91.3,ILIF 2023 art. 1o.,"54.3+30.7+6.0 = 91.0 % (4,210,103.2/4,623,583.1 = 91.06)",no,0.3 pp,transcripcion,na,Suma aritmética de las tres participaciones del propio texto.
V127,Cap. 1 Ingresos presupuestarios,1.1 Evolución (p.5),Tributarios = 14.7 % del PIB,a,restitucion,14.7,CGPE 2023 p.73,14.7 %,si,,,na,
V128,Cap. 1 Ingresos presupuestarios,1.1 Evolución (p.5),Crecimiento anual de la recaudación tributaria 11.7 % vs aprobado y 9.9 % vs estimado,a/b,restitucion,+11.7; +9.9,CGPE 2023 p.72 (SHCP),"+11.6 % vs LIF (4,620.2/4,140.3); +9.9 % vs estimado",aprox,0.1 pp,deflactor,no,"11.7 reproduce con perímetro ILIF (impuestos 4,623,583.1 vs 3,944,520.6) y deflactor 1.0492. [Remarcado ex post 2026-09-06, corrida 2024, instrucción v3 §2.10: tipo_error=deflactor.]"
V129,Cap. 1 Ingresos presupuestarios,1.1 Evolución (p.6),"ISR 2.5 billones, crecimiento 15.9 % respecto a lo aprobado el año pasado",a/b,restitucion,2.5 bn; +15.9,CGPE 2023 p.72; ILIF 2023/2022 art. 1o.,"2,512.2 mmp; +15.3 % (CGPE, sistema renta); +15.5 % con cifras ILIF y deflactor 1.0492 (la infografía dice 15.5)",no,0.4-0.6 pp,transcripcion,no,"Inconsistencia interna: 15.9 en el texto, 15.5 en la infografía."
V130,Cap. 1 Ingresos presupuestarios,1.1 Evolución (p.6),ISR: con estimaciones de cierre 2022 el incremento sería 0.8 %,a,restitucion,+0.8,CGPE 2023 p.72,"+0.8 % (2,508.7/2,488.0)",si,,,no,
V131,Cap. 1 Ingresos presupuestarios,1.1 Evolución (p.6),"Variación del ISR se debe a recaudación no contemplada en LIF 2022 por consumo, ingresos laborales y medidas del SAT (SHCP 2022d)",a,restitucion,,CGPE 2023 p.72-75 (SHCP),"El CGPE atribuye el nivel 2022 a medidas desde 2019, eficiencia y 30 mmp no recurrentes de la declaración anual",si,,,na,CIEP omite el componente no recurrente (30 mmp) y los 29 mmp de actualización de tarifas que el CGPE sí cuantifica.
V132,Cap. 1 Ingresos presupuestarios,1.1 Evolución (p.6),IVA 1.4 billones; +11.5 % real anual vs aprobado y +1.5 % vs estimado,a/b,restitucion,1.4 bn; +11.5; +1.5,CGPE 2023 p.72; ILIF 2023/2022,"1,419.5 mmp; +11.4 % (CGPE); 11.5 con ILIF/1.0492; +1.5 %",aprox,0.1 pp,deflactor,si,"Aquí sí declara 'real anual' y la base. [Remarcado ex post 2026-09-06, corrida 2024, instrucción v3 §2.10: tipo_error=deflactor.]"
V133,Cap. 1 Ingresos presupuestarios,1.1 Evolución (p.6),Evasión del IVA se redujo de 1.9 % a 1.0 % del PIB entre 2018 y 2021 (SHCP 2022d),a,restitucion,1.9 → 1.0,"CGPE 2023 Recuadro 4 p.73-74, diagramas 1 y 2 (SHCP; imagen sin capa de texto)",2018: 458.6 mmdp = 1.9 % del PIB; 2021: 286.3 mmdp = 1.0 % del PIB,si,,,na,Verificado sobre la imagen renderizada de p.73-74.
V134,Cap. 1 Ingresos presupuestarios,1.1 Evolución (p.6),IEPS a combustibles 278 mil 413 mdp; IEPS no petrolero 207 mil 800 mdp,a/b,restitucion,"278,413; 207,800",ILIF 2023 art. 1o. PDF 69,"278,412.8; 486,212.7−278,412.8 = 207,799.9",si,,,na,
V135,Cap. 1 Ingresos presupuestarios,1.1 Evolución (p.6),"IEPS combustibles menor en 16.6 % y IEPS no petrolero mayor en 5.9 % 'respecto a lo aprobado y estimado en 2022, respectivamente'",b,restitucion,−16.6; +5.9,CGPE 2023 p.71-72; ILIF 2022 PDF 59,"−16.6 % vs LIF 2022 (correcto); no petrolero vs LIF 2022: 207,799.9/(187,102.3×1.0492) = +5.9 %; vs estimado 2022 (118.4+83.4 = 201.8 mmp de 2023): +3.0 %",no,"5.9 es vs aprobado, no vs estimado",contrafactual,no,La cifra 5.9 % reproduce contra lo aprobado; el texto la atribuye al estimado ('respectivamente').
V136,Cap. 1 Ingresos presupuestarios,1.1 Evolución (p.6),IEPS total −8.3 % (vs aprobado); +310.6 % respecto a lo recaudado en 2022,a,restitucion,−8.3; +310.6,CGPE 2023 p.72 (SHCP),−8.3 %; +310.6 %,si,,,no,"'Lo recaudado en 2022' es el cierre estimado, no lo recaudado."
V137,Cap. 1 Ingresos presupuestarios,1.1 Evolución (p.6),Recaudación estimada 2022 de IEPS total 118 mil 400 mdp (77.7 % menor a lo aprobado),a/b,restitucion,"118,400; −77.7",CGPE 2023 p.72 (SHCP),118.4 mmp en pesos de 2023 (≈112.8 mmp corrientes); 118.4/530.3 = −77.7 %,aprox,unidad,,no,La cifra del CGPE está en pesos de 2023; CIEP la presenta como mdp de 2022 sin declararlo.
V138,Cap. 1 Ingresos presupuestarios,1.1 Evolución (p.6),Renuncias recaudatorias sobre combustibles 344 mil 540 mdp (2022) y 272 mil 634 mdp (2023) (SHCP 2022j),a,restitucion,"344,540; 272,634","Renuncias Recaudatorias 2022 (SHCP 2022j), no en carpeta",,no_verificable,,,na,Requiere el documento Renuncias Recaudatorias 2022 / Presupuesto de Gastos Fiscales.
V139,Cap. 1 Ingresos presupuestarios,"1.1 Evolución (p.6), notas 6-7",ISR a asalariados = 46.2 % del ISR; ISR a personas morales = 50.8 % del ISR 2023,b,restitucion,46.2; 50.8,Estimación CIEP (CIEP 2021b); la ILIF no desagrega el ISR,,no_verificable,,,na,La ILIF 2023 presenta el ISR en un solo renglón; se necesitaría la memoria de cálculo o el informe tributario.
V140,Cap. 1 Ingresos presupuestarios,1.1 Evolución (p.7),"Resto de los ingresos presupuestarios 786 mil 669 mdp = 2.5 % del PIB, crecimiento real 2.1 %",b,restitucion,"786,669; 2.5; +2.1",ILIF 2023 art. 1o.; ILIF 2022 art. 1o.,"7,123,474.0−4,623,583.1−1,713,224.2 = 786,666.7; 2.51 %; 786,666.7/(734,516.4×1.0492) = +2.1 % (2.0 con 1.0497)",aprox,"2.3 mdp (arrastre de Pemex 826,492.0)",deflactor,no,"Perímetro: cuotas SS + ventas IMSS/ISSSTE + derechos + productos + aprovechamientos + contribuciones de mejoras. [Remarcado ex post 2026-09-06, corrida 2024, instrucción v3 §2.10: tipo_error=deflactor.]"
V141,Cap. 1 Ingresos presupuestarios,1.1 Evolución (p.7),Cuotas a la Seguridad Social = 42.2 % de ese total,b,restitucion,42.2,ILIF 2023 art. 1o. PDF 70,"470,845.4/786,666.7 = 59.9 %",no,17.7 pp,transcripcion,na,"No se identifica un perímetro que dé 42.2 % (331,974 mdp)."
V142,Cap. 1 Ingresos presupuestarios,1.1 Evolución (p.7),Cuotas SS crecen 9.0 % real; aprovechamientos 22.1 % del total y −10.5 %; derechos 7.3 % y +15.5 %,b,restitucion,+9.0; 22.1; −10.5; 7.3; +15.5,ILIF 2023 PDF 70-75; ILIF 2022 PDF 61-65,"470,845.4/(411,852.5×1.0492) = +9.0; 173,554.2/786,666.7 = 22.1; 173,554.2/(184,864.7×1.0492) = −10.5; 57,193.0/786,666.7 = 7.3; 57,193.0/(47,193.5×1.0492) = +15.5",si,,,no,"Con 1.0497: +8.9, −10.5, +15.4."
V143,Cap. 1 Ingresos presupuestarios,"1.1 Evolución (p.7), nota 9",Aprovechamientos con años >2.0 % del PIB por remanente de Banxico (2016-17) y FEIP (2020),a/c,restitucion,>2.0 % PIB,CGPE 2023 p.123 (no tributarios del Gobierno Federal),"No tributarios GF: 2016 2.7, 2017 2.5, 2020 2.4 % del PIB (incluye derechos y productos)",aprox,,,na,El anexo no separa aprovechamientos; el orden de magnitud es consistente.
V144,Cap. 1 Ingresos presupuestarios,1.2 Cuadro 1.1 (p.7),Recaudación % PIB: IVA 4.5; ISAN 0.05; aranceles 0.3; cuotas IMSS 1.5; al consumo 6.4 (suma),b,mixta,4.5; 0.05; 0.3; 1.5; 6.4,"ILIF 2023 art. 1o.; PIB 31,401.7 (CGPE p.134)","1,419,457.1 → 4.52; 15,400.9 → 0.05; 98,341.9 → 0.31; 470,845.4 → 1.50; suma de la columna = 6.35",si,,,na,
V145,Cap. 1 Ingresos presupuestarios,1.2 Cuadro 1.1 (p.7),IEPS (no combustibles) 0.9 % del PIB; IEPS (combustibles) 0.6 % del PIB,b,mixta,0.9; 0.6,ILIF 2023 art. 1o. PDF 69,"No combustibles 207,799.9 → 0.66 %; combustibles 278,412.8 → 0.89 %",no,valores intercambiados,transcripcion,na,Los dos renglones están invertidos; la suma 'al consumo' no cambia.
V146,Cap. 1 Ingresos presupuestarios,1.2 Cuadro 1.1 (p.7),"ISR salarios 3.7, físicas 0.2, morales 4.1 % del PIB; '(=) Al ingreso 10.5 % PIB'",b,mixta,3.7; 0.2; 4.1; 10.5,ILIF 2023 art. 1o. (ISR total 8.0 %),"Desglose del ISR no oficial (suma 8.0 ✓); 3.7+0.2+4.1+1.5 = 9.5 %, no 10.5",no,1.0 pp,transcripcion,na,Error aritmético en el total 'al ingreso'; el desglose del ISR es estimación propia (no verificable).
V147,Cap. 1 Ingresos presupuestarios,1.2 Cuadro 1.1 (p.7),"Cuentas macroeconómicas gravadas (consumo 44.0/63.8 % PIB, remuneraciones 23.8/28.4, ingreso mixto 13.2, excedente 27.0, ingresos netos 80.3) y tasas efectivas",b,mixta,tasas 6.5…15.4 %,INEGI SCNM 2020 (no en carpeta); cálculo CIEP,,no_verificable,,,na,Requiere las cuentas por sectores institucionales del INEGI.
V148,Cap. 1 Ingresos presupuestarios,1.2 Incidencia (p.7),Impuestos con mayor tasa efectiva: ISR asalariados 15.4 % y morales 11.9 %; 'los más eficientes',b/c,mixta,15.4; 11.9,Cálculo CIEP (cuadro 1.1),,no_verificable,,,na,Juicio ('eficientes') apoyado en cociente propio.
V149,Cap. 1 Ingresos presupuestarios,1.2 Incidencia (p.7),Gini 0.806 para asalariados y 0.731 para personas morales,b,mixta,0.806; 0.731,Cuadro 1.2 del propio CIEP (ENIGH 2020),Cuadro 1.2: ISR salarios 0.707; ISR físicas 0.806; morales 0.731,no,0.806 es de personas físicas,transcripcion,na,"Inconsistencia interna texto-cuadro: el 0.806 corresponde a ISR (Físicas), no a asalariados (0.707)."
V150,Cap. 1 Ingresos presupuestarios,1.2 Incidencia (p.7),"Cuotas al IMSS: tasa efectiva 5.5 %, Gini 0.325, 'poco progresivo'; IVA Gini 0.513 < total 0.685",b/c,mixta,5.5; 0.325; 0.513; 0.685,Cálculo CIEP (ENIGH 2020),5.5 = 1.5/28.4 (aritmética del cuadro),no_verificable,,,na,Microsimulación propia.
V151,Cap. 1 Ingresos presupuestarios,1.2 Cuadro 1.2 (p.9),"Pago promedio anual por decil (MXN 2023), nacional 103,869, Gini 0.685, razón X/I 12.8",b,mixta,cuadro completo,ENIGH 2020 + microsimulación CIEP,,no_verificable,,,na,Requiere ENIGH 2020 y el modelo CIEP.
V152,Cap. 1 Ingresos presupuestarios,1.3 Administración tributaria (p.9),"Paquete 2022 presentó modificaciones a ISR, IVA, IEPS y CFF enfocadas en control, claridad y simplificación (RESICO)",a,restitucion,,CGPE 2023 p.74-75 Cuadro A (SHCP),Medidas 2019-2022 listadas en Cuadro A,si,,,na,
V153,Cap. 1 Ingresos presupuestarios,1.3 Administración tributaria (p.9),Recaudación secundaria: 594 mil 238 mdp en 2021 y 315 mil 485 mdp al 1S 2022 (SHCP 2022h),a,restitucion,"594,238; 315,485","Informe Tributario y de Gestión 2T 2022 (SAT), no en carpeta",,no_verificable,,,na,Requiere el Informe Tributario y de Gestión.
V154,Cap. 1 Ingresos presupuestarios,1.3 Administración tributaria (p.9),RESICO: 176 mil 125 personas morales y 2 millones 452 mil 217 físicas; sin modificaciones al RESICO para 2023,a,restitucion,"176,125; 2,452,217","Informe Tributario (SAT), no en carpeta; ILIF 2023 (sin miscelánea)",La ILIF 2023 no incluye reformas a LISR (sin miscelánea),no_verificable,,,na,Los conteos requieren el informe del SAT; la ausencia de cambios es consistente con la ILIF 2023.
V155,Cap. 1 Ingresos presupuestarios,1.3 Administración tributaria (p.9),"Medidas alineadas a los pilares OCDE: retenciones de plataformas digitales, esquemas reportables, límite a intereses entre subsidiarias",a,restitucion,,CGPE 2023 p.75 Cuadro A (SHCP),Adaptación a economía digital; acción 12 BEPS; acción 4 BEPS (límite 30 %),si,,,na,
V156,Cap. 1 Ingresos presupuestarios,1.4 Implicaciones (p.10),Recaudación tributaria propuesta 14.7 % del PIB,a,juicio,14.7,CGPE 2023 p.73,14.7 %,si,,,na,
V157,Cap. 1 Ingresos presupuestarios,1.4 Implicaciones (p.10),"La recaudación secundaria, por su naturaleza cíclica, tiende a decrecer; las tasas de crecimiento deberían estabilizarse",c,juicio,,CGPE 2023 p.72,El CGPE ya proyecta 1.3 % real sin IEPS gasolinas por 'componentes cíclicos',,,,na,Juicio que coincide con la lectura oficial; no cita la proyección 2024-2028 (p.101: ingresos 22.4→22.1 % del PIB).
V158,Cap. 1 Ingresos presupuestarios,1.4 Implicaciones (p.10),Una reforma fiscal que incremente recaudación y progresividad sigue pendiente,c,juicio,,,,,,,na,Juicio.
V159,Cap. 1 Ingresos presupuestarios,1.4 Implicaciones (p.10),'Supuestos optimistas e inciertos': el marco macro determina la recaudación; las estimaciones pueden variar,c,juicio,,CGPE 2023 p.102 (sensibilidades),"Medio punto de PIB = 23,089.9 mdp; 1 dólar de petróleo = 13,116.0 mdp",,,,na,No cita las sensibilidades ni compara el 3.0 % puntual con expectativas privadas; 'optimistas' sin cifra.
V160,Cap. 2 Ingresos energéticos,Infografía (p.12),"Ingresos energéticos ILIF 2023 $1,713,223 mdp",b,restitucion,"1,713,223",ILIF 2023 art. 1o. PDF 76-77,"826,492.8+487,742.6+398,988.8 = 1,713,224.2",aprox,1.2 mdp,,na,"Arrastre del 826,492.0 del cuadro 2.1."
V161,Cap. 2 Ingresos energéticos,Infografía (p.12),'Variación PEF 2022 +9.3 %',b,restitucion,+9.3 (rotulado PEF 2022),CGPE 2023 p.71; ILIF 2022 art. 1o.,+9.3 % vs LIF 2022,no,rótulo,objeto,no,"La cifra es correcta; la base es la LIF 2022 (ingresos), no el PEF 2022."
V162,Cap. 2 Ingresos energéticos,Infografía (p.12),PIB 5.5 %; ILIF 20.6 %,b,restitucion,5.5; 20.6,ILIF 2023; CGPE p.134,"1,713,224.2/31,401,700 = 5.46 %; /8,299,647.8 = 20.6 %",si,,,na,'ILIF' = total con financiamiento.
V163,Cap. 2 Ingresos energéticos,Infografía (p.12),Pastel: transferencias del FMP 23 % (+25.3 %); Pemex 48 % (+10.0 %); CFE 29 % (−6.5 %),b,restitucion,23; 48; 29,ILIF 2023 art. 1o.,"FMP 487,742.6 = 28.5 %; Pemex 48.2 %; CFE 398,988.8 = 23.3 % (cuadro 2.1 del propio CIEP)",no,FMP y CFE intercambiados (5.2 pp),transcripcion,no,"Las variaciones (25.3, 10.0, −6.5) sí coinciden; las participaciones de FMP y CFE están invertidas respecto al cuadro 2.1."
V164,Cap. 2 Ingresos energéticos,Apertura (p.13),"FMP + Pemex + CFE suman 1.7 billones, 5 % del PIB",b,restitucion,1.7 bn; 5 %,ILIF 2023; CGPE p.134,"1,713.2 mmp; 5.46 % (la infografía dice 5.5)",aprox,0.5 pp (truncamiento),,na,
V165,Cap. 2 Ingresos energéticos,2.1 Evolución (p.13),"Desde 2017 los ingresos energéticos están por debajo de 2016, cuando fueron 6.1 % del PIB",a/b,restitucion,6.1,CGPE 2023 p.123 (SHCP),Petroleros 3.9 + CFE 2.3 = 6.2 % (2016),aprox,0.1 pp (redondeo de componentes),,na,
V166,Cap. 2 Ingresos energéticos,2.1 Evolución (p.13),Nivel más bajo en 2020: 4.1 % del PIB,a/b,restitucion,4.1,CGPE 2023 p.123,Petroleros 2.6 + CFE 1.7 = 4.3 %,no,0.2 pp,transcripcion,na,
V167,Cap. 2 Ingresos energéticos,2.1 Evolución (p.13),En 2021 aumentó a 5.9 % del PIB,a/b,restitucion,5.9,CGPE 2023 p.123,4.4 + 1.5 = 5.9 %,si,,,na,
V168,Cap. 2 Ingresos energéticos,2.1 Evolución (p.13),En 2022 se esperaba alcanzar 4.5 % del PIB,a/b,restitucion,4.5,CGPE 2023 p.123 y p.150,"Aprobado 2022: petroleros 3.9 + CFE 1.4 = 5.3 % (PIB CGPE 2022); (1,087,072.2+406,582.8)/29,058.3 = 5.1 % con PIB revisado",no,0.6-0.8 pp,transcripcion,no,Ningún perímetro/PIB da 4.5; los petroleros solos dan 3.9 (aprobado) o 3.7 (revisado).
V169,Cap. 2 Ingresos energéticos,2.1 Evolución (p.13),"Con el precio del petróleo por encima de lo estimado, estos ingresos (2022) serán 36 % mayores",b,restitucion,+36,CGPE 2023 p.150-151 (SHCP),"Petroleros: 1,484,912.5/1,087,072.2 = +36.6 % nominal (cierre vs aprobado); energéticos con CFE: cierre de CFE no desglosado",aprox,"perímetro (petroleros, nominal)",,no,Reproduce solo para petroleros y en términos nominales; no declara ni perímetro ni nominal.
V170,Cap. 2 Ingresos energéticos,2.1 Evolución (p.13),ILIF 2023 vs LIF 2022: +9.3 %; vs cierre 2022: −13 %,b,restitucion,+9.3; −13,CGPE 2023 p.71 (SHCP),"+9.3 % (energéticos, ver infografía); vs cierre: petroleros −15.5 %; CFE cierre no publicado en CGPE (organismos y empresas 984.4 incluye IMSS/ISSSTE)",no_verificable,,,no,+9.3 verificado; −13 requiere el cierre 2022 de CFE (Informe trimestral).
V171,Cap. 2 Ingresos energéticos,2.1 Evolución (p.13),Pemex +10 % vs LIF 2022; 48.2 % del sector energético,a/b,restitucion,+10; 48.2,CGPE 2023 p.71; ILIF 2023 art. 1o.,"+10.0 %; 826,492.8/1,713,224.2 = 48.2 %",si,,,no,
V172,Cap. 2 Ingresos energéticos,2.1 Evolución (p.13),"Precio 68.7 dpb vs 55.1 dpb en la ILIF 2022; plataforma de 1,826 a 1,872 mbd",a,restitucion,"68.7; 55.1; 1,826; 1,872",CGPE 2023 p.149 (SHCP),"Aprobado 2022 55.1 / 2023 68.7; plataforma 1,826 / 1,872",si,,,na,"Omite el cierre 2022 (93.6 dpb; 1,835 mbd) y el precio de referencia LFPRH."
V173,Cap. 2 Ingresos energéticos,2.1 Evolución (p.13),Pemex y sus EPS no pagarán dividendo estatal,a,restitucion,,ILIF 2023 exposición PDF 41-43 (Ejecutivo),Se propone que Pemex y CFE no paguen dividendo estatal,si,,,na,
V174,Cap. 2 Ingresos energéticos,2.1 Evolución (p.13),Durante 2022 el precio del petróleo aumentó aproximadamente el doble de lo estimado en CGPE 2022,b,restitucion,≈2×,CGPE 2023 p.149,93.6/55.1 = 1.70 (+70 %),no,1.7× vs 2×,transcripcion,na,
V175,Cap. 2 Ingresos energéticos,2.1 Evolución (p.13),Pemex ILIF 2023 vs cierre 2022: −3 %,a,restitucion,−3,CGPE 2023 p.71,−3.0 %,si,,,no,
V176,Cap. 2 Ingresos energéticos,2.1 Cuadro 2.1 (p.13),"Montos: Pemex 826,492.0; FMP 487,742.6; petroleros 1,314,234.6; CFE 398,988.8; total 1,713,233.4",a/b,restitucion,"826,492.0; 487,742.6; 1,314,234.6; 398,988.8; 1,713,233.4",ILIF 2023 art. 1o. PDF 76-77,"826,492.8; 487,742.6; 1,314,235.4; 398,988.8; suma = 1,713,224.2 (con 826,492.0: 1,713,223.4)",no,total: 10.0 mdp; Pemex: 0.8,transcripcion,na,"El total del cuadro no es la suma de sus renglones; la infografía trae 1,713,223. Perímetro 'petroleros' = ILIF (sin ISR de contratistas; CGPE: 1,317,653.2)."
V177,Cap. 2 Ingresos energéticos,2.1 Cuadro 2.1 (p.13),Proporción de ingresos energéticos: 48.2 / 28.5 / 76.7 / 23.3 / 100,b,restitucion,48.2; 28.5; 76.7; 23.3,ILIF 2023 art. 1o.,48.24; 28.47; 76.71; 23.29,si,,,na,
V178,Cap. 2 Ingresos energéticos,2.1 Cuadro 2.1 (p.13),'% de ILIF 2023': 10 / 5.9 / 15.8 / 4.8 / 20.6,b,restitucion,10; 5.9; 15.8; 4.8; 20.6,"ILIF 2023 art. 1o. (total 8,299,647.8)","826,492.8/8,299,647.8 = 9.96; 5.88; 15.83; 4.81; 20.64",si,,,na,Denominador = ingresos totales con financiamiento; no declarado.
V179,Cap. 2 Ingresos energéticos,2.1 Cuadro 2.1 (p.13),'% variación LIF 2022': Pemex 10; FMP 25.3; petroleros 15.2; CFE −6.5; total 9.3,b,restitucion,10; 25.3; 15.2; −6.5; 9.3,"ILIF 2022 art. 1o. PDF 68-69 (Pemex 716,087.2; FMP 370,928.1; CFE 406,582.8); CGPE p.71","826,492.8/(716,087.2×1.0492) = +10.0; 487,742.6/(370,928.1×1.0492) = +25.3; 1,314,235.4/(1,087,015.3×1.0492) = +15.2 (CGPE petroleros +15.5 con ISR contratistas); 398,988.8/(406,582.8×1.0492) = −6.5; +9.3",si,,,no,Real no declarado en el cuadro; base LIF 2022 sí.
V180,Cap. 2 Ingresos energéticos,2.1 Evolución (p.14),CFE 398 mil 988 mdp; pérdida real de 6.5 % respecto a la LIF 2022,a/b,restitucion,"398,988; −6.5",ILIF 2023 PDF 76; ILIF 2022 PDF 68,"398,988.8; −6.5 % (deflactor 1.0492) / −6.6 % (1.0497)",si,,,si,Declara real y base.
V181,Cap. 2 Ingresos energéticos,2.1 Evolución (p.14),"Pérdida de CFE asociada a mayores costos de energéticos, remuneraciones, obligaciones laborales y financiamiento",a,restitucion,,ILIF 2023 exposición (no localizado); requeriría EM/Tomo,,no_verificable,,,na,La ILIF 2023 (PDF 43) sólo justifica el no pago de dividendo de CFE.
V182,Cap. 2 Ingresos energéticos,2.1 Evolución (p.14),71 % de los ingresos de CFE provendrían de proyectos de infraestructura productiva,b,restitucion,71,Tomo/analíticos de ingresos de CFE (no en carpeta),,no_verificable,,,na,
V183,Cap. 2 Ingresos energéticos,2.1 Evolución (p.14),Se mantiene el DUC en 40 %,a,restitucion,40,ILIF 2023 exposición PDF 59 y art. transitorio PDF 112 (Ejecutivo),Tasa del 40 % en sustitución del art. 39 LISH,si,,,na,
V184,Cap. 2 Ingresos energéticos,2.1 Evolución (p.14),El DUC de 40 % le ha permitido (a Pemex) aumentar su gasto de inversión en 2022,c,restitucion,,,,,,,na,Atribución causal sin cifra.
V185,Cap. 2 Ingresos energéticos,2.1 Evolución (p.14),FMP 487 mil 742 mdp = 28.5 % del sector; +25.3 % vs LIF 2022; caída del orden de 30 % vs cierre 2022,a/b,restitucion,"487,742; 28.5; +25.3; −30",ILIF 2023 PDF 77; ILIF 2022 PDF 69; CGPE 2023 p.71,"487,742.6; 28.47 %; +25.3 %; Gobierno Federal petroleros −30.5 % (incluye ISR contratistas y otros; FMP no desglosado)",aprox,objeto (GF petroleros ≈ FMP),,no,'del orden de 30 %' contra el renglón 'Gobierno Federal' del CGPE.
V186,Cap. 2 Ingresos energéticos,2.2 Incidencia (p.14),"Precio del petróleo alcanzó máximo de 119.62 dpb en 2022, vs 55.1 estimados en la LIF",a,mixta,119.62; 55.1,"Serie diaria mezcla mexicana (Pemex/Banxico), no en carpeta; CGPE p.149 (55.1)",55.1 ✓; máximo diario no verificable,no_verificable,,,na,
V187,Cap. 2 Ingresos energéticos,2.2 Incidencia (p.14),Es posible que los ingresos excedentes no compensen la pérdida por IEPS de combustibles (BBVA 2022),c,mixta,,CGPE 2023 p.71 (SHCP),Petroleros cierre − LIF = +417.5 mmp; IEPS gasolinas cierre − LIF = −417.3 mmp (pesos de 2023),,,,na,El CGPE permite cerrar la cuenta: los excedentes petroleros igualan casi exactamente la pérdida de IEPS; CIEP no la cierra.
V188,Cap. 2 Ingresos energéticos,2.2 Incidencia (p.14),El estímulo es un subsidio regresivo e incentiva el uso de automóviles y emisiones,c,mixta,,,,,,,na,Juicio.
V189,Cap. 2 Ingresos energéticos,2.3 Implicaciones (p.15),Incertidumbre sobre precios de petróleo y gas (Rusia-Ucrania); precios descienden desde junio (Banxico); gas al alza a fin de año,c,juicio,,CGPE 2023 p.134 (gas 7.0 → 5.6 dls/MMBtu; petróleo 93.6 → 68.7),,,,,na,No cita la trayectoria oficial de precios ni la sensibilidad (p.102).
V190,Cap. 2 Ingresos energéticos,2.3 Implicaciones (p.15),"Cautela en las estimaciones petroleras: un alza del crudo traería nuevos estímulos; costo de oportunidad para educación, salud y seguridad",c,juicio,,"CGPE 2023 p.102: +1 dpb = +13,116 mdp",,,,,na,Juicio; el CGPE cuantifica la sensibilidad que CIEP no usa.
V191,Cap. 3 Gasto público presupuestario,Lámina 'PEF 23' (p.18),Sankey: energía 3.6 % PIB; pensiones 5.4; salud 2.8; educación 3.2; inversión 1.8; otras participaciones y aportaciones 4.1; otros gastos 1.9,b,restitucion,3.6; 5.4; 2.8; 3.2; 1.8; 4.1; 1.9,"DEC 2023 Anexo 1; CGPE 2023 p.80, p.134","Energía 1,122.3/31,401.7 = 3.6 (perímetro CIEP cap. 6); pensiones 1,692.9 = 5.4; salud 892.8 = 2.8; educación 1,018.6 = 3.2; inversión 1,190.1 = 3.8 (CGPE) — 1.8 no reproducible; participaciones+aportaciones 2,144.6 = 6.8 — 4.1 no reproducible",no,inversión 2.0 pp; participaciones 2.7 pp,perimetro,na,"Rotulada 'PEF 23' (es PPEF 2023). Inversión 1.8 y participaciones 4.1 parecen netas de traslapes no declarados (energía, educación, salud)."
V192,Cap. 3 Gasto público presupuestario,Lámina 'PEF 23' (p.18),"TE per cápita: inversión 4,318; pensiones 93,256; salud 6,803; educación 32,103 pesos",b,restitucion,"4,318; 93,256; 6,803; 32,103","Población beneficiaria por rubro (estimación CIEP), no en carpeta",,no_verificable,,,na,Requiere las poblaciones objetivo usadas por CIEP.
V193,Cap. 3 Gasto público presupuestario,Infografía (p.20),"Gasto neto total PPEF 2023 $8,299,647.8 mdp; +11.6 % vs PEF 2022; 26.4 % del PIB",a/b,restitucion,"8,299,647.8; +11.6; 26.4",DEC 2023 art. 2 p.2 (Ejecutivo); CGPE 2023 p.78-79 y p.150 (SHCP),"8,299,647,800,000; +11.6 % (8,257.6/7,398.2 pagado; bruto 8,299,647.8/(7,088,250.3×1.0492) = +11.6); 26.43 % (CGPE: 26.3 pagado)",si,,,no,Real no declarado.
V194,Cap. 3 Gasto público presupuestario,Infografía (p.20),Aumento de 2 puntos porcentuales del PIB respecto al año anterior,b,restitucion,+2 pp,CGPE 2023 p.150 (aprobado 2022 25.1 % con PIB CGPE 2022); PIB revisado p.149,"7,088,250.3/29,058.3 = 24.4 % → +2.0 pp; con PIB de aprobación: 7,088.3/28,129.3 = 25.2 % → +1.2 pp (CGPE: 25.1→26.3 = +1.2)",si,,,no,Reproduce sólo con el PIB revisado de 2022; el cuadro oficial da +1.2 pp. Vintage no declarado.
V195,Cap. 3 Gasto público presupuestario,Infografía (p.20),"Gasto federalizado, pensiones y costo financiero concentran 63.2 % del PPEF",b,restitucion,63.2,CGPE 2023 p.79; DEC 2023 Anexo 1 y 8,"(2,432,770.9 + 1,692,920.9 + 1,079,087.1)/8,299,647.8 = 62.7 %; con Adefas (42,033.1) dentro de 'deuda': 5,246.8/8,299.6 = 63.2 %",aprox,0.5 pp (Adefas),,na,Reproduce si 'costo financiero de la deuda' incluye Adefas; perímetro no declarado.
V196,Cap. 3 Gasto público presupuestario,Infografía (p.20),"Gasto programable $5,958,256.6 (71.8 %); no programable $2,341,391.2 (28.2 %)",a/b,restitucion,"5,958,256.6; 71.8; 2,341,391.2; 28.2",CGPE 2023 p.150 (SHCP),"5,958,256.6 → 71.79 %; 2,341,391.2 → 28.21 %",si,,,na,
V197,Cap. 3 Gasto público presupuestario,Infografía (p.20),Programable por función: protección social 21.1 %; salud 10.5 %,b,restitucion,21.1; 10.5,CGPE 2023 p.76 (SHCP),"Protección social 1,750.9/8,299.6 = 21.1 %; salud 868.2/8,299.6 = 10.5 %",si,,,na,"Denominador gasto neto total, no programable."
V198,Cap. 3 Gasto público presupuestario,Infografía (p.20),Programable por función: educación 11.4 %; combustibles y energía 16.8 %; resto 15.7 %,b,restitucion,11.4; 16.8; 15.7,CGPE 2023 p.85 (funcional neta); Tomo I clasificación funcional (ausente),"Educación (CGPE neta): 23.3 %×3,900.7 = 908.9 → 11.0 %; combustibles y energía: 72.3 %×1,552.3 = 1,122.3 → 13.5 %",no_verificable,,,na,La clasificación funcional bruta (con Pemex/CFE) requiere el Tomo I; con la neta del CGPE educación da 11.0 y energía 13.5 (esta última coincide con el propio cap. 6 de CIEP).
V199,Cap. 3 Gasto público presupuestario,Infografía (p.20),No programable: deuda pública del GF 10.1 %; participaciones 14.7 %; resto 1.2 %,b,restitucion,10.1; 14.7; 1.2,DEC 2023 Anexo 1 p.61,"840,943.3/8,299,647.8 = 10.1; 1,220,271.1 = 14.7; resto = 28.2−10.1−14.7 = 3.4 (Adefas 0.5 + ramo 34 0.7 + costo financiero EPE 2.2)",no,2.2 pp,omision,na,"El 1.2 % omite el costo financiero de Pemex y CFE (183,927.2 mdp)."
V200,Cap. 3 Gasto público presupuestario,Infografía (p.20),Espacio fiscal: 22.7 % (ingresos) − 20.7 % (gastos comprometidos) = 2.0 % del PIB,b,restitucion,22.7; 20.7; 2.0,CGPE 2023 p.150; DEC 2023 Anexo 1; PEF 2023 analítico entidades,"22.7 ✓; comprometidos: 2,144.6 + 1,692.9 + 1,537.3 + 1,121.1 = 6,495.9 → 20.7 %; 2.0",si,,,na,Perímetro propio (ver 3.1).
V201,Cap. 3 Gasto público presupuestario,Apertura (p.22),Gasto neto total 8.3 billones = 26.4 % del PIB; 6.0 bn programable y 2.3 bn no programable,a/b,restitucion,8.3; 26.4; 6.0; 2.3,DEC 2023 art. 2; CGPE 2023 p.150,"8,299.6; 26.4; 5,958.3; 2,341.4",si,,,na,
V202,Cap. 3 Gasto público presupuestario,3.1 Evolución (p.22),Gasto neto total 11.6 % mayor que el PEF 2022,a,restitucion,+11.6,CGPE 2023 p.79,+11.6 % real,si,,,no,Real y pesos de 2023 no declarados.
V203,Cap. 3 Gasto público presupuestario,3.1 Evolución (p.22),8.5 % mayor respecto al ejercido en 2021,b,restitucion,+8.5,Cuenta Pública 2021 (no en carpeta); derivación con CGPE 2023 p.123 (2021: 25.6 % del PIB) y p.134,"(26.3×31,401.7)/(25.6×26,273.5)/(1.08×1.0492) = +8.4 % (pagado); con 8,299.6: +8.9 %",aprox,0.1-0.4 pp,deflactor,no,"Derivado de la serie en % del PIB; la Cuenta Pública 2021 no está en carpeta. [Remarcado ex post 2026-09-06, corrida 2024, instrucción v3 §2.10: tipo_error=deflactor.]"
V204,Cap. 3 Gasto público presupuestario,3.1 Evolución (p.22),Incremento de 2 pp del PIB vs 2022 y 0.7 pp vs 2021,b,restitucion,+2; +0.7,"CGPE 2023 p.123, p.150",vs 2022 aprobado: +1.2 pp (25.1→26.3) oficial / +2.0 con PIB revisado; vs 2021: 26.3−25.6 = 0.7 (26.4−25.6 = 0.8),aprox,0.8 pp (vintage) / 0.1,,no,Mezcla: para 2022 usa el PIB revisado; el cuadro oficial da +1.2 pp.
V205,Cap. 3 Gasto público presupuestario,3.1 Evolución (p.22),El incremento en puntos del PIB se reparte equitativamente entre programable y no programable,b/c,restitucion,equitativo,"CGPE 2023 p.150, p.149","Programable 5,247.3/29,058.3 = 18.1 → 19.0 (+0.9); no programable 1,841.0/29,058.3 = 6.3 → 7.5 (+1.1)",aprox,0.2 pp,,no,
V206,Cap. 3 Gasto público presupuestario,3.1 Evolución (p.22),"Programable 6.0 bn, +8.2 % vs aprobado 2022; 71.8 % del gasto neto, 2.2 pp menos que en 2022",a/b,restitucion,6.0; +8.2; 71.8; −2.2 pp,CGPE 2023 p.78-79,"5,958.3; +8.2 %; 71.8 %; 2022: 5,247.3/7,088.3 = 74.0 → −2.2 pp",si,,,no,
V207,Cap. 3 Gasto público presupuestario,3.1 Evolución (p.22),"Si se aprueba, la proporción dirigida a bienes y servicios sería menor que el año anterior",c,restitucion,,,,,,,na,Juicio en sección descriptiva.
V208,Cap. 3 Gasto público presupuestario,3.1 Evolución (p.22),"No programable 2.3 bn, +21.2 %; pasa de 26.0 % del gasto neto en 2022 a 28.2 % en 2023",a/b,restitucion,2.3; +21.2; 26.0; 28.2,"CGPE 2023 p.79, p.150","2,341.4; +21.2 %; 1,841.0/7,088.3 = 26.0; 28.2",si,,,no,
V209,Cap. 3 Gasto público presupuestario,3.1 Espacio fiscal (p.22-23),"Espacio fiscal = ingresos tributarios y no tributarios menos gastos ineludibles (pensiones, costo financiero, aportaciones y participaciones, EPE y ECPD); se ha reducido desde 2021",b/c,restitucion,,Cuenta Pública 2021 (ausente),,no_verificable,,,na,Definición propia; la serie 2021 requiere Cuenta Pública.
V210,Cap. 3 Gasto público presupuestario,3.1 Espacio fiscal (p.23),Ingresos tributarios y no tributarios = 22.7 % del PIB; espacio fiscal 2023 = 2 % del PIB,b,restitucion,22.7; 2,CGPE 2023 p.150,"22.7 (ingresos presupuestarios, incluye Pemex/CFE/IMSS/ISSSTE); 22.7−20.7 = 2.0",si,,,na,'Tributarios y no tributarios' = ingresos presupuestarios totales (incluye organismos y empresas).
V211,Cap. 3 Gasto público presupuestario,3.1 Espacio fiscal (p.23),Espacio fiscal 0.1 pp menor que en 2022 y 1.5 pp menor que en 2021,b,restitucion,−0.1 pp; −1.5 pp,PEF 2022 decreto por ramo (ausente); Cuenta Pública 2021 (ausente),,no_verificable,,,no,"La carpeta trae el PPEF 2022, no el PEF 2022 aprobado; 2021 requiere Cuenta Pública."
V212,Cap. 3 Gasto público presupuestario,3.1 Espacio fiscal (p.23),Per cápita: ingresos 54 mil 282.3; ineludibles 49 mil 501.1; espacio fiscal 4 mil 781.2 pesos; −2.8 % vs 2022; −40.8 % vs 2021 (8 mil 078.8),b,restitucion,"54,282.3; 49,501.1; 4,781.2; −2.8; −40.8",Proyección de población CONAPO (no en carpeta),"Población implícita 7,123,474.0/54,282.3 = 131.2 millones; 54,282.3−49,501.1 = 4,781.2 ✓ aritmética",no_verificable,,,no,Aritmética interna consistente; bases 2022/2021 y población no verificables.
V213,Cap. 3 Gasto público presupuestario,3.1 Gastos ineludibles (p.23),Gastos ineludibles en el PPEF 2023 = 6.4 billones,b,restitucion,6.4 bn,DEC 2023 Anexo 1; PEF 2023 analítico entidades (TG 4 pensiones),"Con los componentes del propio CIEP: 2,144.6 + 1,692.9 + 1,537.3 + 1,121.1 = 6,495.9 mmp = 6.5 bn (20.7 %×31,401.7 = 6,500)",no,≈100 mmp,transcripcion,na,6.4 es inconsistente con el 20.7 % del PIB del mismo párrafo (= 6.5 bn).
V214,Cap. 3 Gasto público presupuestario,3.1 Gastos ineludibles (p.23),"Ineludibles 11.2 % mayores que en el PEF 2022; 20.7 % del PIB, 1.5 pp más que en 2022",b,restitucion,+11.2; 20.7; +1.5 pp,PEF 2022 decreto (ausente; la carpeta trae el PPEF 2022),"20.7 % ✓ (6,495.9/31,401.7); base 2022 no verificable",no_verificable,,,no,Sólo el nivel 2023 es reproducible.
V215,Cap. 3 Gasto público presupuestario,3.1 Gastos ineludibles (p.23),Aportaciones y participaciones 6.8 % del PIB; pensiones 5.4; EPE y ECPD 4.9,b,restitucion,6.8; 5.4; 4.9,"DEC 2023 Anexo 1 (ramos 33 y 28); CGPE p.77, p.80; PEF 2023 analítico (TG 4)","(924,331.7+1,220,271.1)/31,401,700 = 6.83; 1,692,920.9 → 5.39; (678,406.8+439,772.4+1,165,698.8+439,044.4) − pensiones TG4 1,185,529.3 = 1,537,393 → 4.90",si,,,na,"EPE y ECPD netos de pensiones (que van en 'pensiones'); reproducido con PEF aprobado, no proyecto: objeto distinto."
V216,Cap. 3 Gasto público presupuestario,3.1 Gastos ineludibles (p.23),Deuda 3.6 % del PIB,b,restitucion,3.6,CGPE 2023 p.150; DEC 2023 Anexo 8,"Costo financiero 1,079,087.1 = 3.4 % del PIB; 3.6 sólo sumando Adefas (42,033.1)",no,0.2 pp,perimetro,na,Llama 'deuda' al costo financiero + Adefas; los Adefas no son costo de la deuda.
V217,Cap. 3 Gasto público presupuestario,3.1 ¿Quién gasta? (p.23),"Pemex, CFE, IMSS e ISSSTE, cada una con más de 1.4 puntos del PIB, en conjunto 9.2 puntos",b,restitucion,>1.4 c/u; 9.2,DEC 2023 Anexo 1; CGPE p.134,"Programable: Pemex 2.16, CFE 1.40, IMSS 3.71, ISSSTE 1.40 = 8.7; bruto con costo financiero: 2.63 + 1.51 + 3.71 + 1.40 = 9.25",aprox,perímetro (bruto),,na,9.2 reproduce sólo incluyendo el costo financiero de Pemex y CFE; el cuadro 3.1 usa el programable.
V218,Cap. 3 Gasto público presupuestario,3.1 ¿Quién gasta? (p.23),De estos ramos el único con disminución es CFE,a,restitucion,,CGPE 2023 p.148,CFE −6.9; Pemex +1.6; IMSS +9.9; ISSSTE +5.4,si,,,no,
V219,Cap. 3 Gasto público presupuestario,3.1 ¿Quién gasta? (p.23),"Ramos administrativos: 69.1 % en Bienestar, Educación, Salud, Turismo y Defensa; Bienestar +30 % por PBAM; Turismo +111.2 % por Tren Maya",a,restitucion,69.1; +30; +111.2,CGPE 2023 p.80-82 (SHCP),69.1 %; Bienestar +30.0 %; Turismo +111.2 %,si,,,no,
V220,Cap. 3 Gasto público presupuestario,3.1 ¿Para qué se gasta? (p.23),"Se priorizaría pensiones, energía, deuda y gasto federalizado sobre salud, educación e inversión",c,restitucion,,,,,,,na,Juicio en sección descriptiva.
V221,Cap. 3 Gasto público presupuestario,3.1 ¿Para qué se gasta? (p.23-24),"52.6 % de los recursos en tres funciones: protección social 21.1 % (+12.8 %), combustibles y energía 16.8 % (−1.1 %), participaciones 14.7 % (+14.1 %)",b,restitucion,52.6; 21.1; +12.8; 16.8; −1.1; 14.7; +14.1,"CGPE 2023 p.76, p.79, p.85; Tomo I (ausente)","Protección social 21.1 ✓, +12.7 % (CGPE); participaciones 14.7 ✓, +14.0 % (CGPE; 14.1 con 1.0492); combustibles y energía 16.8 y −1.1 no verificables (funcional bruta); 21.1+16.8+14.7 = 52.6 aritmética",aprox,0.1 pp en dos variaciones; 16.8 no verificable,deflactor,no,"Deflactor CIEP 1.0492 explica 12.8 y 14.1. [Remarcado ex post 2026-09-06, corrida 2024, instrucción v3 §2.10: tipo_error=deflactor.]"
V222,Cap. 3 Gasto público presupuestario,3.1 ¿Para qué se gasta? (p.24),"Salud, educación e inversión suman 16.4 % del PPEF",b,restitucion,16.4,"CGPE 2023 p.76, p.80, p.85","Salud 868.2 (10.5 %) + educación (función, neta) 908.9 (11.0 %) + inversión 1,190.1 (14.3 %) = 35.8 %; con las participaciones del propio CIEP: 10.5+11.4+14.3 = 36.2",no,≈20 pp,transcripcion,na,No reproducible con ningún perímetro; anomalía.
V223,Cap. 3 Gasto público presupuestario,3.2 Incidencia (p.24),El presupuesto declarado para poblaciones vulneradas 'no se acerca a los egresos por deuda',c,mixta,,,,,,,na,Juicio.
V224,Cap. 3 Gasto público presupuestario,3.2 Anexos transversales (p.25),"Niñas, niños y adolescentes: 11 % del PPEF",b,mixta,11,DEC 2023 Anexo 18 p.88 (Ejecutivo),"899,447,200,104/8,299,647.8 mdp = 10.8 %",si,,,na,
V225,Cap. 3 Gasto público presupuestario,3.2 Anexos transversales (p.25),Pueblos y comunidades indígenas: 2 % del PPEF,b,mixta,2,DEC 2023 Anexo 10 p.68,"141,353,911,855 → 1.7 %",si,,,na,Redondeo a entero.
V226,Cap. 3 Gasto público presupuestario,3.2 Anexos transversales (p.25),Grupos vulnerables: 5.8 % del PPEF,b,mixta,5.8,DEC 2023 Anexo 14 p.81,"484,340,352,105 → 5.84 %",si,,,na,
V227,Cap. 3 Gasto público presupuestario,3.2 Anexos transversales (p.25),Igualdad entre mujeres y hombres: 4.5 % del PPEF,b,mixta,4.5,DEC 2023 Anexo 13 p.77,"346,077,017,893 → 4.17 %",no,0.3 pp,transcripcion,na,"El '0.9 pp más que 2022' sí es consistente con 4.2 (PPEF 2022: 232,384.6 = 3.3 %)."
V228,Cap. 3 Gasto público presupuestario,3.2 Anexos transversales (p.25),Jóvenes: 6.2 % del PPEF,b,mixta,6.2,DEC 2023 Anexo 17 p.86,"515,946,391,751 → 6.22 %",si,,,na,
V229,Cap. 3 Gasto público presupuestario,3.2 Anexos transversales (p.25),Comparaciones con 2022: NNA 1 pp menos; indígenas y grupos vulnerables misma proporción; igualdad +0.9 pp; jóvenes −0.5 pp,b,mixta,−1; 0; 0; +0.9; −0.5,"PEF 2022 decreto aprobado, anexos transversales (ausente); DEC 2022 = PPEF 2022","Con PPEF 2022 (DEC 2022): NNA 831,097.4/7,088,250.3 = 11.7 %; indígenas 1.8 %; igualdad 3.3 %; jóvenes 6.7 % — consistentes con las diferencias de CIEP salvo verificación del aprobado",no_verificable,,,no,Base 2022 debe ser el PEF aprobado; la carpeta trae el proyecto.
V230,Cap. 3 Gasto público presupuestario,3.2 Anexos transversales (p.25),"Los incrementos de los anexos corresponden a programas del bienestar y proyectos prioritarios, sin perspectivas particulares (SHCP 2022f)",c,mixta,,EM PPEF 2023 (ausente),,,,,na,Juicio apoyado en la EM.
V231,Cap. 3 Gasto público presupuestario,3.2 ODS (p.25),84.3 % de los programas del gasto programable contribuyen a la Agenda 2030; 61.3 % del total de PPs,a,mixta,84.3; 61.3,CGPE 2023 p.78 (SHCP); EM/Tomo I (ausente),84.3 % ✓; 61.3 % no localizado en CGPE,aprox,61.3 no verificable,,na,Primera cifra verificada; la segunda requiere la EM.
V232,Cap. 3 Gasto público presupuestario,3.2 ODS (p.25),ODS 16 con 190 programas vinculados; ODS 4 con 71; ODS 9 con 65,a,mixta,190; 71; 65,EM PPEF 2023 / Tomo I vinculación ODS (ausente),,no_verificable,,,na,
V233,Cap. 3 Gasto público presupuestario,3.2 ODS (p.25),El gasto en educación no sería prioridad dentro del PPEF 2023,c,mixta,,CGPE 2023 p.148: SEP +5.1 % real; p.85 función educación 23.3 % del desarrollo social,,,,,na,Juicio; dato en contra parcial: SEP crece 5.1 % real.
V234,Cap. 3 Gasto público presupuestario,3.2 Cuadro 3.1 (p.26),"Ramos autónomos 158,344.5 mdp, +3.7 %, 0.5 % del PIB (incluye INEGI y TFJA)",a/b,mixta,"158,344.5; +3.7; 0.5",DEC 2023 Anexo 1 p.60; CGPE 2023 p.148,"145,315.9+9,875.4+3,153.2 = 158,344.5; 2022 PEF: 137.8+11.7+3.1 = 152.6 mmp de 2023 → 158.3/152.6 = +3.7 %; 0.50 %",si,,,no,"CGPE reporta autónomos sin INEGI/TFJA: 145.3, +5.4 %."
V235,Cap. 3 Gasto público presupuestario,3.2 Cuadro 3.1 (p.26),"Autónomos individuales: Legislativo 16,461.1 (+4.5); Judicial 79,969.6 (+3.3); INE 24,696.9 (+19.2); CNDH 1,798.3 (−0.5); Cofece 690.0 (+6.7); IFT 1,680.0 (+2.6); INAI 1,065.9 (+3.3); FGR 18,954.2 (+0.5); INEGI 9,875.4 (−15.4); TFJA 3,153.2 (+0.6); % PIB",a,mixta,10 renglones,DEC 2023 Anexo 1 p.60; CGPE 2023 p.148,Montos idénticos al Anexo 1; variaciones idénticas a la columna PEF de p.148; % PIB consistentes,si,,,no,
V236,Cap. 3 Gasto público presupuestario,3.2 Cuadro 3.1 (p.26),"Ramos generales 1,358,664.0 mdp, +6.4 %, 4.3 % del PIB; Aportaciones a Seguridad Social 200,224.9, −0.4 %, 0.6 % PIB",b,mixta,"1,358,664.0; +6.4; 200,224.9; −0.4","DEC 2023 Anexo 1 p.61 (ramo 19 bruto 1,236,422.2; generales programables 2,394,861.3); CGPE p.148 (ramos generales 2,394.9, +7.8 %); Tomo IV ramo 19 (ausente)","Ramo 19 neto de transferencias a IMSS/ISSSTE no publicado en decreto/CGPE; el neteo implícito (1,036,197.3) no coincide con el neteo total del decreto (1,153,171.3) menos 130,002.6",no_verificable,,,no,Perímetro propio no reproducible con la carpeta.
V237,Cap. 3 Gasto público presupuestario,3.2 Cuadro 3.1 (p.26),"Ramo 23 161,324.7 (+14.2 %, 0.5 PIB); ramo 25 72,782.7 (+15.1 %, 0.2); ramo 33 924,331.7 (+6.1 %, 2.9)",a/b,mixta,"161,324.7; +14.2; 72,782.7; +15.1; 924,331.7; +6.1","DEC 2023 Anexo 1 p.61; DEC 2022 Anexo 1 p.54 (PPEF 2022: 134,623.0; 60,244.8; 830,299.6); CGPE 2023 p.79 y p.148 (PPEF = PEF en ramos generales y aportaciones)","161,324.7/(134,623.0×1.0492) = +14.2; 72,782.7/(60,244.8×1.0492) = +15.1; 924,331.7/(830,299.6×1.0492) = +6.1; % PIB 0.51/0.23/2.94",si,,,no,Base PPEF 2022; el CGPE muestra que el PEF 2022 no modificó ramos generales ni aportaciones (934.8 en ambas columnas).
V238,Cap. 3 Gasto público presupuestario,3.2 Cuadro 3.1 (p.26),"Entidades de control directo 1,604,743.2 (+8.6, 5.1); IMSS 1,165,698.8 (+9.9, 3.7); ISSSTE 439,044.4 (+5.4, 1.4)",a,mixta,,DEC 2023 Anexo 1 p.61; CGPE 2023 p.148,Idénticos; 5.11/3.71/1.40 % PIB,si,,,no,
V239,Cap. 3 Gasto público presupuestario,3.2 Cuadro 3.1 (p.26),"EPE 1,118,179.2 (−1.9 %, 3.6 % PIB); Pemex 678,406.8 (+1.6 %); CFE 439,772.4 (−6.9 %)",a,mixta,,DEC 2023 Anexo 1 p.61; CGPE 2023 p.148,Idénticos; 3.56 % PIB,si,,,no,
V240,Cap. 3 Gasto público presupuestario,3.2 Cuadro 3.1 (p.26),Pemex 2.7 % del PIB; CFE 3.9 % del PIB,b,mixta,2.7; 3.9,DEC 2023 Anexo 1; CGPE p.134,"Pemex 678,406.8/31,401,700 = 2.2 (2.6 con costo financiero); CFE 439,772.4 → 1.4 (1.5 bruto); suma EPE 3.6 ✓",no,Pemex +0.5; CFE +2.5 pp,transcripcion,na,Las dos celdas no cuadran con el 3.6 del renglón EPE del mismo cuadro.
V241,Cap. 3 Gasto público presupuestario,3.2 Cuadro 3.1 (p.26),"Ramos administrativos 1,848,328.3 (+16.3 %, 5.9 % PIB) y 26 ramos con monto, variación y % PIB",a,mixta,26 renglones,DEC 2023 Anexo 1 p.60-61; CGPE 2023 p.148 columna PEF,"Montos idénticos al Anexo 1; variaciones idénticas a p.148 (Bienestar 30.0, Turismo 111.2, Semarnat 76.6, Agricultura 20.4, etc.); % PIB consistentes (SEP 1.28, Bienestar 1.30, Defensa 0.36…)",si,,,no,
V242,Cap. 3 Gasto público presupuestario,3.2 Implicaciones (p.26),Gasto dirigido a población de 0 a 4 años = 0.5 % del PIB; a 65 y más = 4.5 % del PIB,b,mixta,0.5; 4.5,Estimación CIEP (anexo NNA vertiente primera infancia; pensiones),,no_verificable,,,na,Requiere los ponderadores CIEP.
V243,Cap. 3 Gasto público presupuestario,3.2 Implicaciones (p.26),El limitado espacio fiscal impide asignar más recursos a sectores con impacto en desarrollo social,c,mixta,,,,,,,na,Juicio.
V244,Cap. 3 Gasto público presupuestario,3.2 Cuadro 3.2 (p.27),"No programable 2,341,391.2 (+21.2 %, 7.5 % PIB); participaciones 1,220,271.1 (+14.0 %, 3.9); Adefas 42,033.1 (+33.5 %, 0.1)",a,mixta,,"DEC 2023 Anexo 1 p.61; CGPE 2023 p.150, p.79","Idénticos; 42,033.1/(30,000×1.0497) = +33.5 %",si,,,no,
V245,Cap. 3 Gasto público presupuestario,3.2 Cuadro 3.2 (p.27),"Deuda pública (ramo 24) 840,943.3 mdp, +38.0 %, 2.7 % del PIB",a/b,mixta,"840,943.3; +38.0; 2.7","DEC 2023 Anexo 1 p.61 y Anexo 8 p.66; PEF 2022 ramo 24 = 580,638.2 (DEC 2022 p.54, confirmado por identidad con CGPE p.150: 580,638.2+38,683.9+142,556.1+29,585.6 = 791,463.8)","840,943.3; 840,943.3/(580,638.2×1.0492) = +38.0 % (+37.9 con 1.050; +38.0 con 1.0497); 2.68 %",si,,,no,'Deuda pública' es el nombre del ramo 24 (costo financiero del GF).
V246,Cap. 3 Gasto público presupuestario,3.2 Cuadro 3.2 (p.27),"Ramo 34 Ahorradores y Deudores 54,216.5 (+33.5 %, 0.2 PIB); costo financiero Pemex 148,086.0 (−1.0 %, 0.5); CFE 35,841.2 (+15.4 %, 0.1)",a/b,mixta,,"DEC 2023 Anexo 1 y 8; DEC 2022 p.54 (38,683.9; 142,556.1; 29,585.6); PEF 2022 analítico entidades (cap. 9000)","54,216.5/(38,683.9×1.0492) = +33.6; 148,086.0/(142,556.1×1.0492) = −1.0; 35,841.2/(29,585.6×1.0492) = +15.5; % PIB 0.17/0.47/0.11",si,,,no,"Base PEF 2022 confirmada por la identidad del costo financiero total (791,463.8)."
V247,Cap. 3 Gasto público presupuestario,3.2 Cuadro 3.2 (p.27),"Gasto bruto total 8,429,650.4 (+11.4 %, 26.8 % PIB); menos transferencias y cuotas al IMSS e ISSSTE 130,002.6 (+0.7 %); gasto neto 8,299,647.8 (+11.6 %, 26.4)",b,mixta,"8,429,650.4; 130,002.6; 8,299,647.8",DEC 2023 Anexo 1 p.62 (neteo) y art. 2; Tomo I (ausente),"Suma de A-E del Anexo 1 = 9,452,819.1; neteo total = 1,153,171.3 (aportaciones ISSSTE + subsidios y transferencias a entidades); el 130,002.6 no es reproducible con el decreto; gasto neto 8,299,647.8 ✓",no_verificable,,,no,"Los 8,429,650.4 y 130,002.6 requieren el desglose del neteo (Tomo I); el neto sí coincide."
V248,Cap. 3 Gasto público presupuestario,3.3 Implicaciones (p.25),"Aunque el gasto neto crece en términos reales, la proporción destinada a bienes y servicios públicos sería menor",c,juicio,,CGPE 2023 p.79: programable 74.0 → 71.8 % del gasto neto,,,,,na,Dato consistente.
V249,Cap. 3 Gasto público presupuestario,3.3 Implicaciones (p.25),"El presupuesto prioriza gasto federalizado, pensiones y costo financiero sobre salud, educación y cuidados; crecen los ineludibles y se reduce el espacio fiscal",c,juicio,,,,,,,na,Juicio; no usa el mediano plazo del CGPE (p.101: costo financiero 3.4 → 2.7 % del PIB en 2028).
V250,Cap. 4 Gasto federalizado,Infografía (p.28),"Gasto federalizado PPEF 2023 $2,432,770.9 mdp; +9.9 % vs PEF 2022; 7.7 % del PIB; 29.3 % del PPEF",a/b,restitucion,"2,432,770.9; +9.9; 7.7; 29.3",CGPE 2023 p.79 (SHCP),"2,432.8 mmp; +9.9 % real; 2,432,770.9/31,401,700 = 7.75 %; /8,299,647.8 = 29.3 %",si,,,no,"Real declarado en el texto de la lámina ('términos reales'), no la unidad."
V251,Cap. 4 Gasto federalizado,Infografía (p.28),Por tipo: participaciones 50.2 %; aportaciones 38.0 %; recursos del ramo 25 3.0 %,b,restitucion,50.2; 38.0; 3.0,"DEC 2023 Anexo 1 (ramos 28, 33, 25); CGPE p.79","1,220,271.1/2,432,770.9 = 50.2; 924,331.7 = 38.0; 72,782.7 = 2.99",si,,,na,CGPE agrupa 33+25 como 'aportaciones' (41.0 %).
V252,Cap. 4 Gasto federalizado,Infografía (p.28),Por tipo: convenios 5.0 %; gasto en el sistema de salud 3.4 %; subsidios del ramo 23 0.5 %,b,restitucion,5.0; 3.4; 0.5,Tomo I / analíticos de gasto federalizado (ausentes); CGPE p.79 'otros conceptos' 215.4 mmp,"Otros conceptos 215.4/2,432.8 = 8.85 % vs 5.0+3.4+0.5 = 8.9 % (consistente en agregado)",no_verificable,,,na,El desglose de 'otros conceptos' no está en el decreto ni en el CGPE.
V253,Cap. 4 Gasto federalizado,Infografía (p.28),Por función: participaciones 50.2; educación 27.3; protección social y vivienda 12.7; salud 8.8; resto 1.0,b,restitucion,50.2; 27.3; 12.7; 8.8; 1.0,DEC 2023 Anexo 22 p.94; nota 13 del CIEP (perímetro),"Protección social (FAM AS 16,637.4 + FAFEF 62,205.7 + FAIS 112,388.0 + FORTAMUN 113,849.8 = 305,080.9) = 12.5 %; educación y salud requieren convenios (Tomo)",no,0.2 pp en protección social,transcripcion,na,El texto de apertura dice educación 27.4 (lámina 27.3): inconsistencia interna menor.
V254,Cap. 4 Gasto federalizado,Apertura (p.30),"Educación 27.4 %, protección social y vivienda 12.7 %, salud 8.8 %, seguridad 0.4 % del gasto federalizado",b,restitucion,27.4; 12.7; 8.8; 0.4,DEC 2023 Anexo 22; Tomo (convenios) ausente,"Seguridad: FASP 8,786.9/2,432,770.9 = 0.36 ✓; protección social 12.5 (ver lámina); educación y salud no verificables",aprox,protección social 0.2 pp,,na,
V255,Cap. 4 Gasto federalizado,4.1 Evolución (p.30),"El gasto federalizado 2023 sigue por debajo de los niveles previos a la pandemia; 2019-2023 −0.01 % real; primer aumento real desde 2020, 2.5 %",b,restitucion,−0.01; +2.5,Cuentas Públicas 2016-2021 (ausentes); nota 14 del CIEP,,no_verificable,,,no,"Mezcla ejercido (2016-2021), aprobado (2022) y proyecto (2023) declarada en nota 14."
V256,Cap. 4 Gasto federalizado,4.1 Evolución (p.30),Participaciones +14.1 % y aportaciones +6.1 % vs aprobado 2022,b,restitucion,+14.1; +6.1,"CGPE 2023 p.79; DEC 2022 Anexo 1 (ramo 33 830,299.6)","Participaciones +14.0 % (CGPE; 14.1 con 1.0492); ramo 33: 924,331.7/(830,299.6×1.0492) = +6.1 % (CGPE 33+25: +6.7 %)",aprox,0.1 pp,deflactor,no," [Remarcado ex post 2026-09-06, corrida 2024, instrucción v3 §2.10: tipo_error=deflactor.]"
V257,Cap. 4 Gasto federalizado,4.2 Incidencia (p.31),"Educación +3.9 %, salud +1.3 %, protección social y vivienda +14.7 %, seguridad +14.5 %",b,mixta,+3.9; +1.3; +14.7; +14.5,PEF 2022 aprobado por fondo y convenio (ausente); DEC 2022 Anexo 22 (PPEF),"Con PPEF 2022: FASSA +1.8; FAM AS+FAFEF+FAIS+FORTAMUN 305,080.9/(256,037.4×1.0492) = +13.6; FASP 8,786.9/(7,988.0×1.0492) = +4.8 (no 14.5)",no_verificable,,,no,Con la base disponible (PPEF 2022) seguridad daría +4.8 % y protección social +13.6 %; conviene revisar.
V258,Cap. 4 Gasto federalizado,4.2 Incidencia (p.31),"Gasto federalizado 7.7 % del PIB, 0.2 más que en 2022 (7.5 %); 29.3 % del gasto neto, 0.5 menos que 2022 (29.8 %)",b,mixta,7.7; 7.5; 29.3; 29.8,"CGPE 2023 p.79 (2,213.6 mmp de 2023 = 2,108.8 corrientes); p.149 (PIB)","2,108.8/28,129.3 = 7.50 % (PIB CGPE 2022); /29,058.3 = 7.26 % (revisado); 2,108.8/7,088.3 = 29.75 %; 2023: 7.75 y 29.3",si,,,no,El 7.5 % usa el PIB de aprobación 2022 (vintage no declarado); con PIB revisado la diferencia sería +0.5 pp. Unidades 'más' y 'menor' expresadas en % en vez de pp.
V259,Cap. 4 Gasto federalizado,4.2 Per cápita (p.31),"CDMX 26,197.5, Campeche 24,754, Colima 24,041.6 pesos per cápita; Edomex 15,809.6, Puebla 16,021.3, Guanajuato 16,030.2",b,mixta,,Distribución por entidad (Tomo / anexos LCF) y CONAPO (ausentes),,no_verificable,,,na,
V260,Cap. 4 Gasto federalizado,4.2 Per cápita (p.31),"Mayores incrementos: Guanajuato 15.2 %, Nayarit 13.0 %, Yucatán 13 %; menores: BCS 6.7 %, Campeche 8.6 %, Oaxaca 8.7 %",b,mixta,,Distribución por entidad 2022 y 2023 (ausentes),,no_verificable,,,no,
V261,Cap. 4 Gasto federalizado,4.2 Per cápita (p.31),"Transferencias per cápita promedio: 5,647.8 pesos educación, 1,286 salud, 2,463.9 protección social",b,mixta,,CONAPO + perímetros nota 13 (ausentes),,no_verificable,,,na,
V262,Cap. 4 Gasto federalizado,4.3 Implicaciones (p.32),82.5 % de los ingresos estatales dependen de transferencias federales; 57 % del presupuesto educativo estatal es federal; salud financiada 10.6 % por subnacionales (CIEP 2022c),a,juicio,82.5; 57; 10.6,CIEP 2022c (fuente propia externa),,no_verificable,,,na,
V263,Cap. 4 Gasto federalizado,4.3 Implicaciones (p.32),Más recursos reafirman la dependencia; vulnerabilidad a choques; impulsar predial y tenencia,c,juicio,,,,,,,na,Juicio.
V264,Cap. 5 Gasto en pensiones,Infografía (p.33),"Gasto en pensiones PPEF 2023 $1,692,920.9 mdp; 5.4 % del PIB; 20.4 % del PPEF; 'más de la quinta parte'",b,restitucion,"1,692,920.9; 5.4; 20.4","CGPE 2023 p.80 (pensiones 1,333.3), p.77 (PAM 335,499.4; PPD 24,077.7)","1,333,343.8 + 335,499.4 + 24,077.7 = 1,692,920.9; 5.39 %; 20.40 %",si,,,na,Perímetro: contributivas (clasificación económica) + PAM + PPD.
V265,Cap. 5 Gasto en pensiones,Infografía (p.33),Variación vs PEF 2022 +12.8 %,b,restitucion,+12.8,"CGPE 2023 p.80 (contributivas +8.4 %), p.105 (PAM +34.3 %); PEF 2022 PPD (ausente; PPEF 2022 18,037.5 en CGPE 2022 p.49)","Contributivas 1,230.5 → 1,333.3 (+8.4); PAM 238.0 → 335.5 (+34.3); PPD 2022 aprobado no en carpeta. Con PPEF 2022: (1,230.5+(238,014.7+18,037.5)×1.0497/1000)/… = +12.4 %",no_verificable,,,no,Reproduce si el PEF 2022 asignó ≈20.1 mmp a PPD (más que el proyecto); requiere PEF 2022 aprobado.
V266,Cap. 5 Gasto en pensiones,Infografía (p.33),Aumento de 12.4 % real en pensiones contributivas del IMSS,b,restitucion,+12.4,"PEF 2022 y 2023 analíticos de entidades (TG 4 pensiones): 636,461.8 → 750,252.1","750,252.1/(636,461.8×1.0492) = +12.4 % (+12.3 con 1.0497)",si,,,no,"PEF aprobado, no proyecto: objeto distinto (el IMSS no fue modificado en 2023)."
V267,Cap. 5 Gasto en pensiones,Infografía (p.33),Aumento de 34.3 % real en la Pensión para el Bienestar de las Personas Adultas Mayores,a,restitucion,+34.3,CGPE 2023 p.105 (SHCP),238.0 → 335.5 mmp: +34.3 % real,si,,,si,
V268,Cap. 5 Gasto en pensiones,Infografía (p.33),"Pensiones contributivas $1,333,343.8; IMSS 56.3 %, ISSSTE 23.2 %, Pemex 5.5 %, CFE 3.9 %, otros 11.1 %",b,restitucion,"1,333,343.8; 56.3; 23.2; 5.5; 3.9; 11.1","CGPE 2023 p.80 (1,333.3); PEF 2023 analítico entidades TG 4: IMSS 750,252.1; ISSSTE 309,763.1; Pemex 73,908.9; CFE 51,605.2","56.27; 23.23; 5.54; 3.87; residuo 147,814.5 = 11.09",si,,,na,"PEF aprobado, no proyecto: objeto distinto."
V269,Cap. 5 Gasto en pensiones,Infografía (p.33),"No contributivas $359,577.1: PAM $335,499.4; PPD $24,077.7",a,restitucion,"359,577.1; 335,499.4; 24,077.7",CGPE 2023 p.77 (SHCP),"335,499.4 + 24,077.7 = 359,577.1",si,,,na,
V270,Cap. 5 Gasto en pensiones,Apertura (p.35),"Total 1.7 bn, +12.8 %; contributivas 1.33 bn, +8.4 %; no contributivas +32.8 %, 359 mil 577 mdp",a/b,restitucion,"1.7; +12.8; 1.33; +8.4; +32.8; 359,577","CGPE 2023 p.80, p.77, p.105; PEF 2022 PPD (ausente)","1,333.3 y +8.4 % ✓; 359,577.1 ✓; +32.8 % implica base 2022 de 258.2 mmp corrientes (PAM 238.0 + PPD ≈20.2); con PPEF 2022 (PPD 18.0): +33.8 %",aprox,contributivas ✓; no contributivas no verificable,,no,Declara real y base aprobado.
V271,Cap. 5 Gasto en pensiones,5.1 Evolución (p.35),Pensiones +6.6 % real anual promedio 2016-2023; 2018-2019 +15.73 %; 2021-2022 +9.1 %; 2022-2023 +12.8 %,b,restitucion,6.6; 15.73; 9.1; 12.8,Cuentas Públicas 2016-2021 (ausentes); CGPE 2023 p.123 (pensiones % PIB 3.2 → 4.2),Serie % PIB p.123: 3.2 (2016) → 4.1 (2022e); p.123 var. real 2022-2016 +31.8 % para 'pensiones y jubilaciones' (perímetro distinto),no_verificable,,,no,
V272,Cap. 5 Gasto en pensiones,5.1 Evolución (p.35),PBAM creado en 2019 con cobertura universal a mayores de 68; desde 2021 edad 65,a,restitucion,68; 65,CGPE 2023 p.80 (65 años),'apoyo económico universal' a adultos mayores de 65 años,si,,,na,El cambio 68→65 no se documenta en el paquete; consistente con p.80.
V273,Cap. 5 Gasto en pensiones,5.1 Evolución (p.35),IMSS participa con 44.6 % del presupuesto de pensiones; bienestar 21.2 % (segundo); ISSSTE 18.3 %; 16 % restante,b,restitucion,44.6; 21.2; 18.3; 16,PEF 2023 analítico entidades (TG 4) y CGPE p.77,"IMSS 750,252.1/1,692,920.9 = 44.3 % (la propia infografía: 56.3 %×1,333.3 = 750.7 → 44.3); bienestar 359,577.1 → 21.2 ✓; ISSSTE 309,763.1 → 18.3 ✓; resto 16.2",no,0.3 pp,transcripcion,na,Inconsistencia interna: 44.6 no cuadra con el 56.3 % de contributivas de la infografía.
V274,Cap. 5 Gasto en pensiones,5.1 Evolución (p.35),2023 sería el primer año en que las pensiones de bienestar rebasan al ISSSTE,b,restitucion,,"PEF 2022 analítico ISSSTE (TG 4 = 278,180.2); PAM+PPD 2022 ≥ 256.1 mmp (PPEF)",2022: ISSSTE 278.2 > bienestar ≈256-258; 2023: 359.6 > 309.8,si,,,no,"Se sostiene aun con la base PPEF 2022; PEF aprobado, no proyecto."
V275,Cap. 5 Gasto en pensiones,5.1 No contributivas (p.35),PBAM: 2014-2018 −0.5 % real anual; 2019-2023 +136 % real,b,restitucion,−0.5; +136,Cuentas Públicas 2014-2021 (ausentes),,no_verificable,,,no,
V276,Cap. 5 Gasto en pensiones,5.1 No contributivas (p.35),Monto crecerá hasta 6 mil pesos bimestrales actualizados por inflación,a,restitucion,"6,000",CGPE 2023 p.128 (SHCP),'se espera que el apoyo individual alcance los 6 mil pesos bimestrales',si,,,na,
V277,Cap. 5 Gasto en pensiones,5.1 No contributivas (p.35),"PPEF 2023 propone 335 mil mdp para 10.9 millones de personas de 65+, equivalente a 5,118 pesos bimestrales",a/b,restitucion,"335,000; 10.9 M; 5,118","CGPE 2023 p.77 (335,499.4); padrón/EM (ausente)","335,499.4 ✓; 335,499.4/10.9 M/6 = 5,130 (5,118 implica 10.92 M)",aprox,beneficiarios no verificables,,na,Aritmética consistente; el padrón requiere la EM o el Tomo.
V278,Cap. 5 Gasto en pensiones,5.2 Incidencia (p.35-36),El sistema de pensiones no tiene perspectiva de género; determinado por el mercado laboral,c,mixta,,,,,,,na,Juicio.
V279,Cap. 5 Gasto en pensiones,5.2 Incidencia (p.36),"ENIGH 2020: 58.4 % de pensionados son hombres y 41.6 % mujeres; pensiones de mujeres 14 % menores; deciles 1-5 <40 % mujeres; decil 1 2,780 pesos, 6.6 veces menos que decil 10; brecha 10.9 % (deciles 1-5) y 14.4 % (6-10)",b,mixta,,"ENIGH 2020 (INEGI), no en carpeta",,no_verificable,,,na,
V280,Cap. 5 Gasto en pensiones,5.2 Por instituciones (p.36),"Gasto público por persona en pensiones de Pemex, CFE y LyFC es 7 veces el del IMSS; 37 % de pensionados IMSS son mujeres; 24 % en Pemex y Sedena; cuadro 5.1",b,mixta,7×; 37; 24,ENIGH 2020 + padrones (ausentes),,no_verificable,,,na,Cuadro 5.1: IMSS mujeres 37.9 % (texto 37); Pemex/Defensa/Marina 24.3 %.
V281,Cap. 5 Gasto en pensiones,5.3 Implicaciones (p.37),"El gasto en pensiones crece por el esquema anterior más oneroso, por el envejecimiento y por el programa universal",c,juicio,,CGPE 2023 p.104-105: 65+ pasa de 8.0 % (2022) a 17 % (2051); pasivo pensionario 43.6 % del PIB,,,,,na,No usa el pasivo pensionario ni la proyección demográfica que el CGPE ofrece.
V282,Cap. 5 Gasto en pensiones,5.3 Implicaciones (p.37),"En 2023 se propone gastar 5.4 % del PIB en pensiones, 2.8 pp más que en infraestructura",b,juicio,5.4; +2.8 pp,"CGPE 2023 p.80 (inversión física 1,101.1 = 3.5 % del PIB; gasto de inversión 1,190.1 = 3.8 %)","5.4 − 3.5 = 1.9 pp (inversión física); 5.4 − 3.8 = 1.6 pp; reproduce sólo con 'obra pública' del cap. 9 (69.2 %×1,190.1 = 823.6 = 2.6 %)",no,0.9 pp,perimetro,na,'Infraestructura' sin definir; con la definición oficial de inversión física la diferencia es 1.9 pp.
V283,Cap. 5 Gasto en pensiones,5.3 Implicaciones (p.37),"Es necesario evaluar este gasto ineludible que desplaza gasto en salud, educación e inversión",c,juicio,,,,,,,na,Juicio.
V284,Cap. 6 Gasto en energía,Infografía (p.38),"Gasto en energía PPEF 2023 $1,122,236 mdp; −1.9 % vs PEF 2022; 13.5 % del PPEF",b,restitucion,"1,122,236; −1.9; 13.5",DEC 2023 Anexo 1; PEF 2023/2022 analíticos de entidades; DEC 2022 Anexo 1; CGPE p.148 (EPE −1.9 %),"Suma del cuadro 6.1 = 1,122,259.7 (586,034.1+388,167.2+49,401.9+98,153.3+503.2); 13.5 %; base 2022 (Pemex 550,552 + CFE 401,166 + Sener 47,058 + ramo 23 ≈91,000 + reguladores 479) → −1.9 %",aprox,23.7 mdp entre lámina y cuadro,,no,El ramo 23 energético 2022 no es reproducible (Tomo IV); el resto sí.
V285,Cap. 6 Gasto en energía,Infografía (p.38),PIB 3.5 %,b,restitucion,3.5,CGPE p.134,"1,122,259.7/31,401,700 = 3.57 % (el cuadro 6.1 y la apertura dicen 3.6)",no,0.1 pp (inconsistencia interna),transcripcion,na,
V286,Cap. 6 Gasto en energía,Infografía (p.38),Pemex 52.2 % (+1.5 %); CFE 34.6 % (−7.8 %); ramo 23 8.7 % (+2.8 %); Sener 4.4 % (+0.1 %); órganos reguladores 0.00 % (−4.7 %),b,restitucion,52.2; 34.6; 8.7; 4.4; 0.0; −4.7,"PEF 2023/2022 analíticos entidades; DEC 2023 Anexo 1; DEC 2022 Anexo 1 (CRE 256.5, CNH 222.9)","Participaciones ✓ (52.22/34.59/8.75/4.40/0.04); Pemex +1.4 (586,034.1/(550,552×1.0492)); CFE −7.8 ✓; Sener 49,401.9/(47,057.7×1.0492) = +0.1 ✓; reguladores 503.2/(479.4×1.0492) = +0.0 (no −4.7)",no,reguladores 4.7 pp,transcripcion,no,El texto y el cuadro 6.1 dicen +0.1 % para reguladores; la lámina −4.7 %. Ramo 23 +2.8 no verificable.
V287,Cap. 6 Gasto en energía,Infografía (p.38),Aportación patrimonial del 95.6 % del presupuesto de Sener para Pemex y CFE,b,restitucion,95.6,Tomo III ramo 18 (ausente),,no_verificable,,,na,El texto dice 96 %.
V288,Cap. 6 Gasto en energía,Apertura (p.40),Gasto energético = 3.6 % del PIB y 13.5 % del gasto total; 1.2 bn; −1.9 % real vs PEF 2022,b,restitucion,3.6; 13.5; 1.2; −1.9,Ver infografía,"3.57 %; 13.52 %; 1,122.3; ≈ −1.9 %",si,,,si,Declara real y base.
V289,Cap. 6 Gasto en energía,6.1 Evolución (p.40),El incremento de 2021 es comparable al de 2016; desde entonces el gasto en energía no se ha recuperado,a/c,restitucion,,CGPE 2023 p.125 (función combustibles y energía % PIB),2016 5.5; 2017 3.3; 2021 5.2; 2022 aprob. 3.9; 2022e 4.4,si,,,na,
V290,Cap. 6 Gasto en energía,6.1 Pemex (p.40),Pemex recibe 52.2 % del gasto energético; +1.5 % vs PEF 2022; 586 mil 034.1 mdp,b,restitucion,"52.2; +1.5; 586,034.1","DEC 2023 Anexo 1 (678,406.8); PEF 2023 analítico (pensiones 73,908.9; servicios médicos 18,426.4 + adquisiciones 37.4); PEF 2022 analítico (636,281.1 − 69,376.0 − 16,360.6)","678,406.8 − 73,908.9 − 18,463.8 = 586,034.1 ✓; 586,034.1/(550,552.4×1.0492) = +1.4 %",aprox,0.1 pp,deflactor,no,"Perímetro no declarado: Pemex sin pensiones ni servicios médicos (que van a caps. 5 y 8). PEF aprobado, no proyecto. [Remarcado ex post 2026-09-06, corrida 2024, instrucción v3 §2.10: tipo_error=deflactor.]"
V291,Cap. 6 Gasto en energía,6.1 Pemex (p.40),"74.8 % del total de Pemex a proyectos de inversión, monto 9.2 % superior al aprobado 2022",b,restitucion,74.8; +9.2,"PEF 2023/2022 analíticos Pemex (caps. 5000+6000: 437,351.0 / 381,163.2)","437,351.0/586,034.1 = 74.6 %; 437,351.0/(381,163.2×1.0492) = +9.4 %",aprox,0.2 pp,deflactor,no,"PEF aprobado, no proyecto: objeto distinto. Con sólo cap. 6000: 72.2 % y +8.3 %. [Remarcado ex post 2026-09-06, corrida 2024, instrucción v3 §2.10: tipo_error=deflactor.]"
V292,Cap. 6 Gasto en energía,6.1 CFE (p.40),"CFE 34.6 % del sector; 388 mil 167.2 mdp; −7.8 % vs PEF 2022; 13 % a inversión, +1.5 %",b,restitucion,"34.6; 388,167.2; −7.8; 13; +1.5","DEC 2023 Anexo 1 (439,772.4); PEF 2023 analítico (pensiones 51,605.2; caps. 5000+6000 50,643.9); PEF 2022 (449,997.2 − 48,831.2 = 401,166.0; caps. 5-6 47,573.3)","439,772.4 − 51,605.2 = 388,167.2 ✓; 388,167.2/(401,166.0×1.0492) = −7.8 ✓; 50,643.9/388,167.2 = 13.0 ✓; 50,643.9/(47,573.3×1.0492) = +1.5 ✓",si,,,no,"PEF aprobado, no proyecto: objeto distinto. Perímetro sin pensiones no declarado."
V293,Cap. 6 Gasto en energía,6.1 Cuadro 6.1 (p.41),"Montos, % PIB, % PPEF y participación de Pemex, CFE, Sener, ramo 23 y reguladores; total 1,122,259",b,restitucion,cuadro,DEC 2023 Anexo 1 y 20; PEF 2023 analítico,"Pemex 1.87/7.06/52.2; CFE 1.24/4.68/34.6; Sener 49,401.9 0.16/0.60/4.4; ramo 23 98,153.3 no reproducible (Anexo 20: subsidios 76,624.8 + gastos asociados a ingresos petroleros 24,725.1 = 101,349.9; FEIP/FEIEF en fondos de estabilización 13.9 mmp); reguladores 269.3+233.9 = 503.2",aprox,ramo 23 no verificable,,na,Sener 0.2 % PIB es redondeo de 0.16.
V294,Cap. 6 Gasto en energía,6.1 Cuadro 6.1 (p.41),Variación anual del total: −3.38 %,b,restitucion,−3.38,Ver lámina: −1.9 %; CGPE p.148 EPE −1.9 %,La suma de componentes con bases 2022 da ≈ −1.9 % (título e infografía del propio CIEP),no,1.5 pp,transcripcion,no,"Inconsistencia interna: −1.9 % en lámina, apertura y texto; −3.38 % en el cuadro."
V295,Cap. 6 Gasto en energía,6.1 CFE combustibles (p.41),"CFE combustibles, lubricantes y aditivos: de 158 mil 784 mdp (2022) a 122 mil 808 mdp, −26.3 % real",b,restitucion,"158,784; 122,808; −26.3","PPEF 2023 analítico por objeto (ausente); PEF 2023/2022 analíticos: concepto 2600 CFE 149,650.4 → 115,260.2","PEF aprobado: 115,260.2/(149,650.4×1.0492) = −26.6 %; niveles no coinciden (proyecto ≠ aprobado o perímetro distinto)",no_verificable,,,no,Signo y magnitud consistentes con el aprobado; niveles no reproducibles.
V296,Cap. 6 Gasto en energía,6.1 Sener (p.41),"Sener 49 mil 401.9 mdp, +0.1 % real vs aprobado 2022",a/b,restitucion,"49,401.9; +0.1","DEC 2023 Anexo 1; DEC 2022 Anexo 1 (47,057.7); CGPE p.148 (0.0 %)","49,401.9 ✓; 49,401.9/(47,057.7×1.0492) = +0.06 % (CGPE: 0.0 con 1.0497)",aprox,0.1 pp,deflactor,si," [Remarcado ex post 2026-09-06, corrida 2024, instrucción v3 §2.10: tipo_error=deflactor.]"
V297,Cap. 6 Gasto en energía,6.1 Sener (p.41),"En 2022, 95 % del gasto de Sener fue aportación patrimonial a Pemex; en 2023 96 %, repartido 63.5 % CFE y 34.8 % Pemex",b,restitucion,95; 96; 63.5; 34.8,Tomo III ramo 18 2022 y 2023 (ausentes),,no_verificable,,,na,
V298,Cap. 6 Gasto en energía,6.1 Sener (p.41),No se identifica a LitioMx; la Subsecretaría de Planeación y Transición Energética aumenta 6 % real,b,restitucion,+6,Tomo III ramo 18 por UR (ausente),,no_verificable,,,no,
V299,Cap. 6 Gasto en energía,6.1 Ramo 23 (p.41),"Ramo 23 energético (FEIEF, FEIP, fondo de hidrocarburos, subsidios a tarifas) +2.8 %; subsidios a tarifas eléctricas 76 mil 624.8 mdp, +0.05 % real",a/b,restitucion,"+2.8; 76,624.8; +0.05","DEC 2023 Anexo 20 p.93 (76,624,800,000); DEC 2022 Anexo 20 p.86 (73,000,000,000); Tomo IV ramo 23 (ausente)","76,624.8 ✓; 76,624.8/(73,000×1.0492) = +0.05 % ✓ (base PPEF 2022); el +2.8 del agregado no verificable",aprox,+2.8 no verificable,deflactor,no,"Base PPEF 2022 para subsidios; PEF 2022 aprobado no en carpeta. [Remarcado ex post 2026-09-06, corrida 2024, instrucción v3 §2.10: tipo_error=deflactor.]"
V300,Cap. 6 Gasto en energía,6.1 Órganos reguladores (p.41),CRE y CNH: ligero aumento de 0.1 % real,b,restitucion,+0.1,DEC 2023 Anexo 1 (269.3 + 233.9); DEC 2022 Anexo 1 (256.5 + 222.9),503.2/(479.4×1.0492) = +0.04 %,si,,,no,Contradice el −4.7 % de la lámina.
V301,Cap. 6 Gasto en energía,6.2 Incidencia (p.41),SHCP anunció los parques solares más grandes de Latinoamérica (Sonora),a,mixta,,CGPE 2023 p.77,Sistema de cinco parques solares en Sonora; litio 12 bn de pesos de valor potencial,si,,,na,
V302,Cap. 6 Gasto en energía,6.2 Incidencia (p.41),Sólo 1.3 % del gasto de Sener se destina a transición energética y energías limpias,b,mixta,1.3,"Tomo III ramo 18 por programa (ausente); DEC 2023 Anexo 15 (estrategia de transición: 10,288.3 mdp, todos los ramos)",,no_verificable,,,na,"Anexo 15 total 10,288.3 mdp = 0.12 % del PPEF (todos los ramos), no sólo Sener."
V303,Cap. 6 Gasto en energía,6.3 Implicaciones (p.41),Ante la vulnerabilidad climática es necesario transitar a energías limpias; mayor gasto en transición generaría efectos positivos,c,juicio,,,,,,,na,Juicio.
V304,Cap. 7 Gasto en educación,Infografía (p.42),"Gasto en educación PPEF 2023 $1,018,571 mdp; +4.5 % vs PEF 2022; 3.24 % del PIB; 12.3 % del PPEF",b,restitucion,"1,018,571; +4.5; 3.24; 12.3",Tomo I clasificación funcional (ausente); DEC 2023 Anexo 1 y 22 (parciales); CGPE p.134,"Parciales: SEP 402,276.7 + Conacyt 31,655.1 + Cultura 15,925.1 + FONE 456,672.7 + FAM IE 19,530.8 + FAETA 8,696.0 + ramo 25 72,782.7 = 1,007,539 (resto de la función en otros ramos); 1,018,571/31,401,700 = 3.24 ✓; /8,299,647.8 = 12.27 ✓; +4.5 = 1,018,571/974,299 (base propia)",no_verificable,,,no,Perímetro propio (nota 17); las razones son aritméticamente consistentes; el nivel y la base 2022 requieren Tomo I y PEF 2022.
V305,Cap. 7 Gasto en educación,Infografía (p.42),El incremento equivale a 0.14 puntos del PIB,b,restitucion,+0.14 pp,"CGPE 2023 p.149 (PIB 2022 28,129.3 aprobación / 29,058.3 revisado; 2023 31,401.7)","2022 en pesos de 2023 = 974,299 → corrientes 928,614: /28,129.3 = 3.30 % o /29,058.3 = 3.20 %; 2023 3.24 % → −0.06 o +0.04 pp. 0.14 sólo si 974,299 (pesos de 2023) se divide entre el PIB de 2023 (3.10 %)",no,0.10-0.20 pp,contrafactual,no,Numerador en pesos de 2023 sobre PIB 2023 para el año 2022: error de vintage/deflactor. Se repite en 7.2.
V306,Cap. 7 Gasto en educación,Infografía (p.42),46.2 % del incremento se concentra en La Escuela es Nuestra y previsiones salariales del FONE,b,restitucion,46.2,PEF 2022 analíticos (ausente); cuadro 7.3 del CIEP,"Cuadro 7.3: LEEN +12,402 y FONE SP +10,599 = 23,001/44,272 = 52.0 %; texto 7.1 dice 49.5 % (cinco partidas) y 39.3 % (PLEN + apoyos)",no_verificable,,,no,Tres cifras distintas para el mismo concepto (46.2 / 49.5+39.3 / 52.0).
V307,Cap. 7 Gasto en educación,Infografía (p.42),"Subfunciones: básica 589,264 (+4.7); superior 153,079 (+0.5); media superior 140,856 (+2.2); CTI 49,830 (+1.8); cultura y deporte 23,349 (+0.9); otros servicios 47,074 (+35.8); posgrado 9,665 (+0.5); adultos 5,073 (+5.1); función pública 381 (+2.4)",b,restitucion,9 subfunciones,Tomo I clasificación funcional por subfunción (ausente),"Suma = 1,018,571 ✓ aritmética",no_verificable,,,no,
V308,Cap. 7 Gasto en educación,Infografía (p.42),"Gasto por alumno: básica 27,308 (+5.5 %); media superior 34,253 (+2.6 %); superior 55,814 (+0.3 %)",b,restitucion,"27,308; 34,253; 55,814",Matrícula SEP (ausente),,no_verificable,,,no,
V309,Cap. 7 Gasto en educación,Infografía (p.42),Programas: LEEN +84.6 %; previsiones salariales FONE +61.0 %; beca EMS +3.8 %; becas EB +0.2 %; Elisa Acuña −57.6 %,b,restitucion,+84.6; +61.0; +3.8; +0.2; −57.6,"CGPE 2023 p.77 (LEEN 27,052.9); CGPE 2022 p.49 (PPEF 2022 LEEN 13,964.3); PEF 2022 analíticos (ausente)","LEEN: 27,052.9/(13,964.3×1.0492) = +84.6 % ✓ (base PPEF 2022); becas EMS 37,554/36,196 = +3.8 (cuadro 7.3, base no verificable); resto no verificable",aprox,LEEN ✓; resto no verificable,deflactor,no,"LEEN reproduce con la base del proyecto 2022; el PEF 2022 aprobado no está en carpeta. [Remarcado ex post 2026-09-06, corrida 2024, instrucción v3 §2.10: tipo_error=deflactor.]"
V310,Cap. 7 Gasto en educación,Apertura (p.44),"Presupuesto educativo 1 bn 18 mil 571 mdp, +4.5 % vs aprobado 2022; 12.3 % del gasto neto, nivel más bajo, por debajo de 2016-2021",b,restitucion,"1,018,571; +4.5; 12.3",Tomo I; Cuentas Públicas 2016-2021 (ausentes),,no_verificable,,,no,
V311,Cap. 7 Gasto en educación,Apertura (p.44),Cobertura educativa disminuyó 2.1 pp de 2016 a 2022,a,restitucion,−2.1 pp,"SEP, indicadores de cobertura (ausente)",,no_verificable,,,na,
V312,Cap. 7 Gasto en educación,Apertura (p.44),Se centra en LEEN y previsiones salariales: 12 mil 402 y 8 mil 59 mdp más que el PEF 2022,b,restitucion,"+12,402; +8,059",CGPE 2023 p.77; CGPE 2022 p.49; PEF 2022 analíticos (ausente),"LEEN: 27,052.9 − 13,964.3×1.0492 (14,651) = +12,402 ✓ con base PPEF 2022; previsiones salariales no verificable",aprox,previsiones no verificable,deflactor,no," [Remarcado ex post 2026-09-06, corrida 2024, instrucción v3 §2.10: tipo_error=deflactor.]"
V313,Cap. 7 Gasto en educación,Apertura (p.44),"Presupuesto vinculado al ODS 4 = 36.4 %, sólo debajo de 2021 (36.8 %); 35 de 77 PPs contribuyen",b,restitucion,36.4; 36.8; 35/77,Tomo I vinculación ODS (ausente),,no_verificable,,,na,
V314,Cap. 7 Gasto en educación,7.1 Evolución (p.45),El aumento de 44 mil 272 mdp representa 96.8 % del recorte 2021-2022,b,restitucion,"44,272; 96.8",Cuenta Pública 2021 y PEF 2022 (ausentes),"44,272 = 1,018,571 − 974,299 (aritmética propia)",no_verificable,,,no,
V315,Cap. 7 Gasto en educación,7.1 Evolución (p.45),Todas las subfunciones por debajo de lo ejercido 2016-2021; SEP 402 mil 277 y Conacyt 31 mil 655 mdp,a/b,restitucion,"402,277; 31,655",DEC 2023 Anexo 1 p.60-61; Cuentas Públicas (ausentes),"SEP 402,276.7 ✓; Conacyt 31,655.1 ✓; comparación 2016-2021 no verificable",aprox,serie no verificable,,na,
V316,Cap. 7 Gasto en educación,7.1 ¿En qué se gastará? (p.45),Cinco partidas salariales concentran 49.5 % del aumento; LEEN y apoyos a centros y organizaciones 39.3 %,b,restitucion,49.5; 39.3,Analíticos por partida PPEF 2023 y PEF 2022 (ausentes),,no_verificable,,,no,
V317,Cap. 7 Gasto en educación,7.1 ¿En qué se gastará? (p.45),"Inversión física en educación 155 mdp, 22 mdp más que en 2022; 13.0 % de lo ejercido en 2020",b,restitucion,155; +22; 13.0,Analíticos por tipo de gasto (ausentes); cuadro 7.3,Cuadro 7.3: proyectos de infraestructura social educativa 138 + mantenimiento 18 = 156 (ES); 2022: 133+4 = 137 → +19,no_verificable,,,no,"'155 mdp' parece referirse sólo a ES; la nota 19 añade 3,935 mdp en cultura y CTI."
V318,Cap. 7 Gasto en educación,7.2 Incidencia (p.45),El gasto en educación aumenta 0.14 puntos del PIB después de seis años de recortes,b,mixta,+0.14 pp,Ver infografía,−0.06 / +0.04 pp según PIB 2022; 0.14 sólo con numerador en pesos de 2023 sobre PIB 2023,no,0.10-0.20 pp,contrafactual,no,Repite el error de la lámina.
V319,Cap. 7 Gasto en educación,7.2 Incidencia (p.45),"10 mil 32 mdp para cumplir la Reforma educativa de 2019 (SHCP 2022f), sin decir en qué PPs",a,mixta,"10,032",EM PPEF 2023 (ausente),,no_verificable,,,na,
V320,Cap. 7 Gasto en educación,7.2 EB (p.45),"Educación básica 589 mil 264 mdp, +4.7 % vs PEF 2022; sólo 3 de 20 PPs con reducción; FONE servicios personales +10 mil 599 mdp; LEEN +12 mil 402 mdp",b,mixta,"589,264; +4.7; +10,599; +12,402","DEC 2023 Anexo 22 (FONE SP 416,012.8); DEC 2022 Anexo 22 (386,413.9); CGPE p.77","FONE SP: 416,012.8 − 386,413.9×1.0492 (405,426) = +10,587 (CIEP 10,599; base PPEF 2022); LEEN +12,402 ✓ (base PPEF); total EB no verificable",aprox,12 mdp (FONE),deflactor,no,"PEF 2022 aprobado no en carpeta; el CGPE p.79 indica que aportaciones PPEF = PEF. [Remarcado ex post 2026-09-06, corrida 2024, instrucción v3 §2.10: tipo_error=deflactor.]"
V321,Cap. 7 Gasto en educación,7.2 EB (p.45),LEEN etiquetado como subsidios: no es posible identificar cuánto va a cada vertiente,a/c,mixta,,DEC 2023 Anexo 25 (programas sujetos a reglas de operación) / Tomo,,no_verificable,,,na,
V322,Cap. 7 Gasto en educación,7.2 EB (p.45),"Gasto por alumno en EB $27,308, −2.2 % respecto a su máximo de 2016; Expansión de la educación inicial +0.6 %; 3.0 % de niñas y niños asisten a educación inicial",b,mixta,"27,308; −2.2; +0.6; 3.0",Matrícula SEP y Cuenta Pública 2016 (ausentes),Expansión de la educación inicial 2023: 826.5 (cuadro 10.1) vs nota 5/ del Anexo 1: 200 mdp adicionales para servicios personales,no_verificable,,,no,
V323,Cap. 7 Gasto en educación,7.2 EMS (p.45),"EMS 140 mil 856 mdp, +2.2 %; Diseño de la política educativa −68 mdp; Becas EMS +1,358 mdp; Servicios de EMS +1,159 mdp; 378 mil jóvenes dejaron la escuela; gasto por alumno $34,253, −2.1 % vs 2016",b,mixta,,Tomo I por subfunción y PEF 2022 (ausentes),"Beca EMS 2023 37,554 + becas EB 34,922 + JEF 11,162 = 83,638 ≈ CGPE p.77 'Programas de Becas' 83,638.9 ✓",no_verificable,,,no,La suma de las tres becas Benito Juárez reproduce el programa prioritario del CGPE.
V324,Cap. 7 Gasto en educación,7.2 ES (p.46),"ES 153 mil 79 mdp, +0.5 %; 3 de 21 PPs con reducción; Becas Elisa Acuña −2 mil 570 mdp; Expansión de la EMS y ES 795 mdp tras dos años sin presupuesto",b,mixta,"153,079; +0.5; −2,570; 795",Tomo I / PEF 2022 analíticos (ausentes),,no_verificable,,,no,
V325,Cap. 7 Gasto en educación,7.2 ES (p.46),"Universidades para el Bienestar: 402 mdp más que en 2022 (1,476 mdp en el cuadro 7.3), no etiquetado como inversión física",b,mixta,"1,476; +402","CGPE 2023 p.77 (Universidades para el Bienestar 1,490.3)","1,490.3 mdp (programa prioritario)",no,14.3 mdp,perimetro,no,"CIEP asigna 1,476 a la subfunción ES; el programa completo es 1,490.3."
V326,Cap. 7 Gasto en educación,7.2 ES (p.46),"Gasto por alumno en ES $55,814, −22.6 % vs máximo de 2016",b,mixta,"55,814; −22.6",Matrícula SEP (ausente),,no_verificable,,,no,
V327,Cap. 7 Gasto en educación,7.2 Posgrado y adultos (p.46),"Posgrado +0.5 %, 1,639 mdp menos que 2016; becas de posgrado +85 y SNI +462 mdp; educación para adultos 0.5 % del gasto educativo; analfabetismo 1.4-13.7 % por estado",b,mixta,,Tomo I; Cuenta Pública 2016; CIEP 2022c (ausentes),"SNI 2023 8,097 (cuadro 7.3); 5,073/1,018,571 = 0.50 % ✓ aritmética",no_verificable,,,no,
V328,Cap. 7 Gasto en educación,7.2 Cultura y CTI (p.46),"Cultura, deporte y recreación 23 mil 349 mdp; Desarrollo cultural −492 mdp; CTI 49 mil 830 mdp, similar a 2016; sin presupuesto para Innovación desde 2019",b,mixta,"23,349; −492; 49,830","Tomo I por subfunción (ausente); DEC 2023 Anexo 12 (programa CTI 128,746.3 mdp, perímetro distinto)",,no_verificable,,,no,
V329,Cap. 7 Gasto en educación,7.3 Implicaciones (p.46),Gasto educativo al menos 0.76 puntos del PIB por debajo de lo recomendado (BID 2022),b/c,juicio,0.76,BID 2022 (externa),3.24 + 0.76 = 4.0 % del PIB implícito,no_verificable,,,na,Referencia externa.
V330,Cap. 7 Gasto en educación,7.3 Implicaciones (p.46),"Vs PEF 2022 el presupuesto crece 44 mil 272 mdp; 88.8 % del aumento en partidas salariales, LEEN y apoyos a centros",b,juicio,"44,272; 88.8",Analíticos por partida (ausentes),49.5 + 39.3 = 88.8 ✓ aritmética,no_verificable,,,no,
V331,Cap. 7 Gasto en educación,7.3 Implicaciones (p.46),En EB no se identifica presupuesto para abatir efectos de la pandemia ni para bienestar psicosocial,c,juicio,,,,,,,na,Juicio.
V332,Cap. 7 Gasto en educación,7.3 Implicaciones (p.46),Recortes 2016-2022 y pandemia redujeron la cobertura de 65.4 % (2019) a 62.7 % (2022),a/c,juicio,65.4; 62.7,SEP (ausente),,no_verificable,,,na,Atribución causal sin sustento en el paquete.
V333,Cap. 7 Gasto en educación,Cuadro 7.3 (p.47),"Montos 2023 verificables: FONE servicios personales 416,013; FONE gasto de operación 17,084; fondo de compensación 12,292; otros de gasto corriente 11,283; FAETA educación tecnológica 5,389; FAM infraestructura educativa (12,500 + 6,109 + 922 = 19,531); becas BJ (34,922 + 37,554 + 11,162 = 83,638); LEEN 27,053",a,mixta,8 conceptos,"DEC 2023 Anexo 22 p.94 (416,012.8; 17,084.2; 12,292.2; 11,283.4; 5,388.7; FAM IE 19,530.8); CGPE 2023 p.77 (becas 83,638.9; LEEN 27,052.9)",Coinciden,si,,,na,La partición del FAM IE entre básica y EMS/ES no está en el decreto (sólo el total).
V334,Cap. 7 Gasto en educación,Cuadro 7.3 (p.47),"Servicios de educación básica en la CDMX 45,621 mdp (2023)",a,mixta,"45,621","DEC 2023 Anexo 21 p.94 (aportaciones para educación básica y normal en la CDMX 47,388.2)","47,388.2 incluye normal; el PP de básica requiere Tomo IV ramo 25",no_verificable,,,na,
V335,Cap. 7 Gasto en educación,Cuadro 7.3 (p.47),"Columnas 2016-2021 (ejercido) y 2022 (aprobado, en pesos de 2023) de 70 programas; diferencias y variaciones reales",b,mixta,cuadro,Cuentas Públicas 2016-2021 y PEF 2022 analíticos (ausentes),"Factor implícito 2022→2023 = 1.0492 (p. ej. FONE SP 405,414/386,413.9)",no_verificable,,,no,El deflactor implícito confirma que CIEP usa 1.0492 (PIB nominal/PIB real del CGPE).
V336,Cap. 8 Gasto en salud,Infografía (p.47),"Gasto en salud PPEF 2023 $892,849 mdp; +4.2 % vs PEF 2022; 2.8 % del PIB; 10.8 % del PPEF",b,restitucion,"892,849; +4.2; 2.8; 10.8",Tomo I funcional (ausente); DEC 2023 Anexo 1 y 22; PEF 2023 analíticos (parciales),"Parciales verificables: ramo 12 209,616.5 ✓; FASSA 125,564.3 ✓; Pemex 18,463.8 ✓; IMSS aprobado 398,520.6 (CIEP 396,750); ISSSTE aprobado 83,382.8 (CIEP 80,259); 892,849/31,401,700 = 2.84 ✓; 10.76 ✓; +4.2 base propia",no_verificable,,,no,Perímetro propio (nota 21); IMSS e ISSSTE del proyecto difieren del aprobado.
V337,Cap. 8 Gasto en salud,Infografía (p.47),"Distribución: IMSS 396,750 (+5.8 %); SSa 209,616 (+3.0 %); FASSA 125,564 (+1.8 %); ISSSTE 80,259 (+10.3 %); aportaciones SS 51,984 (−4.2 %); Pemex 18,464 (+7.6 %); Sedena 7,295 (−5.3 %); Semar 2,917 (−5.6 %)",a/b,restitucion,8 renglones,"DEC 2023 Anexo 1 (ramo 12 209,616.5; CGPE p.148 +3.0 %); Anexo 22 (FASSA 125,564.3; PPEF 2022 117,537.2 → +1.8 %); PEF 2023/2022 analíticos (Pemex 18,463.8 vs 16,360.6 → +7.6 %; IMSS 398,520.6 vs 357,752.2 → +6.2 %)","SSa ✓; FASSA ✓; Pemex ✓; IMSS +5.8 no reproducible con aprobado (+6.2); ISSSTE, aportaciones SS, Sedena y Semar no verificables",aprox,IMSS 0.4 pp con aprobado,,no,"Tres de ocho renglones verificados; PEF aprobado, no proyecto, para IMSS/ISSSTE/Pemex."
V338,Cap. 8 Gasto en salud,Infografía (p.47),"Gasto per cápita 2022→2023: Pemex 29,190→30,858 (+5.7 %); ISSSTE 5,240→5,682 (+8.4 %); IMSS 5,316→5,529 (+4.0 %); INSABI/IMSS-Bienestar 3,773→3,694 (−2.1 %)",b,restitucion,4 pares,"Poblaciones derechohabientes (informes institucionales), ausentes",,no_verificable,,,no,
V339,Cap. 8 Gasto en salud,Infografía (p.47),Programas seleccionados: IMSS-Bienestar −16.9 %; Atención a la salud +46.5 %; medicamentos gratuitos +0.6 %; salud materna +0.6 %; programas de infraestructura −100 %,b,restitucion,−16.9; +46.5; +0.6; +0.6; −100,Tomo IV ramos 12 y 19 y PEF 2022 analíticos (ausentes),"Cuadro 8.3 dice −17.0 para IMSS-Bienestar (24,855 → 20,628 = −17.0)",no_verificable,,,no,Inconsistencia interna menor (−16.9 vs −17.0).
V340,Cap. 8 Gasto en salud,Apertura (p.50),"Sector salud 892 mil 849 mdp, +4.2 % vs aprobado 2022; en términos del PIB el más alto desde 2016 salvo 2.9 % en 2020; 2.84 % del PIB",b,restitucion,"892,849; +4.2; 2.9 (2020); 2.84",CGPE 2023 p.125 (función salud % PIB: 2016 2.6; 2020 2.8; 2021 2.6; 2022 aprob. 2.8),2.84 ✓ aritmética; serie con perímetro propio no verificable (la función salud del CGPE da 2.8 en 2020),no_verificable,,,no,
V341,Cap. 8 Gasto en salud,Apertura (p.50),Brecha para ampliar la CUS de al menos tres puntos del PIB,c,restitucion,3 pp,CIEP 2018 (propia),,,,,na,Juicio con cifra propia.
V342,Cap. 8 Gasto en salud,Apertura (p.50),"Presupuesto vinculado al ODS 3 cae de 67.1 % (2022) a 65.6 % (2023); aumentos en IMSS, SSa y Pemex suman 19 mil 239 mdp (73.1 %, 92.9 %, 99.8 % de su presupuesto)",b,restitucion,"67.1; 65.6; 19,239",Tomo I vinculación ODS (ausente),,no_verificable,,,no,
V343,Cap. 8 Gasto en salud,8.1 Evolución (p.51),Aumento de 36 mil 168 mdp = 0.12 % del PIB; IMSS +21 mil 844 y ISSSTE +7 mil 523 mdp vs aprobado 2022,b,restitucion,"36,168; 0.12; 21,844; 7,523","PEF 2023/2022 analíticos (IMSS 398,520.6 − 357,752.2×1.0492 = +23,168; ISSSTE 83,382.8 − 73,897.6×1.0492 = +5,846)","36,168/31,401,700 = 0.115 ✓; IMSS/ISSSTE del proyecto no coinciden con aprobado",aprox,"IMSS 1,324 mdp; ISSSTE 1,677 (aprobado)",,no,"PEF aprobado, no proyecto: objeto distinto."
V344,Cap. 8 Gasto en salud,8.1 Evolución (p.51),SSa +3.0 % y FASSA +1.8 % real vs aprobado 2022,a/b,restitucion,+3.0; +1.8,"CGPE 2023 p.148 (Salud +3.0 %); DEC 2023/2022 Anexo 22 (125,564.3 / 117,537.2)","+3.0 ✓; 125,564.3/(117,537.2×1.0492) = +1.8 ✓",si,,,si,
V345,Cap. 8 Gasto en salud,8.1 Cuadro 8.1 (p.51),"Gasto por subsistema 2022 (pesos de 2023): IMSS 374,906; SSA 203,485; FASSA 123,317; ISSSTE 72,736; aportaciones 54,284; Pemex 17,165; Sedena 7,700; Semar 3,089; total 856,681",b,restitucion,cuadro 2022,PEF 2022 analíticos entidades; DEC 2022 Anexo 1 y 22; Tomo IV 2022 (ausente),"FASSA 117,537.2×1.0492 = 123,320 ✓; Pemex 16,360.6×1.0492 = 17,166 ✓; IMSS 357,752.2×1.0492 = 375,353 (dif. 447); ISSSTE 73,897.6×1.0492 = 77,533 (CIEP 72,736: no coincide); resto no verificable",no_verificable,,,no,"ISSSTE 2022 del CIEP (72,736) no reproduce con el PEF 2022 aprobado (gastos administrativos 20,133.1 vs 16,328 de CIEP)."
V346,Cap. 8 Gasto en salud,8.1 Vacunación (p.51),Programa de vacunación −17 mil 783 mdp vs aprobado 2022; más del doble del monto prepandemia,b,restitucion,"−17,783",Tomo IV ramo 12 2023 y PEF 2022 (ausentes),"Cuadro 8.3: 31,805 → 14,022",no_verificable,,,no,
V347,Cap. 8 Gasto en salud,8.1 Medicamentos (p.51),"Presupuesto para medicamentos −18 mil 497 mdp (−14.7 % real); Pemex +18.3 %, IMSS +6.9 %, SSa −17 mil 711 (−46.7 %)",b,restitucion,"−18,497; −14.7; +18.3; +6.9; −17,711; −46.7",Analíticos por partida del proyecto (ausentes); PEF 2023/2022 analíticos entidades (conceptos 2530+2540),"PEF aprobado: IMSS 59,972.7 → 66,484.7 = +5.7 % real; Pemex 2,601.4 → 3,276.7 = +20.1 %; SSa no disponible",no_verificable,,,no,Con el aprobado los signos coinciden pero no las magnitudes (perímetro de partidas no declarado).
V348,Cap. 8 Gasto en salud,8.1 Infraestructura (p.51),"Mantenimiento de infraestructura y proyectos de infraestructura social en salud, con 218 mdp aprobados en 2022, sin presupuesto en 2023",b,restitucion,218; 0,Tomo IV ramo 12 (ausente); PEF 2023/2022 analíticos (ISSSTE proyectos de infraestructura social 846.1 → 0; mantenimiento 55.9 → 0),Cuadro 8.3 (SSa): 187 + 42 = 229 en pesos de 2023 = 218 corrientes; ISSSTE también a cero en el aprobado,aprox,unidad (corrientes vs pesos 2023),,no,
V349,Cap. 8 Gasto en salud,8.2 Incidencia (p.51),"El gasto per cápita aumenta para afiliados a IMSS, ISSSTE y Pemex y se contrae para población sin seguridad social",b/c,mixta,,Ver per cápita (no verificable),,no_verificable,,,no,
V350,Cap. 8 Gasto en salud,8.2 Incidencia (p.51-52),"Pemex +$1,668 por beneficiario (+5.7 %); IMSS +4.0 %; ISSSTE +8.4 %; sin seguridad social −2.1 % ($3,773 → $3,694)",b,mixta,"1,668; 5.7; 4.0; 8.4; −2.1",Poblaciones derechohabientes (ausentes),"30,858 − 29,190 = 1,668 ✓ aritmética",no_verificable,,,no,
V351,Cap. 8 Gasto en salud,8.2 Cuadro 8.2 (p.52),"Gasto para población sin SS 2016-2023 (Seguro Popular, INSABI, IMSS-Bienestar): 2023 INSABI 232,781; IMSS-Bienestar 20,628; total 253,409 = 0.81 % del PIB; 2022 256,621 = 0.88 %; 2016 1.28 %",b,mixta,cuadro,Cuentas Públicas 2016-2021; Tomo IV ramos 12 y 19 (ausentes); CGPE p.149 (PIB),"253,409/31,401,700 = 0.81 ✓; 2022: 256,621 (pesos de 2023) / 29,058.3 = 0.88 → mezcla numerador 2023 con PIB 2022; en corrientes (244,586): 0.84 % (PIB revisado) o 0.87 % (PIB de aprobación); INSABI 2023 según nota 2 (8,901+79,416+81,914+882+125,564 = 296,677) no reproduce 232,781",no,0.01-0.04 pp en 2022; composición 2023,contrafactual,no,Mismo error de vintage que en cap. 7: cifra deflactada a 2023 dividida entre PIB de otro año.
V352,Cap. 8 Gasto en salud,8.2 Incidencia (p.52),La inversión en población sin SS pasó de 1.28 % del PIB (2016) a 0.81 % (2023),b/c,mixta,1.28; 0.81,Cuenta Pública 2016 (ausente),0.81 ✓ aritmética,no_verificable,,,no,
V353,Cap. 8 Gasto en salud,8.3 Implicaciones (p.52),"El incremento de 4.2 % está por debajo del compromiso gubernamental de 1 punto del PIB adicional; 2.84 % del PIB; se requiere al menos el doble, 3 puntos más (CIEP 2018)",c,juicio,4.2; 1 pp; 2.84; 3 pp,,2.84 ✓,,,,na,Juicio; el 'compromiso de 1 punto' no está en el paquete.
V354,Cap. 8 Gasto en salud,8.3 Implicaciones (p.52),La ILIF 2023 define que se utilizará el remanente del FONSABI; sustituye recursos de padecimientos costosos por primer nivel,a/c,juicio,,ILIF 2023 exposición PDF 65 y transitorio PDF 122 (Ejecutivo),Concentrar en Tesofe el remanente del patrimonio del Fondo de Salud para el Bienestar durante el 1S 2023,si,,,na,Restitución correcta; la implicación es juicio.
V355,Cap. 8 Gasto en salud,8.3 Implicaciones (p.52),Incremento de 4.2 % equivale a 0.12 % del PIB; el remanente del FONSABI no es recurrente; saldo al 2T 2022 de 37 mil 838 mdp,a/b,juicio,"0.12; 37,838",Informe trimestral 2T 2022 (ausente),"0.12 ✓ (36,168/31,401,700)",no_verificable,,,na,El saldo requiere el Informe trimestral.
V356,Cap. 8 Gasto en salud,8.3 Cuadro 8.3 (p.53),"Programas 2023 de IMSS, ISSSTE y Pemex que coinciden con el PEF aprobado: IMSS Atención a la salud 281,508; Prevención 7,471; Adquisiciones 7,553; Recaudación 6,235; Investigación 946; Operaciones ajenas −9,224; ISSSTE Atención a la salud 28,726; Prevención 8,189; Adquisiciones 1,000; Fortalecimiento 8,000; Claves de medicamentos 15,001; Investigación 133; Pemex servicios médicos 18,426 y adquisiciones 37",a,juicio,13 renglones,PEF 2023 analítico entidades (Hoja1),"281,507.9; 7,470.5; 7,553.2; 6,235.0; 945.7; −9,223.5; 28,726.1; 8,189.2; 1,000.0; 8,000.0; 15,000.6; 132.5; 18,426.4; 37.4",si,,,na,"PEF aprobado, no proyecto: objeto distinto."
V357,Cap. 8 Gasto en salud,8.3 Cuadro 8.3 (p.53),"Programas 2023 que no coinciden con el aprobado: IMSS Actividades de apoyo administrativo 94,515 (aprobado 95,728.4); IMSS Proyectos de infraestructura social 6,400 (6,951.3); ISSSTE Gastos administrativos 19,211 (22,334.4); ramo 12 (28 PPs), ramo 19, Sedena y Semar; columnas 2022",a/b,juicio,,PPEF 2023 Tomo IV/analíticos y PEF 2022 analíticos (ausentes),Aprobado 2023 difiere en tres renglones (la Cámara reasignó); resto sin fuente en carpeta,no_verificable,,,no,"Total 892,849 = suma de renglones ✓."
V358,Cap. 9 Gasto en inversión,Infografía (p.54),"Gasto en inversión PPEF 2023 $1,190,133.3 mdp; +15.6 % vs PEF 2022; 3.8 % del PIB; 14.3 % del PPEF",a/b,restitucion,"1,190,133.3; +15.6; 3.8; 14.3","CGPE 2023 p.80 (gasto de inversión 1,190.1, +15.6 % real); p.134","1,190.1 ✓; +15.6 ✓; 1,190,133.3/31,401,700 = 3.79 ✓; /8,299,647.8 = 14.34 ✓",si,,,no,Real no declarado en la lámina.
V359,Cap. 9 Gasto en inversión,Infografía (p.54),"'1,190,133 mdp, esto es, 14.3 % más respecto del aprobado en el PEF 2022'",b,restitucion,+14.3,CGPE 2023 p.80,La variación real es +15.6 %; 14.3 % es la participación en el PPEF,no,1.3 pp,transcripcion,no,Confunde participación con variación en el texto de la lámina.
V360,Cap. 9 Gasto en inversión,Infografía (p.54),Por tipo de gasto: obra pública 69.2 %; capital diferente de obra pública 30.4 %; otros 0.4 %,b,restitucion,69.2; 30.4; 0.4,Tomo I por tipo de gasto (ausente),,no_verificable,,,na,
V361,Cap. 9 Gasto en inversión,Infografía (p.54),Por función: combustibles y energía 47.7 %; vivienda y servicios a la comunidad 21.3 %; comunicaciones y transportes 17.3 %; otras 9.3 %; salud 2.6 %; educación 1.7 %,b,restitucion,47.7; 21.3; 17.3; 9.3; 2.6; 1.7,Tomo I funcional por tipo de gasto (ausente),,no_verificable,,,na,
V362,Cap. 9 Gasto en inversión,Infografía (p.54),Energía redujo su participación 7.4 % vs año anterior; comunicaciones +4.4 % y vivienda +0.73 %,b,restitucion,−7.4; +4.4; +0.73,Tomo I 2023 y PEF 2022 (ausentes),,no_verificable,,,no,"El texto 9.1 presenta el −7.4 % como variación del monto, no de la participación."
V363,Cap. 9 Gasto en inversión,Infografía (p.54),"Proyectos: Tren Maya $143,073; Refinería Dos Bocas $47,200; Tren Interurbano de Toluca $7,000; Istmo de Tehuantepec $6,800 (mdp)",a,restitucion,"143,073; 47,200; 7,000; 6,800","CGPE 2023 p.77 (Tren Maya 143,073.3; Tren Interurbano 7,000.0; Istmo 7,682.2); Dos Bocas no listado (Pemex)","Tren Maya ✓; Toluca ✓; Istmo 7,682.2 (CIEP 6,800); Dos Bocas no verificable",no,Istmo −882.2 mdp,perimetro,na,CIEP parece tomar sólo una parte del programa del Istmo (¿CIIT?).
V364,Cap. 9 Gasto en inversión,Apertura (p.56),Inversión 1 bn 190 mil 133.3 mdp = 3.8 % del PIB y 14.3 % del gasto neto; obra pública 69.2 %; combustibles y energía 47.7 %; 69.7 % a infraestructura,a/b,restitucion,"1,190,133.3; 3.8; 14.3; 69.2; 47.7; 69.7",CGPE 2023 p.80; Tomo I (ausente),"1,190.1, 3.8, 14.3 ✓; composición no verificable",aprox,composición no verificable,,na,
V365,Cap. 9 Gasto en inversión,Apertura (p.56),La inversión 2023 es menor a la observada en 2016 y está por debajo de la ejercida en 2021,a/b,restitucion,,CGPE 2023 p.123 (gasto de capital % PIB: 2016 5.9; 2021 4.5; inversión física: 2016 3.7; 2021 2.6; 2022 aprob. 3.1) y p.80 (2023: inversión 3.8; física 3.5),Vs 2016: cierto en ambos perímetros (5.9 > 3.8; 3.7 > 3.5); vs 2021: cierto para gasto de capital (4.5 > 3.8) pero falso para inversión física (2.6 < 3.5),aprox,depende del perímetro,,no,
V366,Cap. 9 Gasto en inversión,9.1 Evolución (p.56),Crecimiento real de la inversión 15.6 % vs aprobado 2022; obra pública +24.8 %,a/b,restitucion,+15.6; +24.8,"CGPE 2023 p.76, p.80 (inversión física +21.7 %)",+15.6 ✓; obra pública no verificable (inversión física oficial +21.7 %),aprox,obra pública no verificable,,si,Declara real y base.
V367,Cap. 9 Gasto en inversión,9.1 Evolución (p.56),Para alcanzar el nivel de 2016 se requeriría un aumento de 41.5 % sobre el aprobado 2022,b,restitucion,+41.5,Cuenta Pública 2016 (ausente); CGPE p.123 (% PIB),Con % PIB: gasto de capital 2016 5.9 vs 2023 3.8 → +55 %; inversión física 3.7 vs 3.5 → +6 %,no_verificable,,,no,
V368,Cap. 9 Gasto en inversión,9.1 Por función (p.57),47.7 % a combustibles y energía; 21.3 vivienda; 17.3 comunicaciones; 2.6 salud; 1.7 educación; 9.3 resto; energía −7.4 % vs 2022; educación −0.1 %,b,restitucion,,Tomo I funcional (ausente),,no_verificable,,,no,
V369,Cap. 9 Gasto en inversión,9.1 Tren Maya (p.57),Tren Maya 143 mil 073 mdp; +116.7 % real vs 2022; 107 mil 544 mdp de obra pública; 50 km de vías y cinco estaciones (SHCP 2022f),a/b,restitucion,"143,073; +116.7; 107,544; 50 km","CGPE 2023 p.77 (143,073.3); CGPE 2022 p.49 (PPEF 2022 63,231.6); PEF 2022 y EM (ausentes)","143,073.3 ✓; con base PPEF 2022: 143,073.3/(63,231.6×1.0492) = +115.7 %; obra pública y metas físicas no verificables",aprox,1.0 pp (base PPEF),deflactor,no,"El PEF 2022 aprobado pudo diferir del proyecto; la EM no está en carpeta. [Remarcado ex post 2026-09-06, corrida 2024, instrucción v3 §2.10: tipo_error=deflactor.]"
V370,Cap. 9 Gasto en inversión,9.1 Dos Bocas (p.57),"Inversión en Dos Bocas '47.2 mdp', +0 % vs 2022; cierre 2022 estimado 153.6 mdp",a,restitucion,47.2; 0; 153.6,"Pemex Tomo/analítico por proyecto (ausente); lámina p.54 ($47,200 mdp)","Unidad incorrecta: la lámina dice 47,200 mdp (47.2 mmp)",no,"factor 1,000",transcripcion,no,Error de unidad (mdp por miles de mdp) en el texto; el nivel y el cierre no son verificables.
V371,Cap. 9 Gasto en inversión,9.1 Tren Interurbano (p.57),7 mil mdp para 16 km adicionales; equivale a 6.6 % del costo total,a/b,restitucion,"7,000; 16 km; 6.6","CGPE 2023 p.77 (7,000.0); costo total (ausente)","7,000.0 ✓",aprox,6.6 % no verificable,,na,
V372,Cap. 9 Gasto en inversión,9.1 Istmo (p.58),Corredor Interoceánico 6 mil 800 mdp; −33 % real vs aprobado 2022,a/b,restitucion,"6,800; −33","CGPE 2023 p.77 (7,682.2); CGPE 2022 p.49 (PPEF 2022 10,000.0)","7,682.2/(10,000×1.0492) = −26.8 %; con 6,800: −35.2 %",no,882 mdp; 6-8 pp,perimetro,no,Ni el nivel ni la variación reproducen con los programas prioritarios del CGPE.
V373,Cap. 9 Gasto en inversión,9.2 Incidencia (p.58),Inversión per cápita 9 mil 069 pesos,b,mixta,"9,069",CONAPO (ausente),"Población implícita 1,190,133.3/9,069 = 131.2 M (consistente con cap. 3)",no_verificable,,,na,
V374,Cap. 9 Gasto en inversión,9.2 ODS (p.58),Inversión vinculada a los ODS: 1 bn 134 mil 780 mdp (95 %); 13 metas; 3.8 % del PIB por debajo del 4 % recomendado (CEPAL 2022),b/c,mixta,"1,134,780; 95; 4",Tomo I vinculación ODS (ausente); CEPAL (externa),"1,134,780/1,190,133.3 = 95.3 % ✓ aritmética",no_verificable,,,na,
V375,Cap. 9 Gasto en inversión,9.3 Implicaciones (p.58),"3.8 % del PIB, 14.3 % del PPEF, +15.6 % real; por debajo de 2016 (mayor inversión en diez años) y del 4 % de CEPAL",a/c,juicio,3.8; 14.3; 15.6,"CGPE 2023 p.80, p.123",Cifras ✓; 2016 gasto de capital 5.9 % del PIB (máximo de la serie 2016-2022),si,,,no,
V376,Cap. 9 Gasto en inversión,9.3 Implicaciones (p.58),Sería deseable acompañar la inversión con fortalecimiento de ingresos para sostenibilidad fiscal,c,juicio,,,,,,,na,Juicio.
V377,Cap. 10 Economía de los cuidados,Infografía (p.59),"Presupuesto para cuidados PPEF 2023 $39,242.0 mdp; −2.7 % vs PEF 2022; 0.1 % del PIB; 0.5 % del PPEF",b,restitucion,"39,242.0; −2.7; 0.1; 0.5",Cuadro 10.1 del CIEP (13 PPs con ponderadores); Tomo I y PEF 2022 (ausentes),"Suma del cuadro 10.1 = 39,242.0 ✓; 39,242/31,401,700 = 0.12 ✓; /8,299,647.8 = 0.47 ✓; −2.7 = 39,242.3/40,322.5 (base propia)",no_verificable,,,no,"Perímetro y ponderadores propios (nota 23, 25)."
V378,Cap. 10 Economía de los cuidados,Infografía (p.59),Por subfunciones: familia e hijos 44.0 %; otros grupos vulnerables 39.7 %; educación básica 16.2 %; otros 0.0 %,b,restitucion,44.0; 39.7; 16.2,Tomo I funcional (ausente),,no_verificable,,,na,
V379,Cap. 10 Economía de los cuidados,Infografía (p.59),Por ramos: IMSS 37.3 %; aportaciones 27.5 %; SEP 16.3 %; Bienestar 9.4 %; ISSSTE 6.7 %; salud 2.8 %,b,restitucion,37.3; 27.5; 16.3; 9.4; 6.7; 2.8,Cuadro 10.1 del CIEP,"14,638.6/39,242 = 37.3; 10,788.5 = 27.5; (5,562.4+826.5) = 16.3; (2,926.4+443.7+318.7) = 9.4; (2,626.9+0.34) = 6.7; (28.2+99.24+982.5) = 2.8",si,,,na,Aritmética sobre el cuadro propio; el texto 10.1 redondea 43.9 / 27.4 / 16.2 (inconsistencia de 0.1).
V380,Cap. 10 Economía de los cuidados,Infografía (p.59),Por población atendida: primera infancia 53.6 %; niñez 30.0 %; adolescencia 14.4 %; mujeres e hijos 1.1 %; adultos mayores 0.8 %; discapacidad 0.1 %,b,restitucion,53.6; 30.0; 14.4; 1.1; 0.8; 0.1,Ponderadores CIEP (ausentes),Texto 10.1: 53.5 / 30.0 / 14.4 / 1.13 / 0.81 / 0.07,no_verificable,,,na,
V381,Cap. 10 Economía de los cuidados,Apertura (p.61),Más de 44 millones de mexicanos serán población potencial de cuidados en 2023 (CONAPO 2018); 2.4 millones de mujeres salieron del mercado laboral (INEGI 2021),a,restitucion,44 M; 2.4 M,CONAPO / ENOE (ausentes),,no_verificable,,,na,
V382,Cap. 10 Economía de los cuidados,Apertura (p.61),El presupuesto de cuidados equivale a 0.5 % del gasto neto y 0.1 % del PIB,b,restitucion,0.5; 0.1,DEC 2023 art. 2; CGPE p.134,"39,242/8,299,647.8 = 0.47; /31,401,700 = 0.12",si,,,na,
V383,Cap. 10 Economía de los cuidados,10.1 Evolución (p.61),13 PPs; distribución: primera infancia 53.5 %; niñez 30.0 %; adolescencia 14.4 %; discapacidad 0.07 %; mujeres e hijos 1.13 %; adultos mayores 0.81 %,b,restitucion,,Ponderadores CIEP (ausentes),,no_verificable,,,na,
V384,Cap. 10 Economía de los cuidados,10.1 Evolución (p.61),"Decremento de −2.7 % real vs aprobado 2022 por PPs de discapacidad, niñez y primera infancia",b,restitucion,−2.7,PEF 2022 analíticos (ausente); PEF 2022/2023 analíticos IMSS/ISSSTE,"Guarderías IMSS 14,638.6/(14,450.3×1.0492) = −3.5 (CIEP −3.4); EBDI ISSSTE 2,626.9/(2,637.0×1.0492) = −5.1 ✓; resto no verificable",aprox,componentes verificados; total no,deflactor,si," [Remarcado ex post 2026-09-06, corrida 2024, instrucción v3 §2.10: tipo_error=deflactor.]"
V385,Cap. 10 Economía de los cuidados,10.1 Avances SNC (p.61-62),"La EM prevé: INEGI (con reducción presupuestal) levantará la Encuesta Nacional para un SNC; transformación del PP Fortalecimiento a la Transversalidad hacia el Programa para el Adelanto, Bienestar e Igualdad de las Mujeres",a,restitucion,,"EM PPEF 2023 (SHCP 2022f), ausente; DEC 2023 Anexo 1 (INEGI 9,875.4, −15.4 %)",INEGI −15.4 % ✓ (CGPE p.148),aprox,EM no verificable,,na,
V386,Cap. 10 Economía de los cuidados,10.1 Avances SNC (p.62),"INMUJERES con asignación de 926.7 mdp para 2023, 1 % más que en 2022",b,restitucion,926.7; +1,Tomo III por UR (ausente),,no_verificable,,,no,
V387,Cap. 10 Economía de los cuidados,10.1 Programas (p.62),"Servicios de Asistencia Social Integral del DIF con el mayor incremento real, 47.6 %",b,restitucion,+47.6,"Cuadro 8.3 del propio CIEP (SSa: 3,046 → 3,064, +0.6 %); ponderador 0.71 (nota 25)",El PP completo crece 0.6 % (cuadro 8.3); el 47.6 % resulta de aplicar ponderadores distintos a 2022 (ejercido en anexo NNA) y 2023 (0.71 del anexo),no_verificable,,,no,Cambio de método entre años declarado en nota 25; el resultado no es comparable.
V388,Cap. 10 Economía de los cuidados,10.1 Programas (p.62),FAM asistencia social y los centros de atención infantil de IMSS e ISSSTE con los mayores recortes reales,b,restitucion,FAM AS −6.3 %,"DEC 2023 Anexo 22 (FAM AS 16,637.4); DEC 2022 Anexo 22 (13,962.8)","FAM asistencia social crece +13.6 % real (16,637.4/(13,962.8×1.0492)); el −6.3 % del CIEP corresponde a una fracción ponderada (10,788.5 = 65 % del fondo)",no,19.9 pp,perimetro,no,El fondo completo aumenta; la fracción ponderada del CIEP cae. Guarderías IMSS (−3.5) y EBDI (−5.1) sí reproducen.
V389,Cap. 10 Economía de los cuidados,10.1 ¿Quiénes gastan? (p.62),IMSS e ISSSTE concentran 43.9 %; aportaciones 27.4 %; SEP 16.2 %; Bienestar 9.4 %; SSa 2.8 %,b,restitucion,43.9; 27.4; 16.2; 9.4; 2.8,Cuadro 10.1 del CIEP,37.3+6.7 = 44.0; 27.5; 16.3; 9.4; 2.8,aprox,0.1 pp,,na,
V390,Cap. 10 Economía de los cuidados,10.2 Cuadro 10.1 (p.63),"PPs 2023 verificables: Servicios de guardería (IMSS) 14,638.6; EBDI (ISSSTE) 2,626.90; Atención a personas con discapacidad (ISSSTE) 0.34; PABNNHMT 2,926.4",a,mixta,"14,638.6; 2,626.9; 0.34; 2,926.4","PEF 2023 analítico entidades (14,638.6; 2,626.9; 0.3); CGPE 2023 p.77 (Niñas y Niños 2,926.5)","Coinciden (PABNNHMT: 2,926.5 vs 2,926.4)",si,,,na,"PEF aprobado, no proyecto: objeto distinto; DEC 2023 Anexo 19 muestra 2,646.9 para el PP (parcial)."
V391,Cap. 10 Economía de los cuidados,10.2 Cuadro 10.1 (p.63),"PPs 2023 no verificables: FAM AS 10,788.5 (ponderado); PAREMVVGH 443.7; Servicios a grupos con necesidades especiales 318.7; Educación inicial y básica comunitaria 5,562.4; Expansión de la educación inicial 826.5; Programa de atención a personas con discapacidad 28.2; Protección y restitución de derechos NNA 99.24; Servicios de asistencia social integral 982.5 (ponderado); columna PEF 2022 completa",a/b,mixta,,Tomo I/IV PPEF 2023 y PEF 2022 analíticos (ausentes),"FAM AS completo 16,637.4 (Anexo 22)",no_verificable,,,no,
V392,Cap. 10 Economía de los cuidados,10.2 Incidencia (p.63),43.9 % del gasto lo ejecutan instituciones de seguridad social formal; la población sin SS no accede,b/c,mixta,43.9,Cuadro 10.1,44.0 %,aprox,0.1 pp,,na,
V393,Cap. 10 Economía de los cuidados,10.2 Incidencia (p.63),"En 2020, 52 % de la primera infancia y niñez, 36 % de personas con discapacidad y 25 % de adultos mayores estaban en los tres primeros deciles (INEGI 2021)",a,mixta,52; 36; 25,ENIGH 2020 (ausente),,no_verificable,,,na,
V394,Cap. 10 Economía de los cuidados,10.2 Presupuesto intergeneracional (p.63),"Cuidado de la primera infancia 21 mil 078 mdp en 2023, 3 % menos real que el PEF 2022",b,mixta,"21,078; −3",Ponderadores CIEP y PEF 2022 (ausentes),"53.6 %×39,242 = 21,034 (53.7 % → 21,078)",no_verificable,,,si,
V395,Cap. 10 Economía de los cuidados,10.2 Presupuesto intergeneracional (p.63),"Presupuesto asignado al PAM equivalente a 314 mil 421 mdp, catorce veces lo destinado a primera infancia",b,mixta,"314,421; 14×","CGPE 2023 p.77 (PAM 335,499.4)","335,499.4 mdp; 335,499.4/21,078 = 15.9 veces (314,421/21,078 = 14.9)",no,"21,078 mdp",transcripcion,na,"No se identifica de dónde sale 314,421; el propio cap. 5 usa 335,499.4."
V396,Cap. 10 Economía de los cuidados,10.2 ODS (p.63),"Meta 5.4 del ODS 5; los ODS 1, 4 y 10 son los más vinculados a cuidados",a/c,mixta,,,,,,,na,Juicio/clasificación propia.
V397,Cap. 10 Economía de los cuidados,10.3 Implicaciones (p.64),"Reconocer, reducir, redistribuir y remunerar el trabajo de cuidados potenciaría el desarrollo y reduciría desigualdades; aumentaría la participación laboral femenina",c,juicio,,,,,,,na,Juicio.
V398,Cap. 10 Economía de los cuidados,10.3 Implicaciones (p.64),"La propuesta de reforma para un SNC en el Senado debe tener perspectiva intergeneracional; un SNC mejoraría nutrición, enseñanza y rompería ciclos de pobreza",c,juicio,,,,,,,na,Juicio.
