"pais","iso3","anio","indicador","codigo_indicador","tipo","modelo","valor","unidad","cobertura_institucional","fuente","nota"
"Brasil","BRA",2001,"Balance primario","GGXONLB_NGDP","Observado",NA,3.13,"% del PIB","Gobierno general","FMI, World Economic Outlook, abril 2025",NA
"Brasil","BRA",2002,"Balance primario","GGXONLB_NGDP","Observado",NA,3.356,"% del PIB","Gobierno general","FMI, World Economic Outlook, abril 2025",NA
"Brasil","BRA",2003,"Balance primario","GGXONLB_NGDP","Observado",NA,3.553,"% del PIB","Gobierno general","FMI, World Economic Outlook, abril 2025",NA
"Brasil","BRA",2004,"Balance primario","GGXONLB_NGDP","Observado",NA,4.051,"% del PIB","Gobierno general","FMI, World Economic Outlook, abril 2025",NA
"Brasil","BRA",2005,"Balance primario","GGXONLB_NGDP","Observado",NA,3.865,"% del PIB","Gobierno general","FMI, World Economic Outlook, abril 2025",NA
"Brasil","BRA",2006,"Balance primario","GGXONLB_NGDP","Observado",NA,1.507,"% del PIB","Gobierno general","FMI, World Economic Outlook, abril 2025",NA
"Brasil","BRA",2007,"Balance primario","GGXONLB_NGDP","Observado",NA,2.88,"% del PIB","Gobierno general","FMI, World Economic Outlook, abril 2025",NA
"Brasil","BRA",2008,"Balance primario","GGXONLB_NGDP","Observado",NA,3.213,"% del PIB","Gobierno general","FMI, World Economic Outlook, abril 2025",NA
"Brasil","BRA",2009,"Balance primario","GGXONLB_NGDP","Observado",NA,0.912,"% del PIB","Gobierno general","FMI, World Economic Outlook, abril 2025",NA
"Brasil","BRA",2010,"Balance primario","GGXONLB_NGDP","Observado",NA,1.58,"% del PIB","Gobierno general","FMI, World Economic Outlook, abril 2025",NA
"Brasil","BRA",2011,"Balance primario","GGXONLB_NGDP","Observado",NA,2.737,"% del PIB","Gobierno general","FMI, World Economic Outlook, abril 2025",NA
"Brasil","BRA",2012,"Balance primario","GGXONLB_NGDP","Observado",NA,2.221,"% del PIB","Gobierno general","FMI, World Economic Outlook, abril 2025",NA
"Brasil","BRA",2013,"Balance primario","GGXONLB_NGDP","Observado",NA,1.52,"% del PIB","Gobierno general","FMI, World Economic Outlook, abril 2025",NA
"Brasil","BRA",2014,"Balance primario","GGXONLB_NGDP","Observado",NA,-0.9,"% del PIB","Gobierno general","FMI, World Economic Outlook, abril 2025",NA
"Brasil","BRA",2015,"Balance primario","GGXONLB_NGDP","Observado",NA,-0.853,"% del PIB","Gobierno general","FMI, World Economic Outlook, abril 2025",NA
"Brasil","BRA",2016,"Balance primario","GGXONLB_NGDP","Observado",NA,-2.008,"% del PIB","Gobierno general","FMI, World Economic Outlook, abril 2025",NA
"Brasil","BRA",2017,"Balance primario","GGXONLB_NGDP","Observado",NA,-1.625,"% del PIB","Gobierno general","FMI, World Economic Outlook, abril 2025",NA
"Brasil","BRA",2018,"Balance primario","GGXONLB_NGDP","Observado",NA,-0.867,"% del PIB","Gobierno general","FMI, World Economic Outlook, abril 2025",NA
"Brasil","BRA",2019,"Balance primario","GGXONLB_NGDP","Observado",NA,-0.083,"% del PIB","Gobierno general","FMI, World Economic Outlook, abril 2025",NA
"Brasil","BRA",2020,"Balance primario","GGXONLB_NGDP","Observado",NA,-7.536,"% del PIB","Gobierno general","FMI, World Economic Outlook, abril 2025",NA
"Brasil","BRA",2021,"Balance primario","GGXONLB_NGDP","Observado",NA,1.979,"% del PIB","Gobierno general","FMI, World Economic Outlook, abril 2025",NA
"Brasil","BRA",2022,"Balance primario","GGXONLB_NGDP","Observado",NA,1.307,"% del PIB","Gobierno general","FMI, World Economic Outlook, abril 2025",NA
"Brasil","BRA",2023,"Balance primario","GGXONLB_NGDP","Observado",NA,-2.149,"% del PIB","Gobierno general","FMI, World Economic Outlook, abril 2025",NA
"Brasil","BRA",2024,"Balance primario","GGXONLB_NGDP","Estimación de la fuente",NA,-0.335,"% del PIB","Gobierno general","FMI, World Economic Outlook, abril 2025",NA
"Brasil","BRA",2025,"Balance primario","GGXONLB_NGDP","Proyección propia","Holt amortiguado",-1.8498000000000001,"% del PIB","Gobierno general","FMI, World Economic Outlook, abril 2025",NA
"Brasil","BRA",2026,"Balance primario","GGXONLB_NGDP","Proyección propia","Holt amortiguado",-2.0054,"% del PIB","Gobierno general","FMI, World Economic Outlook, abril 2025",NA
"Brasil","BRA",2027,"Balance primario","GGXONLB_NGDP","Proyección propia","Holt amortiguado",-2.1554,"% del PIB","Gobierno general","FMI, World Economic Outlook, abril 2025",NA
"Brasil","BRA",2028,"Balance primario","GGXONLB_NGDP","Proyección propia","Holt amortiguado",-2.3,"% del PIB","Gobierno general","FMI, World Economic Outlook, abril 2025",NA
"Brasil","BRA",2029,"Balance primario","GGXONLB_NGDP","Proyección propia","Holt amortiguado",-2.4392,"% del PIB","Gobierno general","FMI, World Economic Outlook, abril 2025",NA
"Brasil","BRA",2030,"Balance primario","GGXONLB_NGDP","Proyección propia","Holt amortiguado",-2.5734,"% del PIB","Gobierno general","FMI, World Economic Outlook, abril 2025",NA
"Brasil","BRA",2031,"Balance primario","GGXONLB_NGDP","Proyección propia","Holt amortiguado",-2.7027,"% del PIB","Gobierno general","FMI, World Economic Outlook, abril 2025",NA
"Brasil","BRA",2032,"Balance primario","GGXONLB_NGDP","Proyección propia","Holt amortiguado",-2.8273,"% del PIB","Gobierno general","FMI, World Economic Outlook, abril 2025",NA
"Brasil","BRA",2033,"Balance primario","GGXONLB_NGDP","Proyección propia","Holt amortiguado",-2.9474,"% del PIB","Gobierno general","FMI, World Economic Outlook, abril 2025",NA
"Brasil","BRA",2034,"Balance primario","GGXONLB_NGDP","Proyección propia","Holt amortiguado",-3.063,"% del PIB","Gobierno general","FMI, World Economic Outlook, abril 2025",NA
"Chile","CHL",2000,"Balance primario","GGXONLB_NGDP","Observado",NA,-0.055,"% del PIB","Gobierno general","FMI, World Economic Outlook, abril 2025",NA
"Chile","CHL",2001,"Balance primario","GGXONLB_NGDP","Observado",NA,-0.037,"% del PIB","Gobierno general","FMI, World Economic Outlook, abril 2025",NA
"Chile","CHL",2002,"Balance primario","GGXONLB_NGDP","Observado",NA,-0.678,"% del PIB","Gobierno general","FMI, World Economic Outlook, abril 2025",NA
"Chile","CHL",2003,"Balance primario","GGXONLB_NGDP","Observado",NA,0.112,"% del PIB","Gobierno general","FMI, World Economic Outlook, abril 2025",NA
"Chile","CHL",2004,"Balance primario","GGXONLB_NGDP","Observado",NA,2.549,"% del PIB","Gobierno general","FMI, World Economic Outlook, abril 2025",NA
"Chile","CHL",2005,"Balance primario","GGXONLB_NGDP","Observado",NA,5.006,"% del PIB","Gobierno general","FMI, World Economic Outlook, abril 2025",NA
"Chile","CHL",2006,"Balance primario","GGXONLB_NGDP","Observado",NA,7.681,"% del PIB","Gobierno general","FMI, World Economic Outlook, abril 2025",NA
"Chile","CHL",2007,"Balance primario","GGXONLB_NGDP","Observado",NA,7.77,"% del PIB","Gobierno general","FMI, World Economic Outlook, abril 2025",NA
"Chile","CHL",2008,"Balance primario","GGXONLB_NGDP","Observado",NA,3.573,"% del PIB","Gobierno general","FMI, World Economic Outlook, abril 2025",NA
"Chile","CHL",2009,"Balance primario","GGXONLB_NGDP","Observado",NA,-4.459,"% del PIB","Gobierno general","FMI, World Economic Outlook, abril 2025",NA
"Chile","CHL",2010,"Balance primario","GGXONLB_NGDP","Observado",NA,-0.312,"% del PIB","Gobierno general","FMI, World Economic Outlook, abril 2025",NA
"Chile","CHL",2011,"Balance primario","GGXONLB_NGDP","Observado",NA,1.524,"% del PIB","Gobierno general","FMI, World Economic Outlook, abril 2025",NA
"Chile","CHL",2012,"Balance primario","GGXONLB_NGDP","Observado",NA,0.792,"% del PIB","Gobierno general","FMI, World Economic Outlook, abril 2025",NA
"Chile","CHL",2013,"Balance primario","GGXONLB_NGDP","Observado",NA,-0.389,"% del PIB","Gobierno general","FMI, World Economic Outlook, abril 2025",NA
"Chile","CHL",2014,"Balance primario","GGXONLB_NGDP","Observado",NA,-1.352,"% del PIB","Gobierno general","FMI, World Economic Outlook, abril 2025",NA
"Chile","CHL",2015,"Balance primario","GGXONLB_NGDP","Observado",NA,-1.871,"% del PIB","Gobierno general","FMI, World Economic Outlook, abril 2025",NA
"Chile","CHL",2016,"Balance primario","GGXONLB_NGDP","Observado",NA,-2.377,"% del PIB","Gobierno general","FMI, World Economic Outlook, abril 2025",NA
"Chile","CHL",2017,"Balance primario","GGXONLB_NGDP","Observado",NA,-2.267,"% del PIB","Gobierno general","FMI, World Economic Outlook, abril 2025",NA
"Chile","CHL",2018,"Balance primario","GGXONLB_NGDP","Observado",NA,-1.112,"% del PIB","Gobierno general","FMI, World Economic Outlook, abril 2025",NA
"Chile","CHL",2019,"Balance primario","GGXONLB_NGDP","Observado",NA,-2.38,"% del PIB","Gobierno general","FMI, World Economic Outlook, abril 2025",NA
"Chile","CHL",2020,"Balance primario","GGXONLB_NGDP","Observado",NA,-6.575,"% del PIB","Gobierno general","FMI, World Economic Outlook, abril 2025",NA
"Chile","CHL",2021,"Balance primario","GGXONLB_NGDP","Observado",NA,-6.903,"% del PIB","Gobierno general","FMI, World Economic Outlook, abril 2025",NA
"Chile","CHL",2022,"Balance primario","GGXONLB_NGDP","Observado",NA,1.84,"% del PIB","Gobierno general","FMI, World Economic Outlook, abril 2025",NA
"Chile","CHL",2023,"Balance primario","GGXONLB_NGDP","Observado",NA,-1.913,"% del PIB","Gobierno general","FMI, World Economic Outlook, abril 2025",NA
"Chile","CHL",2024,"Balance primario","GGXONLB_NGDP","Observado",NA,-1.977,"% del PIB","Gobierno general","FMI, World Economic Outlook, abril 2025",NA
"Chile","CHL",2025,"Balance primario","GGXONLB_NGDP","Proyección propia","Holt amortiguado",-1.9264,"% del PIB","Gobierno general","FMI, World Economic Outlook, abril 2025",NA
"Chile","CHL",2026,"Balance primario","GGXONLB_NGDP","Proyección propia","Holt amortiguado",-1.9241,"% del PIB","Gobierno general","FMI, World Economic Outlook, abril 2025",NA
"Chile","CHL",2027,"Balance primario","GGXONLB_NGDP","Proyección propia","Holt amortiguado",-1.9221,"% del PIB","Gobierno general","FMI, World Economic Outlook, abril 2025",NA
"Chile","CHL",2028,"Balance primario","GGXONLB_NGDP","Proyección propia","Holt amortiguado",-1.9205,"% del PIB","Gobierno general","FMI, World Economic Outlook, abril 2025",NA
"Chile","CHL",2029,"Balance primario","GGXONLB_NGDP","Proyección propia","Holt amortiguado",-1.9191,"% del PIB","Gobierno general","FMI, World Economic Outlook, abril 2025",NA
"Chile","CHL",2030,"Balance primario","GGXONLB_NGDP","Proyección propia","Holt amortiguado",-1.918,"% del PIB","Gobierno general","FMI, World Economic Outlook, abril 2025",NA
"Chile","CHL",2031,"Balance primario","GGXONLB_NGDP","Proyección propia","Holt amortiguado",-1.917,"% del PIB","Gobierno general","FMI, World Economic Outlook, abril 2025",NA
"Chile","CHL",2032,"Balance primario","GGXONLB_NGDP","Proyección propia","Holt amortiguado",-1.9162,"% del PIB","Gobierno general","FMI, World Economic Outlook, abril 2025",NA
"Chile","CHL",2033,"Balance primario","GGXONLB_NGDP","Proyección propia","Holt amortiguado",-1.9155,"% del PIB","Gobierno general","FMI, World Economic Outlook, abril 2025",NA
"Chile","CHL",2034,"Balance primario","GGXONLB_NGDP","Proyección propia","Holt amortiguado",-1.9149,"% del PIB","Gobierno general","FMI, World Economic Outlook, abril 2025",NA
"Colombia","COL",2000,"Balance primario","GGXONLB_NGDP","Observado",NA,0.776,"% del PIB","Gobierno general","FMI, World Economic Outlook, abril 2025",NA
"Colombia","COL",2001,"Balance primario","GGXONLB_NGDP","Observado",NA,1.505,"% del PIB","Gobierno general","FMI, World Economic Outlook, abril 2025",NA
"Colombia","COL",2002,"Balance primario","GGXONLB_NGDP","Observado",NA,0.295,"% del PIB","Gobierno general","FMI, World Economic Outlook, abril 2025",NA
"Colombia","COL",2003,"Balance primario","GGXONLB_NGDP","Observado",NA,1.289,"% del PIB","Gobierno general","FMI, World Economic Outlook, abril 2025",NA
"Colombia","COL",2004,"Balance primario","GGXONLB_NGDP","Observado",NA,1.387,"% del PIB","Gobierno general","FMI, World Economic Outlook, abril 2025",NA
"Colombia","COL",2005,"Balance primario","GGXONLB_NGDP","Observado",NA,2.062,"% del PIB","Gobierno general","FMI, World Economic Outlook, abril 2025",NA
"Colombia","COL",2006,"Balance primario","GGXONLB_NGDP","Observado",NA,1.692,"% del PIB","Gobierno general","FMI, World Economic Outlook, abril 2025",NA
"Colombia","COL",2007,"Balance primario","GGXONLB_NGDP","Observado",NA,1.846,"% del PIB","Gobierno general","FMI, World Economic Outlook, abril 2025",NA
"Colombia","COL",2008,"Balance primario","GGXONLB_NGDP","Observado",NA,2.2,"% del PIB","Gobierno general","FMI, World Economic Outlook, abril 2025",NA
"Colombia","COL",2009,"Balance primario","GGXONLB_NGDP","Observado",NA,-1.052,"% del PIB","Gobierno general","FMI, World Economic Outlook, abril 2025",NA
"Colombia","COL",2010,"Balance primario","GGXONLB_NGDP","Observado",NA,-1.252,"% del PIB","Gobierno general","FMI, World Economic Outlook, abril 2025",NA
"Colombia","COL",2011,"Balance primario","GGXONLB_NGDP","Observado",NA,0.089,"% del PIB","Gobierno general","FMI, World Economic Outlook, abril 2025",NA
"Colombia","COL",2012,"Balance primario","GGXONLB_NGDP","Observado",NA,1.821,"% del PIB","Gobierno general","FMI, World Economic Outlook, abril 2025",NA
"Colombia","COL",2013,"Balance primario","GGXONLB_NGDP","Observado",NA,0.947,"% del PIB","Gobierno general","FMI, World Economic Outlook, abril 2025",NA
"Colombia","COL",2014,"Balance primario","GGXONLB_NGDP","Observado",NA,-0.161,"% del PIB","Gobierno general","FMI, World Economic Outlook, abril 2025",NA
"Colombia","COL",2015,"Balance primario","GGXONLB_NGDP","Observado",NA,-1.715,"% del PIB","Gobierno general","FMI, World Economic Outlook, abril 2025",NA
"Colombia","COL",2016,"Balance primario","GGXONLB_NGDP","Observado",NA,-0.351,"% del PIB","Gobierno general","FMI, World Economic Outlook, abril 2025",NA
"Colombia","COL",2017,"Balance primario","GGXONLB_NGDP","Observado",NA,-0.497,"% del PIB","Gobierno general","FMI, World Economic Outlook, abril 2025",NA
"Colombia","COL",2018,"Balance primario","GGXONLB_NGDP","Observado",NA,-2.493,"% del PIB","Gobierno general","FMI, World Economic Outlook, abril 2025",NA
"Colombia","COL",2019,"Balance primario","GGXONLB_NGDP","Observado",NA,-1.011,"% del PIB","Gobierno general","FMI, World Economic Outlook, abril 2025",NA
"Colombia","COL",2020,"Balance primario","GGXONLB_NGDP","Observado",NA,-4.39,"% del PIB","Gobierno general","FMI, World Economic Outlook, abril 2025",NA
"Colombia","COL",2021,"Balance primario","GGXONLB_NGDP","Observado",NA,-4.352,"% del PIB","Gobierno general","FMI, World Economic Outlook, abril 2025",NA
"Colombia","COL",2022,"Balance primario","GGXONLB_NGDP","Observado",NA,-2.359,"% del PIB","Gobierno general","FMI, World Economic Outlook, abril 2025",NA
"Colombia","COL",2023,"Balance primario","GGXONLB_NGDP","Observado",NA,0.567,"% del PIB","Gobierno general","FMI, World Economic Outlook, abril 2025",NA
"Colombia","COL",2024,"Balance primario","GGXONLB_NGDP","Observado",NA,-0.802,"% del PIB","Gobierno general","FMI, World Economic Outlook, abril 2025",NA
"Colombia","COL",2025,"Balance primario","GGXONLB_NGDP","Proyección propia","ETS",-0.8091,"% del PIB","Gobierno general","FMI, World Economic Outlook, abril 2025",NA
"Colombia","COL",2026,"Balance primario","GGXONLB_NGDP","Proyección propia","ETS",-0.8091,"% del PIB","Gobierno general","FMI, World Economic Outlook, abril 2025",NA
"Colombia","COL",2027,"Balance primario","GGXONLB_NGDP","Proyección propia","ETS",-0.8091,"% del PIB","Gobierno general","FMI, World Economic Outlook, abril 2025",NA
"Colombia","COL",2028,"Balance primario","GGXONLB_NGDP","Proyección propia","ETS",-0.8091,"% del PIB","Gobierno general","FMI, World Economic Outlook, abril 2025",NA
"Colombia","COL",2029,"Balance primario","GGXONLB_NGDP","Proyección propia","ETS",-0.8091,"% del PIB","Gobierno general","FMI, World Economic Outlook, abril 2025",NA
"Colombia","COL",2030,"Balance primario","GGXONLB_NGDP","Proyección propia","ETS",-0.8091,"% del PIB","Gobierno general","FMI, World Economic Outlook, abril 2025",NA
"Colombia","COL",2031,"Balance primario","GGXONLB_NGDP","Proyección propia","ETS",-0.8091,"% del PIB","Gobierno general","FMI, World Economic Outlook, abril 2025",NA
"Colombia","COL",2032,"Balance primario","GGXONLB_NGDP","Proyección propia","ETS",-0.8091,"% del PIB","Gobierno general","FMI, World Economic Outlook, abril 2025",NA
"Colombia","COL",2033,"Balance primario","GGXONLB_NGDP","Proyección propia","ETS",-0.8091,"% del PIB","Gobierno general","FMI, World Economic Outlook, abril 2025",NA
"Colombia","COL",2034,"Balance primario","GGXONLB_NGDP","Proyección propia","ETS",-0.8091,"% del PIB","Gobierno general","FMI, World Economic Outlook, abril 2025",NA
"Costa Rica","CRI",2000,"Balance primario","GGXONLB_NGDP","Observado",NA,0.529,"% del PIB","Gobierno general","FMI, World Economic Outlook, abril 2025",NA
"Costa Rica","CRI",2001,"Balance primario","GGXONLB_NGDP","Observado",NA,1.088,"% del PIB","Gobierno general","FMI, World Economic Outlook, abril 2025",NA
"Costa Rica","CRI",2002,"Balance primario","GGXONLB_NGDP","Observado",NA,0.002,"% del PIB","Gobierno general","FMI, World Economic Outlook, abril 2025",NA
"Costa Rica","CRI",2003,"Balance primario","GGXONLB_NGDP","Observado",NA,1.416,"% del PIB","Gobierno general","FMI, World Economic Outlook, abril 2025",NA
"Costa Rica","CRI",2004,"Balance primario","GGXONLB_NGDP","Observado",NA,1.361,"% del PIB","Gobierno general","FMI, World Economic Outlook, abril 2025",NA
"Costa Rica","CRI",2005,"Balance primario","GGXONLB_NGDP","Observado",NA,2.021,"% del PIB","Gobierno general","FMI, World Economic Outlook, abril 2025",NA
"Costa Rica","CRI",2006,"Balance primario","GGXONLB_NGDP","Observado",NA,2.718,"% del PIB","Gobierno general","FMI, World Economic Outlook, abril 2025",NA
"Costa Rica","CRI",2007,"Balance primario","GGXONLB_NGDP","Observado",NA,3.58,"% del PIB","Gobierno general","FMI, World Economic Outlook, abril 2025",NA
"Costa Rica","CRI",2008,"Balance primario","GGXONLB_NGDP","Observado",NA,2.281,"% del PIB","Gobierno general","FMI, World Economic Outlook, abril 2025",NA
"Costa Rica","CRI",2009,"Balance primario","GGXONLB_NGDP","Observado",NA,-1.208,"% del PIB","Gobierno general","FMI, World Economic Outlook, abril 2025",NA
"Costa Rica","CRI",2010,"Balance primario","GGXONLB_NGDP","Observado",NA,-2.928,"% del PIB","Gobierno general","FMI, World Economic Outlook, abril 2025",NA
"Costa Rica","CRI",2011,"Balance primario","GGXONLB_NGDP","Observado",NA,-1.831,"% del PIB","Gobierno general","FMI, World Economic Outlook, abril 2025",NA
"Costa Rica","CRI",2012,"Balance primario","GGXONLB_NGDP","Observado",NA,-2.229,"% del PIB","Gobierno general","FMI, World Economic Outlook, abril 2025",NA
"Costa Rica","CRI",2013,"Balance primario","GGXONLB_NGDP","Observado",NA,-2.766,"% del PIB","Gobierno general","FMI, World Economic Outlook, abril 2025",NA
"Costa Rica","CRI",2014,"Balance primario","GGXONLB_NGDP","Observado",NA,-2.967,"% del PIB","Gobierno general","FMI, World Economic Outlook, abril 2025",NA
"Costa Rica","CRI",2015,"Balance primario","GGXONLB_NGDP","Observado",NA,-2.871,"% del PIB","Gobierno general","FMI, World Economic Outlook, abril 2025",NA
"Costa Rica","CRI",2016,"Balance primario","GGXONLB_NGDP","Observado",NA,-2.366,"% del PIB","Gobierno general","FMI, World Economic Outlook, abril 2025",NA
"Costa Rica","CRI",2017,"Balance primario","GGXONLB_NGDP","Observado",NA,-2.902,"% del PIB","Gobierno general","FMI, World Economic Outlook, abril 2025",NA
"Costa Rica","CRI",2018,"Balance primario","GGXONLB_NGDP","Observado",NA,-2.249,"% del PIB","Gobierno general","FMI, World Economic Outlook, abril 2025",NA
"Costa Rica","CRI",2019,"Balance primario","GGXONLB_NGDP","Observado",NA,-2.628,"% del PIB","Gobierno general","FMI, World Economic Outlook, abril 2025",NA
"Costa Rica","CRI",2020,"Balance primario","GGXONLB_NGDP","Observado",NA,-3.749,"% del PIB","Gobierno general","FMI, World Economic Outlook, abril 2025",NA
"Costa Rica","CRI",2021,"Balance primario","GGXONLB_NGDP","Observado",NA,-0.277,"% del PIB","Gobierno general","FMI, World Economic Outlook, abril 2025",NA
"Costa Rica","CRI",2022,"Balance primario","GGXONLB_NGDP","Observado",NA,2.07,"% del PIB","Gobierno general","FMI, World Economic Outlook, abril 2025",NA
"Costa Rica","CRI",2023,"Balance primario","GGXONLB_NGDP","Observado",NA,1.551,"% del PIB","Gobierno general","FMI, World Economic Outlook, abril 2025",NA
"Costa Rica","CRI",2024,"Balance primario","GGXONLB_NGDP","Estimación de la fuente",NA,1.06,"% del PIB","Gobierno general","FMI, World Economic Outlook, abril 2025",NA
"Costa Rica","CRI",2025,"Balance primario","GGXONLB_NGDP","Proyección propia","ETS",1.06,"% del PIB","Gobierno general","FMI, World Economic Outlook, abril 2025",NA
"Costa Rica","CRI",2026,"Balance primario","GGXONLB_NGDP","Proyección propia","ETS",1.06,"% del PIB","Gobierno general","FMI, World Economic Outlook, abril 2025",NA
"Costa Rica","CRI",2027,"Balance primario","GGXONLB_NGDP","Proyección propia","ETS",1.06,"% del PIB","Gobierno general","FMI, World Economic Outlook, abril 2025",NA
"Costa Rica","CRI",2028,"Balance primario","GGXONLB_NGDP","Proyección propia","ETS",1.06,"% del PIB","Gobierno general","FMI, World Economic Outlook, abril 2025",NA
"Costa Rica","CRI",2029,"Balance primario","GGXONLB_NGDP","Proyección propia","ETS",1.06,"% del PIB","Gobierno general","FMI, World Economic Outlook, abril 2025",NA
"Costa Rica","CRI",2030,"Balance primario","GGXONLB_NGDP","Proyección propia","ETS",1.06,"% del PIB","Gobierno general","FMI, World Economic Outlook, abril 2025",NA
"Costa Rica","CRI",2031,"Balance primario","GGXONLB_NGDP","Proyección propia","ETS",1.06,"% del PIB","Gobierno general","FMI, World Economic Outlook, abril 2025",NA
"Costa Rica","CRI",2032,"Balance primario","GGXONLB_NGDP","Proyección propia","ETS",1.06,"% del PIB","Gobierno general","FMI, World Economic Outlook, abril 2025",NA
"Costa Rica","CRI",2033,"Balance primario","GGXONLB_NGDP","Proyección propia","ETS",1.06,"% del PIB","Gobierno general","FMI, World Economic Outlook, abril 2025",NA
"Costa Rica","CRI",2034,"Balance primario","GGXONLB_NGDP","Proyección propia","ETS",1.06,"% del PIB","Gobierno general","FMI, World Economic Outlook, abril 2025",NA
"México","MEX",2000,"Balance primario","GGXONLB_NGDP","Observado",NA,0.327,"% del PIB","Gobierno general","FMI, World Economic Outlook, abril 2025",NA
"México","MEX",2001,"Balance primario","GGXONLB_NGDP","Observado",NA,1.128,"% del PIB","Gobierno general","FMI, World Economic Outlook, abril 2025",NA
"México","MEX",2002,"Balance primario","GGXONLB_NGDP","Observado",NA,0.807,"% del PIB","Gobierno general","FMI, World Economic Outlook, abril 2025",NA
"México","MEX",2003,"Balance primario","GGXONLB_NGDP","Observado",NA,0.612,"% del PIB","Gobierno general","FMI, World Economic Outlook, abril 2025",NA
"México","MEX",2004,"Balance primario","GGXONLB_NGDP","Observado",NA,1.366,"% del PIB","Gobierno general","FMI, World Economic Outlook, abril 2025",NA
"México","MEX",2005,"Balance primario","GGXONLB_NGDP","Observado",NA,1.269,"% del PIB","Gobierno general","FMI, World Economic Outlook, abril 2025",NA
"México","MEX",2006,"Balance primario","GGXONLB_NGDP","Observado",NA,1.363,"% del PIB","Gobierno general","FMI, World Economic Outlook, abril 2025",NA
"México","MEX",2007,"Balance primario","GGXONLB_NGDP","Observado",NA,1.022,"% del PIB","Gobierno general","FMI, World Economic Outlook, abril 2025",NA
"México","MEX",2008,"Balance primario","GGXONLB_NGDP","Observado",NA,1.97,"% del PIB","Gobierno general","FMI, World Economic Outlook, abril 2025",NA
"México","MEX",2009,"Balance primario","GGXONLB_NGDP","Observado",NA,-0.991,"% del PIB","Gobierno general","FMI, World Economic Outlook, abril 2025",NA
"México","MEX",2010,"Balance primario","GGXONLB_NGDP","Observado",NA,-1.163,"% del PIB","Gobierno general","FMI, World Economic Outlook, abril 2025",NA
"México","MEX",2011,"Balance primario","GGXONLB_NGDP","Observado",NA,-0.685,"% del PIB","Gobierno general","FMI, World Economic Outlook, abril 2025",NA
"México","MEX",2012,"Balance primario","GGXONLB_NGDP","Observado",NA,-0.878,"% del PIB","Gobierno general","FMI, World Economic Outlook, abril 2025",NA
"México","MEX",2013,"Balance primario","GGXONLB_NGDP","Observado",NA,-0.912,"% del PIB","Gobierno general","FMI, World Economic Outlook, abril 2025",NA
"México","MEX",2014,"Balance primario","GGXONLB_NGDP","Observado",NA,-1.684,"% del PIB","Gobierno general","FMI, World Economic Outlook, abril 2025",NA
"México","MEX",2015,"Balance primario","GGXONLB_NGDP","Observado",NA,-1.166,"% del PIB","Gobierno general","FMI, World Economic Outlook, abril 2025",NA
"México","MEX",2016,"Balance primario","GGXONLB_NGDP","Observado",NA,0.341,"% del PIB","Gobierno general","FMI, World Economic Outlook, abril 2025",NA
"México","MEX",2017,"Balance primario","GGXONLB_NGDP","Observado",NA,2.546,"% del PIB","Gobierno general","FMI, World Economic Outlook, abril 2025",NA
"México","MEX",2018,"Balance primario","GGXONLB_NGDP","Observado",NA,1.536,"% del PIB","Gobierno general","FMI, World Economic Outlook, abril 2025",NA
"México","MEX",2019,"Balance primario","GGXONLB_NGDP","Observado",NA,2.139,"% del PIB","Gobierno general","FMI, World Economic Outlook, abril 2025",NA
"México","MEX",2020,"Balance primario","GGXONLB_NGDP","Observado",NA,0.095,"% del PIB","Gobierno general","FMI, World Economic Outlook, abril 2025",NA
"México","MEX",2021,"Balance primario","GGXONLB_NGDP","Observado",NA,0.587,"% del PIB","Gobierno general","FMI, World Economic Outlook, abril 2025",NA
"México","MEX",2022,"Balance primario","GGXONLB_NGDP","Observado",NA,0.726,"% del PIB","Gobierno general","FMI, World Economic Outlook, abril 2025",NA
"México","MEX",2023,"Balance primario","GGXONLB_NGDP","Observado",NA,1.498,"% del PIB","Gobierno general","FMI, World Economic Outlook, abril 2025",NA
"México","MEX",2024,"Balance primario","GGXONLB_NGDP","Observado",NA,0.199,"% del PIB","Gobierno general","FMI, World Economic Outlook, abril 2025",NA
"México","MEX",2025,"Balance primario","GGXONLB_NGDP","Proyección propia","Holt amortiguado",0.4639,"% del PIB","Gobierno general","FMI, World Economic Outlook, abril 2025",NA
"México","MEX",2026,"Balance primario","GGXONLB_NGDP","Proyección propia","Holt amortiguado",0.4645,"% del PIB","Gobierno general","FMI, World Economic Outlook, abril 2025",NA
"México","MEX",2027,"Balance primario","GGXONLB_NGDP","Proyección propia","Holt amortiguado",0.4651,"% del PIB","Gobierno general","FMI, World Economic Outlook, abril 2025",NA
"México","MEX",2028,"Balance primario","GGXONLB_NGDP","Proyección propia","Holt amortiguado",0.4656,"% del PIB","Gobierno general","FMI, World Economic Outlook, abril 2025",NA
"México","MEX",2029,"Balance primario","GGXONLB_NGDP","Proyección propia","Holt amortiguado",0.4661,"% del PIB","Gobierno general","FMI, World Economic Outlook, abril 2025",NA
"México","MEX",2030,"Balance primario","GGXONLB_NGDP","Proyección propia","Holt amortiguado",0.4665,"% del PIB","Gobierno general","FMI, World Economic Outlook, abril 2025",NA
"México","MEX",2031,"Balance primario","GGXONLB_NGDP","Proyección propia","Holt amortiguado",0.4669,"% del PIB","Gobierno general","FMI, World Economic Outlook, abril 2025",NA
"México","MEX",2032,"Balance primario","GGXONLB_NGDP","Proyección propia","Holt amortiguado",0.4673,"% del PIB","Gobierno general","FMI, World Economic Outlook, abril 2025",NA
"México","MEX",2033,"Balance primario","GGXONLB_NGDP","Proyección propia","Holt amortiguado",0.4677,"% del PIB","Gobierno general","FMI, World Economic Outlook, abril 2025",NA
"México","MEX",2034,"Balance primario","GGXONLB_NGDP","Proyección propia","Holt amortiguado",0.468,"% del PIB","Gobierno general","FMI, World Economic Outlook, abril 2025",NA
"Panamá","PAN",2000,"Balance primario","GGXONLB_NGDP","Observado",NA,4.985,"% del PIB","Gobierno general","FMI, World Economic Outlook, abril 2025",NA
"Panamá","PAN",2001,"Balance primario","GGXONLB_NGDP","Observado",NA,2.597,"% del PIB","Gobierno general","FMI, World Economic Outlook, abril 2025",NA
"Panamá","PAN",2002,"Balance primario","GGXONLB_NGDP","Observado",NA,1.897,"% del PIB","Gobierno general","FMI, World Economic Outlook, abril 2025",NA
"Panamá","PAN",2003,"Balance primario","GGXONLB_NGDP","Observado",NA,1.281,"% del PIB","Gobierno general","FMI, World Economic Outlook, abril 2025",NA
"Panamá","PAN",2004,"Balance primario","GGXONLB_NGDP","Observado",NA,-1,"% del PIB","Gobierno general","FMI, World Economic Outlook, abril 2025",NA
"Panamá","PAN",2005,"Balance primario","GGXONLB_NGDP","Observado",NA,1.331,"% del PIB","Gobierno general","FMI, World Economic Outlook, abril 2025",NA
"Panamá","PAN",2006,"Balance primario","GGXONLB_NGDP","Observado",NA,4.082,"% del PIB","Gobierno general","FMI, World Economic Outlook, abril 2025",NA
"Panamá","PAN",2007,"Balance primario","GGXONLB_NGDP","Observado",NA,5.818,"% del PIB","Gobierno general","FMI, World Economic Outlook, abril 2025",NA
"Panamá","PAN",2008,"Balance primario","GGXONLB_NGDP","Observado",NA,2.824,"% del PIB","Gobierno general","FMI, World Economic Outlook, abril 2025",NA
"Panamá","PAN",2009,"Balance primario","GGXONLB_NGDP","Observado",NA,1.225,"% del PIB","Gobierno general","FMI, World Economic Outlook, abril 2025",NA
"Panamá","PAN",2010,"Balance primario","GGXONLB_NGDP","Observado",NA,0.519,"% del PIB","Gobierno general","FMI, World Economic Outlook, abril 2025",NA
"Panamá","PAN",2011,"Balance primario","GGXONLB_NGDP","Observado",NA,-0.167,"% del PIB","Gobierno general","FMI, World Economic Outlook, abril 2025",NA
"Panamá","PAN",2012,"Balance primario","GGXONLB_NGDP","Observado",NA,0.016,"% del PIB","Gobierno general","FMI, World Economic Outlook, abril 2025",NA
"Panamá","PAN",2013,"Balance primario","GGXONLB_NGDP","Observado",NA,-0.66,"% del PIB","Gobierno general","FMI, World Economic Outlook, abril 2025",NA
"Panamá","PAN",2014,"Balance primario","GGXONLB_NGDP","Observado",NA,-1.644,"% del PIB","Gobierno general","FMI, World Economic Outlook, abril 2025",NA
"Panamá","PAN",2015,"Balance primario","GGXONLB_NGDP","Observado",NA,-0.724,"% del PIB","Gobierno general","FMI, World Economic Outlook, abril 2025",NA
"Panamá","PAN",2016,"Balance primario","GGXONLB_NGDP","Observado",NA,-0.301,"% del PIB","Gobierno general","FMI, World Economic Outlook, abril 2025",NA
"Panamá","PAN",2017,"Balance primario","GGXONLB_NGDP","Observado",NA,-0.355,"% del PIB","Gobierno general","FMI, World Economic Outlook, abril 2025",NA
"Panamá","PAN",2018,"Balance primario","GGXONLB_NGDP","Observado",NA,-1.221,"% del PIB","Gobierno general","FMI, World Economic Outlook, abril 2025",NA
"Panamá","PAN",2019,"Balance primario","GGXONLB_NGDP","Observado",NA,-1.309,"% del PIB","Gobierno general","FMI, World Economic Outlook, abril 2025",NA
"Panamá","PAN",2020,"Balance primario","GGXONLB_NGDP","Observado",NA,-7.994,"% del PIB","Gobierno general","FMI, World Economic Outlook, abril 2025",NA
"Panamá","PAN",2021,"Balance primario","GGXONLB_NGDP","Observado",NA,-4.549,"% del PIB","Gobierno general","FMI, World Economic Outlook, abril 2025",NA
"Panamá","PAN",2022,"Balance primario","GGXONLB_NGDP","Observado",NA,-2.257,"% del PIB","Gobierno general","FMI, World Economic Outlook, abril 2025",NA
"Panamá","PAN",2023,"Balance primario","GGXONLB_NGDP","Observado",NA,-1.374,"% del PIB","Gobierno general","FMI, World Economic Outlook, abril 2025",NA
"Panamá","PAN",2024,"Balance primario","GGXONLB_NGDP","Estimación de la fuente",NA,-4.469,"% del PIB","Gobierno general","FMI, World Economic Outlook, abril 2025",NA
"Panamá","PAN",2025,"Balance primario","GGXONLB_NGDP","Proyección propia","ETS",-4.0993,"% del PIB","Gobierno general","FMI, World Economic Outlook, abril 2025",NA
"Panamá","PAN",2026,"Balance primario","GGXONLB_NGDP","Proyección propia","ETS",-4.4049,"% del PIB","Gobierno general","FMI, World Economic Outlook, abril 2025",NA
"Panamá","PAN",2027,"Balance primario","GGXONLB_NGDP","Proyección propia","ETS",-4.7106,"% del PIB","Gobierno general","FMI, World Economic Outlook, abril 2025",NA
"Panamá","PAN",2028,"Balance primario","GGXONLB_NGDP","Proyección propia","ETS",-5.0163,"% del PIB","Gobierno general","FMI, World Economic Outlook, abril 2025",NA
"Panamá","PAN",2029,"Balance primario","GGXONLB_NGDP","Proyección propia","ETS",-5.322,"% del PIB","Gobierno general","FMI, World Economic Outlook, abril 2025",NA
"Panamá","PAN",2030,"Balance primario","GGXONLB_NGDP","Proyección propia","ETS",-5.6277,"% del PIB","Gobierno general","FMI, World Economic Outlook, abril 2025",NA
"Panamá","PAN",2031,"Balance primario","GGXONLB_NGDP","Proyección propia","ETS",-5.9334,"% del PIB","Gobierno general","FMI, World Economic Outlook, abril 2025",NA
"Panamá","PAN",2032,"Balance primario","GGXONLB_NGDP","Proyección propia","ETS",-6.2391,"% del PIB","Gobierno general","FMI, World Economic Outlook, abril 2025",NA
"Panamá","PAN",2033,"Balance primario","GGXONLB_NGDP","Proyección propia","ETS",-6.5448,"% del PIB","Gobierno general","FMI, World Economic Outlook, abril 2025",NA
"Panamá","PAN",2034,"Balance primario","GGXONLB_NGDP","Proyección propia","ETS",-6.8505,"% del PIB","Gobierno general","FMI, World Economic Outlook, abril 2025",NA
"Brasil","BRA",2001,"Deuda neta del gobierno general","GGXWDN_NGDP","Observado",NA,51.486,"% del PIB","Gobierno general","FMI, World Economic Outlook, abril 2025",NA
"Brasil","BRA",2002,"Deuda neta del gobierno general","GGXWDN_NGDP","Observado",NA,59.934,"% del PIB","Gobierno general","FMI, World Economic Outlook, abril 2025",NA
"Brasil","BRA",2003,"Deuda neta del gobierno general","GGXWDN_NGDP","Observado",NA,54.259,"% del PIB","Gobierno general","FMI, World Economic Outlook, abril 2025",NA
"Brasil","BRA",2004,"Deuda neta del gobierno general","GGXWDN_NGDP","Observado",NA,50.186,"% del PIB","Gobierno general","FMI, World Economic Outlook, abril 2025",NA
"Brasil","BRA",2005,"Deuda neta del gobierno general","GGXWDN_NGDP","Observado",NA,47.915,"% del PIB","Gobierno general","FMI, World Economic Outlook, abril 2025",NA
"Brasil","BRA",2006,"Deuda neta del gobierno general","GGXWDN_NGDP","Observado",NA,46.486,"% del PIB","Gobierno general","FMI, World Economic Outlook, abril 2025",NA
"Brasil","BRA",2007,"Deuda neta del gobierno general","GGXWDN_NGDP","Observado",NA,44.546,"% del PIB","Gobierno general","FMI, World Economic Outlook, abril 2025",NA
"Brasil","BRA",2008,"Deuda neta del gobierno general","GGXWDN_NGDP","Observado",NA,37.566,"% del PIB","Gobierno general","FMI, World Economic Outlook, abril 2025",NA
"Brasil","BRA",2009,"Deuda neta del gobierno general","GGXWDN_NGDP","Observado",NA,40.885,"% del PIB","Gobierno general","FMI, World Economic Outlook, abril 2025",NA
"Brasil","BRA",2010,"Deuda neta del gobierno general","GGXWDN_NGDP","Observado",NA,37.979,"% del PIB","Gobierno general","FMI, World Economic Outlook, abril 2025",NA
"Brasil","BRA",2011,"Deuda neta del gobierno general","GGXWDN_NGDP","Observado",NA,34.47,"% del PIB","Gobierno general","FMI, World Economic Outlook, abril 2025",NA
"Brasil","BRA",2012,"Deuda neta del gobierno general","GGXWDN_NGDP","Observado",NA,32.194,"% del PIB","Gobierno general","FMI, World Economic Outlook, abril 2025",NA
"Brasil","BRA",2013,"Deuda neta del gobierno general","GGXWDN_NGDP","Observado",NA,30.504,"% del PIB","Gobierno general","FMI, World Economic Outlook, abril 2025",NA
"Brasil","BRA",2014,"Deuda neta del gobierno general","GGXWDN_NGDP","Observado",NA,32.586,"% del PIB","Gobierno general","FMI, World Economic Outlook, abril 2025",NA
"Brasil","BRA",2015,"Deuda neta del gobierno general","GGXWDN_NGDP","Observado",NA,35.64,"% del PIB","Gobierno general","FMI, World Economic Outlook, abril 2025",NA
"Brasil","BRA",2016,"Deuda neta del gobierno general","GGXWDN_NGDP","Observado",NA,46.144,"% del PIB","Gobierno general","FMI, World Economic Outlook, abril 2025",NA
"Brasil","BRA",2017,"Deuda neta del gobierno general","GGXWDN_NGDP","Observado",NA,51.37,"% del PIB","Gobierno general","FMI, World Economic Outlook, abril 2025",NA
"Brasil","BRA",2018,"Deuda neta del gobierno general","GGXWDN_NGDP","Observado",NA,52.766,"% del PIB","Gobierno general","FMI, World Economic Outlook, abril 2025",NA
"Brasil","BRA",2019,"Deuda neta del gobierno general","GGXWDN_NGDP","Observado",NA,54.699,"% del PIB","Gobierno general","FMI, World Economic Outlook, abril 2025",NA
"Brasil","BRA",2020,"Deuda neta del gobierno general","GGXWDN_NGDP","Observado",NA,61.37,"% del PIB","Gobierno general","FMI, World Economic Outlook, abril 2025",NA
"Brasil","BRA",2021,"Deuda neta del gobierno general","GGXWDN_NGDP","Observado",NA,55.114,"% del PIB","Gobierno general","FMI, World Economic Outlook, abril 2025",NA
"Brasil","BRA",2022,"Deuda neta del gobierno general","GGXWDN_NGDP","Observado",NA,56.133,"% del PIB","Gobierno general","FMI, World Economic Outlook, abril 2025",NA
"Brasil","BRA",2023,"Deuda neta del gobierno general","GGXWDN_NGDP","Observado",NA,60.428,"% del PIB","Gobierno general","FMI, World Economic Outlook, abril 2025",NA
"Brasil","BRA",2024,"Deuda neta del gobierno general","GGXWDN_NGDP","Estimación de la fuente",NA,61.481,"% del PIB","Gobierno general","FMI, World Economic Outlook, abril 2025",NA
"Brasil","BRA",2025,"Deuda neta del gobierno general","GGXWDN_NGDP","Proyección propia","ARIMA",60.3383,"% del PIB","Gobierno general","FMI, World Economic Outlook, abril 2025",NA
"Brasil","BRA",2026,"Deuda neta del gobierno general","GGXWDN_NGDP","Proyección propia","ARIMA",59.3209,"% del PIB","Gobierno general","FMI, World Economic Outlook, abril 2025",NA
"Brasil","BRA",2027,"Deuda neta del gobierno general","GGXWDN_NGDP","Proyección propia","ARIMA",58.4147,"% del PIB","Gobierno general","FMI, World Economic Outlook, abril 2025",NA
"Brasil","BRA",2028,"Deuda neta del gobierno general","GGXWDN_NGDP","Proyección propia","ARIMA",57.6074,"% del PIB","Gobierno general","FMI, World Economic Outlook, abril 2025",NA
"Brasil","BRA",2029,"Deuda neta del gobierno general","GGXWDN_NGDP","Proyección propia","ARIMA",56.8879,"% del PIB","Gobierno general","FMI, World Economic Outlook, abril 2025",NA
"Brasil","BRA",2030,"Deuda neta del gobierno general","GGXWDN_NGDP","Proyección propia","ARIMA",56.2466,"% del PIB","Gobierno general","FMI, World Economic Outlook, abril 2025",NA
"Brasil","BRA",2031,"Deuda neta del gobierno general","GGXWDN_NGDP","Proyección propia","ARIMA",55.6747,"% del PIB","Gobierno general","FMI, World Economic Outlook, abril 2025",NA
"Brasil","BRA",2032,"Deuda neta del gobierno general","GGXWDN_NGDP","Proyección propia","ARIMA",55.1648,"% del PIB","Gobierno general","FMI, World Economic Outlook, abril 2025",NA
"Brasil","BRA",2033,"Deuda neta del gobierno general","GGXWDN_NGDP","Proyección propia","ARIMA",54.7099,"% del PIB","Gobierno general","FMI, World Economic Outlook, abril 2025",NA
"Brasil","BRA",2034,"Deuda neta del gobierno general","GGXWDN_NGDP","Proyección propia","ARIMA",54.3042,"% del PIB","Gobierno general","FMI, World Economic Outlook, abril 2025",NA
"Chile","CHL",2000,"Deuda neta del gobierno general","GGXWDN_NGDP","Observado",NA,3.071,"% del PIB","Gobierno general","FMI, World Economic Outlook, abril 2025",NA
"Chile","CHL",2001,"Deuda neta del gobierno general","GGXWDN_NGDP","Observado",NA,5.572,"% del PIB","Gobierno general","FMI, World Economic Outlook, abril 2025",NA
"Chile","CHL",2002,"Deuda neta del gobierno general","GGXWDN_NGDP","Observado",NA,7.581,"% del PIB","Gobierno general","FMI, World Economic Outlook, abril 2025",NA
"Chile","CHL",2003,"Deuda neta del gobierno general","GGXWDN_NGDP","Observado",NA,6.49,"% del PIB","Gobierno general","FMI, World Economic Outlook, abril 2025",NA
"Chile","CHL",2004,"Deuda neta del gobierno general","GGXWDN_NGDP","Observado",NA,3.991,"% del PIB","Gobierno general","FMI, World Economic Outlook, abril 2025",NA
"Chile","CHL",2005,"Deuda neta del gobierno general","GGXWDN_NGDP","Observado",NA,-0.054,"% del PIB","Gobierno general","FMI, World Economic Outlook, abril 2025",NA
"Chile","CHL",2006,"Deuda neta del gobierno general","GGXWDN_NGDP","Observado",NA,-6.666,"% del PIB","Gobierno general","FMI, World Economic Outlook, abril 2025",NA
"Chile","CHL",2007,"Deuda neta del gobierno general","GGXWDN_NGDP","Observado",NA,-13.006,"% del PIB","Gobierno general","FMI, World Economic Outlook, abril 2025",NA
"Chile","CHL",2008,"Deuda neta del gobierno general","GGXWDN_NGDP","Observado",NA,-19.265,"% del PIB","Gobierno general","FMI, World Economic Outlook, abril 2025",NA
"Chile","CHL",2009,"Deuda neta del gobierno general","GGXWDN_NGDP","Observado",NA,-10.583,"% del PIB","Gobierno general","FMI, World Economic Outlook, abril 2025",NA
"Chile","CHL",2010,"Deuda neta del gobierno general","GGXWDN_NGDP","Observado",NA,-7.04,"% del PIB","Gobierno general","FMI, World Economic Outlook, abril 2025",NA
"Chile","CHL",2011,"Deuda neta del gobierno general","GGXWDN_NGDP","Observado",NA,-8.597,"% del PIB","Gobierno general","FMI, World Economic Outlook, abril 2025",NA
"Chile","CHL",2012,"Deuda neta del gobierno general","GGXWDN_NGDP","Observado",NA,-6.771,"% del PIB","Gobierno general","FMI, World Economic Outlook, abril 2025",NA
"Chile","CHL",2013,"Deuda neta del gobierno general","GGXWDN_NGDP","Observado",NA,-5.646,"% del PIB","Gobierno general","FMI, World Economic Outlook, abril 2025",NA
"Chile","CHL",2014,"Deuda neta del gobierno general","GGXWDN_NGDP","Observado",NA,-4.369,"% del PIB","Gobierno general","FMI, World Economic Outlook, abril 2025",NA
"Chile","CHL",2015,"Deuda neta del gobierno general","GGXWDN_NGDP","Observado",NA,-3.46,"% del PIB","Gobierno general","FMI, World Economic Outlook, abril 2025",NA
"Chile","CHL",2016,"Deuda neta del gobierno general","GGXWDN_NGDP","Observado",NA,0.945,"% del PIB","Gobierno general","FMI, World Economic Outlook, abril 2025",NA
"Chile","CHL",2017,"Deuda neta del gobierno general","GGXWDN_NGDP","Observado",NA,4.422,"% del PIB","Gobierno general","FMI, World Economic Outlook, abril 2025",NA
"Chile","CHL",2018,"Deuda neta del gobierno general","GGXWDN_NGDP","Observado",NA,5.74,"% del PIB","Gobierno general","FMI, World Economic Outlook, abril 2025",NA
"Chile","CHL",2019,"Deuda neta del gobierno general","GGXWDN_NGDP","Observado",NA,7.993,"% del PIB","Gobierno general","FMI, World Economic Outlook, abril 2025",NA
"Chile","CHL",2020,"Deuda neta del gobierno general","GGXWDN_NGDP","Observado",NA,13.307,"% del PIB","Gobierno general","FMI, World Economic Outlook, abril 2025",NA
"Chile","CHL",2021,"Deuda neta del gobierno general","GGXWDN_NGDP","Observado",NA,20.229,"% del PIB","Gobierno general","FMI, World Economic Outlook, abril 2025",NA
"Chile","CHL",2022,"Deuda neta del gobierno general","GGXWDN_NGDP","Observado",NA,20.467,"% del PIB","Gobierno general","FMI, World Economic Outlook, abril 2025",NA
"Chile","CHL",2023,"Deuda neta del gobierno general","GGXWDN_NGDP","Observado",NA,23.216,"% del PIB","Gobierno general","FMI, World Economic Outlook, abril 2025",NA
"Chile","CHL",2024,"Deuda neta del gobierno general","GGXWDN_NGDP","Observado",NA,25.767,"% del PIB","Gobierno general","FMI, World Economic Outlook, abril 2025",NA
"Chile","CHL",2025,"Deuda neta del gobierno general","GGXWDN_NGDP","Proyección propia","Holt amortiguado",27.4786,"% del PIB","Gobierno general","FMI, World Economic Outlook, abril 2025",NA
"Chile","CHL",2026,"Deuda neta del gobierno general","GGXWDN_NGDP","Proyección propia","Holt amortiguado",28.848,"% del PIB","Gobierno general","FMI, World Economic Outlook, abril 2025",NA
"Chile","CHL",2027,"Deuda neta del gobierno general","GGXWDN_NGDP","Proyección propia","Holt amortiguado",29.9435,"% del PIB","Gobierno general","FMI, World Economic Outlook, abril 2025",NA
"Chile","CHL",2028,"Deuda neta del gobierno general","GGXWDN_NGDP","Proyección propia","Holt amortiguado",30.8199,"% del PIB","Gobierno general","FMI, World Economic Outlook, abril 2025",NA
"Chile","CHL",2029,"Deuda neta del gobierno general","GGXWDN_NGDP","Proyección propia","Holt amortiguado",31.5211,"% del PIB","Gobierno general","FMI, World Economic Outlook, abril 2025",NA
"Chile","CHL",2030,"Deuda neta del gobierno general","GGXWDN_NGDP","Proyección propia","Holt amortiguado",32.082,"% del PIB","Gobierno general","FMI, World Economic Outlook, abril 2025",NA
"Chile","CHL",2031,"Deuda neta del gobierno general","GGXWDN_NGDP","Proyección propia","Holt amortiguado",32.5307,"% del PIB","Gobierno general","FMI, World Economic Outlook, abril 2025",NA
"Chile","CHL",2032,"Deuda neta del gobierno general","GGXWDN_NGDP","Proyección propia","Holt amortiguado",32.8897,"% del PIB","Gobierno general","FMI, World Economic Outlook, abril 2025",NA
"Chile","CHL",2033,"Deuda neta del gobierno general","GGXWDN_NGDP","Proyección propia","Holt amortiguado",33.1769,"% del PIB","Gobierno general","FMI, World Economic Outlook, abril 2025",NA
"Chile","CHL",2034,"Deuda neta del gobierno general","GGXWDN_NGDP","Proyección propia","Holt amortiguado",33.4066,"% del PIB","Gobierno general","FMI, World Economic Outlook, abril 2025",NA
"Colombia","COL",2000,"Deuda neta del gobierno general","GGXWDN_NGDP","Observado",NA,31.575,"% del PIB","Gobierno general","FMI, World Economic Outlook, abril 2025",NA
"Colombia","COL",2001,"Deuda neta del gobierno general","GGXWDN_NGDP","Observado",NA,33.27,"% del PIB","Gobierno general","FMI, World Economic Outlook, abril 2025",NA
"Colombia","COL",2002,"Deuda neta del gobierno general","GGXWDN_NGDP","Observado",NA,40.672,"% del PIB","Gobierno general","FMI, World Economic Outlook, abril 2025",NA
"Colombia","COL",2003,"Deuda neta del gobierno general","GGXWDN_NGDP","Observado",NA,37.724,"% del PIB","Gobierno general","FMI, World Economic Outlook, abril 2025",NA
"Colombia","COL",2004,"Deuda neta del gobierno general","GGXWDN_NGDP","Observado",NA,32.722,"% del PIB","Gobierno general","FMI, World Economic Outlook, abril 2025",NA
"Colombia","COL",2005,"Deuda neta del gobierno general","GGXWDN_NGDP","Observado",NA,28.138,"% del PIB","Gobierno general","FMI, World Economic Outlook, abril 2025",NA
"Colombia","COL",2006,"Deuda neta del gobierno general","GGXWDN_NGDP","Observado",NA,25.439,"% del PIB","Gobierno general","FMI, World Economic Outlook, abril 2025",NA
"Colombia","COL",2007,"Deuda neta del gobierno general","GGXWDN_NGDP","Observado",NA,22.611,"% del PIB","Gobierno general","FMI, World Economic Outlook, abril 2025",NA
"Colombia","COL",2008,"Deuda neta del gobierno general","GGXWDN_NGDP","Observado",NA,22.432,"% del PIB","Gobierno general","FMI, World Economic Outlook, abril 2025",NA
"Colombia","COL",2009,"Deuda neta del gobierno general","GGXWDN_NGDP","Observado",NA,26.308,"% del PIB","Gobierno general","FMI, World Economic Outlook, abril 2025",NA
"Colombia","COL",2010,"Deuda neta del gobierno general","GGXWDN_NGDP","Observado",NA,28.493,"% del PIB","Gobierno general","FMI, World Economic Outlook, abril 2025",NA
"Colombia","COL",2011,"Deuda neta del gobierno general","GGXWDN_NGDP","Observado",NA,27.18,"% del PIB","Gobierno general","FMI, World Economic Outlook, abril 2025",NA
"Colombia","COL",2012,"Deuda neta del gobierno general","GGXWDN_NGDP","Observado",NA,24.794,"% del PIB","Gobierno general","FMI, World Economic Outlook, abril 2025",NA
"Colombia","COL",2013,"Deuda neta del gobierno general","GGXWDN_NGDP","Observado",NA,26.866,"% del PIB","Gobierno general","FMI, World Economic Outlook, abril 2025",NA
"Colombia","COL",2014,"Deuda neta del gobierno general","GGXWDN_NGDP","Observado",NA,31.743,"% del PIB","Gobierno general","FMI, World Economic Outlook, abril 2025",NA
"Colombia","COL",2015,"Deuda neta del gobierno general","GGXWDN_NGDP","Observado",NA,40.611,"% del PIB","Gobierno general","FMI, World Economic Outlook, abril 2025",NA
"Colombia","COL",2016,"Deuda neta del gobierno general","GGXWDN_NGDP","Observado",NA,38.719,"% del PIB","Gobierno general","FMI, World Economic Outlook, abril 2025",NA
"Colombia","COL",2017,"Deuda neta del gobierno general","GGXWDN_NGDP","Observado",NA,38.655,"% del PIB","Gobierno general","FMI, World Economic Outlook, abril 2025",NA
"Colombia","COL",2018,"Deuda neta del gobierno general","GGXWDN_NGDP","Observado",NA,41.242,"% del PIB","Gobierno general","FMI, World Economic Outlook, abril 2025",NA
"Colombia","COL",2019,"Deuda neta del gobierno general","GGXWDN_NGDP","Observado",NA,41.654,"% del PIB","Gobierno general","FMI, World Economic Outlook, abril 2025",NA
"Colombia","COL",2020,"Deuda neta del gobierno general","GGXWDN_NGDP","Observado",NA,54.185,"% del PIB","Gobierno general","FMI, World Economic Outlook, abril 2025",NA
"Colombia","COL",2021,"Deuda neta del gobierno general","GGXWDN_NGDP","Observado",NA,54.77,"% del PIB","Gobierno general","FMI, World Economic Outlook, abril 2025",NA
"Colombia","COL",2022,"Deuda neta del gobierno general","GGXWDN_NGDP","Observado",NA,52.634,"% del PIB","Gobierno general","FMI, World Economic Outlook, abril 2025",NA
"Colombia","COL",2023,"Deuda neta del gobierno general","GGXWDN_NGDP","Observado",NA,48.042,"% del PIB","Gobierno general","FMI, World Economic Outlook, abril 2025",NA
"Colombia","COL",2024,"Deuda neta del gobierno general","GGXWDN_NGDP","Observado",NA,53.175,"% del PIB","Gobierno general","FMI, World Economic Outlook, abril 2025",NA
"Colombia","COL",2025,"Deuda neta del gobierno general","GGXWDN_NGDP","Proyección propia","ETS",53.1745,"% del PIB","Gobierno general","FMI, World Economic Outlook, abril 2025",NA
"Colombia","COL",2026,"Deuda neta del gobierno general","GGXWDN_NGDP","Proyección propia","ETS",53.1745,"% del PIB","Gobierno general","FMI, World Economic Outlook, abril 2025",NA
"Colombia","COL",2027,"Deuda neta del gobierno general","GGXWDN_NGDP","Proyección propia","ETS",53.1745,"% del PIB","Gobierno general","FMI, World Economic Outlook, abril 2025",NA
"Colombia","COL",2028,"Deuda neta del gobierno general","GGXWDN_NGDP","Proyección propia","ETS",53.1745,"% del PIB","Gobierno general","FMI, World Economic Outlook, abril 2025",NA
"Colombia","COL",2029,"Deuda neta del gobierno general","GGXWDN_NGDP","Proyección propia","ETS",53.1745,"% del PIB","Gobierno general","FMI, World Economic Outlook, abril 2025",NA
"Colombia","COL",2030,"Deuda neta del gobierno general","GGXWDN_NGDP","Proyección propia","ETS",53.1745,"% del PIB","Gobierno general","FMI, World Economic Outlook, abril 2025",NA
"Colombia","COL",2031,"Deuda neta del gobierno general","GGXWDN_NGDP","Proyección propia","ETS",53.1745,"% del PIB","Gobierno general","FMI, World Economic Outlook, abril 2025",NA
"Colombia","COL",2032,"Deuda neta del gobierno general","GGXWDN_NGDP","Proyección propia","ETS",53.1745,"% del PIB","Gobierno general","FMI, World Economic Outlook, abril 2025",NA
"Colombia","COL",2033,"Deuda neta del gobierno general","GGXWDN_NGDP","Proyección propia","ETS",53.1745,"% del PIB","Gobierno general","FMI, World Economic Outlook, abril 2025",NA
"Colombia","COL",2034,"Deuda neta del gobierno general","GGXWDN_NGDP","Proyección propia","ETS",53.1745,"% del PIB","Gobierno general","FMI, World Economic Outlook, abril 2025",NA
"Costa Rica","CRI",2011,"Deuda neta del gobierno general","GGXWDN_NGDP","Observado",NA,28.82,"% del PIB","Gobierno general","FMI, World Economic Outlook, abril 2025",NA
"Costa Rica","CRI",2012,"Deuda neta del gobierno general","GGXWDN_NGDP","Observado",NA,31.141,"% del PIB","Gobierno general","FMI, World Economic Outlook, abril 2025",NA
"Costa Rica","CRI",2013,"Deuda neta del gobierno general","GGXWDN_NGDP","Observado",NA,34.17,"% del PIB","Gobierno general","FMI, World Economic Outlook, abril 2025",NA
"Costa Rica","CRI",2014,"Deuda neta del gobierno general","GGXWDN_NGDP","Observado",NA,37.155,"% del PIB","Gobierno general","FMI, World Economic Outlook, abril 2025",NA
"Costa Rica","CRI",2015,"Deuda neta del gobierno general","GGXWDN_NGDP","Observado",NA,39.439,"% del PIB","Gobierno general","FMI, World Economic Outlook, abril 2025",NA
"Costa Rica","CRI",2016,"Deuda neta del gobierno general","GGXWDN_NGDP","Observado",NA,43.354,"% del PIB","Gobierno general","FMI, World Economic Outlook, abril 2025",NA
"Costa Rica","CRI",2017,"Deuda neta del gobierno general","GGXWDN_NGDP","Observado",NA,46.773,"% del PIB","Gobierno general","FMI, World Economic Outlook, abril 2025",NA
"Costa Rica","CRI",2018,"Deuda neta del gobierno general","GGXWDN_NGDP","Observado",NA,51.813,"% del PIB","Gobierno general","FMI, World Economic Outlook, abril 2025",NA
"Costa Rica","CRI",2019,"Deuda neta del gobierno general","GGXWDN_NGDP","Observado",NA,55.039,"% del PIB","Gobierno general","FMI, World Economic Outlook, abril 2025",NA
"Costa Rica","CRI",2020,"Deuda neta del gobierno general","GGXWDN_NGDP","Observado",NA,66.827,"% del PIB","Gobierno general","FMI, World Economic Outlook, abril 2025",NA
"Costa Rica","CRI",2021,"Deuda neta del gobierno general","GGXWDN_NGDP","Observado",NA,66.924,"% del PIB","Gobierno general","FMI, World Economic Outlook, abril 2025",NA
"Costa Rica","CRI",2022,"Deuda neta del gobierno general","GGXWDN_NGDP","Observado",NA,61.645,"% del PIB","Gobierno general","FMI, World Economic Outlook, abril 2025",NA
"Costa Rica","CRI",2023,"Deuda neta del gobierno general","GGXWDN_NGDP","Observado",NA,59.282,"% del PIB","Gobierno general","FMI, World Economic Outlook, abril 2025",NA
"Costa Rica","CRI",2024,"Deuda neta del gobierno general","GGXWDN_NGDP","Estimación de la fuente",NA,58.946,"% del PIB","Gobierno general","FMI, World Economic Outlook, abril 2025",NA
"Costa Rica","CRI",2025,"Deuda neta del gobierno general","GGXWDN_NGDP","Proyección propia","Holt amortiguado",60.1884,"% del PIB","Gobierno general","FMI, World Economic Outlook, abril 2025",NA
"Costa Rica","CRI",2026,"Deuda neta del gobierno general","GGXWDN_NGDP","Proyección propia","Holt amortiguado",61.2987,"% del PIB","Gobierno general","FMI, World Economic Outlook, abril 2025",NA
"Costa Rica","CRI",2027,"Deuda neta del gobierno general","GGXWDN_NGDP","Proyección propia","Holt amortiguado",62.3108,"% del PIB","Gobierno general","FMI, World Economic Outlook, abril 2025",NA
"Costa Rica","CRI",2028,"Deuda neta del gobierno general","GGXWDN_NGDP","Proyección propia","Holt amortiguado",63.2333,"% del PIB","Gobierno general","FMI, World Economic Outlook, abril 2025",NA
"Costa Rica","CRI",2029,"Deuda neta del gobierno general","GGXWDN_NGDP","Proyección propia","Holt amortiguado",64.0742,"% del PIB","Gobierno general","FMI, World Economic Outlook, abril 2025",NA
"Costa Rica","CRI",2030,"Deuda neta del gobierno general","GGXWDN_NGDP","Proyección propia","Holt amortiguado",64.8407,"% del PIB","Gobierno general","FMI, World Economic Outlook, abril 2025",NA
"Costa Rica","CRI",2031,"Deuda neta del gobierno general","GGXWDN_NGDP","Proyección propia","Holt amortiguado",65.5394,"% del PIB","Gobierno general","FMI, World Economic Outlook, abril 2025",NA
"Costa Rica","CRI",2032,"Deuda neta del gobierno general","GGXWDN_NGDP","Proyección propia","Holt amortiguado",66.1763,"% del PIB","Gobierno general","FMI, World Economic Outlook, abril 2025",NA
"Costa Rica","CRI",2033,"Deuda neta del gobierno general","GGXWDN_NGDP","Proyección propia","Holt amortiguado",66.7568,"% del PIB","Gobierno general","FMI, World Economic Outlook, abril 2025",NA
"Costa Rica","CRI",2034,"Deuda neta del gobierno general","GGXWDN_NGDP","Proyección propia","Holt amortiguado",67.286,"% del PIB","Gobierno general","FMI, World Economic Outlook, abril 2025",NA
"México","MEX",2000,"Deuda neta del gobierno general","GGXWDN_NGDP","Observado",NA,32.517,"% del PIB","Gobierno general","FMI, World Economic Outlook, abril 2025",NA
"México","MEX",2001,"Deuda neta del gobierno general","GGXWDN_NGDP","Observado",NA,32.29,"% del PIB","Gobierno general","FMI, World Economic Outlook, abril 2025",NA
"México","MEX",2002,"Deuda neta del gobierno general","GGXWDN_NGDP","Observado",NA,34.925,"% del PIB","Gobierno general","FMI, World Economic Outlook, abril 2025",NA
"México","MEX",2003,"Deuda neta del gobierno general","GGXWDN_NGDP","Observado",NA,33.595,"% del PIB","Gobierno general","FMI, World Economic Outlook, abril 2025",NA
"México","MEX",2004,"Deuda neta del gobierno general","GGXWDN_NGDP","Observado",NA,31.379,"% del PIB","Gobierno general","FMI, World Economic Outlook, abril 2025",NA
"México","MEX",2005,"Deuda neta del gobierno general","GGXWDN_NGDP","Observado",NA,29.743,"% del PIB","Gobierno general","FMI, World Economic Outlook, abril 2025",NA
"México","MEX",2006,"Deuda neta del gobierno general","GGXWDN_NGDP","Observado",NA,28.196,"% del PIB","Gobierno general","FMI, World Economic Outlook, abril 2025",NA
"México","MEX",2007,"Deuda neta del gobierno general","GGXWDN_NGDP","Observado",NA,27.513,"% del PIB","Gobierno general","FMI, World Economic Outlook, abril 2025",NA
"México","MEX",2008,"Deuda neta del gobierno general","GGXWDN_NGDP","Observado",NA,31.431,"% del PIB","Gobierno general","FMI, World Economic Outlook, abril 2025",NA
"México","MEX",2009,"Deuda neta del gobierno general","GGXWDN_NGDP","Observado",NA,34.373,"% del PIB","Gobierno general","FMI, World Economic Outlook, abril 2025",NA
"México","MEX",2010,"Deuda neta del gobierno general","GGXWDN_NGDP","Observado",NA,34.458,"% del PIB","Gobierno general","FMI, World Economic Outlook, abril 2025",NA
"México","MEX",2011,"Deuda neta del gobierno general","GGXWDN_NGDP","Observado",NA,35.698,"% del PIB","Gobierno general","FMI, World Economic Outlook, abril 2025",NA
"México","MEX",2012,"Deuda neta del gobierno general","GGXWDN_NGDP","Observado",NA,35.639,"% del PIB","Gobierno general","FMI, World Economic Outlook, abril 2025",NA
"México","MEX",2013,"Deuda neta del gobierno general","GGXWDN_NGDP","Observado",NA,38.364,"% del PIB","Gobierno general","FMI, World Economic Outlook, abril 2025",NA
"México","MEX",2014,"Deuda neta del gobierno general","GGXWDN_NGDP","Observado",NA,41.053,"% del PIB","Gobierno general","FMI, World Economic Outlook, abril 2025",NA
"México","MEX",2015,"Deuda neta del gobierno general","GGXWDN_NGDP","Observado",NA,44.898,"% del PIB","Gobierno general","FMI, World Economic Outlook, abril 2025",NA
"México","MEX",2016,"Deuda neta del gobierno general","GGXWDN_NGDP","Observado",NA,47.197,"% del PIB","Gobierno general","FMI, World Economic Outlook, abril 2025",NA
"México","MEX",2017,"Deuda neta del gobierno general","GGXWDN_NGDP","Observado",NA,44.514,"% del PIB","Gobierno general","FMI, World Economic Outlook, abril 2025",NA
"México","MEX",2018,"Deuda neta del gobierno general","GGXWDN_NGDP","Observado",NA,43.644,"% del PIB","Gobierno general","FMI, World Economic Outlook, abril 2025",NA
"México","MEX",2019,"Deuda neta del gobierno general","GGXWDN_NGDP","Observado",NA,43.269,"% del PIB","Gobierno general","FMI, World Economic Outlook, abril 2025",NA
"México","MEX",2020,"Deuda neta del gobierno general","GGXWDN_NGDP","Observado",NA,50.164,"% del PIB","Gobierno general","FMI, World Economic Outlook, abril 2025",NA
"México","MEX",2021,"Deuda neta del gobierno general","GGXWDN_NGDP","Observado",NA,49.097,"% del PIB","Gobierno general","FMI, World Economic Outlook, abril 2025",NA
"México","MEX",2022,"Deuda neta del gobierno general","GGXWDN_NGDP","Observado",NA,47.654,"% del PIB","Gobierno general","FMI, World Economic Outlook, abril 2025",NA
"México","MEX",2023,"Deuda neta del gobierno general","GGXWDN_NGDP","Observado",NA,46.667,"% del PIB","Gobierno general","FMI, World Economic Outlook, abril 2025",NA
"México","MEX",2024,"Deuda neta del gobierno general","GGXWDN_NGDP","Observado",NA,51.382,"% del PIB","Gobierno general","FMI, World Economic Outlook, abril 2025",NA
"México","MEX",2025,"Deuda neta del gobierno general","GGXWDN_NGDP","Proyección propia","ETS",51.3815,"% del PIB","Gobierno general","FMI, World Economic Outlook, abril 2025",NA
"México","MEX",2026,"Deuda neta del gobierno general","GGXWDN_NGDP","Proyección propia","ETS",51.3815,"% del PIB","Gobierno general","FMI, World Economic Outlook, abril 2025",NA
"México","MEX",2027,"Deuda neta del gobierno general","GGXWDN_NGDP","Proyección propia","ETS",51.3815,"% del PIB","Gobierno general","FMI, World Economic Outlook, abril 2025",NA
"México","MEX",2028,"Deuda neta del gobierno general","GGXWDN_NGDP","Proyección propia","ETS",51.3815,"% del PIB","Gobierno general","FMI, World Economic Outlook, abril 2025",NA
"México","MEX",2029,"Deuda neta del gobierno general","GGXWDN_NGDP","Proyección propia","ETS",51.3815,"% del PIB","Gobierno general","FMI, World Economic Outlook, abril 2025",NA
"México","MEX",2030,"Deuda neta del gobierno general","GGXWDN_NGDP","Proyección propia","ETS",51.3815,"% del PIB","Gobierno general","FMI, World Economic Outlook, abril 2025",NA
"México","MEX",2031,"Deuda neta del gobierno general","GGXWDN_NGDP","Proyección propia","ETS",51.3815,"% del PIB","Gobierno general","FMI, World Economic Outlook, abril 2025",NA
"México","MEX",2032,"Deuda neta del gobierno general","GGXWDN_NGDP","Proyección propia","ETS",51.3815,"% del PIB","Gobierno general","FMI, World Economic Outlook, abril 2025",NA
"México","MEX",2033,"Deuda neta del gobierno general","GGXWDN_NGDP","Proyección propia","ETS",51.3815,"% del PIB","Gobierno general","FMI, World Economic Outlook, abril 2025",NA
"México","MEX",2034,"Deuda neta del gobierno general","GGXWDN_NGDP","Proyección propia","ETS",51.3815,"% del PIB","Gobierno general","FMI, World Economic Outlook, abril 2025",NA
"Panamá","PAN",2000,"Deuda neta del gobierno general","GGXWDN_NGDP","Observado",NA,38.246,"% del PIB","Gobierno general","FMI, World Economic Outlook, abril 2025",NA
"Panamá","PAN",2001,"Deuda neta del gobierno general","GGXWDN_NGDP","Observado",NA,41.269,"% del PIB","Gobierno general","FMI, World Economic Outlook, abril 2025",NA
"Panamá","PAN",2002,"Deuda neta del gobierno general","GGXWDN_NGDP","Observado",NA,40.67,"% del PIB","Gobierno general","FMI, World Economic Outlook, abril 2025",NA
"Panamá","PAN",2003,"Deuda neta del gobierno general","GGXWDN_NGDP","Observado",NA,32.739,"% del PIB","Gobierno general","FMI, World Economic Outlook, abril 2025",NA
"Panamá","PAN",2004,"Deuda neta del gobierno general","GGXWDN_NGDP","Observado",NA,39.059,"% del PIB","Gobierno general","FMI, World Economic Outlook, abril 2025",NA
"Panamá","PAN",2005,"Deuda neta del gobierno general","GGXWDN_NGDP","Observado",NA,38.604,"% del PIB","Gobierno general","FMI, World Economic Outlook, abril 2025",NA
"Panamá","PAN",2006,"Deuda neta del gobierno general","GGXWDN_NGDP","Observado",NA,36.298,"% del PIB","Gobierno general","FMI, World Economic Outlook, abril 2025",NA
"Panamá","PAN",2007,"Deuda neta del gobierno general","GGXWDN_NGDP","Observado",NA,27.367,"% del PIB","Gobierno general","FMI, World Economic Outlook, abril 2025",NA
"Panamá","PAN",2008,"Deuda neta del gobierno general","GGXWDN_NGDP","Observado",NA,23.021,"% del PIB","Gobierno general","FMI, World Economic Outlook, abril 2025",NA
"Panamá","PAN",2009,"Deuda neta del gobierno general","GGXWDN_NGDP","Observado",NA,20.211,"% del PIB","Gobierno general","FMI, World Economic Outlook, abril 2025",NA
"Panamá","PAN",2010,"Deuda neta del gobierno general","GGXWDN_NGDP","Observado",NA,23.6,"% del PIB","Gobierno general","FMI, World Economic Outlook, abril 2025",NA
"Panamá","PAN",2011,"Deuda neta del gobierno general","GGXWDN_NGDP","Observado",NA,19.882,"% del PIB","Gobierno general","FMI, World Economic Outlook, abril 2025",NA
"Panamá","PAN",2012,"Deuda neta del gobierno general","GGXWDN_NGDP","Observado",NA,18.639,"% del PIB","Gobierno general","FMI, World Economic Outlook, abril 2025",NA
"Panamá","PAN",2013,"Deuda neta del gobierno general","GGXWDN_NGDP","Observado",NA,17.119,"% del PIB","Gobierno general","FMI, World Economic Outlook, abril 2025",NA
"Panamá","PAN",2014,"Deuda neta del gobierno general","GGXWDN_NGDP","Observado",NA,18.513,"% del PIB","Gobierno general","FMI, World Economic Outlook, abril 2025",NA
"Panamá","PAN",2015,"Deuda neta del gobierno general","GGXWDN_NGDP","Observado",NA,19.035,"% del PIB","Gobierno general","FMI, World Economic Outlook, abril 2025",NA
"Panamá","PAN",2016,"Deuda neta del gobierno general","GGXWDN_NGDP","Observado",NA,19.295,"% del PIB","Gobierno general","FMI, World Economic Outlook, abril 2025",NA
"Panamá","PAN",2017,"Deuda neta del gobierno general","GGXWDN_NGDP","Observado",NA,21.816,"% del PIB","Gobierno general","FMI, World Economic Outlook, abril 2025",NA
"Panamá","PAN",2018,"Deuda neta del gobierno general","GGXWDN_NGDP","Observado",NA,24.719,"% del PIB","Gobierno general","FMI, World Economic Outlook, abril 2025",NA
"Panamá","PAN",2019,"Deuda neta del gobierno general","GGXWDN_NGDP","Observado",NA,27.336,"% del PIB","Gobierno general","FMI, World Economic Outlook, abril 2025",NA
"Panamá","PAN",2020,"Deuda neta del gobierno general","GGXWDN_NGDP","Observado",NA,40.322,"% del PIB","Gobierno general","FMI, World Economic Outlook, abril 2025",NA
"Panamá","PAN",2021,"Deuda neta del gobierno general","GGXWDN_NGDP","Observado",NA,36.954,"% del PIB","Gobierno general","FMI, World Economic Outlook, abril 2025",NA
"Panamá","PAN",2022,"Deuda neta del gobierno general","GGXWDN_NGDP","Observado",NA,38.92,"% del PIB","Gobierno general","FMI, World Economic Outlook, abril 2025",NA
"Panamá","PAN",2023,"Deuda neta del gobierno general","GGXWDN_NGDP","Observado",NA,34.392,"% del PIB","Gobierno general","FMI, World Economic Outlook, abril 2025",NA
"Panamá","PAN",2024,"Deuda neta del gobierno general","GGXWDN_NGDP","Estimación de la fuente",NA,40.21,"% del PIB","Gobierno general","FMI, World Economic Outlook, abril 2025",NA
"Panamá","PAN",2025,"Deuda neta del gobierno general","GGXWDN_NGDP","Proyección propia","ETS",40.2094,"% del PIB","Gobierno general","FMI, World Economic Outlook, abril 2025",NA
"Panamá","PAN",2026,"Deuda neta del gobierno general","GGXWDN_NGDP","Proyección propia","ETS",40.2094,"% del PIB","Gobierno general","FMI, World Economic Outlook, abril 2025",NA
"Panamá","PAN",2027,"Deuda neta del gobierno general","GGXWDN_NGDP","Proyección propia","ETS",40.2094,"% del PIB","Gobierno general","FMI, World Economic Outlook, abril 2025",NA
"Panamá","PAN",2028,"Deuda neta del gobierno general","GGXWDN_NGDP","Proyección propia","ETS",40.2094,"% del PIB","Gobierno general","FMI, World Economic Outlook, abril 2025",NA
"Panamá","PAN",2029,"Deuda neta del gobierno general","GGXWDN_NGDP","Proyección propia","ETS",40.2094,"% del PIB","Gobierno general","FMI, World Economic Outlook, abril 2025",NA
"Panamá","PAN",2030,"Deuda neta del gobierno general","GGXWDN_NGDP","Proyección propia","ETS",40.2094,"% del PIB","Gobierno general","FMI, World Economic Outlook, abril 2025",NA
"Panamá","PAN",2031,"Deuda neta del gobierno general","GGXWDN_NGDP","Proyección propia","ETS",40.2094,"% del PIB","Gobierno general","FMI, World Economic Outlook, abril 2025",NA
"Panamá","PAN",2032,"Deuda neta del gobierno general","GGXWDN_NGDP","Proyección propia","ETS",40.2094,"% del PIB","Gobierno general","FMI, World Economic Outlook, abril 2025",NA
"Panamá","PAN",2033,"Deuda neta del gobierno general","GGXWDN_NGDP","Proyección propia","ETS",40.2094,"% del PIB","Gobierno general","FMI, World Economic Outlook, abril 2025",NA
"Panamá","PAN",2034,"Deuda neta del gobierno general","GGXWDN_NGDP","Proyección propia","ETS",40.2094,"% del PIB","Gobierno general","FMI, World Economic Outlook, abril 2025",NA
"Brasil","BRA",2000,"Gasto público en pensiones","GFS_PENSIONES","Observado",NA,7.8291,"% del PIB","Gobierno central","CEPAL/FMI-GFS, gasto público por función","Suma de edad avanzada y enfermedad e incapacidad"
"Brasil","BRA",2001,"Gasto público en pensiones","GFS_PENSIONES","Observado",NA,8.2768,"% del PIB","Gobierno central","CEPAL/FMI-GFS, gasto público por función","Suma de edad avanzada y enfermedad e incapacidad"
"Brasil","BRA",2002,"Gasto público en pensiones","GFS_PENSIONES","Observado",NA,8.4132,"% del PIB","Gobierno central","CEPAL/FMI-GFS, gasto público por función","Suma de edad avanzada y enfermedad e incapacidad"
"Brasil","BRA",2003,"Gasto público en pensiones","GFS_PENSIONES","Observado",NA,8.7457,"% del PIB","Gobierno central","CEPAL/FMI-GFS, gasto público por función","Suma de edad avanzada y enfermedad e incapacidad"
"Brasil","BRA",2004,"Gasto público en pensiones","GFS_PENSIONES","Observado",NA,8.7237,"% del PIB","Gobierno central","CEPAL/FMI-GFS, gasto público por función","Suma de edad avanzada y enfermedad e incapacidad"
"Brasil","BRA",2005,"Gasto público en pensiones","GFS_PENSIONES","Observado",NA,8.9971,"% del PIB","Gobierno central","CEPAL/FMI-GFS, gasto público por función","Suma de edad avanzada y enfermedad e incapacidad"
"Brasil","BRA",2006,"Gasto público en pensiones","GFS_PENSIONES","Observado",NA,9.1756,"% del PIB","Gobierno central","CEPAL/FMI-GFS, gasto público por función","Suma de edad avanzada y enfermedad e incapacidad"
"Brasil","BRA",2007,"Gasto público en pensiones","GFS_PENSIONES","Observado",NA,8.9713,"% del PIB","Gobierno central","CEPAL/FMI-GFS, gasto público por función","Suma de edad avanzada y enfermedad e incapacidad"
"Brasil","BRA",2008,"Gasto público en pensiones","GFS_PENSIONES","Observado",NA,8.7036,"% del PIB","Gobierno central","CEPAL/FMI-GFS, gasto público por función","Suma de edad avanzada y enfermedad e incapacidad"
"Brasil","BRA",2009,"Gasto público en pensiones","GFS_PENSIONES","Observado",NA,9.1606,"% del PIB","Gobierno central","CEPAL/FMI-GFS, gasto público por función","Suma de edad avanzada y enfermedad e incapacidad"
"Brasil","BRA",2010,"Gasto público en pensiones","GFS_PENSIONES","Observado",NA,6.5846,"% del PIB","Gobierno central","CEPAL/FMI-GFS, gasto público por función","Suma de edad avanzada y enfermedad e incapacidad"
"Brasil","BRA",2011,"Gasto público en pensiones","GFS_PENSIONES","Observado",NA,6.4731,"% del PIB","Gobierno central","CEPAL/FMI-GFS, gasto público por función","Suma de edad avanzada y enfermedad e incapacidad"
"Brasil","BRA",2012,"Gasto público en pensiones","GFS_PENSIONES","Observado",NA,6.5852,"% del PIB","Gobierno central","CEPAL/FMI-GFS, gasto público por función","Suma de edad avanzada y enfermedad e incapacidad"
"Brasil","BRA",2013,"Gasto público en pensiones","GFS_PENSIONES","Observado",NA,6.7074,"% del PIB","Gobierno central","CEPAL/FMI-GFS, gasto público por función","Suma de edad avanzada y enfermedad e incapacidad"
"Brasil","BRA",2014,"Gasto público en pensiones","GFS_PENSIONES","Observado",NA,6.8795,"% del PIB","Gobierno central","CEPAL/FMI-GFS, gasto público por función","Suma de edad avanzada y enfermedad e incapacidad"
"Brasil","BRA",2015,"Gasto público en pensiones","GFS_PENSIONES","Observado",NA,7.2369,"% del PIB","Gobierno central","CEPAL/FMI-GFS, gasto público por función","Suma de edad avanzada y enfermedad e incapacidad"
"Brasil","BRA",2016,"Gasto público en pensiones","GFS_PENSIONES","Observado",NA,7.9041,"% del PIB","Gobierno central","CEPAL/FMI-GFS, gasto público por función","Suma de edad avanzada y enfermedad e incapacidad"
"Brasil","BRA",2017,"Gasto público en pensiones","GFS_PENSIONES","Observado",NA,8.3937,"% del PIB","Gobierno central","CEPAL/FMI-GFS, gasto público por función","Suma de edad avanzada y enfermedad e incapacidad"
"Brasil","BRA",2018,"Gasto público en pensiones","GFS_PENSIONES","Observado",NA,8.2689,"% del PIB","Gobierno central","CEPAL/FMI-GFS, gasto público por función","Suma de edad avanzada y enfermedad e incapacidad"
"Brasil","BRA",2019,"Gasto público en pensiones","GFS_PENSIONES","Observado",NA,8.3808,"% del PIB","Gobierno central","CEPAL/FMI-GFS, gasto público por función","Suma de edad avanzada y enfermedad e incapacidad"
"Brasil","BRA",2020,"Gasto público en pensiones","GFS_PENSIONES","Observado",NA,8.8274,"% del PIB","Gobierno central","CEPAL/FMI-GFS, gasto público por función","Suma de edad avanzada y enfermedad e incapacidad"
"Brasil","BRA",2021,"Gasto público en pensiones","GFS_PENSIONES","Proyección propia","Holt amortiguado",8.7945,"% del PIB","Gobierno central","CEPAL/FMI-GFS, gasto público por función","Suma de edad avanzada y enfermedad e incapacidad"
"Brasil","BRA",2022,"Gasto público en pensiones","GFS_PENSIONES","Proyección propia","Holt amortiguado",8.7958,"% del PIB","Gobierno central","CEPAL/FMI-GFS, gasto público por función","Suma de edad avanzada y enfermedad e incapacidad"
"Brasil","BRA",2023,"Gasto público en pensiones","GFS_PENSIONES","Proyección propia","Holt amortiguado",8.7968,"% del PIB","Gobierno central","CEPAL/FMI-GFS, gasto público por función","Suma de edad avanzada y enfermedad e incapacidad"
"Brasil","BRA",2024,"Gasto público en pensiones","GFS_PENSIONES","Proyección propia","Holt amortiguado",8.7976,"% del PIB","Gobierno central","CEPAL/FMI-GFS, gasto público por función","Suma de edad avanzada y enfermedad e incapacidad"
"Brasil","BRA",2025,"Gasto público en pensiones","GFS_PENSIONES","Proyección propia","Holt amortiguado",8.7983,"% del PIB","Gobierno central","CEPAL/FMI-GFS, gasto público por función","Suma de edad avanzada y enfermedad e incapacidad"
"Brasil","BRA",2026,"Gasto público en pensiones","GFS_PENSIONES","Proyección propia","Holt amortiguado",8.7988,"% del PIB","Gobierno central","CEPAL/FMI-GFS, gasto público por función","Suma de edad avanzada y enfermedad e incapacidad"
"Brasil","BRA",2027,"Gasto público en pensiones","GFS_PENSIONES","Proyección propia","Holt amortiguado",8.7992,"% del PIB","Gobierno central","CEPAL/FMI-GFS, gasto público por función","Suma de edad avanzada y enfermedad e incapacidad"
"Brasil","BRA",2028,"Gasto público en pensiones","GFS_PENSIONES","Proyección propia","Holt amortiguado",8.7996,"% del PIB","Gobierno central","CEPAL/FMI-GFS, gasto público por función","Suma de edad avanzada y enfermedad e incapacidad"
"Brasil","BRA",2029,"Gasto público en pensiones","GFS_PENSIONES","Proyección propia","Holt amortiguado",8.7999,"% del PIB","Gobierno central","CEPAL/FMI-GFS, gasto público por función","Suma de edad avanzada y enfermedad e incapacidad"
"Brasil","BRA",2030,"Gasto público en pensiones","GFS_PENSIONES","Proyección propia","Holt amortiguado",8.8001,"% del PIB","Gobierno central","CEPAL/FMI-GFS, gasto público por función","Suma de edad avanzada y enfermedad e incapacidad"
"Chile","CHL",1990,"Gasto público en pensiones","GFS_PENSIONES","Observado",NA,6.3852,"% del PIB","Gobierno central","CEPAL/FMI-GFS, gasto público por función","Suma de edad avanzada y enfermedad e incapacidad"
"Chile","CHL",1991,"Gasto público en pensiones","GFS_PENSIONES","Observado",NA,6.3406,"% del PIB","Gobierno central","CEPAL/FMI-GFS, gasto público por función","Suma de edad avanzada y enfermedad e incapacidad"
"Chile","CHL",1992,"Gasto público en pensiones","GFS_PENSIONES","Observado",NA,6.0464,"% del PIB","Gobierno central","CEPAL/FMI-GFS, gasto público por función","Suma de edad avanzada y enfermedad e incapacidad"
"Chile","CHL",1993,"Gasto público en pensiones","GFS_PENSIONES","Observado",NA,6.009,"% del PIB","Gobierno central","CEPAL/FMI-GFS, gasto público por función","Suma de edad avanzada y enfermedad e incapacidad"
"Chile","CHL",1994,"Gasto público en pensiones","GFS_PENSIONES","Observado",NA,5.6549,"% del PIB","Gobierno central","CEPAL/FMI-GFS, gasto público por función","Suma de edad avanzada y enfermedad e incapacidad"
"Chile","CHL",1995,"Gasto público en pensiones","GFS_PENSIONES","Observado",NA,5.2495,"% del PIB","Gobierno central","CEPAL/FMI-GFS, gasto público por función","Suma de edad avanzada y enfermedad e incapacidad"
"Chile","CHL",1996,"Gasto público en pensiones","GFS_PENSIONES","Observado",NA,5.4291,"% del PIB","Gobierno central","CEPAL/FMI-GFS, gasto público por función","Suma de edad avanzada y enfermedad e incapacidad"
"Chile","CHL",1997,"Gasto público en pensiones","GFS_PENSIONES","Observado",NA,5.3033,"% del PIB","Gobierno central","CEPAL/FMI-GFS, gasto público por función","Suma de edad avanzada y enfermedad e incapacidad"
"Chile","CHL",1998,"Gasto público en pensiones","GFS_PENSIONES","Observado",NA,5.5274,"% del PIB","Gobierno central","CEPAL/FMI-GFS, gasto público por función","Suma de edad avanzada y enfermedad e incapacidad"
"Chile","CHL",1999,"Gasto público en pensiones","GFS_PENSIONES","Observado",NA,6.0009,"% del PIB","Gobierno central","CEPAL/FMI-GFS, gasto público por función","Suma de edad avanzada y enfermedad e incapacidad"
"Chile","CHL",2000,"Gasto público en pensiones","GFS_PENSIONES","Observado",NA,5.9527,"% del PIB","Gobierno central","CEPAL/FMI-GFS, gasto público por función","Suma de edad avanzada y enfermedad e incapacidad"
"Chile","CHL",2001,"Gasto público en pensiones","GFS_PENSIONES","Observado",NA,5.8469,"% del PIB","Gobierno central","CEPAL/FMI-GFS, gasto público por función","Suma de edad avanzada y enfermedad e incapacidad"
"Chile","CHL",2002,"Gasto público en pensiones","GFS_PENSIONES","Observado",NA,5.7162,"% del PIB","Gobierno central","CEPAL/FMI-GFS, gasto público por función","Suma de edad avanzada y enfermedad e incapacidad"
"Chile","CHL",2003,"Gasto público en pensiones","GFS_PENSIONES","Observado",NA,5.4946,"% del PIB","Gobierno central","CEPAL/FMI-GFS, gasto público por función","Suma de edad avanzada y enfermedad e incapacidad"
"Chile","CHL",2004,"Gasto público en pensiones","GFS_PENSIONES","Observado",NA,4.9157,"% del PIB","Gobierno central","CEPAL/FMI-GFS, gasto público por función","Suma de edad avanzada y enfermedad e incapacidad"
"Chile","CHL",2005,"Gasto público en pensiones","GFS_PENSIONES","Observado",NA,4.6661,"% del PIB","Gobierno central","CEPAL/FMI-GFS, gasto público por función","Suma de edad avanzada y enfermedad e incapacidad"
"Chile","CHL",2006,"Gasto público en pensiones","GFS_PENSIONES","Observado",NA,4.1659,"% del PIB","Gobierno central","CEPAL/FMI-GFS, gasto público por función","Suma de edad avanzada y enfermedad e incapacidad"
"Chile","CHL",2007,"Gasto público en pensiones","GFS_PENSIONES","Observado",NA,3.9395,"% del PIB","Gobierno central","CEPAL/FMI-GFS, gasto público por función","Suma de edad avanzada y enfermedad e incapacidad"
"Chile","CHL",2008,"Gasto público en pensiones","GFS_PENSIONES","Observado",NA,4.1857,"% del PIB","Gobierno central","CEPAL/FMI-GFS, gasto público por función","Suma de edad avanzada y enfermedad e incapacidad"
"Chile","CHL",2009,"Gasto público en pensiones","GFS_PENSIONES","Observado",NA,4.5567,"% del PIB","Gobierno central","CEPAL/FMI-GFS, gasto público por función","Suma de edad avanzada y enfermedad e incapacidad"
"Chile","CHL",2010,"Gasto público en pensiones","GFS_PENSIONES","Observado",NA,4.258,"% del PIB","Gobierno central","CEPAL/FMI-GFS, gasto público por función","Suma de edad avanzada y enfermedad e incapacidad"
"Chile","CHL",2011,"Gasto público en pensiones","GFS_PENSIONES","Observado",NA,4.0913,"% del PIB","Gobierno central","CEPAL/FMI-GFS, gasto público por función","Suma de edad avanzada y enfermedad e incapacidad"
"Chile","CHL",2012,"Gasto público en pensiones","GFS_PENSIONES","Observado",NA,4.0486,"% del PIB","Gobierno central","CEPAL/FMI-GFS, gasto público por función","Suma de edad avanzada y enfermedad e incapacidad"
"Chile","CHL",2013,"Gasto público en pensiones","GFS_PENSIONES","Observado",NA,3.9411,"% del PIB","Gobierno central","CEPAL/FMI-GFS, gasto público por función","Suma de edad avanzada y enfermedad e incapacidad"
"Chile","CHL",2014,"Gasto público en pensiones","GFS_PENSIONES","Observado",NA,3.8567,"% del PIB","Gobierno central","CEPAL/FMI-GFS, gasto público por función","Suma de edad avanzada y enfermedad e incapacidad"
"Chile","CHL",2015,"Gasto público en pensiones","GFS_PENSIONES","Observado",NA,3.8194,"% del PIB","Gobierno central","CEPAL/FMI-GFS, gasto público por función","Suma de edad avanzada y enfermedad e incapacidad"
"Chile","CHL",2016,"Gasto público en pensiones","GFS_PENSIONES","Observado",NA,3.7543,"% del PIB","Gobierno central","CEPAL/FMI-GFS, gasto público por función","Suma de edad avanzada y enfermedad e incapacidad"
"Chile","CHL",2017,"Gasto público en pensiones","GFS_PENSIONES","Observado",NA,3.762,"% del PIB","Gobierno central","CEPAL/FMI-GFS, gasto público por función","Suma de edad avanzada y enfermedad e incapacidad"
"Chile","CHL",2018,"Gasto público en pensiones","GFS_PENSIONES","Observado",NA,3.6505,"% del PIB","Gobierno central","CEPAL/FMI-GFS, gasto público por función","Suma de edad avanzada y enfermedad e incapacidad"
"Chile","CHL",2019,"Gasto público en pensiones","GFS_PENSIONES","Observado",NA,3.8067,"% del PIB","Gobierno central","CEPAL/FMI-GFS, gasto público por función","Suma de edad avanzada y enfermedad e incapacidad"
"Chile","CHL",2020,"Gasto público en pensiones","GFS_PENSIONES","Observado",NA,4.1679,"% del PIB","Gobierno central","CEPAL/FMI-GFS, gasto público por función","Suma de edad avanzada y enfermedad e incapacidad"
"Chile","CHL",2021,"Gasto público en pensiones","GFS_PENSIONES","Proyección propia","ETS",4.1679,"% del PIB","Gobierno central","CEPAL/FMI-GFS, gasto público por función","Suma de edad avanzada y enfermedad e incapacidad"
"Chile","CHL",2022,"Gasto público en pensiones","GFS_PENSIONES","Proyección propia","ETS",4.1679,"% del PIB","Gobierno central","CEPAL/FMI-GFS, gasto público por función","Suma de edad avanzada y enfermedad e incapacidad"
"Chile","CHL",2023,"Gasto público en pensiones","GFS_PENSIONES","Proyección propia","ETS",4.1679,"% del PIB","Gobierno central","CEPAL/FMI-GFS, gasto público por función","Suma de edad avanzada y enfermedad e incapacidad"
"Chile","CHL",2024,"Gasto público en pensiones","GFS_PENSIONES","Proyección propia","ETS",4.1679,"% del PIB","Gobierno central","CEPAL/FMI-GFS, gasto público por función","Suma de edad avanzada y enfermedad e incapacidad"
"Chile","CHL",2025,"Gasto público en pensiones","GFS_PENSIONES","Proyección propia","ETS",4.1679,"% del PIB","Gobierno central","CEPAL/FMI-GFS, gasto público por función","Suma de edad avanzada y enfermedad e incapacidad"
"Chile","CHL",2026,"Gasto público en pensiones","GFS_PENSIONES","Proyección propia","ETS",4.1679,"% del PIB","Gobierno central","CEPAL/FMI-GFS, gasto público por función","Suma de edad avanzada y enfermedad e incapacidad"
"Chile","CHL",2027,"Gasto público en pensiones","GFS_PENSIONES","Proyección propia","ETS",4.1679,"% del PIB","Gobierno central","CEPAL/FMI-GFS, gasto público por función","Suma de edad avanzada y enfermedad e incapacidad"
"Chile","CHL",2028,"Gasto público en pensiones","GFS_PENSIONES","Proyección propia","ETS",4.1679,"% del PIB","Gobierno central","CEPAL/FMI-GFS, gasto público por función","Suma de edad avanzada y enfermedad e incapacidad"
"Chile","CHL",2029,"Gasto público en pensiones","GFS_PENSIONES","Proyección propia","ETS",4.1679,"% del PIB","Gobierno central","CEPAL/FMI-GFS, gasto público por función","Suma de edad avanzada y enfermedad e incapacidad"
"Chile","CHL",2030,"Gasto público en pensiones","GFS_PENSIONES","Proyección propia","ETS",4.1679,"% del PIB","Gobierno central","CEPAL/FMI-GFS, gasto público por función","Suma de edad avanzada y enfermedad e incapacidad"
"Colombia","COL",2006,"Gasto público en pensiones","GFS_PENSIONES","Observado",NA,4.142,"% del PIB","Gobierno central","CEPAL/FMI-GFS, gasto público por función","Suma de edad avanzada y enfermedad e incapacidad"
"Colombia","COL",2007,"Gasto público en pensiones","GFS_PENSIONES","Observado",NA,4.2089,"% del PIB","Gobierno central","CEPAL/FMI-GFS, gasto público por función","Suma de edad avanzada y enfermedad e incapacidad"
"Colombia","COL",2008,"Gasto público en pensiones","GFS_PENSIONES","Observado",NA,4.3188,"% del PIB","Gobierno central","CEPAL/FMI-GFS, gasto público por función","Suma de edad avanzada y enfermedad e incapacidad"
"Colombia","COL",2009,"Gasto público en pensiones","GFS_PENSIONES","Observado",NA,4.6566,"% del PIB","Gobierno central","CEPAL/FMI-GFS, gasto público por función","Suma de edad avanzada y enfermedad e incapacidad"
"Colombia","COL",2010,"Gasto público en pensiones","GFS_PENSIONES","Observado",NA,4.4207,"% del PIB","Gobierno central","CEPAL/FMI-GFS, gasto público por función","Suma de edad avanzada y enfermedad e incapacidad"
"Colombia","COL",2011,"Gasto público en pensiones","GFS_PENSIONES","Observado",NA,4.2197,"% del PIB","Gobierno central","CEPAL/FMI-GFS, gasto público por función","Suma de edad avanzada y enfermedad e incapacidad"
"Colombia","COL",2012,"Gasto público en pensiones","GFS_PENSIONES","Observado",NA,4.4768,"% del PIB","Gobierno central","CEPAL/FMI-GFS, gasto público por función","Suma de edad avanzada y enfermedad e incapacidad"
"Colombia","COL",2013,"Gasto público en pensiones","GFS_PENSIONES","Observado",NA,4.3029,"% del PIB","Gobierno central","CEPAL/FMI-GFS, gasto público por función","Suma de edad avanzada y enfermedad e incapacidad"
"Colombia","COL",2014,"Gasto público en pensiones","GFS_PENSIONES","Observado",NA,4.5984,"% del PIB","Gobierno central","CEPAL/FMI-GFS, gasto público por función","Suma de edad avanzada y enfermedad e incapacidad"
"Colombia","COL",2015,"Gasto público en pensiones","GFS_PENSIONES","Observado",NA,4.1043,"% del PIB","Gobierno central","CEPAL/FMI-GFS, gasto público por función","Suma de edad avanzada y enfermedad e incapacidad"
"Colombia","COL",2016,"Gasto público en pensiones","GFS_PENSIONES","Observado",NA,4.0123,"% del PIB","Gobierno central","CEPAL/FMI-GFS, gasto público por función","Suma de edad avanzada y enfermedad e incapacidad"
"Colombia","COL",2017,"Gasto público en pensiones","GFS_PENSIONES","Observado",NA,4.1429,"% del PIB","Gobierno central","CEPAL/FMI-GFS, gasto público por función","Suma de edad avanzada y enfermedad e incapacidad"
"Colombia","COL",2018,"Gasto público en pensiones","GFS_PENSIONES","Observado",NA,3.9339,"% del PIB","Gobierno central","CEPAL/FMI-GFS, gasto público por función","Suma de edad avanzada y enfermedad e incapacidad"
"Colombia","COL",2019,"Gasto público en pensiones","GFS_PENSIONES","Observado",NA,3.747,"% del PIB","Gobierno central","CEPAL/FMI-GFS, gasto público por función","Suma de edad avanzada y enfermedad e incapacidad"
"Colombia","COL",2020,"Gasto público en pensiones","GFS_PENSIONES","Proyección propia","ARIMA",3.747,"% del PIB","Gobierno central","CEPAL/FMI-GFS, gasto público por función","Suma de edad avanzada y enfermedad e incapacidad"
"Colombia","COL",2021,"Gasto público en pensiones","GFS_PENSIONES","Proyección propia","ARIMA",3.747,"% del PIB","Gobierno central","CEPAL/FMI-GFS, gasto público por función","Suma de edad avanzada y enfermedad e incapacidad"
"Colombia","COL",2022,"Gasto público en pensiones","GFS_PENSIONES","Proyección propia","ARIMA",3.747,"% del PIB","Gobierno central","CEPAL/FMI-GFS, gasto público por función","Suma de edad avanzada y enfermedad e incapacidad"
"Colombia","COL",2023,"Gasto público en pensiones","GFS_PENSIONES","Proyección propia","ARIMA",3.747,"% del PIB","Gobierno central","CEPAL/FMI-GFS, gasto público por función","Suma de edad avanzada y enfermedad e incapacidad"
"Colombia","COL",2024,"Gasto público en pensiones","GFS_PENSIONES","Proyección propia","ARIMA",3.747,"% del PIB","Gobierno central","CEPAL/FMI-GFS, gasto público por función","Suma de edad avanzada y enfermedad e incapacidad"
"Colombia","COL",2025,"Gasto público en pensiones","GFS_PENSIONES","Proyección propia","ARIMA",3.747,"% del PIB","Gobierno central","CEPAL/FMI-GFS, gasto público por función","Suma de edad avanzada y enfermedad e incapacidad"
"Colombia","COL",2026,"Gasto público en pensiones","GFS_PENSIONES","Proyección propia","ARIMA",3.747,"% del PIB","Gobierno central","CEPAL/FMI-GFS, gasto público por función","Suma de edad avanzada y enfermedad e incapacidad"
"Colombia","COL",2027,"Gasto público en pensiones","GFS_PENSIONES","Proyección propia","ARIMA",3.747,"% del PIB","Gobierno central","CEPAL/FMI-GFS, gasto público por función","Suma de edad avanzada y enfermedad e incapacidad"
"Colombia","COL",2028,"Gasto público en pensiones","GFS_PENSIONES","Proyección propia","ARIMA",3.747,"% del PIB","Gobierno central","CEPAL/FMI-GFS, gasto público por función","Suma de edad avanzada y enfermedad e incapacidad"
"Colombia","COL",2029,"Gasto público en pensiones","GFS_PENSIONES","Proyección propia","ARIMA",3.747,"% del PIB","Gobierno central","CEPAL/FMI-GFS, gasto público por función","Suma de edad avanzada y enfermedad e incapacidad"
"Costa Rica","CRI",2006,"Gasto público en pensiones","GFS_PENSIONES","Observado",NA,2.4337,"% del PIB","Gobierno central","CEPAL/FMI-GFS, gasto público por función","Sólo edad avanzada; cota inferior del gasto en pensiones. Excluye seguridad social autónoma; subestima el gasto efectivo"
"Costa Rica","CRI",2007,"Gasto público en pensiones","GFS_PENSIONES","Observado",NA,2.6937,"% del PIB","Gobierno central","CEPAL/FMI-GFS, gasto público por función","Sólo edad avanzada; cota inferior del gasto en pensiones. Excluye seguridad social autónoma; subestima el gasto efectivo"
"Costa Rica","CRI",2008,"Gasto público en pensiones","GFS_PENSIONES","Observado",NA,2.7202,"% del PIB","Gobierno central","CEPAL/FMI-GFS, gasto público por función","Sólo edad avanzada; cota inferior del gasto en pensiones. Excluye seguridad social autónoma; subestima el gasto efectivo"
"Costa Rica","CRI",2009,"Gasto público en pensiones","GFS_PENSIONES","Observado",NA,2.9845,"% del PIB","Gobierno central","CEPAL/FMI-GFS, gasto público por función","Sólo edad avanzada; cota inferior del gasto en pensiones. Excluye seguridad social autónoma; subestima el gasto efectivo"
"Costa Rica","CRI",2010,"Gasto público en pensiones","GFS_PENSIONES","Observado",NA,2.9605,"% del PIB","Gobierno central","CEPAL/FMI-GFS, gasto público por función","Sólo edad avanzada; cota inferior del gasto en pensiones. Excluye seguridad social autónoma; subestima el gasto efectivo"
"Costa Rica","CRI",2011,"Gasto público en pensiones","GFS_PENSIONES","Observado",NA,2.9735,"% del PIB","Gobierno central","CEPAL/FMI-GFS, gasto público por función","Sólo edad avanzada; cota inferior del gasto en pensiones. Excluye seguridad social autónoma; subestima el gasto efectivo"
"Costa Rica","CRI",2012,"Gasto público en pensiones","GFS_PENSIONES","Observado",NA,2.9509,"% del PIB","Gobierno central","CEPAL/FMI-GFS, gasto público por función","Sólo edad avanzada; cota inferior del gasto en pensiones. Excluye seguridad social autónoma; subestima el gasto efectivo"
"Costa Rica","CRI",2013,"Gasto público en pensiones","GFS_PENSIONES","Observado",NA,2.9206,"% del PIB","Gobierno central","CEPAL/FMI-GFS, gasto público por función","Sólo edad avanzada; cota inferior del gasto en pensiones. Excluye seguridad social autónoma; subestima el gasto efectivo"
"Costa Rica","CRI",2014,"Gasto público en pensiones","GFS_PENSIONES","Observado",NA,2.8462,"% del PIB","Gobierno central","CEPAL/FMI-GFS, gasto público por función","Sólo edad avanzada; cota inferior del gasto en pensiones. Excluye seguridad social autónoma; subestima el gasto efectivo"
"Costa Rica","CRI",2015,"Gasto público en pensiones","GFS_PENSIONES","Observado",NA,2.9355,"% del PIB","Gobierno central","CEPAL/FMI-GFS, gasto público por función","Sólo edad avanzada; cota inferior del gasto en pensiones. Excluye seguridad social autónoma; subestima el gasto efectivo"
"Costa Rica","CRI",2016,"Gasto público en pensiones","GFS_PENSIONES","Observado",NA,2.8918,"% del PIB","Gobierno central","CEPAL/FMI-GFS, gasto público por función","Sólo edad avanzada; cota inferior del gasto en pensiones. Excluye seguridad social autónoma; subestima el gasto efectivo"
"Costa Rica","CRI",2017,"Gasto público en pensiones","GFS_PENSIONES","Observado",NA,2.8324,"% del PIB","Gobierno central","CEPAL/FMI-GFS, gasto público por función","Sólo edad avanzada; cota inferior del gasto en pensiones. Excluye seguridad social autónoma; subestima el gasto efectivo"
"Costa Rica","CRI",2018,"Gasto público en pensiones","GFS_PENSIONES","Observado",NA,2.8684,"% del PIB","Gobierno central","CEPAL/FMI-GFS, gasto público por función","Sólo edad avanzada; cota inferior del gasto en pensiones. Excluye seguridad social autónoma; subestima el gasto efectivo"
"Costa Rica","CRI",2019,"Gasto público en pensiones","GFS_PENSIONES","Observado",NA,3.0912,"% del PIB","Gobierno central","CEPAL/FMI-GFS, gasto público por función","Sólo edad avanzada; cota inferior del gasto en pensiones. Excluye seguridad social autónoma; subestima el gasto efectivo"
"Costa Rica","CRI",2020,"Gasto público en pensiones","GFS_PENSIONES","Observado",NA,3.064,"% del PIB","Gobierno central","CEPAL/FMI-GFS, gasto público por función","Sólo edad avanzada; cota inferior del gasto en pensiones. Excluye seguridad social autónoma; subestima el gasto efectivo"
"Costa Rica","CRI",2021,"Gasto público en pensiones","GFS_PENSIONES","Proyección propia","Holt amortiguado",3.0684,"% del PIB","Gobierno central","CEPAL/FMI-GFS, gasto público por función","Sólo edad avanzada; cota inferior del gasto en pensiones. Excluye seguridad social autónoma; subestima el gasto efectivo"
"Costa Rica","CRI",2022,"Gasto público en pensiones","GFS_PENSIONES","Proyección propia","Holt amortiguado",3.0742,"% del PIB","Gobierno central","CEPAL/FMI-GFS, gasto público por función","Sólo edad avanzada; cota inferior del gasto en pensiones. Excluye seguridad social autónoma; subestima el gasto efectivo"
"Costa Rica","CRI",2023,"Gasto público en pensiones","GFS_PENSIONES","Proyección propia","Holt amortiguado",3.0789,"% del PIB","Gobierno central","CEPAL/FMI-GFS, gasto público por función","Sólo edad avanzada; cota inferior del gasto en pensiones. Excluye seguridad social autónoma; subestima el gasto efectivo"
"Costa Rica","CRI",2024,"Gasto público en pensiones","GFS_PENSIONES","Proyección propia","Holt amortiguado",3.0825,"% del PIB","Gobierno central","CEPAL/FMI-GFS, gasto público por función","Sólo edad avanzada; cota inferior del gasto en pensiones. Excluye seguridad social autónoma; subestima el gasto efectivo"
"Costa Rica","CRI",2025,"Gasto público en pensiones","GFS_PENSIONES","Proyección propia","Holt amortiguado",3.0855,"% del PIB","Gobierno central","CEPAL/FMI-GFS, gasto público por función","Sólo edad avanzada; cota inferior del gasto en pensiones. Excluye seguridad social autónoma; subestima el gasto efectivo"
"Costa Rica","CRI",2026,"Gasto público en pensiones","GFS_PENSIONES","Proyección propia","Holt amortiguado",3.0879,"% del PIB","Gobierno central","CEPAL/FMI-GFS, gasto público por función","Sólo edad avanzada; cota inferior del gasto en pensiones. Excluye seguridad social autónoma; subestima el gasto efectivo"
"Costa Rica","CRI",2027,"Gasto público en pensiones","GFS_PENSIONES","Proyección propia","Holt amortiguado",3.0897,"% del PIB","Gobierno central","CEPAL/FMI-GFS, gasto público por función","Sólo edad avanzada; cota inferior del gasto en pensiones. Excluye seguridad social autónoma; subestima el gasto efectivo"
"Costa Rica","CRI",2028,"Gasto público en pensiones","GFS_PENSIONES","Proyección propia","Holt amortiguado",3.0912,"% del PIB","Gobierno central","CEPAL/FMI-GFS, gasto público por función","Sólo edad avanzada; cota inferior del gasto en pensiones. Excluye seguridad social autónoma; subestima el gasto efectivo"
"Costa Rica","CRI",2029,"Gasto público en pensiones","GFS_PENSIONES","Proyección propia","Holt amortiguado",3.0925,"% del PIB","Gobierno central","CEPAL/FMI-GFS, gasto público por función","Sólo edad avanzada; cota inferior del gasto en pensiones. Excluye seguridad social autónoma; subestima el gasto efectivo"
"Costa Rica","CRI",2030,"Gasto público en pensiones","GFS_PENSIONES","Proyección propia","Holt amortiguado",3.0934,"% del PIB","Gobierno central","CEPAL/FMI-GFS, gasto público por función","Sólo edad avanzada; cota inferior del gasto en pensiones. Excluye seguridad social autónoma; subestima el gasto efectivo"
"México","MEX",1999,"Gasto público en pensiones","GFS_PENSIONES","Observado",NA,0.1496,"% del PIB","Gobierno central","CEPAL/FMI-GFS, gasto público por función","Sólo edad avanzada; cota inferior del gasto en pensiones. Excluye seguridad social autónoma; subestima el gasto efectivo"
"México","MEX",2000,"Gasto público en pensiones","GFS_PENSIONES","Observado",NA,0.2496,"% del PIB","Gobierno central","CEPAL/FMI-GFS, gasto público por función","Sólo edad avanzada; cota inferior del gasto en pensiones. Excluye seguridad social autónoma; subestima el gasto efectivo"
"México","MEX",2001,"Gasto público en pensiones","GFS_PENSIONES","Observado",NA,0.1702,"% del PIB","Gobierno central","CEPAL/FMI-GFS, gasto público por función","Sólo edad avanzada; cota inferior del gasto en pensiones. Excluye seguridad social autónoma; subestima el gasto efectivo"
"México","MEX",2002,"Gasto público en pensiones","GFS_PENSIONES","Observado",NA,0.1655,"% del PIB","Gobierno central","CEPAL/FMI-GFS, gasto público por función","Sólo edad avanzada; cota inferior del gasto en pensiones. Excluye seguridad social autónoma; subestima el gasto efectivo"
"México","MEX",2003,"Gasto público en pensiones","GFS_PENSIONES","Observado",NA,1.0665,"% del PIB","Gobierno central","CEPAL/FMI-GFS, gasto público por función","Sólo edad avanzada; cota inferior del gasto en pensiones. Excluye seguridad social autónoma; subestima el gasto efectivo"
"México","MEX",2004,"Gasto público en pensiones","GFS_PENSIONES","Observado",NA,1.0268,"% del PIB","Gobierno central","CEPAL/FMI-GFS, gasto público por función","Sólo edad avanzada; cota inferior del gasto en pensiones. Excluye seguridad social autónoma; subestima el gasto efectivo"
"México","MEX",2005,"Gasto público en pensiones","GFS_PENSIONES","Observado",NA,1.1069,"% del PIB","Gobierno central","CEPAL/FMI-GFS, gasto público por función","Sólo edad avanzada; cota inferior del gasto en pensiones. Excluye seguridad social autónoma; subestima el gasto efectivo"
"México","MEX",2006,"Gasto público en pensiones","GFS_PENSIONES","Observado",NA,1.1428,"% del PIB","Gobierno central","CEPAL/FMI-GFS, gasto público por función","Sólo edad avanzada; cota inferior del gasto en pensiones. Excluye seguridad social autónoma; subestima el gasto efectivo"
"México","MEX",2007,"Gasto público en pensiones","GFS_PENSIONES","Observado",NA,1.4812,"% del PIB","Gobierno central","CEPAL/FMI-GFS, gasto público por función","Sólo edad avanzada; cota inferior del gasto en pensiones. Excluye seguridad social autónoma; subestima el gasto efectivo"
"México","MEX",2008,"Gasto público en pensiones","GFS_PENSIONES","Observado",NA,1.2818,"% del PIB","Gobierno central","CEPAL/FMI-GFS, gasto público por función","Sólo edad avanzada; cota inferior del gasto en pensiones. Excluye seguridad social autónoma; subestima el gasto efectivo"
"México","MEX",2009,"Gasto público en pensiones","GFS_PENSIONES","Observado",NA,1.6105,"% del PIB","Gobierno central","CEPAL/FMI-GFS, gasto público por función","Sólo edad avanzada; cota inferior del gasto en pensiones. Excluye seguridad social autónoma; subestima el gasto efectivo"
"México","MEX",2010,"Gasto público en pensiones","GFS_PENSIONES","Observado",NA,1.8042,"% del PIB","Gobierno central","CEPAL/FMI-GFS, gasto público por función","Sólo edad avanzada; cota inferior del gasto en pensiones. Excluye seguridad social autónoma; subestima el gasto efectivo"
"México","MEX",2011,"Gasto público en pensiones","GFS_PENSIONES","Observado",NA,1.8547,"% del PIB","Gobierno central","CEPAL/FMI-GFS, gasto público por función","Sólo edad avanzada; cota inferior del gasto en pensiones. Excluye seguridad social autónoma; subestima el gasto efectivo"
"México","MEX",2012,"Gasto público en pensiones","GFS_PENSIONES","Observado",NA,1.9095,"% del PIB","Gobierno central","CEPAL/FMI-GFS, gasto público por función","Sólo edad avanzada; cota inferior del gasto en pensiones. Excluye seguridad social autónoma; subestima el gasto efectivo"
"México","MEX",2013,"Gasto público en pensiones","GFS_PENSIONES","Observado",NA,2.0278,"% del PIB","Gobierno central","CEPAL/FMI-GFS, gasto público por función","Sólo edad avanzada; cota inferior del gasto en pensiones. Excluye seguridad social autónoma; subestima el gasto efectivo"
"México","MEX",2014,"Gasto público en pensiones","GFS_PENSIONES","Observado",NA,2.1229,"% del PIB","Gobierno central","CEPAL/FMI-GFS, gasto público por función","Sólo edad avanzada; cota inferior del gasto en pensiones. Excluye seguridad social autónoma; subestima el gasto efectivo"
"México","MEX",2015,"Gasto público en pensiones","GFS_PENSIONES","Observado",NA,2.2161,"% del PIB","Gobierno central","CEPAL/FMI-GFS, gasto público por función","Sólo edad avanzada; cota inferior del gasto en pensiones. Excluye seguridad social autónoma; subestima el gasto efectivo"
"México","MEX",2016,"Gasto público en pensiones","GFS_PENSIONES","Observado",NA,2.2728,"% del PIB","Gobierno central","CEPAL/FMI-GFS, gasto público por función","Sólo edad avanzada; cota inferior del gasto en pensiones. Excluye seguridad social autónoma; subestima el gasto efectivo"
"México","MEX",2017,"Gasto público en pensiones","GFS_PENSIONES","Observado",NA,2.3035,"% del PIB","Gobierno central","CEPAL/FMI-GFS, gasto público por función","Sólo edad avanzada; cota inferior del gasto en pensiones. Excluye seguridad social autónoma; subestima el gasto efectivo"
"México","MEX",2018,"Gasto público en pensiones","GFS_PENSIONES","Observado",NA,2.433,"% del PIB","Gobierno central","CEPAL/FMI-GFS, gasto público por función","Sólo edad avanzada; cota inferior del gasto en pensiones. Excluye seguridad social autónoma; subestima el gasto efectivo"
"México","MEX",2019,"Gasto público en pensiones","GFS_PENSIONES","Observado",NA,2.6166,"% del PIB","Gobierno central","CEPAL/FMI-GFS, gasto público por función","Sólo edad avanzada; cota inferior del gasto en pensiones. Excluye seguridad social autónoma; subestima el gasto efectivo"
"México","MEX",2020,"Gasto público en pensiones","GFS_PENSIONES","Observado",NA,3.0101,"% del PIB","Gobierno central","CEPAL/FMI-GFS, gasto público por función","Sólo edad avanzada; cota inferior del gasto en pensiones. Excluye seguridad social autónoma; subestima el gasto efectivo"
"México","MEX",2021,"Gasto público en pensiones","GFS_PENSIONES","Proyección propia","ARIMA",3.2152,"% del PIB","Gobierno central","CEPAL/FMI-GFS, gasto público por función","Sólo edad avanzada; cota inferior del gasto en pensiones. Excluye seguridad social autónoma; subestima el gasto efectivo"
"México","MEX",2022,"Gasto público en pensiones","GFS_PENSIONES","Proyección propia","ARIMA",3.4258,"% del PIB","Gobierno central","CEPAL/FMI-GFS, gasto público por función","Sólo edad avanzada; cota inferior del gasto en pensiones. Excluye seguridad social autónoma; subestima el gasto efectivo"
"México","MEX",2023,"Gasto público en pensiones","GFS_PENSIONES","Proyección propia","ARIMA",3.642,"% del PIB","Gobierno central","CEPAL/FMI-GFS, gasto público por función","Sólo edad avanzada; cota inferior del gasto en pensiones. Excluye seguridad social autónoma; subestima el gasto efectivo"
"México","MEX",2024,"Gasto público en pensiones","GFS_PENSIONES","Proyección propia","ARIMA",3.8636,"% del PIB","Gobierno central","CEPAL/FMI-GFS, gasto público por función","Sólo edad avanzada; cota inferior del gasto en pensiones. Excluye seguridad social autónoma; subestima el gasto efectivo"
"México","MEX",2025,"Gasto público en pensiones","GFS_PENSIONES","Proyección propia","ARIMA",4.0905,"% del PIB","Gobierno central","CEPAL/FMI-GFS, gasto público por función","Sólo edad avanzada; cota inferior del gasto en pensiones. Excluye seguridad social autónoma; subestima el gasto efectivo"
"México","MEX",2026,"Gasto público en pensiones","GFS_PENSIONES","Proyección propia","ARIMA",4.3228,"% del PIB","Gobierno central","CEPAL/FMI-GFS, gasto público por función","Sólo edad avanzada; cota inferior del gasto en pensiones. Excluye seguridad social autónoma; subestima el gasto efectivo"
"México","MEX",2027,"Gasto público en pensiones","GFS_PENSIONES","Proyección propia","ARIMA",4.5604,"% del PIB","Gobierno central","CEPAL/FMI-GFS, gasto público por función","Sólo edad avanzada; cota inferior del gasto en pensiones. Excluye seguridad social autónoma; subestima el gasto efectivo"
"México","MEX",2028,"Gasto público en pensiones","GFS_PENSIONES","Proyección propia","ARIMA",4.8032,"% del PIB","Gobierno central","CEPAL/FMI-GFS, gasto público por función","Sólo edad avanzada; cota inferior del gasto en pensiones. Excluye seguridad social autónoma; subestima el gasto efectivo"
"México","MEX",2029,"Gasto público en pensiones","GFS_PENSIONES","Proyección propia","ARIMA",5.0512,"% del PIB","Gobierno central","CEPAL/FMI-GFS, gasto público por función","Sólo edad avanzada; cota inferior del gasto en pensiones. Excluye seguridad social autónoma; subestima el gasto efectivo"
"México","MEX",2030,"Gasto público en pensiones","GFS_PENSIONES","Proyección propia","ARIMA",5.3043,"% del PIB","Gobierno central","CEPAL/FMI-GFS, gasto público por función","Sólo edad avanzada; cota inferior del gasto en pensiones. Excluye seguridad social autónoma; subestima el gasto efectivo"
"Panamá","PAN",2004,"Gasto público en pensiones","GFS_PENSIONES","Observado",NA,0.0094,"% del PIB","Gobierno central","CEPAL/FMI-GFS, gasto público por función","Sólo edad avanzada; cota inferior del gasto en pensiones. Excluye seguridad social autónoma; subestima el gasto efectivo"
"Panamá","PAN",2005,"Gasto público en pensiones","GFS_PENSIONES","Observado",NA,0.1984,"% del PIB","Gobierno central","CEPAL/FMI-GFS, gasto público por función","Sólo edad avanzada; cota inferior del gasto en pensiones. Excluye seguridad social autónoma; subestima el gasto efectivo"
"Panamá","PAN",2006,"Gasto público en pensiones","GFS_PENSIONES","Observado",NA,0.1926,"% del PIB","Gobierno central","CEPAL/FMI-GFS, gasto público por función","Sólo edad avanzada; cota inferior del gasto en pensiones. Excluye seguridad social autónoma; subestima el gasto efectivo"
"Panamá","PAN",2007,"Gasto público en pensiones","GFS_PENSIONES","Observado",NA,0.2112,"% del PIB","Gobierno central","CEPAL/FMI-GFS, gasto público por función","Sólo edad avanzada; cota inferior del gasto en pensiones. Excluye seguridad social autónoma; subestima el gasto efectivo"
"Panamá","PAN",2008,"Gasto público en pensiones","GFS_PENSIONES","Observado",NA,0.3324,"% del PIB","Gobierno central","CEPAL/FMI-GFS, gasto público por función","Sólo edad avanzada; cota inferior del gasto en pensiones. Excluye seguridad social autónoma; subestima el gasto efectivo"
"Panamá","PAN",2009,"Gasto público en pensiones","GFS_PENSIONES","Observado",NA,0.4589,"% del PIB","Gobierno central","CEPAL/FMI-GFS, gasto público por función","Sólo edad avanzada; cota inferior del gasto en pensiones. Excluye seguridad social autónoma; subestima el gasto efectivo"
"Panamá","PAN",2010,"Gasto público en pensiones","GFS_PENSIONES","Observado",NA,0.4122,"% del PIB","Gobierno central","CEPAL/FMI-GFS, gasto público por función","Sólo edad avanzada; cota inferior del gasto en pensiones. Excluye seguridad social autónoma; subestima el gasto efectivo"
"Panamá","PAN",2011,"Gasto público en pensiones","GFS_PENSIONES","Observado",NA,0.5233,"% del PIB","Gobierno central","CEPAL/FMI-GFS, gasto público por función","Sólo edad avanzada; cota inferior del gasto en pensiones. Excluye seguridad social autónoma; subestima el gasto efectivo"
"Panamá","PAN",2012,"Gasto público en pensiones","GFS_PENSIONES","Observado",NA,0.5721,"% del PIB","Gobierno central","CEPAL/FMI-GFS, gasto público por función","Sólo edad avanzada; cota inferior del gasto en pensiones. Excluye seguridad social autónoma; subestima el gasto efectivo"
"Panamá","PAN",2013,"Gasto público en pensiones","GFS_PENSIONES","Observado",NA,0.5345,"% del PIB","Gobierno central","CEPAL/FMI-GFS, gasto público por función","Sólo edad avanzada; cota inferior del gasto en pensiones. Excluye seguridad social autónoma; subestima el gasto efectivo"
"Panamá","PAN",2014,"Gasto público en pensiones","GFS_PENSIONES","Observado",NA,0.4793,"% del PIB","Gobierno central","CEPAL/FMI-GFS, gasto público por función","Sólo edad avanzada; cota inferior del gasto en pensiones. Excluye seguridad social autónoma; subestima el gasto efectivo"
"Panamá","PAN",2015,"Gasto público en pensiones","GFS_PENSIONES","Observado",NA,0.4433,"% del PIB","Gobierno central","CEPAL/FMI-GFS, gasto público por función","Sólo edad avanzada; cota inferior del gasto en pensiones. Excluye seguridad social autónoma; subestima el gasto efectivo"
"Panamá","PAN",2016,"Gasto público en pensiones","GFS_PENSIONES","Observado",NA,0.469,"% del PIB","Gobierno central","CEPAL/FMI-GFS, gasto público por función","Sólo edad avanzada; cota inferior del gasto en pensiones. Excluye seguridad social autónoma; subestima el gasto efectivo"
"Panamá","PAN",2017,"Gasto público en pensiones","GFS_PENSIONES","Observado",NA,0.501,"% del PIB","Gobierno central","CEPAL/FMI-GFS, gasto público por función","Sólo edad avanzada; cota inferior del gasto en pensiones. Excluye seguridad social autónoma; subestima el gasto efectivo"
"Panamá","PAN",2018,"Gasto público en pensiones","GFS_PENSIONES","Proyección propia","ETS",0.501,"% del PIB","Gobierno central","CEPAL/FMI-GFS, gasto público por función","Sólo edad avanzada; cota inferior del gasto en pensiones. Excluye seguridad social autónoma; subestima el gasto efectivo"
"Panamá","PAN",2019,"Gasto público en pensiones","GFS_PENSIONES","Proyección propia","ETS",0.501,"% del PIB","Gobierno central","CEPAL/FMI-GFS, gasto público por función","Sólo edad avanzada; cota inferior del gasto en pensiones. Excluye seguridad social autónoma; subestima el gasto efectivo"
"Panamá","PAN",2020,"Gasto público en pensiones","GFS_PENSIONES","Proyección propia","ETS",0.501,"% del PIB","Gobierno central","CEPAL/FMI-GFS, gasto público por función","Sólo edad avanzada; cota inferior del gasto en pensiones. Excluye seguridad social autónoma; subestima el gasto efectivo"
"Panamá","PAN",2021,"Gasto público en pensiones","GFS_PENSIONES","Proyección propia","ETS",0.501,"% del PIB","Gobierno central","CEPAL/FMI-GFS, gasto público por función","Sólo edad avanzada; cota inferior del gasto en pensiones. Excluye seguridad social autónoma; subestima el gasto efectivo"
"Panamá","PAN",2022,"Gasto público en pensiones","GFS_PENSIONES","Proyección propia","ETS",0.501,"% del PIB","Gobierno central","CEPAL/FMI-GFS, gasto público por función","Sólo edad avanzada; cota inferior del gasto en pensiones. Excluye seguridad social autónoma; subestima el gasto efectivo"
"Panamá","PAN",2023,"Gasto público en pensiones","GFS_PENSIONES","Proyección propia","ETS",0.501,"% del PIB","Gobierno central","CEPAL/FMI-GFS, gasto público por función","Sólo edad avanzada; cota inferior del gasto en pensiones. Excluye seguridad social autónoma; subestima el gasto efectivo"
"Panamá","PAN",2024,"Gasto público en pensiones","GFS_PENSIONES","Proyección propia","ETS",0.501,"% del PIB","Gobierno central","CEPAL/FMI-GFS, gasto público por función","Sólo edad avanzada; cota inferior del gasto en pensiones. Excluye seguridad social autónoma; subestima el gasto efectivo"
"Panamá","PAN",2025,"Gasto público en pensiones","GFS_PENSIONES","Proyección propia","ETS",0.501,"% del PIB","Gobierno central","CEPAL/FMI-GFS, gasto público por función","Sólo edad avanzada; cota inferior del gasto en pensiones. Excluye seguridad social autónoma; subestima el gasto efectivo"
"Panamá","PAN",2026,"Gasto público en pensiones","GFS_PENSIONES","Proyección propia","ETS",0.501,"% del PIB","Gobierno central","CEPAL/FMI-GFS, gasto público por función","Sólo edad avanzada; cota inferior del gasto en pensiones. Excluye seguridad social autónoma; subestima el gasto efectivo"
"Panamá","PAN",2027,"Gasto público en pensiones","GFS_PENSIONES","Proyección propia","ETS",0.501,"% del PIB","Gobierno central","CEPAL/FMI-GFS, gasto público por función","Sólo edad avanzada; cota inferior del gasto en pensiones. Excluye seguridad social autónoma; subestima el gasto efectivo"
"Brasil","BRA",1990,"Gasto público en salud","GFS_SALUD","Observado",NA,2.1136,"% del PIB","Gobierno central","CEPAL/FMI-GFS, gasto público por función",NA
"Brasil","BRA",1991,"Gasto público en salud","GFS_SALUD","Observado",NA,1.5514,"% del PIB","Gobierno central","CEPAL/FMI-GFS, gasto público por función",NA
"Brasil","BRA",1992,"Gasto público en salud","GFS_SALUD","Observado",NA,1.3764,"% del PIB","Gobierno central","CEPAL/FMI-GFS, gasto público por función",NA
"Brasil","BRA",1993,"Gasto público en salud","GFS_SALUD","Observado",NA,1.7859,"% del PIB","Gobierno central","CEPAL/FMI-GFS, gasto público por función",NA
"Brasil","BRA",1994,"Gasto público en salud","GFS_SALUD","Observado",NA,1.9132,"% del PIB","Gobierno central","CEPAL/FMI-GFS, gasto público por función",NA
"Brasil","BRA",1995,"Gasto público en salud","GFS_SALUD","Observado",NA,2.0683,"% del PIB","Gobierno central","CEPAL/FMI-GFS, gasto público por función",NA
"Brasil","BRA",1996,"Gasto público en salud","GFS_SALUD","Observado",NA,1.723,"% del PIB","Gobierno central","CEPAL/FMI-GFS, gasto público por función",NA
"Brasil","BRA",1997,"Gasto público en salud","GFS_SALUD","Observado",NA,1.8891,"% del PIB","Gobierno central","CEPAL/FMI-GFS, gasto público por función",NA
"Brasil","BRA",1998,"Gasto público en salud","GFS_SALUD","Observado",NA,1.6571,"% del PIB","Gobierno central","CEPAL/FMI-GFS, gasto público por función",NA
"Brasil","BRA",1999,"Gasto público en salud","GFS_SALUD","Observado",NA,1.7605,"% del PIB","Gobierno central","CEPAL/FMI-GFS, gasto público por función",NA
"Brasil","BRA",2000,"Gasto público en salud","GFS_SALUD","Observado",NA,1.723,"% del PIB","Gobierno central","CEPAL/FMI-GFS, gasto público por función",NA
"Brasil","BRA",2001,"Gasto público en salud","GFS_SALUD","Observado",NA,1.7435,"% del PIB","Gobierno central","CEPAL/FMI-GFS, gasto público por función",NA
"Brasil","BRA",2002,"Gasto público en salud","GFS_SALUD","Observado",NA,1.7137,"% del PIB","Gobierno central","CEPAL/FMI-GFS, gasto público por función",NA
"Brasil","BRA",2003,"Gasto público en salud","GFS_SALUD","Observado",NA,1.5867,"% del PIB","Gobierno central","CEPAL/FMI-GFS, gasto público por función",NA
"Brasil","BRA",2004,"Gasto público en salud","GFS_SALUD","Observado",NA,1.6854,"% del PIB","Gobierno central","CEPAL/FMI-GFS, gasto público por función",NA
"Brasil","BRA",2005,"Gasto público en salud","GFS_SALUD","Observado",NA,1.6651,"% del PIB","Gobierno central","CEPAL/FMI-GFS, gasto público por función",NA
"Brasil","BRA",2006,"Gasto público en salud","GFS_SALUD","Observado",NA,1.6203,"% del PIB","Gobierno central","CEPAL/FMI-GFS, gasto público por función",NA
"Brasil","BRA",2007,"Gasto público en salud","GFS_SALUD","Observado",NA,1.6117,"% del PIB","Gobierno central","CEPAL/FMI-GFS, gasto público por función",NA
"Brasil","BRA",2008,"Gasto público en salud","GFS_SALUD","Observado",NA,1.6108,"% del PIB","Gobierno central","CEPAL/FMI-GFS, gasto público por función",NA
"Brasil","BRA",2009,"Gasto público en salud","GFS_SALUD","Observado",NA,1.7963,"% del PIB","Gobierno central","CEPAL/FMI-GFS, gasto público por función",NA
"Brasil","BRA",2010,"Gasto público en salud","GFS_SALUD","Observado",NA,1.8554,"% del PIB","Gobierno central","CEPAL/FMI-GFS, gasto público por función",NA
"Brasil","BRA",2011,"Gasto público en salud","GFS_SALUD","Observado",NA,1.8634,"% del PIB","Gobierno central","CEPAL/FMI-GFS, gasto público por función",NA
"Brasil","BRA",2012,"Gasto público en salud","GFS_SALUD","Observado",NA,1.9075,"% del PIB","Gobierno central","CEPAL/FMI-GFS, gasto público por función",NA
"Brasil","BRA",2013,"Gasto público en salud","GFS_SALUD","Observado",NA,1.8857,"% del PIB","Gobierno central","CEPAL/FMI-GFS, gasto público por función",NA
"Brasil","BRA",2014,"Gasto público en salud","GFS_SALUD","Observado",NA,1.9631,"% del PIB","Gobierno central","CEPAL/FMI-GFS, gasto público por función",NA
"Brasil","BRA",2015,"Gasto público en salud","GFS_SALUD","Observado",NA,2.0319,"% del PIB","Gobierno central","CEPAL/FMI-GFS, gasto público por función",NA
"Brasil","BRA",2016,"Gasto público en salud","GFS_SALUD","Observado",NA,2.1416,"% del PIB","Gobierno central","CEPAL/FMI-GFS, gasto público por función",NA
"Brasil","BRA",2017,"Gasto público en salud","GFS_SALUD","Observado",NA,2.097,"% del PIB","Gobierno central","CEPAL/FMI-GFS, gasto público por función",NA
"Brasil","BRA",2018,"Gasto público en salud","GFS_SALUD","Observado",NA,2.1574,"% del PIB","Gobierno central","CEPAL/FMI-GFS, gasto público por función",NA
"Brasil","BRA",2019,"Gasto público en salud","GFS_SALUD","Observado",NA,2.1512,"% del PIB","Gobierno central","CEPAL/FMI-GFS, gasto público por función",NA
"Brasil","BRA",2020,"Gasto público en salud","GFS_SALUD","Observado",NA,2.675,"% del PIB","Gobierno central","CEPAL/FMI-GFS, gasto público por función",NA
"Brasil","BRA",2021,"Gasto público en salud","GFS_SALUD","Proyección propia","Holt amortiguado",2.3794,"% del PIB","Gobierno central","CEPAL/FMI-GFS, gasto público por función",NA
"Brasil","BRA",2022,"Gasto público en salud","GFS_SALUD","Proyección propia","Holt amortiguado",2.4281,"% del PIB","Gobierno central","CEPAL/FMI-GFS, gasto público por función",NA
"Brasil","BRA",2023,"Gasto público en salud","GFS_SALUD","Proyección propia","Holt amortiguado",2.4754,"% del PIB","Gobierno central","CEPAL/FMI-GFS, gasto público por función",NA
"Brasil","BRA",2024,"Gasto público en salud","GFS_SALUD","Proyección propia","Holt amortiguado",2.5212,"% del PIB","Gobierno central","CEPAL/FMI-GFS, gasto público por función",NA
"Brasil","BRA",2025,"Gasto público en salud","GFS_SALUD","Proyección propia","Holt amortiguado",2.5655,"% del PIB","Gobierno central","CEPAL/FMI-GFS, gasto público por función",NA
"Brasil","BRA",2026,"Gasto público en salud","GFS_SALUD","Proyección propia","Holt amortiguado",2.6084,"% del PIB","Gobierno central","CEPAL/FMI-GFS, gasto público por función",NA
"Brasil","BRA",2027,"Gasto público en salud","GFS_SALUD","Proyección propia","Holt amortiguado",2.6496,"% del PIB","Gobierno central","CEPAL/FMI-GFS, gasto público por función",NA
"Brasil","BRA",2028,"Gasto público en salud","GFS_SALUD","Proyección propia","Holt amortiguado",2.6894,"% del PIB","Gobierno central","CEPAL/FMI-GFS, gasto público por función",NA
"Brasil","BRA",2029,"Gasto público en salud","GFS_SALUD","Proyección propia","Holt amortiguado",2.7276,"% del PIB","Gobierno central","CEPAL/FMI-GFS, gasto público por función",NA
"Brasil","BRA",2030,"Gasto público en salud","GFS_SALUD","Proyección propia","Holt amortiguado",2.7642,"% del PIB","Gobierno central","CEPAL/FMI-GFS, gasto público por función",NA
"Chile","CHL",1990,"Gasto público en salud","GFS_SALUD","Observado",NA,1.7474,"% del PIB","Gobierno central","CEPAL/FMI-GFS, gasto público por función",NA
"Chile","CHL",1991,"Gasto público en salud","GFS_SALUD","Observado",NA,1.914,"% del PIB","Gobierno central","CEPAL/FMI-GFS, gasto público por función",NA
"Chile","CHL",1992,"Gasto público en salud","GFS_SALUD","Observado",NA,2.0587,"% del PIB","Gobierno central","CEPAL/FMI-GFS, gasto público por función",NA
"Chile","CHL",1993,"Gasto público en salud","GFS_SALUD","Observado",NA,2.1725,"% del PIB","Gobierno central","CEPAL/FMI-GFS, gasto público por función",NA
"Chile","CHL",1994,"Gasto público en salud","GFS_SALUD","Observado",NA,2.3219,"% del PIB","Gobierno central","CEPAL/FMI-GFS, gasto público por función",NA
"Chile","CHL",1995,"Gasto público en salud","GFS_SALUD","Observado",NA,2.1677,"% del PIB","Gobierno central","CEPAL/FMI-GFS, gasto público por función",NA
"Chile","CHL",1996,"Gasto público en salud","GFS_SALUD","Observado",NA,2.2933,"% del PIB","Gobierno central","CEPAL/FMI-GFS, gasto público por función",NA
"Chile","CHL",1997,"Gasto público en salud","GFS_SALUD","Observado",NA,2.3285,"% del PIB","Gobierno central","CEPAL/FMI-GFS, gasto público por función",NA
"Chile","CHL",1998,"Gasto público en salud","GFS_SALUD","Observado",NA,2.4894,"% del PIB","Gobierno central","CEPAL/FMI-GFS, gasto público por función",NA
"Chile","CHL",1999,"Gasto público en salud","GFS_SALUD","Observado",NA,2.6492,"% del PIB","Gobierno central","CEPAL/FMI-GFS, gasto público por función",NA
"Chile","CHL",2000,"Gasto público en salud","GFS_SALUD","Observado",NA,2.6873,"% del PIB","Gobierno central","CEPAL/FMI-GFS, gasto público por función",NA
"Chile","CHL",2001,"Gasto público en salud","GFS_SALUD","Observado",NA,2.8068,"% del PIB","Gobierno central","CEPAL/FMI-GFS, gasto público por función",NA
"Chile","CHL",2002,"Gasto público en salud","GFS_SALUD","Observado",NA,2.8304,"% del PIB","Gobierno central","CEPAL/FMI-GFS, gasto público por función",NA
"Chile","CHL",2003,"Gasto público en salud","GFS_SALUD","Observado",NA,2.8384,"% del PIB","Gobierno central","CEPAL/FMI-GFS, gasto público por función",NA
"Chile","CHL",2004,"Gasto público en salud","GFS_SALUD","Observado",NA,2.6668,"% del PIB","Gobierno central","CEPAL/FMI-GFS, gasto público por función",NA
"Chile","CHL",2005,"Gasto público en salud","GFS_SALUD","Observado",NA,2.6258,"% del PIB","Gobierno central","CEPAL/FMI-GFS, gasto público por función",NA
"Chile","CHL",2006,"Gasto público en salud","GFS_SALUD","Observado",NA,2.5729,"% del PIB","Gobierno central","CEPAL/FMI-GFS, gasto público por función",NA
"Chile","CHL",2007,"Gasto público en salud","GFS_SALUD","Observado",NA,2.7489,"% del PIB","Gobierno central","CEPAL/FMI-GFS, gasto público por función",NA
"Chile","CHL",2008,"Gasto público en salud","GFS_SALUD","Observado",NA,3.0909,"% del PIB","Gobierno central","CEPAL/FMI-GFS, gasto público por función",NA
"Chile","CHL",2009,"Gasto público en salud","GFS_SALUD","Observado",NA,3.7001,"% del PIB","Gobierno central","CEPAL/FMI-GFS, gasto público por función",NA
"Chile","CHL",2010,"Gasto público en salud","GFS_SALUD","Observado",NA,3.5249,"% del PIB","Gobierno central","CEPAL/FMI-GFS, gasto público por función",NA
"Chile","CHL",2011,"Gasto público en salud","GFS_SALUD","Observado",NA,3.5047,"% del PIB","Gobierno central","CEPAL/FMI-GFS, gasto público por función",NA
"Chile","CHL",2012,"Gasto público en salud","GFS_SALUD","Observado",NA,3.6694,"% del PIB","Gobierno central","CEPAL/FMI-GFS, gasto público por función",NA
"Chile","CHL",2013,"Gasto público en salud","GFS_SALUD","Observado",NA,3.7879,"% del PIB","Gobierno central","CEPAL/FMI-GFS, gasto público por función",NA
"Chile","CHL",2014,"Gasto público en salud","GFS_SALUD","Observado",NA,4.0001,"% del PIB","Gobierno central","CEPAL/FMI-GFS, gasto público por función",NA
"Chile","CHL",2015,"Gasto público en salud","GFS_SALUD","Observado",NA,4.3518,"% del PIB","Gobierno central","CEPAL/FMI-GFS, gasto público por función",NA
"Chile","CHL",2016,"Gasto público en salud","GFS_SALUD","Observado",NA,4.4735,"% del PIB","Gobierno central","CEPAL/FMI-GFS, gasto público por función",NA
"Chile","CHL",2017,"Gasto público en salud","GFS_SALUD","Observado",NA,4.7192,"% del PIB","Gobierno central","CEPAL/FMI-GFS, gasto público por función",NA
"Chile","CHL",2018,"Gasto público en salud","GFS_SALUD","Observado",NA,4.9232,"% del PIB","Gobierno central","CEPAL/FMI-GFS, gasto público por función",NA
"Chile","CHL",2019,"Gasto público en salud","GFS_SALUD","Observado",NA,5.1626,"% del PIB","Gobierno central","CEPAL/FMI-GFS, gasto público por función",NA
"Chile","CHL",2020,"Gasto público en salud","GFS_SALUD","Observado",NA,6.0301,"% del PIB","Gobierno central","CEPAL/FMI-GFS, gasto público por función",NA
"Chile","CHL",2021,"Gasto público en salud","GFS_SALUD","Proyección propia","ETS",6.4036,"% del PIB","Gobierno central","CEPAL/FMI-GFS, gasto público por función",NA
"Chile","CHL",2022,"Gasto público en salud","GFS_SALUD","Proyección propia","ETS",6.8148,"% del PIB","Gobierno central","CEPAL/FMI-GFS, gasto público por función",NA
"Chile","CHL",2023,"Gasto público en salud","GFS_SALUD","Proyección propia","ETS",7.2689,"% del PIB","Gobierno central","CEPAL/FMI-GFS, gasto público por función",NA
"Chile","CHL",2024,"Gasto público en salud","GFS_SALUD","Proyección propia","ETS",7.7722,"% del PIB","Gobierno central","CEPAL/FMI-GFS, gasto público por función",NA
"Chile","CHL",2025,"Gasto público en salud","GFS_SALUD","Proyección propia","ETS",8.3324,"% del PIB","Gobierno central","CEPAL/FMI-GFS, gasto público por función",NA
"Chile","CHL",2026,"Gasto público en salud","GFS_SALUD","Proyección propia","ETS",8.9586,"% del PIB","Gobierno central","CEPAL/FMI-GFS, gasto público por función",NA
"Chile","CHL",2027,"Gasto público en salud","GFS_SALUD","Proyección propia","ETS",9.6617,"% del PIB","Gobierno central","CEPAL/FMI-GFS, gasto público por función",NA
"Chile","CHL",2028,"Gasto público en salud","GFS_SALUD","Proyección propia","ETS",10.4553,"% del PIB","Gobierno central","CEPAL/FMI-GFS, gasto público por función",NA
"Chile","CHL",2029,"Gasto público en salud","GFS_SALUD","Proyección propia","ETS",11.3561,"% del PIB","Gobierno central","CEPAL/FMI-GFS, gasto público por función",NA
"Chile","CHL",2030,"Gasto público en salud","GFS_SALUD","Proyección propia","ETS",12.3846,"% del PIB","Gobierno central","CEPAL/FMI-GFS, gasto público por función",NA
"Colombia","COL",1990,"Gasto público en salud","GFS_SALUD","Observado",NA,0.4777,"% del PIB","Gobierno central","CEPAL/FMI-GFS, gasto público por función",NA
"Colombia","COL",1991,"Gasto público en salud","GFS_SALUD","Observado",NA,0.4821,"% del PIB","Gobierno central","CEPAL/FMI-GFS, gasto público por función",NA
"Colombia","COL",1992,"Gasto público en salud","GFS_SALUD","Observado",NA,0.5182,"% del PIB","Gobierno central","CEPAL/FMI-GFS, gasto público por función",NA
"Colombia","COL",1993,"Gasto público en salud","GFS_SALUD","Observado",NA,0.551,"% del PIB","Gobierno central","CEPAL/FMI-GFS, gasto público por función",NA
"Colombia","COL",1994,"Gasto público en salud","GFS_SALUD","Observado",NA,1.0012,"% del PIB","Gobierno central","CEPAL/FMI-GFS, gasto público por función",NA
"Colombia","COL",1995,"Gasto público en salud","GFS_SALUD","Observado",NA,1.0967,"% del PIB","Gobierno central","CEPAL/FMI-GFS, gasto público por función",NA
"Colombia","COL",1996,"Gasto público en salud","GFS_SALUD","Observado",NA,1.3252,"% del PIB","Gobierno central","CEPAL/FMI-GFS, gasto público por función",NA
"Colombia","COL",1997,"Gasto público en salud","GFS_SALUD","Observado",NA,1.3914,"% del PIB","Gobierno central","CEPAL/FMI-GFS, gasto público por función",NA
"Colombia","COL",1998,"Gasto público en salud","GFS_SALUD","Observado",NA,1.2541,"% del PIB","Gobierno central","CEPAL/FMI-GFS, gasto público por función",NA
"Colombia","COL",1999,"Gasto público en salud","GFS_SALUD","Observado",NA,1.4782,"% del PIB","Gobierno central","CEPAL/FMI-GFS, gasto público por función",NA
"Colombia","COL",2000,"Gasto público en salud","GFS_SALUD","Observado",NA,1.3836,"% del PIB","Gobierno central","CEPAL/FMI-GFS, gasto público por función",NA
"Colombia","COL",2001,"Gasto público en salud","GFS_SALUD","Observado",NA,1.5787,"% del PIB","Gobierno central","CEPAL/FMI-GFS, gasto público por función",NA
"Colombia","COL",2002,"Gasto público en salud","GFS_SALUD","Observado",NA,1.8089,"% del PIB","Gobierno central","CEPAL/FMI-GFS, gasto público por función",NA
"Colombia","COL",2003,"Gasto público en salud","GFS_SALUD","Observado",NA,1.8202,"% del PIB","Gobierno central","CEPAL/FMI-GFS, gasto público por función",NA
"Colombia","COL",2004,"Gasto público en salud","GFS_SALUD","Observado",NA,1.741,"% del PIB","Gobierno central","CEPAL/FMI-GFS, gasto público por función",NA
"Colombia","COL",2005,"Gasto público en salud","GFS_SALUD","Observado",NA,1.7228,"% del PIB","Gobierno central","CEPAL/FMI-GFS, gasto público por función",NA
"Colombia","COL",2006,"Gasto público en salud","GFS_SALUD","Observado",NA,1.7979,"% del PIB","Gobierno central","CEPAL/FMI-GFS, gasto público por función",NA
"Colombia","COL",2007,"Gasto público en salud","GFS_SALUD","Observado",NA,1.8026,"% del PIB","Gobierno central","CEPAL/FMI-GFS, gasto público por función",NA
"Colombia","COL",2008,"Gasto público en salud","GFS_SALUD","Observado",NA,1.5899,"% del PIB","Gobierno central","CEPAL/FMI-GFS, gasto público por función",NA
"Colombia","COL",2009,"Gasto público en salud","GFS_SALUD","Observado",NA,1.7789,"% del PIB","Gobierno central","CEPAL/FMI-GFS, gasto público por función",NA
"Colombia","COL",2010,"Gasto público en salud","GFS_SALUD","Observado",NA,1.8482,"% del PIB","Gobierno central","CEPAL/FMI-GFS, gasto público por función",NA
"Colombia","COL",2011,"Gasto público en salud","GFS_SALUD","Observado",NA,1.7895,"% del PIB","Gobierno central","CEPAL/FMI-GFS, gasto público por función",NA
"Colombia","COL",2012,"Gasto público en salud","GFS_SALUD","Observado",NA,1.8621,"% del PIB","Gobierno central","CEPAL/FMI-GFS, gasto público por función",NA
"Colombia","COL",2013,"Gasto público en salud","GFS_SALUD","Observado",NA,2.273,"% del PIB","Gobierno central","CEPAL/FMI-GFS, gasto público por función",NA
"Colombia","COL",2014,"Gasto público en salud","GFS_SALUD","Observado",NA,2.3214,"% del PIB","Gobierno central","CEPAL/FMI-GFS, gasto público por función",NA
"Colombia","COL",2015,"Gasto público en salud","GFS_SALUD","Observado",NA,2.702,"% del PIB","Gobierno central","CEPAL/FMI-GFS, gasto público por función",NA
"Colombia","COL",2016,"Gasto público en salud","GFS_SALUD","Observado",NA,2.7686,"% del PIB","Gobierno central","CEPAL/FMI-GFS, gasto público por función",NA
"Colombia","COL",2017,"Gasto público en salud","GFS_SALUD","Observado",NA,3.049,"% del PIB","Gobierno central","CEPAL/FMI-GFS, gasto público por función",NA
"Colombia","COL",2018,"Gasto público en salud","GFS_SALUD","Observado",NA,3.0012,"% del PIB","Gobierno central","CEPAL/FMI-GFS, gasto público por función",NA
"Colombia","COL",2019,"Gasto público en salud","GFS_SALUD","Observado",NA,3.2413,"% del PIB","Gobierno central","CEPAL/FMI-GFS, gasto público por función",NA
"Colombia","COL",2020,"Gasto público en salud","GFS_SALUD","Proyección propia","ETS",3.2562,"% del PIB","Gobierno central","CEPAL/FMI-GFS, gasto público por función",NA
"Colombia","COL",2021,"Gasto público en salud","GFS_SALUD","Proyección propia","ETS",3.2913,"% del PIB","Gobierno central","CEPAL/FMI-GFS, gasto público por función",NA
"Colombia","COL",2022,"Gasto público en salud","GFS_SALUD","Proyección propia","ETS",3.323,"% del PIB","Gobierno central","CEPAL/FMI-GFS, gasto público por función",NA
"Colombia","COL",2023,"Gasto público en salud","GFS_SALUD","Proyección propia","ETS",3.3515,"% del PIB","Gobierno central","CEPAL/FMI-GFS, gasto público por función",NA
"Colombia","COL",2024,"Gasto público en salud","GFS_SALUD","Proyección propia","ETS",3.3771,"% del PIB","Gobierno central","CEPAL/FMI-GFS, gasto público por función",NA
"Colombia","COL",2025,"Gasto público en salud","GFS_SALUD","Proyección propia","ETS",3.4001,"% del PIB","Gobierno central","CEPAL/FMI-GFS, gasto público por función",NA
"Colombia","COL",2026,"Gasto público en salud","GFS_SALUD","Proyección propia","ETS",3.4207,"% del PIB","Gobierno central","CEPAL/FMI-GFS, gasto público por función",NA
"Colombia","COL",2027,"Gasto público en salud","GFS_SALUD","Proyección propia","ETS",3.4392,"% del PIB","Gobierno central","CEPAL/FMI-GFS, gasto público por función",NA
"Colombia","COL",2028,"Gasto público en salud","GFS_SALUD","Proyección propia","ETS",3.4557,"% del PIB","Gobierno central","CEPAL/FMI-GFS, gasto público por función",NA
"Colombia","COL",2029,"Gasto público en salud","GFS_SALUD","Proyección propia","ETS",3.4705,"% del PIB","Gobierno central","CEPAL/FMI-GFS, gasto público por función",NA
"Costa Rica","CRI",1993,"Gasto público en salud","GFS_SALUD","Observado",NA,0.3342,"% del PIB","Gobierno central","CEPAL/FMI-GFS, gasto público por función","Excluye seguridad social autónoma; subestima el gasto efectivo"
"Costa Rica","CRI",1994,"Gasto público en salud","GFS_SALUD","Observado",NA,0.4681,"% del PIB","Gobierno central","CEPAL/FMI-GFS, gasto público por función","Excluye seguridad social autónoma; subestima el gasto efectivo"
"Costa Rica","CRI",1995,"Gasto público en salud","GFS_SALUD","Observado",NA,0.25,"% del PIB","Gobierno central","CEPAL/FMI-GFS, gasto público por función","Excluye seguridad social autónoma; subestima el gasto efectivo"
"Costa Rica","CRI",1996,"Gasto público en salud","GFS_SALUD","Observado",NA,0.3172,"% del PIB","Gobierno central","CEPAL/FMI-GFS, gasto público por función","Excluye seguridad social autónoma; subestima el gasto efectivo"
"Costa Rica","CRI",1997,"Gasto público en salud","GFS_SALUD","Observado",NA,0.3002,"% del PIB","Gobierno central","CEPAL/FMI-GFS, gasto público por función","Excluye seguridad social autónoma; subestima el gasto efectivo"
"Costa Rica","CRI",1998,"Gasto público en salud","GFS_SALUD","Observado",NA,0.4568,"% del PIB","Gobierno central","CEPAL/FMI-GFS, gasto público por función","Excluye seguridad social autónoma; subestima el gasto efectivo"
"Costa Rica","CRI",1999,"Gasto público en salud","GFS_SALUD","Observado",NA,0.4308,"% del PIB","Gobierno central","CEPAL/FMI-GFS, gasto público por función","Excluye seguridad social autónoma; subestima el gasto efectivo"
"Costa Rica","CRI",2000,"Gasto público en salud","GFS_SALUD","Observado",NA,0.4558,"% del PIB","Gobierno central","CEPAL/FMI-GFS, gasto público por función","Excluye seguridad social autónoma; subestima el gasto efectivo"
"Costa Rica","CRI",2001,"Gasto público en salud","GFS_SALUD","Observado",NA,0.4734,"% del PIB","Gobierno central","CEPAL/FMI-GFS, gasto público por función","Excluye seguridad social autónoma; subestima el gasto efectivo"
"Costa Rica","CRI",2002,"Gasto público en salud","GFS_SALUD","Observado",NA,0.4422,"% del PIB","Gobierno central","CEPAL/FMI-GFS, gasto público por función","Excluye seguridad social autónoma; subestima el gasto efectivo"
"Costa Rica","CRI",2003,"Gasto público en salud","GFS_SALUD","Observado",NA,0.5279,"% del PIB","Gobierno central","CEPAL/FMI-GFS, gasto público por función","Excluye seguridad social autónoma; subestima el gasto efectivo"
"Costa Rica","CRI",2004,"Gasto público en salud","GFS_SALUD","Observado",NA,0.4149,"% del PIB","Gobierno central","CEPAL/FMI-GFS, gasto público por función","Excluye seguridad social autónoma; subestima el gasto efectivo"
"Costa Rica","CRI",2005,"Gasto público en salud","GFS_SALUD","Observado",NA,0.4066,"% del PIB","Gobierno central","CEPAL/FMI-GFS, gasto público por función","Excluye seguridad social autónoma; subestima el gasto efectivo"
"Costa Rica","CRI",2006,"Gasto público en salud","GFS_SALUD","Observado",NA,0.3876,"% del PIB","Gobierno central","CEPAL/FMI-GFS, gasto público por función","Excluye seguridad social autónoma; subestima el gasto efectivo"
"Costa Rica","CRI",2007,"Gasto público en salud","GFS_SALUD","Observado",NA,0.2962,"% del PIB","Gobierno central","CEPAL/FMI-GFS, gasto público por función","Excluye seguridad social autónoma; subestima el gasto efectivo"
"Costa Rica","CRI",2008,"Gasto público en salud","GFS_SALUD","Observado",NA,0.4663,"% del PIB","Gobierno central","CEPAL/FMI-GFS, gasto público por función","Excluye seguridad social autónoma; subestima el gasto efectivo"
"Costa Rica","CRI",2009,"Gasto público en salud","GFS_SALUD","Observado",NA,0.491,"% del PIB","Gobierno central","CEPAL/FMI-GFS, gasto público por función","Excluye seguridad social autónoma; subestima el gasto efectivo"
"Costa Rica","CRI",2010,"Gasto público en salud","GFS_SALUD","Observado",NA,0.5793,"% del PIB","Gobierno central","CEPAL/FMI-GFS, gasto público por función","Excluye seguridad social autónoma; subestima el gasto efectivo"
"Costa Rica","CRI",2011,"Gasto público en salud","GFS_SALUD","Observado",NA,0.5459,"% del PIB","Gobierno central","CEPAL/FMI-GFS, gasto público por función","Excluye seguridad social autónoma; subestima el gasto efectivo"
"Costa Rica","CRI",2012,"Gasto público en salud","GFS_SALUD","Observado",NA,0.8472,"% del PIB","Gobierno central","CEPAL/FMI-GFS, gasto público por función","Excluye seguridad social autónoma; subestima el gasto efectivo"
"Costa Rica","CRI",2013,"Gasto público en salud","GFS_SALUD","Observado",NA,0.8224,"% del PIB","Gobierno central","CEPAL/FMI-GFS, gasto público por función","Excluye seguridad social autónoma; subestima el gasto efectivo"
"Costa Rica","CRI",2014,"Gasto público en salud","GFS_SALUD","Observado",NA,0.8006,"% del PIB","Gobierno central","CEPAL/FMI-GFS, gasto público por función","Excluye seguridad social autónoma; subestima el gasto efectivo"
"Costa Rica","CRI",2015,"Gasto público en salud","GFS_SALUD","Observado",NA,0.8177,"% del PIB","Gobierno central","CEPAL/FMI-GFS, gasto público por función","Excluye seguridad social autónoma; subestima el gasto efectivo"
"Costa Rica","CRI",2016,"Gasto público en salud","GFS_SALUD","Observado",NA,0.8217,"% del PIB","Gobierno central","CEPAL/FMI-GFS, gasto público por función","Excluye seguridad social autónoma; subestima el gasto efectivo"
"Costa Rica","CRI",2017,"Gasto público en salud","GFS_SALUD","Observado",NA,0.8223,"% del PIB","Gobierno central","CEPAL/FMI-GFS, gasto público por función","Excluye seguridad social autónoma; subestima el gasto efectivo"
"Costa Rica","CRI",2018,"Gasto público en salud","GFS_SALUD","Observado",NA,0.8418,"% del PIB","Gobierno central","CEPAL/FMI-GFS, gasto público por función","Excluye seguridad social autónoma; subestima el gasto efectivo"
"Costa Rica","CRI",2019,"Gasto público en salud","GFS_SALUD","Observado",NA,0.7738,"% del PIB","Gobierno central","CEPAL/FMI-GFS, gasto público por función","Excluye seguridad social autónoma; subestima el gasto efectivo"
"Costa Rica","CRI",2020,"Gasto público en salud","GFS_SALUD","Observado",NA,0.6902,"% del PIB","Gobierno central","CEPAL/FMI-GFS, gasto público por función","Excluye seguridad social autónoma; subestima el gasto efectivo"
"Costa Rica","CRI",2021,"Gasto público en salud","GFS_SALUD","Proyección propia","ETS",0.7239,"% del PIB","Gobierno central","CEPAL/FMI-GFS, gasto público por función","Excluye seguridad social autónoma; subestima el gasto efectivo"
"Costa Rica","CRI",2022,"Gasto público en salud","GFS_SALUD","Proyección propia","ETS",0.7239,"% del PIB","Gobierno central","CEPAL/FMI-GFS, gasto público por función","Excluye seguridad social autónoma; subestima el gasto efectivo"
"Costa Rica","CRI",2023,"Gasto público en salud","GFS_SALUD","Proyección propia","ETS",0.7239,"% del PIB","Gobierno central","CEPAL/FMI-GFS, gasto público por función","Excluye seguridad social autónoma; subestima el gasto efectivo"
"Costa Rica","CRI",2024,"Gasto público en salud","GFS_SALUD","Proyección propia","ETS",0.7239,"% del PIB","Gobierno central","CEPAL/FMI-GFS, gasto público por función","Excluye seguridad social autónoma; subestima el gasto efectivo"
"Costa Rica","CRI",2025,"Gasto público en salud","GFS_SALUD","Proyección propia","ETS",0.7239,"% del PIB","Gobierno central","CEPAL/FMI-GFS, gasto público por función","Excluye seguridad social autónoma; subestima el gasto efectivo"
"Costa Rica","CRI",2026,"Gasto público en salud","GFS_SALUD","Proyección propia","ETS",0.7239,"% del PIB","Gobierno central","CEPAL/FMI-GFS, gasto público por función","Excluye seguridad social autónoma; subestima el gasto efectivo"
"Costa Rica","CRI",2027,"Gasto público en salud","GFS_SALUD","Proyección propia","ETS",0.7239,"% del PIB","Gobierno central","CEPAL/FMI-GFS, gasto público por función","Excluye seguridad social autónoma; subestima el gasto efectivo"
"Costa Rica","CRI",2028,"Gasto público en salud","GFS_SALUD","Proyección propia","ETS",0.7239,"% del PIB","Gobierno central","CEPAL/FMI-GFS, gasto público por función","Excluye seguridad social autónoma; subestima el gasto efectivo"
"Costa Rica","CRI",2029,"Gasto público en salud","GFS_SALUD","Proyección propia","ETS",0.7239,"% del PIB","Gobierno central","CEPAL/FMI-GFS, gasto público por función","Excluye seguridad social autónoma; subestima el gasto efectivo"
"Costa Rica","CRI",2030,"Gasto público en salud","GFS_SALUD","Proyección propia","ETS",0.7239,"% del PIB","Gobierno central","CEPAL/FMI-GFS, gasto público por función","Excluye seguridad social autónoma; subestima el gasto efectivo"
"México","MEX",1999,"Gasto público en salud","GFS_SALUD","Observado",NA,0.5303,"% del PIB","Gobierno central","CEPAL/FMI-GFS, gasto público por función","Excluye seguridad social autónoma; subestima el gasto efectivo"
"México","MEX",2000,"Gasto público en salud","GFS_SALUD","Observado",NA,0.5594,"% del PIB","Gobierno central","CEPAL/FMI-GFS, gasto público por función","Excluye seguridad social autónoma; subestima el gasto efectivo"
"México","MEX",2001,"Gasto público en salud","GFS_SALUD","Observado",NA,0.6217,"% del PIB","Gobierno central","CEPAL/FMI-GFS, gasto público por función","Excluye seguridad social autónoma; subestima el gasto efectivo"
"México","MEX",2002,"Gasto público en salud","GFS_SALUD","Observado",NA,0.6477,"% del PIB","Gobierno central","CEPAL/FMI-GFS, gasto público por función","Excluye seguridad social autónoma; subestima el gasto efectivo"
"México","MEX",2003,"Gasto público en salud","GFS_SALUD","Observado",NA,0.6959,"% del PIB","Gobierno central","CEPAL/FMI-GFS, gasto público por función","Excluye seguridad social autónoma; subestima el gasto efectivo"
"México","MEX",2004,"Gasto público en salud","GFS_SALUD","Observado",NA,0.6621,"% del PIB","Gobierno central","CEPAL/FMI-GFS, gasto público por función","Excluye seguridad social autónoma; subestima el gasto efectivo"
"México","MEX",2005,"Gasto público en salud","GFS_SALUD","Observado",NA,0.8232,"% del PIB","Gobierno central","CEPAL/FMI-GFS, gasto público por función","Excluye seguridad social autónoma; subestima el gasto efectivo"
"México","MEX",2006,"Gasto público en salud","GFS_SALUD","Observado",NA,0.8562,"% del PIB","Gobierno central","CEPAL/FMI-GFS, gasto público por función","Excluye seguridad social autónoma; subestima el gasto efectivo"
"México","MEX",2007,"Gasto público en salud","GFS_SALUD","Observado",NA,0.9305,"% del PIB","Gobierno central","CEPAL/FMI-GFS, gasto público por función","Excluye seguridad social autónoma; subestima el gasto efectivo"
"México","MEX",2008,"Gasto público en salud","GFS_SALUD","Observado",NA,1.0275,"% del PIB","Gobierno central","CEPAL/FMI-GFS, gasto público por función","Excluye seguridad social autónoma; subestima el gasto efectivo"
"México","MEX",2009,"Gasto público en salud","GFS_SALUD","Observado",NA,1.1755,"% del PIB","Gobierno central","CEPAL/FMI-GFS, gasto público por función","Excluye seguridad social autónoma; subestima el gasto efectivo"
"México","MEX",2010,"Gasto público en salud","GFS_SALUD","Observado",NA,1.1492,"% del PIB","Gobierno central","CEPAL/FMI-GFS, gasto público por función","Excluye seguridad social autónoma; subestima el gasto efectivo"
"México","MEX",2011,"Gasto público en salud","GFS_SALUD","Observado",NA,1.1908,"% del PIB","Gobierno central","CEPAL/FMI-GFS, gasto público por función","Excluye seguridad social autónoma; subestima el gasto efectivo"
"México","MEX",2012,"Gasto público en salud","GFS_SALUD","Observado",NA,1.2413,"% del PIB","Gobierno central","CEPAL/FMI-GFS, gasto público por función","Excluye seguridad social autónoma; subestima el gasto efectivo"
"México","MEX",2013,"Gasto público en salud","GFS_SALUD","Observado",NA,1.2529,"% del PIB","Gobierno central","CEPAL/FMI-GFS, gasto público por función","Excluye seguridad social autónoma; subestima el gasto efectivo"
"México","MEX",2014,"Gasto público en salud","GFS_SALUD","Observado",NA,1.2103,"% del PIB","Gobierno central","CEPAL/FMI-GFS, gasto público por función","Excluye seguridad social autónoma; subestima el gasto efectivo"
"México","MEX",2015,"Gasto público en salud","GFS_SALUD","Observado",NA,1.1892,"% del PIB","Gobierno central","CEPAL/FMI-GFS, gasto público por función","Excluye seguridad social autónoma; subestima el gasto efectivo"
"México","MEX",2016,"Gasto público en salud","GFS_SALUD","Observado",NA,1.1376,"% del PIB","Gobierno central","CEPAL/FMI-GFS, gasto público por función","Excluye seguridad social autónoma; subestima el gasto efectivo"
"México","MEX",2017,"Gasto público en salud","GFS_SALUD","Observado",NA,1.1138,"% del PIB","Gobierno central","CEPAL/FMI-GFS, gasto público por función","Excluye seguridad social autónoma; subestima el gasto efectivo"
"México","MEX",2018,"Gasto público en salud","GFS_SALUD","Observado",NA,1.0289,"% del PIB","Gobierno central","CEPAL/FMI-GFS, gasto público por función","Excluye seguridad social autónoma; subestima el gasto efectivo"
"México","MEX",2019,"Gasto público en salud","GFS_SALUD","Observado",NA,1.0029,"% del PIB","Gobierno central","CEPAL/FMI-GFS, gasto público por función","Excluye seguridad social autónoma; subestima el gasto efectivo"
"México","MEX",2020,"Gasto público en salud","GFS_SALUD","Observado",NA,1.2408,"% del PIB","Gobierno central","CEPAL/FMI-GFS, gasto público por función","Excluye seguridad social autónoma; subestima el gasto efectivo"
"México","MEX",2021,"Gasto público en salud","GFS_SALUD","Proyección propia","ETS",1.2643,"% del PIB","Gobierno central","CEPAL/FMI-GFS, gasto público por función","Excluye seguridad social autónoma; subestima el gasto efectivo"
"México","MEX",2022,"Gasto público en salud","GFS_SALUD","Proyección propia","ETS",1.3067,"% del PIB","Gobierno central","CEPAL/FMI-GFS, gasto público por función","Excluye seguridad social autónoma; subestima el gasto efectivo"
"México","MEX",2023,"Gasto público en salud","GFS_SALUD","Proyección propia","ETS",1.3492,"% del PIB","Gobierno central","CEPAL/FMI-GFS, gasto público por función","Excluye seguridad social autónoma; subestima el gasto efectivo"
"México","MEX",2024,"Gasto público en salud","GFS_SALUD","Proyección propia","ETS",1.3916,"% del PIB","Gobierno central","CEPAL/FMI-GFS, gasto público por función","Excluye seguridad social autónoma; subestima el gasto efectivo"
"México","MEX",2025,"Gasto público en salud","GFS_SALUD","Proyección propia","ETS",1.434,"% del PIB","Gobierno central","CEPAL/FMI-GFS, gasto público por función","Excluye seguridad social autónoma; subestima el gasto efectivo"
"México","MEX",2026,"Gasto público en salud","GFS_SALUD","Proyección propia","ETS",1.4765,"% del PIB","Gobierno central","CEPAL/FMI-GFS, gasto público por función","Excluye seguridad social autónoma; subestima el gasto efectivo"
"México","MEX",2027,"Gasto público en salud","GFS_SALUD","Proyección propia","ETS",1.5189,"% del PIB","Gobierno central","CEPAL/FMI-GFS, gasto público por función","Excluye seguridad social autónoma; subestima el gasto efectivo"
"México","MEX",2028,"Gasto público en salud","GFS_SALUD","Proyección propia","ETS",1.5613,"% del PIB","Gobierno central","CEPAL/FMI-GFS, gasto público por función","Excluye seguridad social autónoma; subestima el gasto efectivo"
"México","MEX",2029,"Gasto público en salud","GFS_SALUD","Proyección propia","ETS",1.6038,"% del PIB","Gobierno central","CEPAL/FMI-GFS, gasto público por función","Excluye seguridad social autónoma; subestima el gasto efectivo"
"México","MEX",2030,"Gasto público en salud","GFS_SALUD","Proyección propia","ETS",1.6462,"% del PIB","Gobierno central","CEPAL/FMI-GFS, gasto público por función","Excluye seguridad social autónoma; subestima el gasto efectivo"
"Panamá","PAN",2000,"Gasto público en salud","GFS_SALUD","Observado",NA,1.8979,"% del PIB","Gobierno central","CEPAL/FMI-GFS, gasto público por función","Excluye seguridad social autónoma; subestima el gasto efectivo"
"Panamá","PAN",2001,"Gasto público en salud","GFS_SALUD","Observado",NA,2.3904,"% del PIB","Gobierno central","CEPAL/FMI-GFS, gasto público por función","Excluye seguridad social autónoma; subestima el gasto efectivo"
"Panamá","PAN",2002,"Gasto público en salud","GFS_SALUD","Observado",NA,2.1575,"% del PIB","Gobierno central","CEPAL/FMI-GFS, gasto público por función","Excluye seguridad social autónoma; subestima el gasto efectivo"
"Panamá","PAN",2003,"Gasto público en salud","GFS_SALUD","Observado",NA,1.5618,"% del PIB","Gobierno central","CEPAL/FMI-GFS, gasto público por función","Excluye seguridad social autónoma; subestima el gasto efectivo"
"Panamá","PAN",2004,"Gasto público en salud","GFS_SALUD","Observado",NA,2.396,"% del PIB","Gobierno central","CEPAL/FMI-GFS, gasto público por función","Excluye seguridad social autónoma; subestima el gasto efectivo"
"Panamá","PAN",2005,"Gasto público en salud","GFS_SALUD","Observado",NA,1.8313,"% del PIB","Gobierno central","CEPAL/FMI-GFS, gasto público por función","Excluye seguridad social autónoma; subestima el gasto efectivo"
"Panamá","PAN",2006,"Gasto público en salud","GFS_SALUD","Observado",NA,2.0901,"% del PIB","Gobierno central","CEPAL/FMI-GFS, gasto público por función","Excluye seguridad social autónoma; subestima el gasto efectivo"
"Panamá","PAN",2007,"Gasto público en salud","GFS_SALUD","Observado",NA,1.8729,"% del PIB","Gobierno central","CEPAL/FMI-GFS, gasto público por función","Excluye seguridad social autónoma; subestima el gasto efectivo"
"Panamá","PAN",2008,"Gasto público en salud","GFS_SALUD","Observado",NA,1.9887,"% del PIB","Gobierno central","CEPAL/FMI-GFS, gasto público por función","Excluye seguridad social autónoma; subestima el gasto efectivo"
"Panamá","PAN",2009,"Gasto público en salud","GFS_SALUD","Observado",NA,1.9842,"% del PIB","Gobierno central","CEPAL/FMI-GFS, gasto público por función","Excluye seguridad social autónoma; subestima el gasto efectivo"
"Panamá","PAN",2010,"Gasto público en salud","GFS_SALUD","Observado",NA,1.9318,"% del PIB","Gobierno central","CEPAL/FMI-GFS, gasto público por función","Excluye seguridad social autónoma; subestima el gasto efectivo"
"Panamá","PAN",2011,"Gasto público en salud","GFS_SALUD","Observado",NA,1.8108,"% del PIB","Gobierno central","CEPAL/FMI-GFS, gasto público por función","Excluye seguridad social autónoma; subestima el gasto efectivo"
"Panamá","PAN",2012,"Gasto público en salud","GFS_SALUD","Observado",NA,1.5811,"% del PIB","Gobierno central","CEPAL/FMI-GFS, gasto público por función","Excluye seguridad social autónoma; subestima el gasto efectivo"
"Panamá","PAN",2013,"Gasto público en salud","GFS_SALUD","Observado",NA,1.6423,"% del PIB","Gobierno central","CEPAL/FMI-GFS, gasto público por función","Excluye seguridad social autónoma; subestima el gasto efectivo"
"Panamá","PAN",2014,"Gasto público en salud","GFS_SALUD","Observado",NA,1.9554,"% del PIB","Gobierno central","CEPAL/FMI-GFS, gasto público por función","Excluye seguridad social autónoma; subestima el gasto efectivo"
"Panamá","PAN",2015,"Gasto público en salud","GFS_SALUD","Observado",NA,2.0685,"% del PIB","Gobierno central","CEPAL/FMI-GFS, gasto público por función","Excluye seguridad social autónoma; subestima el gasto efectivo"
"Panamá","PAN",2016,"Gasto público en salud","GFS_SALUD","Observado",NA,1.6627,"% del PIB","Gobierno central","CEPAL/FMI-GFS, gasto público por función","Excluye seguridad social autónoma; subestima el gasto efectivo"
"Panamá","PAN",2017,"Gasto público en salud","GFS_SALUD","Observado",NA,1.7189,"% del PIB","Gobierno central","CEPAL/FMI-GFS, gasto público por función","Excluye seguridad social autónoma; subestima el gasto efectivo"
"Panamá","PAN",2018,"Gasto público en salud","GFS_SALUD","Proyección propia","ETS",1.8905,"% del PIB","Gobierno central","CEPAL/FMI-GFS, gasto público por función","Excluye seguridad social autónoma; subestima el gasto efectivo"
"Panamá","PAN",2019,"Gasto público en salud","GFS_SALUD","Proyección propia","ETS",1.8905,"% del PIB","Gobierno central","CEPAL/FMI-GFS, gasto público por función","Excluye seguridad social autónoma; subestima el gasto efectivo"
"Panamá","PAN",2020,"Gasto público en salud","GFS_SALUD","Proyección propia","ETS",1.8905,"% del PIB","Gobierno central","CEPAL/FMI-GFS, gasto público por función","Excluye seguridad social autónoma; subestima el gasto efectivo"
"Panamá","PAN",2021,"Gasto público en salud","GFS_SALUD","Proyección propia","ETS",1.8905,"% del PIB","Gobierno central","CEPAL/FMI-GFS, gasto público por función","Excluye seguridad social autónoma; subestima el gasto efectivo"
"Panamá","PAN",2022,"Gasto público en salud","GFS_SALUD","Proyección propia","ETS",1.8905,"% del PIB","Gobierno central","CEPAL/FMI-GFS, gasto público por función","Excluye seguridad social autónoma; subestima el gasto efectivo"
"Panamá","PAN",2023,"Gasto público en salud","GFS_SALUD","Proyección propia","ETS",1.8905,"% del PIB","Gobierno central","CEPAL/FMI-GFS, gasto público por función","Excluye seguridad social autónoma; subestima el gasto efectivo"
"Panamá","PAN",2024,"Gasto público en salud","GFS_SALUD","Proyección propia","ETS",1.8905,"% del PIB","Gobierno central","CEPAL/FMI-GFS, gasto público por función","Excluye seguridad social autónoma; subestima el gasto efectivo"
"Panamá","PAN",2025,"Gasto público en salud","GFS_SALUD","Proyección propia","ETS",1.8905,"% del PIB","Gobierno central","CEPAL/FMI-GFS, gasto público por función","Excluye seguridad social autónoma; subestima el gasto efectivo"
"Panamá","PAN",2026,"Gasto público en salud","GFS_SALUD","Proyección propia","ETS",1.8905,"% del PIB","Gobierno central","CEPAL/FMI-GFS, gasto público por función","Excluye seguridad social autónoma; subestima el gasto efectivo"
"Panamá","PAN",2027,"Gasto público en salud","GFS_SALUD","Proyección propia","ETS",1.8905,"% del PIB","Gobierno central","CEPAL/FMI-GFS, gasto público por función","Excluye seguridad social autónoma; subestima el gasto efectivo"
"Brasil","BRA",2001,"Ingresos del gobierno general","GGR_NGDP","Observado",NA,36.334,"% del PIB","Gobierno general","FMI, World Economic Outlook, abril 2025",NA
"Brasil","BRA",2002,"Ingresos del gobierno general","GGR_NGDP","Observado",NA,40.346,"% del PIB","Gobierno general","FMI, World Economic Outlook, abril 2025",NA
"Brasil","BRA",2003,"Ingresos del gobierno general","GGR_NGDP","Observado",NA,35.887,"% del PIB","Gobierno general","FMI, World Economic Outlook, abril 2025",NA
"Brasil","BRA",2004,"Ingresos del gobierno general","GGR_NGDP","Observado",NA,36.726,"% del PIB","Gobierno general","FMI, World Economic Outlook, abril 2025",NA
"Brasil","BRA",2005,"Ingresos del gobierno general","GGR_NGDP","Observado",NA,38.507,"% del PIB","Gobierno general","FMI, World Economic Outlook, abril 2025",NA
"Brasil","BRA",2006,"Ingresos del gobierno general","GGR_NGDP","Observado",NA,37.694,"% del PIB","Gobierno general","FMI, World Economic Outlook, abril 2025",NA
"Brasil","BRA",2007,"Ingresos del gobierno general","GGR_NGDP","Observado",NA,37.692,"% del PIB","Gobierno general","FMI, World Economic Outlook, abril 2025",NA
"Brasil","BRA",2008,"Ingresos del gobierno general","GGR_NGDP","Observado",NA,37.523,"% del PIB","Gobierno general","FMI, World Economic Outlook, abril 2025",NA
"Brasil","BRA",2009,"Ingresos del gobierno general","GGR_NGDP","Observado",NA,36.306,"% del PIB","Gobierno general","FMI, World Economic Outlook, abril 2025",NA
"Brasil","BRA",2010,"Ingresos del gobierno general","GGR_NGDP","Observado",NA,35.962,"% del PIB","Gobierno general","FMI, World Economic Outlook, abril 2025",NA
"Brasil","BRA",2011,"Ingresos del gobierno general","GGR_NGDP","Observado",NA,36.626,"% del PIB","Gobierno general","FMI, World Economic Outlook, abril 2025",NA
"Brasil","BRA",2012,"Ingresos del gobierno general","GGR_NGDP","Observado",NA,36.958,"% del PIB","Gobierno general","FMI, World Economic Outlook, abril 2025",NA
"Brasil","BRA",2013,"Ingresos del gobierno general","GGR_NGDP","Observado",NA,36.358,"% del PIB","Gobierno general","FMI, World Economic Outlook, abril 2025",NA
"Brasil","BRA",2014,"Ingresos del gobierno general","GGR_NGDP","Observado",NA,35.151,"% del PIB","Gobierno general","FMI, World Economic Outlook, abril 2025",NA
"Brasil","BRA",2015,"Ingresos del gobierno general","GGR_NGDP","Observado",NA,36.909,"% del PIB","Gobierno general","FMI, World Economic Outlook, abril 2025",NA
"Brasil","BRA",2016,"Ingresos del gobierno general","GGR_NGDP","Observado",NA,37.512,"% del PIB","Gobierno general","FMI, World Economic Outlook, abril 2025",NA
"Brasil","BRA",2017,"Ingresos del gobierno general","GGR_NGDP","Observado",NA,36.328,"% del PIB","Gobierno general","FMI, World Economic Outlook, abril 2025",NA
"Brasil","BRA",2018,"Ingresos del gobierno general","GGR_NGDP","Observado",NA,37.191,"% del PIB","Gobierno general","FMI, World Economic Outlook, abril 2025",NA
"Brasil","BRA",2019,"Ingresos del gobierno general","GGR_NGDP","Observado",NA,38.184,"% del PIB","Gobierno general","FMI, World Economic Outlook, abril 2025",NA
"Brasil","BRA",2020,"Ingresos del gobierno general","GGR_NGDP","Observado",NA,34.542,"% del PIB","Gobierno general","FMI, World Economic Outlook, abril 2025",NA
"Brasil","BRA",2021,"Ingresos del gobierno general","GGR_NGDP","Observado",NA,37.74,"% del PIB","Gobierno general","FMI, World Economic Outlook, abril 2025",NA
"Brasil","BRA",2022,"Ingresos del gobierno general","GGR_NGDP","Observado",NA,39.481,"% del PIB","Gobierno general","FMI, World Economic Outlook, abril 2025",NA
"Brasil","BRA",2023,"Ingresos del gobierno general","GGR_NGDP","Observado",NA,37.597,"% del PIB","Gobierno general","FMI, World Economic Outlook, abril 2025",NA
"Brasil","BRA",2024,"Ingresos del gobierno general","GGR_NGDP","Estimación de la fuente",NA,38.833,"% del PIB","Gobierno general","FMI, World Economic Outlook, abril 2025",NA
"Brasil","BRA",2025,"Ingresos del gobierno general","GGR_NGDP","Proyección propia","ETS",37.1386,"% del PIB","Gobierno general","FMI, World Economic Outlook, abril 2025",NA
"Brasil","BRA",2026,"Ingresos del gobierno general","GGR_NGDP","Proyección propia","ETS",37.1386,"% del PIB","Gobierno general","FMI, World Economic Outlook, abril 2025",NA
"Brasil","BRA",2027,"Ingresos del gobierno general","GGR_NGDP","Proyección propia","ETS",37.1386,"% del PIB","Gobierno general","FMI, World Economic Outlook, abril 2025",NA
"Brasil","BRA",2028,"Ingresos del gobierno general","GGR_NGDP","Proyección propia","ETS",37.1386,"% del PIB","Gobierno general","FMI, World Economic Outlook, abril 2025",NA
"Brasil","BRA",2029,"Ingresos del gobierno general","GGR_NGDP","Proyección propia","ETS",37.1386,"% del PIB","Gobierno general","FMI, World Economic Outlook, abril 2025",NA
"Brasil","BRA",2030,"Ingresos del gobierno general","GGR_NGDP","Proyección propia","ETS",37.1386,"% del PIB","Gobierno general","FMI, World Economic Outlook, abril 2025",NA
"Brasil","BRA",2031,"Ingresos del gobierno general","GGR_NGDP","Proyección propia","ETS",37.1386,"% del PIB","Gobierno general","FMI, World Economic Outlook, abril 2025",NA
"Brasil","BRA",2032,"Ingresos del gobierno general","GGR_NGDP","Proyección propia","ETS",37.1386,"% del PIB","Gobierno general","FMI, World Economic Outlook, abril 2025",NA
"Brasil","BRA",2033,"Ingresos del gobierno general","GGR_NGDP","Proyección propia","ETS",37.1386,"% del PIB","Gobierno general","FMI, World Economic Outlook, abril 2025",NA
"Brasil","BRA",2034,"Ingresos del gobierno general","GGR_NGDP","Proyección propia","ETS",37.1386,"% del PIB","Gobierno general","FMI, World Economic Outlook, abril 2025",NA
"Chile","CHL",2000,"Ingresos del gobierno general","GGR_NGDP","Observado",NA,22.177,"% del PIB","Gobierno general","FMI, World Economic Outlook, abril 2025",NA
"Chile","CHL",2001,"Ingresos del gobierno general","GGR_NGDP","Observado",NA,22.687,"% del PIB","Gobierno general","FMI, World Economic Outlook, abril 2025",NA
"Chile","CHL",2002,"Ingresos del gobierno general","GGR_NGDP","Observado",NA,22.031,"% del PIB","Gobierno general","FMI, World Economic Outlook, abril 2025",NA
"Chile","CHL",2003,"Ingresos del gobierno general","GGR_NGDP","Observado",NA,21.803,"% del PIB","Gobierno general","FMI, World Economic Outlook, abril 2025",NA
"Chile","CHL",2004,"Ingresos del gobierno general","GGR_NGDP","Observado",NA,22.866,"% del PIB","Gobierno general","FMI, World Economic Outlook, abril 2025",NA
"Chile","CHL",2005,"Ingresos del gobierno general","GGR_NGDP","Observado",NA,24.817,"% del PIB","Gobierno general","FMI, World Economic Outlook, abril 2025",NA
"Chile","CHL",2006,"Ingresos del gobierno general","GGR_NGDP","Observado",NA,26.239,"% del PIB","Gobierno general","FMI, World Economic Outlook, abril 2025",NA
"Chile","CHL",2007,"Ingresos del gobierno general","GGR_NGDP","Observado",NA,27.261,"% del PIB","Gobierno general","FMI, World Economic Outlook, abril 2025",NA
"Chile","CHL",2008,"Ingresos del gobierno general","GGR_NGDP","Observado",NA,25.722,"% del PIB","Gobierno general","FMI, World Economic Outlook, abril 2025",NA
"Chile","CHL",2009,"Ingresos del gobierno general","GGR_NGDP","Observado",NA,20.717,"% del PIB","Gobierno general","FMI, World Economic Outlook, abril 2025",NA
"Chile","CHL",2010,"Ingresos del gobierno general","GGR_NGDP","Observado",NA,23.104,"% del PIB","Gobierno general","FMI, World Economic Outlook, abril 2025",NA
"Chile","CHL",2011,"Ingresos del gobierno general","GGR_NGDP","Observado",NA,24.313,"% del PIB","Gobierno general","FMI, World Economic Outlook, abril 2025",NA
"Chile","CHL",2012,"Ingresos del gobierno general","GGR_NGDP","Observado",NA,23.772,"% del PIB","Gobierno general","FMI, World Economic Outlook, abril 2025",NA
"Chile","CHL",2013,"Ingresos del gobierno general","GGR_NGDP","Observado",NA,22.643,"% del PIB","Gobierno general","FMI, World Economic Outlook, abril 2025",NA
"Chile","CHL",2014,"Ingresos del gobierno general","GGR_NGDP","Observado",NA,22.356,"% del PIB","Gobierno general","FMI, World Economic Outlook, abril 2025",NA
"Chile","CHL",2015,"Ingresos del gobierno general","GGR_NGDP","Observado",NA,22.939,"% del PIB","Gobierno general","FMI, World Economic Outlook, abril 2025",NA
"Chile","CHL",2016,"Ingresos del gobierno general","GGR_NGDP","Observado",NA,22.706,"% del PIB","Gobierno general","FMI, World Economic Outlook, abril 2025",NA
"Chile","CHL",2017,"Ingresos del gobierno general","GGR_NGDP","Observado",NA,22.865,"% del PIB","Gobierno general","FMI, World Economic Outlook, abril 2025",NA
"Chile","CHL",2018,"Ingresos del gobierno general","GGR_NGDP","Observado",NA,24.133,"% del PIB","Gobierno general","FMI, World Economic Outlook, abril 2025",NA
"Chile","CHL",2019,"Ingresos del gobierno general","GGR_NGDP","Observado",NA,23.767,"% del PIB","Gobierno general","FMI, World Economic Outlook, abril 2025",NA
"Chile","CHL",2020,"Ingresos del gobierno general","GGR_NGDP","Observado",NA,21.993,"% del PIB","Gobierno general","FMI, World Economic Outlook, abril 2025",NA
"Chile","CHL",2021,"Ingresos del gobierno general","GGR_NGDP","Observado",NA,26.09,"% del PIB","Gobierno general","FMI, World Economic Outlook, abril 2025",NA
"Chile","CHL",2022,"Ingresos del gobierno general","GGR_NGDP","Observado",NA,28.085,"% del PIB","Gobierno general","FMI, World Economic Outlook, abril 2025",NA
"Chile","CHL",2023,"Ingresos del gobierno general","GGR_NGDP","Observado",NA,25.122,"% del PIB","Gobierno general","FMI, World Economic Outlook, abril 2025",NA
"Chile","CHL",2024,"Ingresos del gobierno general","GGR_NGDP","Observado",NA,23.74,"% del PIB","Gobierno general","FMI, World Economic Outlook, abril 2025",NA
"Chile","CHL",2025,"Ingresos del gobierno general","GGR_NGDP","Proyección propia","ARIMA",23.7114,"% del PIB","Gobierno general","FMI, World Economic Outlook, abril 2025",NA
"Chile","CHL",2026,"Ingresos del gobierno general","GGR_NGDP","Proyección propia","ARIMA",23.7197,"% del PIB","Gobierno general","FMI, World Economic Outlook, abril 2025",NA
"Chile","CHL",2027,"Ingresos del gobierno general","GGR_NGDP","Proyección propia","ARIMA",23.7197,"% del PIB","Gobierno general","FMI, World Economic Outlook, abril 2025",NA
"Chile","CHL",2028,"Ingresos del gobierno general","GGR_NGDP","Proyección propia","ARIMA",23.7197,"% del PIB","Gobierno general","FMI, World Economic Outlook, abril 2025",NA
"Chile","CHL",2029,"Ingresos del gobierno general","GGR_NGDP","Proyección propia","ARIMA",23.7197,"% del PIB","Gobierno general","FMI, World Economic Outlook, abril 2025",NA
"Chile","CHL",2030,"Ingresos del gobierno general","GGR_NGDP","Proyección propia","ARIMA",23.7197,"% del PIB","Gobierno general","FMI, World Economic Outlook, abril 2025",NA
"Chile","CHL",2031,"Ingresos del gobierno general","GGR_NGDP","Proyección propia","ARIMA",23.7197,"% del PIB","Gobierno general","FMI, World Economic Outlook, abril 2025",NA
"Chile","CHL",2032,"Ingresos del gobierno general","GGR_NGDP","Proyección propia","ARIMA",23.7197,"% del PIB","Gobierno general","FMI, World Economic Outlook, abril 2025",NA
"Chile","CHL",2033,"Ingresos del gobierno general","GGR_NGDP","Proyección propia","ARIMA",23.7197,"% del PIB","Gobierno general","FMI, World Economic Outlook, abril 2025",NA
"Chile","CHL",2034,"Ingresos del gobierno general","GGR_NGDP","Proyección propia","ARIMA",23.7197,"% del PIB","Gobierno general","FMI, World Economic Outlook, abril 2025",NA
"Colombia","COL",2000,"Ingresos del gobierno general","GGR_NGDP","Observado",NA,23.642,"% del PIB","Gobierno general","FMI, World Economic Outlook, abril 2025",NA
"Colombia","COL",2001,"Ingresos del gobierno general","GGR_NGDP","Observado",NA,24.798,"% del PIB","Gobierno general","FMI, World Economic Outlook, abril 2025",NA
"Colombia","COL",2002,"Ingresos del gobierno general","GGR_NGDP","Observado",NA,24.622,"% del PIB","Gobierno general","FMI, World Economic Outlook, abril 2025",NA
"Colombia","COL",2003,"Ingresos del gobierno general","GGR_NGDP","Observado",NA,25.312,"% del PIB","Gobierno general","FMI, World Economic Outlook, abril 2025",NA
"Colombia","COL",2004,"Ingresos del gobierno general","GGR_NGDP","Observado",NA,25.32,"% del PIB","Gobierno general","FMI, World Economic Outlook, abril 2025",NA
"Colombia","COL",2005,"Ingresos del gobierno general","GGR_NGDP","Observado",NA,25.869,"% del PIB","Gobierno general","FMI, World Economic Outlook, abril 2025",NA
"Colombia","COL",2006,"Ingresos del gobierno general","GGR_NGDP","Observado",NA,27.449,"% del PIB","Gobierno general","FMI, World Economic Outlook, abril 2025",NA
"Colombia","COL",2007,"Ingresos del gobierno general","GGR_NGDP","Observado",NA,27.342,"% del PIB","Gobierno general","FMI, World Economic Outlook, abril 2025",NA
"Colombia","COL",2008,"Ingresos del gobierno general","GGR_NGDP","Observado",NA,28.471,"% del PIB","Gobierno general","FMI, World Economic Outlook, abril 2025",NA
"Colombia","COL",2009,"Ingresos del gobierno general","GGR_NGDP","Observado",NA,28.24,"% del PIB","Gobierno general","FMI, World Economic Outlook, abril 2025",NA
"Colombia","COL",2010,"Ingresos del gobierno general","GGR_NGDP","Observado",NA,27.047,"% del PIB","Gobierno general","FMI, World Economic Outlook, abril 2025",NA
"Colombia","COL",2011,"Ingresos del gobierno general","GGR_NGDP","Observado",NA,28.24,"% del PIB","Gobierno general","FMI, World Economic Outlook, abril 2025",NA
"Colombia","COL",2012,"Ingresos del gobierno general","GGR_NGDP","Observado",NA,29.247,"% del PIB","Gobierno general","FMI, World Economic Outlook, abril 2025",NA
"Colombia","COL",2013,"Ingresos del gobierno general","GGR_NGDP","Observado",NA,28.978,"% del PIB","Gobierno general","FMI, World Economic Outlook, abril 2025",NA
"Colombia","COL",2014,"Ingresos del gobierno general","GGR_NGDP","Observado",NA,29.517,"% del PIB","Gobierno general","FMI, World Economic Outlook, abril 2025",NA
"Colombia","COL",2015,"Ingresos del gobierno general","GGR_NGDP","Observado",NA,27.757,"% del PIB","Gobierno general","FMI, World Economic Outlook, abril 2025",NA
"Colombia","COL",2016,"Ingresos del gobierno general","GGR_NGDP","Observado",NA,27.72,"% del PIB","Gobierno general","FMI, World Economic Outlook, abril 2025",NA
"Colombia","COL",2017,"Ingresos del gobierno general","GGR_NGDP","Observado",NA,26.825,"% del PIB","Gobierno general","FMI, World Economic Outlook, abril 2025",NA
"Colombia","COL",2018,"Ingresos del gobierno general","GGR_NGDP","Observado",NA,29.99,"% del PIB","Gobierno general","FMI, World Economic Outlook, abril 2025",NA
"Colombia","COL",2019,"Ingresos del gobierno general","GGR_NGDP","Observado",NA,29.397,"% del PIB","Gobierno general","FMI, World Economic Outlook, abril 2025",NA
"Colombia","COL",2020,"Ingresos del gobierno general","GGR_NGDP","Observado",NA,26.588,"% del PIB","Gobierno general","FMI, World Economic Outlook, abril 2025",NA
"Colombia","COL",2021,"Ingresos del gobierno general","GGR_NGDP","Observado",NA,27.217,"% del PIB","Gobierno general","FMI, World Economic Outlook, abril 2025",NA
"Colombia","COL",2022,"Ingresos del gobierno general","GGR_NGDP","Observado",NA,27.747,"% del PIB","Gobierno general","FMI, World Economic Outlook, abril 2025",NA
"Colombia","COL",2023,"Ingresos del gobierno general","GGR_NGDP","Observado",NA,32.224,"% del PIB","Gobierno general","FMI, World Economic Outlook, abril 2025",NA
"Colombia","COL",2024,"Ingresos del gobierno general","GGR_NGDP","Observado",NA,28.212,"% del PIB","Gobierno general","FMI, World Economic Outlook, abril 2025",NA
"Colombia","COL",2025,"Ingresos del gobierno general","GGR_NGDP","Proyección propia","ETS",28.9633,"% del PIB","Gobierno general","FMI, World Economic Outlook, abril 2025",NA
"Colombia","COL",2026,"Ingresos del gobierno general","GGR_NGDP","Proyección propia","ETS",28.9633,"% del PIB","Gobierno general","FMI, World Economic Outlook, abril 2025",NA
"Colombia","COL",2027,"Ingresos del gobierno general","GGR_NGDP","Proyección propia","ETS",28.9633,"% del PIB","Gobierno general","FMI, World Economic Outlook, abril 2025",NA
"Colombia","COL",2028,"Ingresos del gobierno general","GGR_NGDP","Proyección propia","ETS",28.9633,"% del PIB","Gobierno general","FMI, World Economic Outlook, abril 2025",NA
"Colombia","COL",2029,"Ingresos del gobierno general","GGR_NGDP","Proyección propia","ETS",28.9633,"% del PIB","Gobierno general","FMI, World Economic Outlook, abril 2025",NA
"Colombia","COL",2030,"Ingresos del gobierno general","GGR_NGDP","Proyección propia","ETS",28.9633,"% del PIB","Gobierno general","FMI, World Economic Outlook, abril 2025",NA
"Colombia","COL",2031,"Ingresos del gobierno general","GGR_NGDP","Proyección propia","ETS",28.9633,"% del PIB","Gobierno general","FMI, World Economic Outlook, abril 2025",NA
"Colombia","COL",2032,"Ingresos del gobierno general","GGR_NGDP","Proyección propia","ETS",28.9633,"% del PIB","Gobierno general","FMI, World Economic Outlook, abril 2025",NA
"Colombia","COL",2033,"Ingresos del gobierno general","GGR_NGDP","Proyección propia","ETS",28.9633,"% del PIB","Gobierno general","FMI, World Economic Outlook, abril 2025",NA
"Colombia","COL",2034,"Ingresos del gobierno general","GGR_NGDP","Proyección propia","ETS",28.9633,"% del PIB","Gobierno general","FMI, World Economic Outlook, abril 2025",NA
"Costa Rica","CRI",2000,"Ingresos del gobierno general","GGR_NGDP","Observado",NA,13.186,"% del PIB","Gobierno general","FMI, World Economic Outlook, abril 2025",NA
"Costa Rica","CRI",2001,"Ingresos del gobierno general","GGR_NGDP","Observado",NA,13.81,"% del PIB","Gobierno general","FMI, World Economic Outlook, abril 2025",NA
"Costa Rica","CRI",2002,"Ingresos del gobierno general","GGR_NGDP","Observado",NA,13.558,"% del PIB","Gobierno general","FMI, World Economic Outlook, abril 2025",NA
"Costa Rica","CRI",2003,"Ingresos del gobierno general","GGR_NGDP","Observado",NA,14.135,"% del PIB","Gobierno general","FMI, World Economic Outlook, abril 2025",NA
"Costa Rica","CRI",2004,"Ingresos del gobierno general","GGR_NGDP","Observado",NA,13.591,"% del PIB","Gobierno general","FMI, World Economic Outlook, abril 2025",NA
"Costa Rica","CRI",2005,"Ingresos del gobierno general","GGR_NGDP","Observado",NA,13.797,"% del PIB","Gobierno general","FMI, World Economic Outlook, abril 2025",NA
"Costa Rica","CRI",2006,"Ingresos del gobierno general","GGR_NGDP","Observado",NA,14.108,"% del PIB","Gobierno general","FMI, World Economic Outlook, abril 2025",NA
"Costa Rica","CRI",2007,"Ingresos del gobierno general","GGR_NGDP","Observado",NA,15.154,"% del PIB","Gobierno general","FMI, World Economic Outlook, abril 2025",NA
"Costa Rica","CRI",2008,"Ingresos del gobierno general","GGR_NGDP","Observado",NA,15.362,"% del PIB","Gobierno general","FMI, World Economic Outlook, abril 2025",NA
"Costa Rica","CRI",2009,"Ingresos del gobierno general","GGR_NGDP","Observado",NA,13.408,"% del PIB","Gobierno general","FMI, World Economic Outlook, abril 2025",NA
"Costa Rica","CRI",2010,"Ingresos del gobierno general","GGR_NGDP","Observado",NA,13.086,"% del PIB","Gobierno general","FMI, World Economic Outlook, abril 2025",NA
"Costa Rica","CRI",2011,"Ingresos del gobierno general","GGR_NGDP","Observado",NA,13.27,"% del PIB","Gobierno general","FMI, World Economic Outlook, abril 2025",NA
"Costa Rica","CRI",2012,"Ingresos del gobierno general","GGR_NGDP","Observado",NA,13.128,"% del PIB","Gobierno general","FMI, World Economic Outlook, abril 2025",NA
"Costa Rica","CRI",2013,"Ingresos del gobierno general","GGR_NGDP","Observado",NA,13.273,"% del PIB","Gobierno general","FMI, World Economic Outlook, abril 2025",NA
"Costa Rica","CRI",2014,"Ingresos del gobierno general","GGR_NGDP","Observado",NA,12.946,"% del PIB","Gobierno general","FMI, World Economic Outlook, abril 2025",NA
"Costa Rica","CRI",2015,"Ingresos del gobierno general","GGR_NGDP","Observado",NA,13.237,"% del PIB","Gobierno general","FMI, World Economic Outlook, abril 2025",NA
"Costa Rica","CRI",2016,"Ingresos del gobierno general","GGR_NGDP","Observado",NA,13.662,"% del PIB","Gobierno general","FMI, World Economic Outlook, abril 2025",NA
"Costa Rica","CRI",2017,"Ingresos del gobierno general","GGR_NGDP","Observado",NA,13.278,"% del PIB","Gobierno general","FMI, World Economic Outlook, abril 2025",NA
"Costa Rica","CRI",2018,"Ingresos del gobierno general","GGR_NGDP","Observado",NA,13.235,"% del PIB","Gobierno general","FMI, World Economic Outlook, abril 2025",NA
"Costa Rica","CRI",2019,"Ingresos del gobierno general","GGR_NGDP","Observado",NA,15.002,"% del PIB","Gobierno general","FMI, World Economic Outlook, abril 2025",NA
"Costa Rica","CRI",2020,"Ingresos del gobierno general","GGR_NGDP","Observado",NA,13.912,"% del PIB","Gobierno general","FMI, World Economic Outlook, abril 2025",NA
"Costa Rica","CRI",2021,"Ingresos del gobierno general","GGR_NGDP","Observado",NA,15.687,"% del PIB","Gobierno general","FMI, World Economic Outlook, abril 2025",NA
"Costa Rica","CRI",2022,"Ingresos del gobierno general","GGR_NGDP","Observado",NA,16.383,"% del PIB","Gobierno general","FMI, World Economic Outlook, abril 2025",NA
"Costa Rica","CRI",2023,"Ingresos del gobierno general","GGR_NGDP","Observado",NA,15.262,"% del PIB","Gobierno general","FMI, World Economic Outlook, abril 2025",NA
"Costa Rica","CRI",2024,"Ingresos del gobierno general","GGR_NGDP","Estimación de la fuente",NA,15.087,"% del PIB","Gobierno general","FMI, World Economic Outlook, abril 2025",NA
"Costa Rica","CRI",2025,"Ingresos del gobierno general","GGR_NGDP","Proyección propia","ETS",15.2056,"% del PIB","Gobierno general","FMI, World Economic Outlook, abril 2025",NA
"Costa Rica","CRI",2026,"Ingresos del gobierno general","GGR_NGDP","Proyección propia","ETS",15.2056,"% del PIB","Gobierno general","FMI, World Economic Outlook, abril 2025",NA
"Costa Rica","CRI",2027,"Ingresos del gobierno general","GGR_NGDP","Proyección propia","ETS",15.2056,"% del PIB","Gobierno general","FMI, World Economic Outlook, abril 2025",NA
"Costa Rica","CRI",2028,"Ingresos del gobierno general","GGR_NGDP","Proyección propia","ETS",15.2056,"% del PIB","Gobierno general","FMI, World Economic Outlook, abril 2025",NA
"Costa Rica","CRI",2029,"Ingresos del gobierno general","GGR_NGDP","Proyección propia","ETS",15.2056,"% del PIB","Gobierno general","FMI, World Economic Outlook, abril 2025",NA
"Costa Rica","CRI",2030,"Ingresos del gobierno general","GGR_NGDP","Proyección propia","ETS",15.2056,"% del PIB","Gobierno general","FMI, World Economic Outlook, abril 2025",NA
"Costa Rica","CRI",2031,"Ingresos del gobierno general","GGR_NGDP","Proyección propia","ETS",15.2056,"% del PIB","Gobierno general","FMI, World Economic Outlook, abril 2025",NA
"Costa Rica","CRI",2032,"Ingresos del gobierno general","GGR_NGDP","Proyección propia","ETS",15.2056,"% del PIB","Gobierno general","FMI, World Economic Outlook, abril 2025",NA
"Costa Rica","CRI",2033,"Ingresos del gobierno general","GGR_NGDP","Proyección propia","ETS",15.2056,"% del PIB","Gobierno general","FMI, World Economic Outlook, abril 2025",NA
"Costa Rica","CRI",2034,"Ingresos del gobierno general","GGR_NGDP","Proyección propia","ETS",15.2056,"% del PIB","Gobierno general","FMI, World Economic Outlook, abril 2025",NA
"México","MEX",2000,"Ingresos del gobierno general","GGR_NGDP","Observado",NA,16.701,"% del PIB","Gobierno general","FMI, World Economic Outlook, abril 2025",NA
"México","MEX",2001,"Ingresos del gobierno general","GGR_NGDP","Observado",NA,16.974,"% del PIB","Gobierno general","FMI, World Economic Outlook, abril 2025",NA
"México","MEX",2002,"Ingresos del gobierno general","GGR_NGDP","Observado",NA,17.586,"% del PIB","Gobierno general","FMI, World Economic Outlook, abril 2025",NA
"México","MEX",2003,"Ingresos del gobierno general","GGR_NGDP","Observado",NA,19.261,"% del PIB","Gobierno general","FMI, World Economic Outlook, abril 2025",NA
"México","MEX",2004,"Ingresos del gobierno general","GGR_NGDP","Observado",NA,19.113,"% del PIB","Gobierno general","FMI, World Economic Outlook, abril 2025",NA
"México","MEX",2005,"Ingresos del gobierno general","GGR_NGDP","Observado",NA,19.722,"% del PIB","Gobierno general","FMI, World Economic Outlook, abril 2025",NA
"México","MEX",2006,"Ingresos del gobierno general","GGR_NGDP","Observado",NA,20.351,"% del PIB","Gobierno general","FMI, World Economic Outlook, abril 2025",NA
"México","MEX",2007,"Ingresos del gobierno general","GGR_NGDP","Observado",NA,21.063,"% del PIB","Gobierno general","FMI, World Economic Outlook, abril 2025",NA
"México","MEX",2008,"Ingresos del gobierno general","GGR_NGDP","Observado",NA,25.821,"% del PIB","Gobierno general","FMI, World Economic Outlook, abril 2025",NA
"México","MEX",2009,"Ingresos del gobierno general","GGR_NGDP","Observado",NA,22.581,"% del PIB","Gobierno general","FMI, World Economic Outlook, abril 2025",NA
"México","MEX",2010,"Ingresos del gobierno general","GGR_NGDP","Observado",NA,22.678,"% del PIB","Gobierno general","FMI, World Economic Outlook, abril 2025",NA
"México","MEX",2011,"Ingresos del gobierno general","GGR_NGDP","Observado",NA,23.418,"% del PIB","Gobierno general","FMI, World Economic Outlook, abril 2025",NA
"México","MEX",2012,"Ingresos del gobierno general","GGR_NGDP","Observado",NA,23.434,"% del PIB","Gobierno general","FMI, World Economic Outlook, abril 2025",NA
"México","MEX",2013,"Ingresos del gobierno general","GGR_NGDP","Observado",NA,23.109,"% del PIB","Gobierno general","FMI, World Economic Outlook, abril 2025",NA
"México","MEX",2014,"Ingresos del gobierno general","GGR_NGDP","Observado",NA,22.578,"% del PIB","Gobierno general","FMI, World Economic Outlook, abril 2025",NA
"México","MEX",2015,"Ingresos del gobierno general","GGR_NGDP","Observado",NA,22.699,"% del PIB","Gobierno general","FMI, World Economic Outlook, abril 2025",NA
"México","MEX",2016,"Ingresos del gobierno general","GGR_NGDP","Observado",NA,23.841,"% del PIB","Gobierno general","FMI, World Economic Outlook, abril 2025",NA
"México","MEX",2017,"Ingresos del gobierno general","GGR_NGDP","Observado",NA,23.984,"% del PIB","Gobierno general","FMI, World Economic Outlook, abril 2025",NA
"México","MEX",2018,"Ingresos del gobierno general","GGR_NGDP","Observado",NA,22.831,"% del PIB","Gobierno general","FMI, World Economic Outlook, abril 2025",NA
"México","MEX",2019,"Ingresos del gobierno general","GGR_NGDP","Observado",NA,22.997,"% del PIB","Gobierno general","FMI, World Economic Outlook, abril 2025",NA
"México","MEX",2020,"Ingresos del gobierno general","GGR_NGDP","Observado",NA,23.493,"% del PIB","Gobierno general","FMI, World Economic Outlook, abril 2025",NA
"México","MEX",2021,"Ingresos del gobierno general","GGR_NGDP","Observado",NA,22.937,"% del PIB","Gobierno general","FMI, World Economic Outlook, abril 2025",NA
"México","MEX",2022,"Ingresos del gobierno general","GGR_NGDP","Observado",NA,24.194,"% del PIB","Gobierno general","FMI, World Economic Outlook, abril 2025",NA
"México","MEX",2023,"Ingresos del gobierno general","GGR_NGDP","Observado",NA,24.293,"% del PIB","Gobierno general","FMI, World Economic Outlook, abril 2025",NA
"México","MEX",2024,"Ingresos del gobierno general","GGR_NGDP","Observado",NA,24.645,"% del PIB","Gobierno general","FMI, World Economic Outlook, abril 2025",NA
"México","MEX",2025,"Ingresos del gobierno general","GGR_NGDP","Proyección propia","ETS",23.9381,"% del PIB","Gobierno general","FMI, World Economic Outlook, abril 2025",NA
"México","MEX",2026,"Ingresos del gobierno general","GGR_NGDP","Proyección propia","ETS",23.9527,"% del PIB","Gobierno general","FMI, World Economic Outlook, abril 2025",NA
"México","MEX",2027,"Ingresos del gobierno general","GGR_NGDP","Proyección propia","ETS",23.9646,"% del PIB","Gobierno general","FMI, World Economic Outlook, abril 2025",NA
"México","MEX",2028,"Ingresos del gobierno general","GGR_NGDP","Proyección propia","ETS",23.9744,"% del PIB","Gobierno general","FMI, World Economic Outlook, abril 2025",NA
"México","MEX",2029,"Ingresos del gobierno general","GGR_NGDP","Proyección propia","ETS",23.9825,"% del PIB","Gobierno general","FMI, World Economic Outlook, abril 2025",NA
"México","MEX",2030,"Ingresos del gobierno general","GGR_NGDP","Proyección propia","ETS",23.9891,"% del PIB","Gobierno general","FMI, World Economic Outlook, abril 2025",NA
"México","MEX",2031,"Ingresos del gobierno general","GGR_NGDP","Proyección propia","ETS",23.9945,"% del PIB","Gobierno general","FMI, World Economic Outlook, abril 2025",NA
"México","MEX",2032,"Ingresos del gobierno general","GGR_NGDP","Proyección propia","ETS",23.999,"% del PIB","Gobierno general","FMI, World Economic Outlook, abril 2025",NA
"México","MEX",2033,"Ingresos del gobierno general","GGR_NGDP","Proyección propia","ETS",24.0027,"% del PIB","Gobierno general","FMI, World Economic Outlook, abril 2025",NA
"México","MEX",2034,"Ingresos del gobierno general","GGR_NGDP","Proyección propia","ETS",24.0057,"% del PIB","Gobierno general","FMI, World Economic Outlook, abril 2025",NA
"Panamá","PAN",2000,"Ingresos del gobierno general","GGR_NGDP","Observado",NA,24.84,"% del PIB","Gobierno general","FMI, World Economic Outlook, abril 2025",NA
"Panamá","PAN",2001,"Ingresos del gobierno general","GGR_NGDP","Observado",NA,23.017,"% del PIB","Gobierno general","FMI, World Economic Outlook, abril 2025",NA
"Panamá","PAN",2002,"Ingresos del gobierno general","GGR_NGDP","Observado",NA,22.511,"% del PIB","Gobierno general","FMI, World Economic Outlook, abril 2025",NA
"Panamá","PAN",2003,"Ingresos del gobierno general","GGR_NGDP","Observado",NA,21.948,"% del PIB","Gobierno general","FMI, World Economic Outlook, abril 2025",NA
"Panamá","PAN",2004,"Ingresos del gobierno general","GGR_NGDP","Observado",NA,18.978,"% del PIB","Gobierno general","FMI, World Economic Outlook, abril 2025",NA
"Panamá","PAN",2005,"Ingresos del gobierno general","GGR_NGDP","Observado",NA,20.147,"% del PIB","Gobierno general","FMI, World Economic Outlook, abril 2025",NA
"Panamá","PAN",2006,"Ingresos del gobierno general","GGR_NGDP","Observado",NA,22.412,"% del PIB","Gobierno general","FMI, World Economic Outlook, abril 2025",NA
"Panamá","PAN",2007,"Ingresos del gobierno general","GGR_NGDP","Observado",NA,24.943,"% del PIB","Gobierno general","FMI, World Economic Outlook, abril 2025",NA
"Panamá","PAN",2008,"Ingresos del gobierno general","GGR_NGDP","Observado",NA,23.091,"% del PIB","Gobierno general","FMI, World Economic Outlook, abril 2025",NA
"Panamá","PAN",2009,"Ingresos del gobierno general","GGR_NGDP","Observado",NA,21.792,"% del PIB","Gobierno general","FMI, World Economic Outlook, abril 2025",NA
"Panamá","PAN",2010,"Ingresos del gobierno general","GGR_NGDP","Observado",NA,22.527,"% del PIB","Gobierno general","FMI, World Economic Outlook, abril 2025",NA
"Panamá","PAN",2011,"Ingresos del gobierno general","GGR_NGDP","Observado",NA,21.591,"% del PIB","Gobierno general","FMI, World Economic Outlook, abril 2025",NA
"Panamá","PAN",2012,"Ingresos del gobierno general","GGR_NGDP","Observado",NA,21.51,"% del PIB","Gobierno general","FMI, World Economic Outlook, abril 2025",NA
"Panamá","PAN",2013,"Ingresos del gobierno general","GGR_NGDP","Observado",NA,21.053,"% del PIB","Gobierno general","FMI, World Economic Outlook, abril 2025",NA
"Panamá","PAN",2014,"Ingresos del gobierno general","GGR_NGDP","Observado",NA,19.762,"% del PIB","Gobierno general","FMI, World Economic Outlook, abril 2025",NA
"Panamá","PAN",2015,"Ingresos del gobierno general","GGR_NGDP","Observado",NA,19.088,"% del PIB","Gobierno general","FMI, World Economic Outlook, abril 2025",NA
"Panamá","PAN",2016,"Ingresos del gobierno general","GGR_NGDP","Observado",NA,19.406,"% del PIB","Gobierno general","FMI, World Economic Outlook, abril 2025",NA
"Panamá","PAN",2017,"Ingresos del gobierno general","GGR_NGDP","Observado",NA,19.299,"% del PIB","Gobierno general","FMI, World Economic Outlook, abril 2025",NA
"Panamá","PAN",2018,"Ingresos del gobierno general","GGR_NGDP","Observado",NA,18.955,"% del PIB","Gobierno general","FMI, World Economic Outlook, abril 2025",NA
"Panamá","PAN",2019,"Ingresos del gobierno general","GGR_NGDP","Observado",NA,17.76,"% del PIB","Gobierno general","FMI, World Economic Outlook, abril 2025",NA
"Panamá","PAN",2020,"Ingresos del gobierno general","GGR_NGDP","Observado",NA,17.332,"% del PIB","Gobierno general","FMI, World Economic Outlook, abril 2025",NA
"Panamá","PAN",2021,"Ingresos del gobierno general","GGR_NGDP","Observado",NA,17.299,"% del PIB","Gobierno general","FMI, World Economic Outlook, abril 2025",NA
"Panamá","PAN",2022,"Ingresos del gobierno general","GGR_NGDP","Observado",NA,17.357,"% del PIB","Gobierno general","FMI, World Economic Outlook, abril 2025",NA
"Panamá","PAN",2023,"Ingresos del gobierno general","GGR_NGDP","Observado",NA,17.572,"% del PIB","Gobierno general","FMI, World Economic Outlook, abril 2025",NA
"Panamá","PAN",2024,"Ingresos del gobierno general","GGR_NGDP","Estimación de la fuente",NA,15.522,"% del PIB","Gobierno general","FMI, World Economic Outlook, abril 2025",NA
"Panamá","PAN",2025,"Ingresos del gobierno general","GGR_NGDP","Proyección propia","Holt amortiguado",15.5242,"% del PIB","Gobierno general","FMI, World Economic Outlook, abril 2025",NA
"Panamá","PAN",2026,"Ingresos del gobierno general","GGR_NGDP","Proyección propia","Holt amortiguado",15.5162,"% del PIB","Gobierno general","FMI, World Economic Outlook, abril 2025",NA
"Panamá","PAN",2027,"Ingresos del gobierno general","GGR_NGDP","Proyección propia","Holt amortiguado",15.5098,"% del PIB","Gobierno general","FMI, World Economic Outlook, abril 2025",NA
"Panamá","PAN",2028,"Ingresos del gobierno general","GGR_NGDP","Proyección propia","Holt amortiguado",15.5047,"% del PIB","Gobierno general","FMI, World Economic Outlook, abril 2025",NA
"Panamá","PAN",2029,"Ingresos del gobierno general","GGR_NGDP","Proyección propia","Holt amortiguado",15.5006,"% del PIB","Gobierno general","FMI, World Economic Outlook, abril 2025",NA
"Panamá","PAN",2030,"Ingresos del gobierno general","GGR_NGDP","Proyección propia","Holt amortiguado",15.4974,"% del PIB","Gobierno general","FMI, World Economic Outlook, abril 2025",NA
"Panamá","PAN",2031,"Ingresos del gobierno general","GGR_NGDP","Proyección propia","Holt amortiguado",15.4948,"% del PIB","Gobierno general","FMI, World Economic Outlook, abril 2025",NA
"Panamá","PAN",2032,"Ingresos del gobierno general","GGR_NGDP","Proyección propia","Holt amortiguado",15.4927,"% del PIB","Gobierno general","FMI, World Economic Outlook, abril 2025",NA
"Panamá","PAN",2033,"Ingresos del gobierno general","GGR_NGDP","Proyección propia","Holt amortiguado",15.491,"% del PIB","Gobierno general","FMI, World Economic Outlook, abril 2025",NA
"Panamá","PAN",2034,"Ingresos del gobierno general","GGR_NGDP","Proyección propia","Holt amortiguado",15.4896,"% del PIB","Gobierno general","FMI, World Economic Outlook, abril 2025",NA
"Brasil","BRA",1990,"Razón de dependencia senil (%)","WPP_RDSEN","Observado",NA,6.8236,"%","Nacional","UN World Population Prospects 2024, revisión mediana",NA
"Brasil","BRA",1991,"Razón de dependencia senil (%)","WPP_RDSEN","Observado",NA,6.9357,"%","Nacional","UN World Population Prospects 2024, revisión mediana",NA
"Brasil","BRA",1992,"Razón de dependencia senil (%)","WPP_RDSEN","Observado",NA,7.0493,"%","Nacional","UN World Population Prospects 2024, revisión mediana",NA
"Brasil","BRA",1993,"Razón de dependencia senil (%)","WPP_RDSEN","Observado",NA,7.1657,"%","Nacional","UN World Population Prospects 2024, revisión mediana",NA
"Brasil","BRA",1994,"Razón de dependencia senil (%)","WPP_RDSEN","Observado",NA,7.2849,"%","Nacional","UN World Population Prospects 2024, revisión mediana",NA
"Brasil","BRA",1995,"Razón de dependencia senil (%)","WPP_RDSEN","Observado",NA,7.4018,"%","Nacional","UN World Population Prospects 2024, revisión mediana",NA
"Brasil","BRA",1996,"Razón de dependencia senil (%)","WPP_RDSEN","Observado",NA,7.5167,"%","Nacional","UN World Population Prospects 2024, revisión mediana",NA
"Brasil","BRA",1997,"Razón de dependencia senil (%)","WPP_RDSEN","Observado",NA,7.631,"%","Nacional","UN World Population Prospects 2024, revisión mediana",NA
"Brasil","BRA",1998,"Razón de dependencia senil (%)","WPP_RDSEN","Observado",NA,7.7377,"%","Nacional","UN World Population Prospects 2024, revisión mediana",NA
"Brasil","BRA",1999,"Razón de dependencia senil (%)","WPP_RDSEN","Observado",NA,7.8359,"%","Nacional","UN World Population Prospects 2024, revisión mediana",NA
"Brasil","BRA",2000,"Razón de dependencia senil (%)","WPP_RDSEN","Observado",NA,7.9322,"%","Nacional","UN World Population Prospects 2024, revisión mediana",NA
"Brasil","BRA",2001,"Razón de dependencia senil (%)","WPP_RDSEN","Observado",NA,8.035,"%","Nacional","UN World Population Prospects 2024, revisión mediana",NA
"Brasil","BRA",2002,"Razón de dependencia senil (%)","WPP_RDSEN","Observado",NA,8.15,"%","Nacional","UN World Population Prospects 2024, revisión mediana",NA
"Brasil","BRA",2003,"Razón de dependencia senil (%)","WPP_RDSEN","Observado",NA,8.2819,"%","Nacional","UN World Population Prospects 2024, revisión mediana",NA
"Brasil","BRA",2004,"Razón de dependencia senil (%)","WPP_RDSEN","Observado",NA,8.4353,"%","Nacional","UN World Population Prospects 2024, revisión mediana",NA
"Brasil","BRA",2005,"Razón de dependencia senil (%)","WPP_RDSEN","Observado",NA,8.6057,"%","Nacional","UN World Population Prospects 2024, revisión mediana",NA
"Brasil","BRA",2006,"Razón de dependencia senil (%)","WPP_RDSEN","Observado",NA,8.7924,"%","Nacional","UN World Population Prospects 2024, revisión mediana",NA
"Brasil","BRA",2007,"Razón de dependencia senil (%)","WPP_RDSEN","Observado",NA,8.9975,"%","Nacional","UN World Population Prospects 2024, revisión mediana",NA
"Brasil","BRA",2008,"Razón de dependencia senil (%)","WPP_RDSEN","Observado",NA,9.2187,"%","Nacional","UN World Population Prospects 2024, revisión mediana",NA
"Brasil","BRA",2009,"Razón de dependencia senil (%)","WPP_RDSEN","Observado",NA,9.4576,"%","Nacional","UN World Population Prospects 2024, revisión mediana",NA
"Brasil","BRA",2010,"Razón de dependencia senil (%)","WPP_RDSEN","Observado",NA,9.7149,"%","Nacional","UN World Population Prospects 2024, revisión mediana",NA
"Brasil","BRA",2011,"Razón de dependencia senil (%)","WPP_RDSEN","Observado",NA,9.99,"%","Nacional","UN World Population Prospects 2024, revisión mediana",NA
"Brasil","BRA",2012,"Razón de dependencia senil (%)","WPP_RDSEN","Observado",NA,10.291,"%","Nacional","UN World Population Prospects 2024, revisión mediana",NA
"Brasil","BRA",2013,"Razón de dependencia senil (%)","WPP_RDSEN","Observado",NA,10.6261,"%","Nacional","UN World Population Prospects 2024, revisión mediana",NA
"Brasil","BRA",2014,"Razón de dependencia senil (%)","WPP_RDSEN","Observado",NA,11.0072,"%","Nacional","UN World Population Prospects 2024, revisión mediana",NA
"Brasil","BRA",2015,"Razón de dependencia senil (%)","WPP_RDSEN","Observado",NA,11.4255,"%","Nacional","UN World Population Prospects 2024, revisión mediana",NA
"Brasil","BRA",2016,"Razón de dependencia senil (%)","WPP_RDSEN","Observado",NA,11.8604,"%","Nacional","UN World Population Prospects 2024, revisión mediana",NA
"Brasil","BRA",2017,"Razón de dependencia senil (%)","WPP_RDSEN","Observado",NA,12.318,"%","Nacional","UN World Population Prospects 2024, revisión mediana",NA
"Brasil","BRA",2018,"Razón de dependencia senil (%)","WPP_RDSEN","Observado",NA,12.8054,"%","Nacional","UN World Population Prospects 2024, revisión mediana",NA
"Brasil","BRA",2019,"Razón de dependencia senil (%)","WPP_RDSEN","Observado",NA,13.3105,"%","Nacional","UN World Population Prospects 2024, revisión mediana",NA
"Brasil","BRA",2020,"Razón de dependencia senil (%)","WPP_RDSEN","Observado",NA,13.7823,"%","Nacional","UN World Population Prospects 2024, revisión mediana",NA
"Brasil","BRA",2021,"Razón de dependencia senil (%)","WPP_RDSEN","Observado",NA,14.2364,"%","Nacional","UN World Population Prospects 2024, revisión mediana",NA
"Brasil","BRA",2022,"Razón de dependencia senil (%)","WPP_RDSEN","Observado",NA,14.7411,"%","Nacional","UN World Population Prospects 2024, revisión mediana",NA
"Brasil","BRA",2023,"Razón de dependencia senil (%)","WPP_RDSEN","Observado",NA,15.3155,"%","Nacional","UN World Population Prospects 2024, revisión mediana",NA
"Brasil","BRA",2024,"Razón de dependencia senil (%)","WPP_RDSEN","Proyección de la fuente",NA,15.9473,"%","Nacional","UN World Population Prospects 2024, revisión mediana",NA
"Brasil","BRA",2025,"Razón de dependencia senil (%)","WPP_RDSEN","Proyección de la fuente",NA,16.6062,"%","Nacional","UN World Population Prospects 2024, revisión mediana",NA
"Brasil","BRA",2026,"Razón de dependencia senil (%)","WPP_RDSEN","Proyección de la fuente",NA,17.2796,"%","Nacional","UN World Population Prospects 2024, revisión mediana",NA
"Brasil","BRA",2027,"Razón de dependencia senil (%)","WPP_RDSEN","Proyección de la fuente",NA,17.9658,"%","Nacional","UN World Population Prospects 2024, revisión mediana",NA
"Brasil","BRA",2028,"Razón de dependencia senil (%)","WPP_RDSEN","Proyección de la fuente",NA,18.6615,"%","Nacional","UN World Population Prospects 2024, revisión mediana",NA
"Brasil","BRA",2029,"Razón de dependencia senil (%)","WPP_RDSEN","Proyección de la fuente",NA,19.355,"%","Nacional","UN World Population Prospects 2024, revisión mediana",NA
"Brasil","BRA",2030,"Razón de dependencia senil (%)","WPP_RDSEN","Proyección de la fuente",NA,20.0333,"%","Nacional","UN World Population Prospects 2024, revisión mediana",NA
"Brasil","BRA",2031,"Razón de dependencia senil (%)","WPP_RDSEN","Proyección de la fuente",NA,20.6969,"%","Nacional","UN World Population Prospects 2024, revisión mediana",NA
"Brasil","BRA",2032,"Razón de dependencia senil (%)","WPP_RDSEN","Proyección de la fuente",NA,21.3402,"%","Nacional","UN World Population Prospects 2024, revisión mediana",NA
"Brasil","BRA",2033,"Razón de dependencia senil (%)","WPP_RDSEN","Proyección de la fuente",NA,21.9575,"%","Nacional","UN World Population Prospects 2024, revisión mediana",NA
"Brasil","BRA",2034,"Razón de dependencia senil (%)","WPP_RDSEN","Proyección de la fuente",NA,22.5672,"%","Nacional","UN World Population Prospects 2024, revisión mediana",NA
"Brasil","BRA",2035,"Razón de dependencia senil (%)","WPP_RDSEN","Proyección de la fuente",NA,23.1925,"%","Nacional","UN World Population Prospects 2024, revisión mediana",NA
"Brasil","BRA",2036,"Razón de dependencia senil (%)","WPP_RDSEN","Proyección de la fuente",NA,23.8394,"%","Nacional","UN World Population Prospects 2024, revisión mediana",NA
"Brasil","BRA",2037,"Razón de dependencia senil (%)","WPP_RDSEN","Proyección de la fuente",NA,24.5061,"%","Nacional","UN World Population Prospects 2024, revisión mediana",NA
"Brasil","BRA",2038,"Razón de dependencia senil (%)","WPP_RDSEN","Proyección de la fuente",NA,25.194,"%","Nacional","UN World Population Prospects 2024, revisión mediana",NA
"Brasil","BRA",2039,"Razón de dependencia senil (%)","WPP_RDSEN","Proyección de la fuente",NA,25.8971,"%","Nacional","UN World Population Prospects 2024, revisión mediana",NA
"Brasil","BRA",2040,"Razón de dependencia senil (%)","WPP_RDSEN","Proyección de la fuente",NA,26.6213,"%","Nacional","UN World Population Prospects 2024, revisión mediana",NA
"Brasil","BRA",2041,"Razón de dependencia senil (%)","WPP_RDSEN","Proyección de la fuente",NA,27.3826,"%","Nacional","UN World Population Prospects 2024, revisión mediana",NA
"Brasil","BRA",2042,"Razón de dependencia senil (%)","WPP_RDSEN","Proyección de la fuente",NA,28.1857,"%","Nacional","UN World Population Prospects 2024, revisión mediana",NA
"Brasil","BRA",2043,"Razón de dependencia senil (%)","WPP_RDSEN","Proyección de la fuente",NA,29.0316,"%","Nacional","UN World Population Prospects 2024, revisión mediana",NA
"Brasil","BRA",2044,"Razón de dependencia senil (%)","WPP_RDSEN","Proyección de la fuente",NA,29.9194,"%","Nacional","UN World Population Prospects 2024, revisión mediana",NA
"Brasil","BRA",2045,"Razón de dependencia senil (%)","WPP_RDSEN","Proyección de la fuente",NA,30.8471,"%","Nacional","UN World Population Prospects 2024, revisión mediana",NA
"Brasil","BRA",2046,"Razón de dependencia senil (%)","WPP_RDSEN","Proyección de la fuente",NA,31.8107,"%","Nacional","UN World Population Prospects 2024, revisión mediana",NA
"Brasil","BRA",2047,"Razón de dependencia senil (%)","WPP_RDSEN","Proyección de la fuente",NA,32.8018,"%","Nacional","UN World Population Prospects 2024, revisión mediana",NA
"Brasil","BRA",2048,"Razón de dependencia senil (%)","WPP_RDSEN","Proyección de la fuente",NA,33.8083,"%","Nacional","UN World Population Prospects 2024, revisión mediana",NA
"Brasil","BRA",2049,"Razón de dependencia senil (%)","WPP_RDSEN","Proyección de la fuente",NA,34.8135,"%","Nacional","UN World Population Prospects 2024, revisión mediana",NA
"Brasil","BRA",2050,"Razón de dependencia senil (%)","WPP_RDSEN","Proyección de la fuente",NA,35.8081,"%","Nacional","UN World Population Prospects 2024, revisión mediana",NA
"Chile","CHL",1990,"Razón de dependencia senil (%)","WPP_RDSEN","Observado",NA,9.4053,"%","Nacional","UN World Population Prospects 2024, revisión mediana",NA
"Chile","CHL",1991,"Razón de dependencia senil (%)","WPP_RDSEN","Observado",NA,9.7572,"%","Nacional","UN World Population Prospects 2024, revisión mediana",NA
"Chile","CHL",1992,"Razón de dependencia senil (%)","WPP_RDSEN","Observado",NA,10.1471,"%","Nacional","UN World Population Prospects 2024, revisión mediana",NA
"Chile","CHL",1993,"Razón de dependencia senil (%)","WPP_RDSEN","Observado",NA,10.5469,"%","Nacional","UN World Population Prospects 2024, revisión mediana",NA
"Chile","CHL",1994,"Razón de dependencia senil (%)","WPP_RDSEN","Observado",NA,10.9244,"%","Nacional","UN World Population Prospects 2024, revisión mediana",NA
"Chile","CHL",1995,"Razón de dependencia senil (%)","WPP_RDSEN","Observado",NA,11.2662,"%","Nacional","UN World Population Prospects 2024, revisión mediana",NA
"Chile","CHL",1996,"Razón de dependencia senil (%)","WPP_RDSEN","Observado",NA,11.574,"%","Nacional","UN World Population Prospects 2024, revisión mediana",NA
"Chile","CHL",1997,"Razón de dependencia senil (%)","WPP_RDSEN","Observado",NA,11.8483,"%","Nacional","UN World Population Prospects 2024, revisión mediana",NA
"Chile","CHL",1998,"Razón de dependencia senil (%)","WPP_RDSEN","Observado",NA,12.0988,"%","Nacional","UN World Population Prospects 2024, revisión mediana",NA
"Chile","CHL",1999,"Razón de dependencia senil (%)","WPP_RDSEN","Observado",NA,12.34,"%","Nacional","UN World Population Prospects 2024, revisión mediana",NA
"Chile","CHL",2000,"Razón de dependencia senil (%)","WPP_RDSEN","Observado",NA,12.578,"%","Nacional","UN World Population Prospects 2024, revisión mediana",NA
"Chile","CHL",2001,"Razón de dependencia senil (%)","WPP_RDSEN","Observado",NA,12.81,"%","Nacional","UN World Population Prospects 2024, revisión mediana",NA
"Chile","CHL",2002,"Razón de dependencia senil (%)","WPP_RDSEN","Observado",NA,13.0322,"%","Nacional","UN World Population Prospects 2024, revisión mediana",NA
"Chile","CHL",2003,"Razón de dependencia senil (%)","WPP_RDSEN","Observado",NA,13.2335,"%","Nacional","UN World Population Prospects 2024, revisión mediana",NA
"Chile","CHL",2004,"Razón de dependencia senil (%)","WPP_RDSEN","Observado",NA,13.4211,"%","Nacional","UN World Population Prospects 2024, revisión mediana",NA
"Chile","CHL",2005,"Razón de dependencia senil (%)","WPP_RDSEN","Observado",NA,13.6041,"%","Nacional","UN World Population Prospects 2024, revisión mediana",NA
"Chile","CHL",2006,"Razón de dependencia senil (%)","WPP_RDSEN","Observado",NA,13.7796,"%","Nacional","UN World Population Prospects 2024, revisión mediana",NA
"Chile","CHL",2007,"Razón de dependencia senil (%)","WPP_RDSEN","Observado",NA,13.959,"%","Nacional","UN World Population Prospects 2024, revisión mediana",NA
"Chile","CHL",2008,"Razón de dependencia senil (%)","WPP_RDSEN","Observado",NA,14.1521,"%","Nacional","UN World Population Prospects 2024, revisión mediana",NA
"Chile","CHL",2009,"Razón de dependencia senil (%)","WPP_RDSEN","Observado",NA,14.3677,"%","Nacional","UN World Population Prospects 2024, revisión mediana",NA
"Chile","CHL",2010,"Razón de dependencia senil (%)","WPP_RDSEN","Observado",NA,14.6038,"%","Nacional","UN World Population Prospects 2024, revisión mediana",NA
"Chile","CHL",2011,"Razón de dependencia senil (%)","WPP_RDSEN","Observado",NA,14.863,"%","Nacional","UN World Population Prospects 2024, revisión mediana",NA
"Chile","CHL",2012,"Razón de dependencia senil (%)","WPP_RDSEN","Observado",NA,15.16,"%","Nacional","UN World Population Prospects 2024, revisión mediana",NA
"Chile","CHL",2013,"Razón de dependencia senil (%)","WPP_RDSEN","Observado",NA,15.512,"%","Nacional","UN World Population Prospects 2024, revisión mediana",NA
"Chile","CHL",2014,"Razón de dependencia senil (%)","WPP_RDSEN","Observado",NA,15.9117,"%","Nacional","UN World Population Prospects 2024, revisión mediana",NA
"Chile","CHL",2015,"Razón de dependencia senil (%)","WPP_RDSEN","Observado",NA,16.3486,"%","Nacional","UN World Population Prospects 2024, revisión mediana",NA
"Chile","CHL",2016,"Razón de dependencia senil (%)","WPP_RDSEN","Observado",NA,16.7814,"%","Nacional","UN World Population Prospects 2024, revisión mediana",NA
"Chile","CHL",2017,"Razón de dependencia senil (%)","WPP_RDSEN","Observado",NA,17.1575,"%","Nacional","UN World Population Prospects 2024, revisión mediana",NA
"Chile","CHL",2018,"Razón de dependencia senil (%)","WPP_RDSEN","Observado",NA,17.5018,"%","Nacional","UN World Population Prospects 2024, revisión mediana",NA
"Chile","CHL",2019,"Razón de dependencia senil (%)","WPP_RDSEN","Observado",NA,17.8714,"%","Nacional","UN World Population Prospects 2024, revisión mediana",NA
"Chile","CHL",2020,"Razón de dependencia senil (%)","WPP_RDSEN","Observado",NA,18.3102,"%","Nacional","UN World Population Prospects 2024, revisión mediana",NA
"Chile","CHL",2021,"Razón de dependencia senil (%)","WPP_RDSEN","Observado",NA,18.7919,"%","Nacional","UN World Population Prospects 2024, revisión mediana",NA
"Chile","CHL",2022,"Razón de dependencia senil (%)","WPP_RDSEN","Observado",NA,19.2916,"%","Nacional","UN World Population Prospects 2024, revisión mediana",NA
"Chile","CHL",2023,"Razón de dependencia senil (%)","WPP_RDSEN","Observado",NA,19.8678,"%","Nacional","UN World Population Prospects 2024, revisión mediana",NA
"Chile","CHL",2024,"Razón de dependencia senil (%)","WPP_RDSEN","Proyección de la fuente",NA,20.5157,"%","Nacional","UN World Population Prospects 2024, revisión mediana",NA
"Chile","CHL",2025,"Razón de dependencia senil (%)","WPP_RDSEN","Proyección de la fuente",NA,21.1865,"%","Nacional","UN World Population Prospects 2024, revisión mediana",NA
"Chile","CHL",2026,"Razón de dependencia senil (%)","WPP_RDSEN","Proyección de la fuente",NA,21.8742,"%","Nacional","UN World Population Prospects 2024, revisión mediana",NA
"Chile","CHL",2027,"Razón de dependencia senil (%)","WPP_RDSEN","Proyección de la fuente",NA,22.5781,"%","Nacional","UN World Population Prospects 2024, revisión mediana",NA
"Chile","CHL",2028,"Razón de dependencia senil (%)","WPP_RDSEN","Proyección de la fuente",NA,23.2978,"%","Nacional","UN World Population Prospects 2024, revisión mediana",NA
"Chile","CHL",2029,"Razón de dependencia senil (%)","WPP_RDSEN","Proyección de la fuente",NA,24.0291,"%","Nacional","UN World Population Prospects 2024, revisión mediana",NA
"Chile","CHL",2030,"Razón de dependencia senil (%)","WPP_RDSEN","Proyección de la fuente",NA,24.7712,"%","Nacional","UN World Population Prospects 2024, revisión mediana",NA
"Chile","CHL",2031,"Razón de dependencia senil (%)","WPP_RDSEN","Proyección de la fuente",NA,25.5284,"%","Nacional","UN World Population Prospects 2024, revisión mediana",NA
"Chile","CHL",2032,"Razón de dependencia senil (%)","WPP_RDSEN","Proyección de la fuente",NA,26.3101,"%","Nacional","UN World Population Prospects 2024, revisión mediana",NA
"Chile","CHL",2033,"Razón de dependencia senil (%)","WPP_RDSEN","Proyección de la fuente",NA,27.1093,"%","Nacional","UN World Population Prospects 2024, revisión mediana",NA
"Chile","CHL",2034,"Razón de dependencia senil (%)","WPP_RDSEN","Proyección de la fuente",NA,27.9204,"%","Nacional","UN World Population Prospects 2024, revisión mediana",NA
"Chile","CHL",2035,"Razón de dependencia senil (%)","WPP_RDSEN","Proyección de la fuente",NA,28.7578,"%","Nacional","UN World Population Prospects 2024, revisión mediana",NA
"Chile","CHL",2036,"Razón de dependencia senil (%)","WPP_RDSEN","Proyección de la fuente",NA,29.6255,"%","Nacional","UN World Population Prospects 2024, revisión mediana",NA
"Chile","CHL",2037,"Razón de dependencia senil (%)","WPP_RDSEN","Proyección de la fuente",NA,30.4955,"%","Nacional","UN World Population Prospects 2024, revisión mediana",NA
"Chile","CHL",2038,"Razón de dependencia senil (%)","WPP_RDSEN","Proyección de la fuente",NA,31.3626,"%","Nacional","UN World Population Prospects 2024, revisión mediana",NA
"Chile","CHL",2039,"Razón de dependencia senil (%)","WPP_RDSEN","Proyección de la fuente",NA,32.2431,"%","Nacional","UN World Population Prospects 2024, revisión mediana",NA
"Chile","CHL",2040,"Razón de dependencia senil (%)","WPP_RDSEN","Proyección de la fuente",NA,33.128,"%","Nacional","UN World Population Prospects 2024, revisión mediana",NA
"Chile","CHL",2041,"Razón de dependencia senil (%)","WPP_RDSEN","Proyección de la fuente",NA,34.0215,"%","Nacional","UN World Population Prospects 2024, revisión mediana",NA
"Chile","CHL",2042,"Razón de dependencia senil (%)","WPP_RDSEN","Proyección de la fuente",NA,34.926,"%","Nacional","UN World Population Prospects 2024, revisión mediana",NA
"Chile","CHL",2043,"Razón de dependencia senil (%)","WPP_RDSEN","Proyección de la fuente",NA,35.842,"%","Nacional","UN World Population Prospects 2024, revisión mediana",NA
"Chile","CHL",2044,"Razón de dependencia senil (%)","WPP_RDSEN","Proyección de la fuente",NA,36.7737,"%","Nacional","UN World Population Prospects 2024, revisión mediana",NA
"Chile","CHL",2045,"Razón de dependencia senil (%)","WPP_RDSEN","Proyección de la fuente",NA,37.7296,"%","Nacional","UN World Population Prospects 2024, revisión mediana",NA
"Chile","CHL",2046,"Razón de dependencia senil (%)","WPP_RDSEN","Proyección de la fuente",NA,38.7145,"%","Nacional","UN World Population Prospects 2024, revisión mediana",NA
"Chile","CHL",2047,"Razón de dependencia senil (%)","WPP_RDSEN","Proyección de la fuente",NA,39.731,"%","Nacional","UN World Population Prospects 2024, revisión mediana",NA
"Chile","CHL",2048,"Razón de dependencia senil (%)","WPP_RDSEN","Proyección de la fuente",NA,40.7959,"%","Nacional","UN World Population Prospects 2024, revisión mediana",NA
"Chile","CHL",2049,"Razón de dependencia senil (%)","WPP_RDSEN","Proyección de la fuente",NA,41.9239,"%","Nacional","UN World Population Prospects 2024, revisión mediana",NA
"Chile","CHL",2050,"Razón de dependencia senil (%)","WPP_RDSEN","Proyección de la fuente",NA,43.1187,"%","Nacional","UN World Population Prospects 2024, revisión mediana",NA
"Colombia","COL",1990,"Razón de dependencia senil (%)","WPP_RDSEN","Observado",NA,6.518,"%","Nacional","UN World Population Prospects 2024, revisión mediana",NA
"Colombia","COL",1991,"Razón de dependencia senil (%)","WPP_RDSEN","Observado",NA,6.5864,"%","Nacional","UN World Population Prospects 2024, revisión mediana",NA
"Colombia","COL",1992,"Razón de dependencia senil (%)","WPP_RDSEN","Observado",NA,6.6551,"%","Nacional","UN World Population Prospects 2024, revisión mediana",NA
"Colombia","COL",1993,"Razón de dependencia senil (%)","WPP_RDSEN","Observado",NA,6.7203,"%","Nacional","UN World Population Prospects 2024, revisión mediana",NA
"Colombia","COL",1994,"Razón de dependencia senil (%)","WPP_RDSEN","Observado",NA,6.7839,"%","Nacional","UN World Population Prospects 2024, revisión mediana",NA
"Colombia","COL",1995,"Razón de dependencia senil (%)","WPP_RDSEN","Observado",NA,6.8442,"%","Nacional","UN World Population Prospects 2024, revisión mediana",NA
"Colombia","COL",1996,"Razón de dependencia senil (%)","WPP_RDSEN","Observado",NA,6.9082,"%","Nacional","UN World Population Prospects 2024, revisión mediana",NA
"Colombia","COL",1997,"Razón de dependencia senil (%)","WPP_RDSEN","Observado",NA,6.9811,"%","Nacional","UN World Population Prospects 2024, revisión mediana",NA
"Colombia","COL",1998,"Razón de dependencia senil (%)","WPP_RDSEN","Observado",NA,7.0619,"%","Nacional","UN World Population Prospects 2024, revisión mediana",NA
"Colombia","COL",1999,"Razón de dependencia senil (%)","WPP_RDSEN","Observado",NA,7.1453,"%","Nacional","UN World Population Prospects 2024, revisión mediana",NA
"Colombia","COL",2000,"Razón de dependencia senil (%)","WPP_RDSEN","Observado",NA,7.2279,"%","Nacional","UN World Population Prospects 2024, revisión mediana",NA
"Colombia","COL",2001,"Razón de dependencia senil (%)","WPP_RDSEN","Observado",NA,7.3104,"%","Nacional","UN World Population Prospects 2024, revisión mediana",NA
"Colombia","COL",2002,"Razón de dependencia senil (%)","WPP_RDSEN","Observado",NA,7.3958,"%","Nacional","UN World Population Prospects 2024, revisión mediana",NA
"Colombia","COL",2003,"Razón de dependencia senil (%)","WPP_RDSEN","Observado",NA,7.4909,"%","Nacional","UN World Population Prospects 2024, revisión mediana",NA
"Colombia","COL",2004,"Razón de dependencia senil (%)","WPP_RDSEN","Observado",NA,7.5988,"%","Nacional","UN World Population Prospects 2024, revisión mediana",NA
"Colombia","COL",2005,"Razón de dependencia senil (%)","WPP_RDSEN","Observado",NA,7.7201,"%","Nacional","UN World Population Prospects 2024, revisión mediana",NA
"Colombia","COL",2006,"Razón de dependencia senil (%)","WPP_RDSEN","Observado",NA,7.8721,"%","Nacional","UN World Population Prospects 2024, revisión mediana",NA
"Colombia","COL",2007,"Razón de dependencia senil (%)","WPP_RDSEN","Observado",NA,8.0586,"%","Nacional","UN World Population Prospects 2024, revisión mediana",NA
"Colombia","COL",2008,"Razón de dependencia senil (%)","WPP_RDSEN","Observado",NA,8.2755,"%","Nacional","UN World Population Prospects 2024, revisión mediana",NA
"Colombia","COL",2009,"Razón de dependencia senil (%)","WPP_RDSEN","Observado",NA,8.512,"%","Nacional","UN World Population Prospects 2024, revisión mediana",NA
"Colombia","COL",2010,"Razón de dependencia senil (%)","WPP_RDSEN","Observado",NA,8.7586,"%","Nacional","UN World Population Prospects 2024, revisión mediana",NA
"Colombia","COL",2011,"Razón de dependencia senil (%)","WPP_RDSEN","Observado",NA,9.0303,"%","Nacional","UN World Population Prospects 2024, revisión mediana",NA
"Colombia","COL",2012,"Razón de dependencia senil (%)","WPP_RDSEN","Observado",NA,9.3321,"%","Nacional","UN World Population Prospects 2024, revisión mediana",NA
"Colombia","COL",2013,"Razón de dependencia senil (%)","WPP_RDSEN","Observado",NA,9.6533,"%","Nacional","UN World Population Prospects 2024, revisión mediana",NA
"Colombia","COL",2014,"Razón de dependencia senil (%)","WPP_RDSEN","Observado",NA,10.0103,"%","Nacional","UN World Population Prospects 2024, revisión mediana",NA
"Colombia","COL",2015,"Razón de dependencia senil (%)","WPP_RDSEN","Observado",NA,10.3933,"%","Nacional","UN World Population Prospects 2024, revisión mediana",NA
"Colombia","COL",2016,"Razón de dependencia senil (%)","WPP_RDSEN","Observado",NA,10.7555,"%","Nacional","UN World Population Prospects 2024, revisión mediana",NA
"Colombia","COL",2017,"Razón de dependencia senil (%)","WPP_RDSEN","Observado",NA,11.0838,"%","Nacional","UN World Population Prospects 2024, revisión mediana",NA
"Colombia","COL",2018,"Razón de dependencia senil (%)","WPP_RDSEN","Observado",NA,11.4021,"%","Nacional","UN World Population Prospects 2024, revisión mediana",NA
"Colombia","COL",2019,"Razón de dependencia senil (%)","WPP_RDSEN","Observado",NA,11.753,"%","Nacional","UN World Population Prospects 2024, revisión mediana",NA
"Colombia","COL",2020,"Razón de dependencia senil (%)","WPP_RDSEN","Observado",NA,12.1139,"%","Nacional","UN World Population Prospects 2024, revisión mediana",NA
"Colombia","COL",2021,"Razón de dependencia senil (%)","WPP_RDSEN","Observado",NA,12.4501,"%","Nacional","UN World Population Prospects 2024, revisión mediana",NA
"Colombia","COL",2022,"Razón de dependencia senil (%)","WPP_RDSEN","Observado",NA,12.8591,"%","Nacional","UN World Population Prospects 2024, revisión mediana",NA
"Colombia","COL",2023,"Razón de dependencia senil (%)","WPP_RDSEN","Observado",NA,13.3884,"%","Nacional","UN World Population Prospects 2024, revisión mediana",NA
"Colombia","COL",2024,"Razón de dependencia senil (%)","WPP_RDSEN","Proyección de la fuente",NA,13.9793,"%","Nacional","UN World Population Prospects 2024, revisión mediana",NA
"Colombia","COL",2025,"Razón de dependencia senil (%)","WPP_RDSEN","Proyección de la fuente",NA,14.6119,"%","Nacional","UN World Population Prospects 2024, revisión mediana",NA
"Colombia","COL",2026,"Razón de dependencia senil (%)","WPP_RDSEN","Proyección de la fuente",NA,15.2779,"%","Nacional","UN World Population Prospects 2024, revisión mediana",NA
"Colombia","COL",2027,"Razón de dependencia senil (%)","WPP_RDSEN","Proyección de la fuente",NA,15.9698,"%","Nacional","UN World Population Prospects 2024, revisión mediana",NA
"Colombia","COL",2028,"Razón de dependencia senil (%)","WPP_RDSEN","Proyección de la fuente",NA,16.6796,"%","Nacional","UN World Population Prospects 2024, revisión mediana",NA
"Colombia","COL",2029,"Razón de dependencia senil (%)","WPP_RDSEN","Proyección de la fuente",NA,17.4011,"%","Nacional","UN World Population Prospects 2024, revisión mediana",NA
"Colombia","COL",2030,"Razón de dependencia senil (%)","WPP_RDSEN","Proyección de la fuente",NA,18.1277,"%","Nacional","UN World Population Prospects 2024, revisión mediana",NA
"Colombia","COL",2031,"Razón de dependencia senil (%)","WPP_RDSEN","Proyección de la fuente",NA,18.8532,"%","Nacional","UN World Population Prospects 2024, revisión mediana",NA
"Colombia","COL",2032,"Razón de dependencia senil (%)","WPP_RDSEN","Proyección de la fuente",NA,19.5663,"%","Nacional","UN World Population Prospects 2024, revisión mediana",NA
"Colombia","COL",2033,"Razón de dependencia senil (%)","WPP_RDSEN","Proyección de la fuente",NA,20.2537,"%","Nacional","UN World Population Prospects 2024, revisión mediana",NA
"Colombia","COL",2034,"Razón de dependencia senil (%)","WPP_RDSEN","Proyección de la fuente",NA,20.9096,"%","Nacional","UN World Population Prospects 2024, revisión mediana",NA
"Colombia","COL",2035,"Razón de dependencia senil (%)","WPP_RDSEN","Proyección de la fuente",NA,21.5371,"%","Nacional","UN World Population Prospects 2024, revisión mediana",NA
"Colombia","COL",2036,"Razón de dependencia senil (%)","WPP_RDSEN","Proyección de la fuente",NA,22.1404,"%","Nacional","UN World Population Prospects 2024, revisión mediana",NA
"Colombia","COL",2037,"Razón de dependencia senil (%)","WPP_RDSEN","Proyección de la fuente",NA,22.7247,"%","Nacional","UN World Population Prospects 2024, revisión mediana",NA
"Colombia","COL",2038,"Razón de dependencia senil (%)","WPP_RDSEN","Proyección de la fuente",NA,23.2995,"%","Nacional","UN World Population Prospects 2024, revisión mediana",NA
"Colombia","COL",2039,"Razón de dependencia senil (%)","WPP_RDSEN","Proyección de la fuente",NA,23.8729,"%","Nacional","UN World Population Prospects 2024, revisión mediana",NA
"Colombia","COL",2040,"Razón de dependencia senil (%)","WPP_RDSEN","Proyección de la fuente",NA,24.4565,"%","Nacional","UN World Population Prospects 2024, revisión mediana",NA
"Colombia","COL",2041,"Razón de dependencia senil (%)","WPP_RDSEN","Proyección de la fuente",NA,25.0634,"%","Nacional","UN World Population Prospects 2024, revisión mediana",NA
"Colombia","COL",2042,"Razón de dependencia senil (%)","WPP_RDSEN","Proyección de la fuente",NA,25.6965,"%","Nacional","UN World Population Prospects 2024, revisión mediana",NA
"Colombia","COL",2043,"Razón de dependencia senil (%)","WPP_RDSEN","Proyección de la fuente",NA,26.3447,"%","Nacional","UN World Population Prospects 2024, revisión mediana",NA
"Colombia","COL",2044,"Razón de dependencia senil (%)","WPP_RDSEN","Proyección de la fuente",NA,27.0115,"%","Nacional","UN World Population Prospects 2024, revisión mediana",NA
"Colombia","COL",2045,"Razón de dependencia senil (%)","WPP_RDSEN","Proyección de la fuente",NA,27.7157,"%","Nacional","UN World Population Prospects 2024, revisión mediana",NA
"Colombia","COL",2046,"Razón de dependencia senil (%)","WPP_RDSEN","Proyección de la fuente",NA,28.4621,"%","Nacional","UN World Population Prospects 2024, revisión mediana",NA
"Colombia","COL",2047,"Razón de dependencia senil (%)","WPP_RDSEN","Proyección de la fuente",NA,29.251,"%","Nacional","UN World Population Prospects 2024, revisión mediana",NA
"Colombia","COL",2048,"Razón de dependencia senil (%)","WPP_RDSEN","Proyección de la fuente",NA,30.0712,"%","Nacional","UN World Population Prospects 2024, revisión mediana",NA
"Colombia","COL",2049,"Razón de dependencia senil (%)","WPP_RDSEN","Proyección de la fuente",NA,30.9002,"%","Nacional","UN World Population Prospects 2024, revisión mediana",NA
"Colombia","COL",2050,"Razón de dependencia senil (%)","WPP_RDSEN","Proyección de la fuente",NA,31.7336,"%","Nacional","UN World Population Prospects 2024, revisión mediana",NA
"Costa Rica","CRI",1990,"Razón de dependencia senil (%)","WPP_RDSEN","Observado",NA,7.5776,"%","Nacional","UN World Population Prospects 2024, revisión mediana",NA
"Costa Rica","CRI",1991,"Razón de dependencia senil (%)","WPP_RDSEN","Observado",NA,7.7254,"%","Nacional","UN World Population Prospects 2024, revisión mediana",NA
"Costa Rica","CRI",1992,"Razón de dependencia senil (%)","WPP_RDSEN","Observado",NA,7.8717,"%","Nacional","UN World Population Prospects 2024, revisión mediana",NA
"Costa Rica","CRI",1993,"Razón de dependencia senil (%)","WPP_RDSEN","Observado",NA,8.0125,"%","Nacional","UN World Population Prospects 2024, revisión mediana",NA
"Costa Rica","CRI",1994,"Razón de dependencia senil (%)","WPP_RDSEN","Observado",NA,8.1403,"%","Nacional","UN World Population Prospects 2024, revisión mediana",NA
"Costa Rica","CRI",1995,"Razón de dependencia senil (%)","WPP_RDSEN","Observado",NA,8.2564,"%","Nacional","UN World Population Prospects 2024, revisión mediana",NA
"Costa Rica","CRI",1996,"Razón de dependencia senil (%)","WPP_RDSEN","Observado",NA,8.365,"%","Nacional","UN World Population Prospects 2024, revisión mediana",NA
"Costa Rica","CRI",1997,"Razón de dependencia senil (%)","WPP_RDSEN","Observado",NA,8.4674,"%","Nacional","UN World Population Prospects 2024, revisión mediana",NA
"Costa Rica","CRI",1998,"Razón de dependencia senil (%)","WPP_RDSEN","Observado",NA,8.5699,"%","Nacional","UN World Population Prospects 2024, revisión mediana",NA
"Costa Rica","CRI",1999,"Razón de dependencia senil (%)","WPP_RDSEN","Observado",NA,8.6784,"%","Nacional","UN World Population Prospects 2024, revisión mediana",NA
"Costa Rica","CRI",2000,"Razón de dependencia senil (%)","WPP_RDSEN","Observado",NA,8.7975,"%","Nacional","UN World Population Prospects 2024, revisión mediana",NA
"Costa Rica","CRI",2001,"Razón de dependencia senil (%)","WPP_RDSEN","Observado",NA,8.9341,"%","Nacional","UN World Population Prospects 2024, revisión mediana",NA
"Costa Rica","CRI",2002,"Razón de dependencia senil (%)","WPP_RDSEN","Observado",NA,9.0929,"%","Nacional","UN World Population Prospects 2024, revisión mediana",NA
"Costa Rica","CRI",2003,"Razón de dependencia senil (%)","WPP_RDSEN","Observado",NA,9.2687,"%","Nacional","UN World Population Prospects 2024, revisión mediana",NA
"Costa Rica","CRI",2004,"Razón de dependencia senil (%)","WPP_RDSEN","Observado",NA,9.4549,"%","Nacional","UN World Population Prospects 2024, revisión mediana",NA
"Costa Rica","CRI",2005,"Razón de dependencia senil (%)","WPP_RDSEN","Observado",NA,9.6523,"%","Nacional","UN World Population Prospects 2024, revisión mediana",NA
"Costa Rica","CRI",2006,"Razón de dependencia senil (%)","WPP_RDSEN","Observado",NA,9.8642,"%","Nacional","UN World Population Prospects 2024, revisión mediana",NA
"Costa Rica","CRI",2007,"Razón de dependencia senil (%)","WPP_RDSEN","Observado",NA,10.0909,"%","Nacional","UN World Population Prospects 2024, revisión mediana",NA
"Costa Rica","CRI",2008,"Razón de dependencia senil (%)","WPP_RDSEN","Observado",NA,10.332,"%","Nacional","UN World Population Prospects 2024, revisión mediana",NA
"Costa Rica","CRI",2009,"Razón de dependencia senil (%)","WPP_RDSEN","Observado",NA,10.5914,"%","Nacional","UN World Population Prospects 2024, revisión mediana",NA
"Costa Rica","CRI",2010,"Razón de dependencia senil (%)","WPP_RDSEN","Observado",NA,10.8738,"%","Nacional","UN World Population Prospects 2024, revisión mediana",NA
"Costa Rica","CRI",2011,"Razón de dependencia senil (%)","WPP_RDSEN","Observado",NA,11.1876,"%","Nacional","UN World Population Prospects 2024, revisión mediana",NA
"Costa Rica","CRI",2012,"Razón de dependencia senil (%)","WPP_RDSEN","Observado",NA,11.5342,"%","Nacional","UN World Population Prospects 2024, revisión mediana",NA
"Costa Rica","CRI",2013,"Razón de dependencia senil (%)","WPP_RDSEN","Observado",NA,11.9149,"%","Nacional","UN World Population Prospects 2024, revisión mediana",NA
"Costa Rica","CRI",2014,"Razón de dependencia senil (%)","WPP_RDSEN","Observado",NA,12.3224,"%","Nacional","UN World Population Prospects 2024, revisión mediana",NA
"Costa Rica","CRI",2015,"Razón de dependencia senil (%)","WPP_RDSEN","Observado",NA,12.7475,"%","Nacional","UN World Population Prospects 2024, revisión mediana",NA
"Costa Rica","CRI",2016,"Razón de dependencia senil (%)","WPP_RDSEN","Observado",NA,13.1894,"%","Nacional","UN World Population Prospects 2024, revisión mediana",NA
"Costa Rica","CRI",2017,"Razón de dependencia senil (%)","WPP_RDSEN","Observado",NA,13.6546,"%","Nacional","UN World Population Prospects 2024, revisión mediana",NA
"Costa Rica","CRI",2018,"Razón de dependencia senil (%)","WPP_RDSEN","Observado",NA,14.1579,"%","Nacional","UN World Population Prospects 2024, revisión mediana",NA
"Costa Rica","CRI",2019,"Razón de dependencia senil (%)","WPP_RDSEN","Observado",NA,14.6956,"%","Nacional","UN World Population Prospects 2024, revisión mediana",NA
"Costa Rica","CRI",2020,"Razón de dependencia senil (%)","WPP_RDSEN","Observado",NA,15.2447,"%","Nacional","UN World Population Prospects 2024, revisión mediana",NA
"Costa Rica","CRI",2021,"Razón de dependencia senil (%)","WPP_RDSEN","Observado",NA,15.7841,"%","Nacional","UN World Population Prospects 2024, revisión mediana",NA
"Costa Rica","CRI",2022,"Razón de dependencia senil (%)","WPP_RDSEN","Observado",NA,16.3459,"%","Nacional","UN World Population Prospects 2024, revisión mediana",NA
"Costa Rica","CRI",2023,"Razón de dependencia senil (%)","WPP_RDSEN","Observado",NA,16.9961,"%","Nacional","UN World Population Prospects 2024, revisión mediana",NA
"Costa Rica","CRI",2024,"Razón de dependencia senil (%)","WPP_RDSEN","Proyección de la fuente",NA,17.7239,"%","Nacional","UN World Population Prospects 2024, revisión mediana",NA
"Costa Rica","CRI",2025,"Razón de dependencia senil (%)","WPP_RDSEN","Proyección de la fuente",NA,18.4973,"%","Nacional","UN World Population Prospects 2024, revisión mediana",NA
"Costa Rica","CRI",2026,"Razón de dependencia senil (%)","WPP_RDSEN","Proyección de la fuente",NA,19.304,"%","Nacional","UN World Population Prospects 2024, revisión mediana",NA
"Costa Rica","CRI",2027,"Razón de dependencia senil (%)","WPP_RDSEN","Proyección de la fuente",NA,20.1237,"%","Nacional","UN World Population Prospects 2024, revisión mediana",NA
"Costa Rica","CRI",2028,"Razón de dependencia senil (%)","WPP_RDSEN","Proyección de la fuente",NA,20.9581,"%","Nacional","UN World Population Prospects 2024, revisión mediana",NA
"Costa Rica","CRI",2029,"Razón de dependencia senil (%)","WPP_RDSEN","Proyección de la fuente",NA,21.7921,"%","Nacional","UN World Population Prospects 2024, revisión mediana",NA
"Costa Rica","CRI",2030,"Razón de dependencia senil (%)","WPP_RDSEN","Proyección de la fuente",NA,22.6083,"%","Nacional","UN World Population Prospects 2024, revisión mediana",NA
"Costa Rica","CRI",2031,"Razón de dependencia senil (%)","WPP_RDSEN","Proyección de la fuente",NA,23.4069,"%","Nacional","UN World Population Prospects 2024, revisión mediana",NA
"Costa Rica","CRI",2032,"Razón de dependencia senil (%)","WPP_RDSEN","Proyección de la fuente",NA,24.1861,"%","Nacional","UN World Population Prospects 2024, revisión mediana",NA
"Costa Rica","CRI",2033,"Razón de dependencia senil (%)","WPP_RDSEN","Proyección de la fuente",NA,24.9231,"%","Nacional","UN World Population Prospects 2024, revisión mediana",NA
"Costa Rica","CRI",2034,"Razón de dependencia senil (%)","WPP_RDSEN","Proyección de la fuente",NA,25.6413,"%","Nacional","UN World Population Prospects 2024, revisión mediana",NA
"Costa Rica","CRI",2035,"Razón de dependencia senil (%)","WPP_RDSEN","Proyección de la fuente",NA,26.3814,"%","Nacional","UN World Population Prospects 2024, revisión mediana",NA
"Costa Rica","CRI",2036,"Razón de dependencia senil (%)","WPP_RDSEN","Proyección de la fuente",NA,27.1369,"%","Nacional","UN World Population Prospects 2024, revisión mediana",NA
"Costa Rica","CRI",2037,"Razón de dependencia senil (%)","WPP_RDSEN","Proyección de la fuente",NA,27.8941,"%","Nacional","UN World Population Prospects 2024, revisión mediana",NA
"Costa Rica","CRI",2038,"Razón de dependencia senil (%)","WPP_RDSEN","Proyección de la fuente",NA,28.6465,"%","Nacional","UN World Population Prospects 2024, revisión mediana",NA
"Costa Rica","CRI",2039,"Razón de dependencia senil (%)","WPP_RDSEN","Proyección de la fuente",NA,29.4109,"%","Nacional","UN World Population Prospects 2024, revisión mediana",NA
"Costa Rica","CRI",2040,"Razón de dependencia senil (%)","WPP_RDSEN","Proyección de la fuente",NA,30.2029,"%","Nacional","UN World Population Prospects 2024, revisión mediana",NA
"Costa Rica","CRI",2041,"Razón de dependencia senil (%)","WPP_RDSEN","Proyección de la fuente",NA,31.0293,"%","Nacional","UN World Population Prospects 2024, revisión mediana",NA
"Costa Rica","CRI",2042,"Razón de dependencia senil (%)","WPP_RDSEN","Proyección de la fuente",NA,31.8981,"%","Nacional","UN World Population Prospects 2024, revisión mediana",NA
"Costa Rica","CRI",2043,"Razón de dependencia senil (%)","WPP_RDSEN","Proyección de la fuente",NA,32.8136,"%","Nacional","UN World Population Prospects 2024, revisión mediana",NA
"Costa Rica","CRI",2044,"Razón de dependencia senil (%)","WPP_RDSEN","Proyección de la fuente",NA,33.7851,"%","Nacional","UN World Population Prospects 2024, revisión mediana",NA
"Costa Rica","CRI",2045,"Razón de dependencia senil (%)","WPP_RDSEN","Proyección de la fuente",NA,34.8037,"%","Nacional","UN World Population Prospects 2024, revisión mediana",NA
"Costa Rica","CRI",2046,"Razón de dependencia senil (%)","WPP_RDSEN","Proyección de la fuente",NA,35.8622,"%","Nacional","UN World Population Prospects 2024, revisión mediana",NA
"Costa Rica","CRI",2047,"Razón de dependencia senil (%)","WPP_RDSEN","Proyección de la fuente",NA,36.9748,"%","Nacional","UN World Population Prospects 2024, revisión mediana",NA
"Costa Rica","CRI",2048,"Razón de dependencia senil (%)","WPP_RDSEN","Proyección de la fuente",NA,38.1484,"%","Nacional","UN World Population Prospects 2024, revisión mediana",NA
"Costa Rica","CRI",2049,"Razón de dependencia senil (%)","WPP_RDSEN","Proyección de la fuente",NA,39.3896,"%","Nacional","UN World Population Prospects 2024, revisión mediana",NA
"Costa Rica","CRI",2050,"Razón de dependencia senil (%)","WPP_RDSEN","Proyección de la fuente",NA,40.7016,"%","Nacional","UN World Population Prospects 2024, revisión mediana",NA
"México","MEX",1990,"Razón de dependencia senil (%)","WPP_RDSEN","Observado",NA,7.2071,"%","Nacional","UN World Population Prospects 2024, revisión mediana",NA
"México","MEX",1991,"Razón de dependencia senil (%)","WPP_RDSEN","Observado",NA,7.2433,"%","Nacional","UN World Population Prospects 2024, revisión mediana",NA
"México","MEX",1992,"Razón de dependencia senil (%)","WPP_RDSEN","Observado",NA,7.2869,"%","Nacional","UN World Population Prospects 2024, revisión mediana",NA
"México","MEX",1993,"Razón de dependencia senil (%)","WPP_RDSEN","Observado",NA,7.3544,"%","Nacional","UN World Population Prospects 2024, revisión mediana",NA
"México","MEX",1994,"Razón de dependencia senil (%)","WPP_RDSEN","Observado",NA,7.4417,"%","Nacional","UN World Population Prospects 2024, revisión mediana",NA
"México","MEX",1995,"Razón de dependencia senil (%)","WPP_RDSEN","Observado",NA,7.5453,"%","Nacional","UN World Population Prospects 2024, revisión mediana",NA
"México","MEX",1996,"Razón de dependencia senil (%)","WPP_RDSEN","Observado",NA,7.6655,"%","Nacional","UN World Population Prospects 2024, revisión mediana",NA
"México","MEX",1997,"Razón de dependencia senil (%)","WPP_RDSEN","Observado",NA,7.802,"%","Nacional","UN World Population Prospects 2024, revisión mediana",NA
"México","MEX",1998,"Razón de dependencia senil (%)","WPP_RDSEN","Observado",NA,7.9509,"%","Nacional","UN World Population Prospects 2024, revisión mediana",NA
"México","MEX",1999,"Razón de dependencia senil (%)","WPP_RDSEN","Observado",NA,8.1086,"%","Nacional","UN World Population Prospects 2024, revisión mediana",NA
"México","MEX",2000,"Razón de dependencia senil (%)","WPP_RDSEN","Observado",NA,8.2651,"%","Nacional","UN World Population Prospects 2024, revisión mediana",NA
"México","MEX",2001,"Razón de dependencia senil (%)","WPP_RDSEN","Observado",NA,8.4338,"%","Nacional","UN World Population Prospects 2024, revisión mediana",NA
"México","MEX",2002,"Razón de dependencia senil (%)","WPP_RDSEN","Observado",NA,8.6186,"%","Nacional","UN World Population Prospects 2024, revisión mediana",NA
"México","MEX",2003,"Razón de dependencia senil (%)","WPP_RDSEN","Observado",NA,8.7995,"%","Nacional","UN World Population Prospects 2024, revisión mediana",NA
"México","MEX",2004,"Razón de dependencia senil (%)","WPP_RDSEN","Observado",NA,8.9691,"%","Nacional","UN World Population Prospects 2024, revisión mediana",NA
"México","MEX",2005,"Razón de dependencia senil (%)","WPP_RDSEN","Observado",NA,9.1201,"%","Nacional","UN World Population Prospects 2024, revisión mediana",NA
"México","MEX",2006,"Razón de dependencia senil (%)","WPP_RDSEN","Observado",NA,9.2464,"%","Nacional","UN World Population Prospects 2024, revisión mediana",NA
"México","MEX",2007,"Razón de dependencia senil (%)","WPP_RDSEN","Observado",NA,9.3311,"%","Nacional","UN World Population Prospects 2024, revisión mediana",NA
"México","MEX",2008,"Razón de dependencia senil (%)","WPP_RDSEN","Observado",NA,9.3862,"%","Nacional","UN World Population Prospects 2024, revisión mediana",NA
"México","MEX",2009,"Razón de dependencia senil (%)","WPP_RDSEN","Observado",NA,9.4419,"%","Nacional","UN World Population Prospects 2024, revisión mediana",NA
"México","MEX",2010,"Razón de dependencia senil (%)","WPP_RDSEN","Observado",NA,9.508,"%","Nacional","UN World Population Prospects 2024, revisión mediana",NA
"México","MEX",2011,"Razón de dependencia senil (%)","WPP_RDSEN","Observado",NA,9.5952,"%","Nacional","UN World Population Prospects 2024, revisión mediana",NA
"México","MEX",2012,"Razón de dependencia senil (%)","WPP_RDSEN","Observado",NA,9.7116,"%","Nacional","UN World Population Prospects 2024, revisión mediana",NA
"México","MEX",2013,"Razón de dependencia senil (%)","WPP_RDSEN","Observado",NA,9.848,"%","Nacional","UN World Population Prospects 2024, revisión mediana",NA
"México","MEX",2014,"Razón de dependencia senil (%)","WPP_RDSEN","Observado",NA,10.0006,"%","Nacional","UN World Population Prospects 2024, revisión mediana",NA
"México","MEX",2015,"Razón de dependencia senil (%)","WPP_RDSEN","Observado",NA,10.1739,"%","Nacional","UN World Population Prospects 2024, revisión mediana",NA
"México","MEX",2016,"Razón de dependencia senil (%)","WPP_RDSEN","Observado",NA,10.3654,"%","Nacional","UN World Population Prospects 2024, revisión mediana",NA
"México","MEX",2017,"Razón de dependencia senil (%)","WPP_RDSEN","Observado",NA,10.5755,"%","Nacional","UN World Population Prospects 2024, revisión mediana",NA
"México","MEX",2018,"Razón de dependencia senil (%)","WPP_RDSEN","Observado",NA,10.807,"%","Nacional","UN World Population Prospects 2024, revisión mediana",NA
"México","MEX",2019,"Razón de dependencia senil (%)","WPP_RDSEN","Observado",NA,11.0597,"%","Nacional","UN World Population Prospects 2024, revisión mediana",NA
"México","MEX",2020,"Razón de dependencia senil (%)","WPP_RDSEN","Observado",NA,11.2523,"%","Nacional","UN World Population Prospects 2024, revisión mediana",NA
"México","MEX",2021,"Razón de dependencia senil (%)","WPP_RDSEN","Observado",NA,11.3639,"%","Nacional","UN World Population Prospects 2024, revisión mediana",NA
"México","MEX",2022,"Razón de dependencia senil (%)","WPP_RDSEN","Observado",NA,11.5699,"%","Nacional","UN World Population Prospects 2024, revisión mediana",NA
"México","MEX",2023,"Razón de dependencia senil (%)","WPP_RDSEN","Observado",NA,11.9034,"%","Nacional","UN World Population Prospects 2024, revisión mediana",NA
"México","MEX",2024,"Razón de dependencia senil (%)","WPP_RDSEN","Proyección de la fuente",NA,12.267,"%","Nacional","UN World Population Prospects 2024, revisión mediana",NA
"México","MEX",2025,"Razón de dependencia senil (%)","WPP_RDSEN","Proyección de la fuente",NA,12.6454,"%","Nacional","UN World Population Prospects 2024, revisión mediana",NA
"México","MEX",2026,"Razón de dependencia senil (%)","WPP_RDSEN","Proyección de la fuente",NA,13.0402,"%","Nacional","UN World Population Prospects 2024, revisión mediana",NA
"México","MEX",2027,"Razón de dependencia senil (%)","WPP_RDSEN","Proyección de la fuente",NA,13.4506,"%","Nacional","UN World Population Prospects 2024, revisión mediana",NA
"México","MEX",2028,"Razón de dependencia senil (%)","WPP_RDSEN","Proyección de la fuente",NA,13.8745,"%","Nacional","UN World Population Prospects 2024, revisión mediana",NA
"México","MEX",2029,"Razón de dependencia senil (%)","WPP_RDSEN","Proyección de la fuente",NA,14.316,"%","Nacional","UN World Population Prospects 2024, revisión mediana",NA
"México","MEX",2030,"Razón de dependencia senil (%)","WPP_RDSEN","Proyección de la fuente",NA,14.7792,"%","Nacional","UN World Population Prospects 2024, revisión mediana",NA
"México","MEX",2031,"Razón de dependencia senil (%)","WPP_RDSEN","Proyección de la fuente",NA,15.26,"%","Nacional","UN World Population Prospects 2024, revisión mediana",NA
"México","MEX",2032,"Razón de dependencia senil (%)","WPP_RDSEN","Proyección de la fuente",NA,15.757,"%","Nacional","UN World Population Prospects 2024, revisión mediana",NA
"México","MEX",2033,"Razón de dependencia senil (%)","WPP_RDSEN","Proyección de la fuente",NA,16.2705,"%","Nacional","UN World Population Prospects 2024, revisión mediana",NA
"México","MEX",2034,"Razón de dependencia senil (%)","WPP_RDSEN","Proyección de la fuente",NA,16.7944,"%","Nacional","UN World Population Prospects 2024, revisión mediana",NA
"México","MEX",2035,"Razón de dependencia senil (%)","WPP_RDSEN","Proyección de la fuente",NA,17.329,"%","Nacional","UN World Population Prospects 2024, revisión mediana",NA
"México","MEX",2036,"Razón de dependencia senil (%)","WPP_RDSEN","Proyección de la fuente",NA,17.8787,"%","Nacional","UN World Population Prospects 2024, revisión mediana",NA
"México","MEX",2037,"Razón de dependencia senil (%)","WPP_RDSEN","Proyección de la fuente",NA,18.4423,"%","Nacional","UN World Population Prospects 2024, revisión mediana",NA
"México","MEX",2038,"Razón de dependencia senil (%)","WPP_RDSEN","Proyección de la fuente",NA,19.0157,"%","Nacional","UN World Population Prospects 2024, revisión mediana",NA
"México","MEX",2039,"Razón de dependencia senil (%)","WPP_RDSEN","Proyección de la fuente",NA,19.5895,"%","Nacional","UN World Population Prospects 2024, revisión mediana",NA
"México","MEX",2040,"Razón de dependencia senil (%)","WPP_RDSEN","Proyección de la fuente",NA,20.1516,"%","Nacional","UN World Population Prospects 2024, revisión mediana",NA
"México","MEX",2041,"Razón de dependencia senil (%)","WPP_RDSEN","Proyección de la fuente",NA,20.7037,"%","Nacional","UN World Population Prospects 2024, revisión mediana",NA
"México","MEX",2042,"Razón de dependencia senil (%)","WPP_RDSEN","Proyección de la fuente",NA,21.2571,"%","Nacional","UN World Population Prospects 2024, revisión mediana",NA
"México","MEX",2043,"Razón de dependencia senil (%)","WPP_RDSEN","Proyección de la fuente",NA,21.8147,"%","Nacional","UN World Population Prospects 2024, revisión mediana",NA
"México","MEX",2044,"Razón de dependencia senil (%)","WPP_RDSEN","Proyección de la fuente",NA,22.3726,"%","Nacional","UN World Population Prospects 2024, revisión mediana",NA
"México","MEX",2045,"Razón de dependencia senil (%)","WPP_RDSEN","Proyección de la fuente",NA,22.9259,"%","Nacional","UN World Population Prospects 2024, revisión mediana",NA
"México","MEX",2046,"Razón de dependencia senil (%)","WPP_RDSEN","Proyección de la fuente",NA,23.4865,"%","Nacional","UN World Population Prospects 2024, revisión mediana",NA
"México","MEX",2047,"Razón de dependencia senil (%)","WPP_RDSEN","Proyección de la fuente",NA,24.0681,"%","Nacional","UN World Population Prospects 2024, revisión mediana",NA
"México","MEX",2048,"Razón de dependencia senil (%)","WPP_RDSEN","Proyección de la fuente",NA,24.6549,"%","Nacional","UN World Population Prospects 2024, revisión mediana",NA
"México","MEX",2049,"Razón de dependencia senil (%)","WPP_RDSEN","Proyección de la fuente",NA,25.248,"%","Nacional","UN World Population Prospects 2024, revisión mediana",NA
"México","MEX",2050,"Razón de dependencia senil (%)","WPP_RDSEN","Proyección de la fuente",NA,25.8608,"%","Nacional","UN World Population Prospects 2024, revisión mediana",NA
"Panamá","PAN",1990,"Razón de dependencia senil (%)","WPP_RDSEN","Observado",NA,7.199,"%","Nacional","UN World Population Prospects 2024, revisión mediana",NA
"Panamá","PAN",1991,"Razón de dependencia senil (%)","WPP_RDSEN","Observado",NA,7.2429,"%","Nacional","UN World Population Prospects 2024, revisión mediana",NA
"Panamá","PAN",1992,"Razón de dependencia senil (%)","WPP_RDSEN","Observado",NA,7.2913,"%","Nacional","UN World Population Prospects 2024, revisión mediana",NA
"Panamá","PAN",1993,"Razón de dependencia senil (%)","WPP_RDSEN","Observado",NA,7.3472,"%","Nacional","UN World Population Prospects 2024, revisión mediana",NA
"Panamá","PAN",1994,"Razón de dependencia senil (%)","WPP_RDSEN","Observado",NA,7.4091,"%","Nacional","UN World Population Prospects 2024, revisión mediana",NA
"Panamá","PAN",1995,"Razón de dependencia senil (%)","WPP_RDSEN","Observado",NA,7.4726,"%","Nacional","UN World Population Prospects 2024, revisión mediana",NA
"Panamá","PAN",1996,"Razón de dependencia senil (%)","WPP_RDSEN","Observado",NA,7.5387,"%","Nacional","UN World Population Prospects 2024, revisión mediana",NA
"Panamá","PAN",1997,"Razón de dependencia senil (%)","WPP_RDSEN","Observado",NA,7.6132,"%","Nacional","UN World Population Prospects 2024, revisión mediana",NA
"Panamá","PAN",1998,"Razón de dependencia senil (%)","WPP_RDSEN","Observado",NA,7.696,"%","Nacional","UN World Population Prospects 2024, revisión mediana",NA
"Panamá","PAN",1999,"Razón de dependencia senil (%)","WPP_RDSEN","Observado",NA,7.787,"%","Nacional","UN World Population Prospects 2024, revisión mediana",NA
"Panamá","PAN",2000,"Razón de dependencia senil (%)","WPP_RDSEN","Observado",NA,7.8911,"%","Nacional","UN World Population Prospects 2024, revisión mediana",NA
"Panamá","PAN",2001,"Razón de dependencia senil (%)","WPP_RDSEN","Observado",NA,8.0107,"%","Nacional","UN World Population Prospects 2024, revisión mediana",NA
"Panamá","PAN",2002,"Razón de dependencia senil (%)","WPP_RDSEN","Observado",NA,8.147,"%","Nacional","UN World Population Prospects 2024, revisión mediana",NA
"Panamá","PAN",2003,"Razón de dependencia senil (%)","WPP_RDSEN","Observado",NA,8.3015,"%","Nacional","UN World Population Prospects 2024, revisión mediana",NA
"Panamá","PAN",2004,"Razón de dependencia senil (%)","WPP_RDSEN","Observado",NA,8.4698,"%","Nacional","UN World Population Prospects 2024, revisión mediana",NA
"Panamá","PAN",2005,"Razón de dependencia senil (%)","WPP_RDSEN","Observado",NA,8.6496,"%","Nacional","UN World Population Prospects 2024, revisión mediana",NA
"Panamá","PAN",2006,"Razón de dependencia senil (%)","WPP_RDSEN","Observado",NA,8.8434,"%","Nacional","UN World Population Prospects 2024, revisión mediana",NA
"Panamá","PAN",2007,"Razón de dependencia senil (%)","WPP_RDSEN","Observado",NA,9.0492,"%","Nacional","UN World Population Prospects 2024, revisión mediana",NA
"Panamá","PAN",2008,"Razón de dependencia senil (%)","WPP_RDSEN","Observado",NA,9.267,"%","Nacional","UN World Population Prospects 2024, revisión mediana",NA
"Panamá","PAN",2009,"Razón de dependencia senil (%)","WPP_RDSEN","Observado",NA,9.4987,"%","Nacional","UN World Population Prospects 2024, revisión mediana",NA
"Panamá","PAN",2010,"Razón de dependencia senil (%)","WPP_RDSEN","Observado",NA,9.7406,"%","Nacional","UN World Population Prospects 2024, revisión mediana",NA
"Panamá","PAN",2011,"Razón de dependencia senil (%)","WPP_RDSEN","Observado",NA,9.9906,"%","Nacional","UN World Population Prospects 2024, revisión mediana",NA
"Panamá","PAN",2012,"Razón de dependencia senil (%)","WPP_RDSEN","Observado",NA,10.2487,"%","Nacional","UN World Population Prospects 2024, revisión mediana",NA
"Panamá","PAN",2013,"Razón de dependencia senil (%)","WPP_RDSEN","Observado",NA,10.5127,"%","Nacional","UN World Population Prospects 2024, revisión mediana",NA
"Panamá","PAN",2014,"Razón de dependencia senil (%)","WPP_RDSEN","Observado",NA,10.7957,"%","Nacional","UN World Population Prospects 2024, revisión mediana",NA
"Panamá","PAN",2015,"Razón de dependencia senil (%)","WPP_RDSEN","Observado",NA,11.0924,"%","Nacional","UN World Population Prospects 2024, revisión mediana",NA
"Panamá","PAN",2016,"Razón de dependencia senil (%)","WPP_RDSEN","Observado",NA,11.3901,"%","Nacional","UN World Population Prospects 2024, revisión mediana",NA
"Panamá","PAN",2017,"Razón de dependencia senil (%)","WPP_RDSEN","Observado",NA,11.6978,"%","Nacional","UN World Population Prospects 2024, revisión mediana",NA
"Panamá","PAN",2018,"Razón de dependencia senil (%)","WPP_RDSEN","Observado",NA,12.0274,"%","Nacional","UN World Population Prospects 2024, revisión mediana",NA
"Panamá","PAN",2019,"Razón de dependencia senil (%)","WPP_RDSEN","Observado",NA,12.3788,"%","Nacional","UN World Population Prospects 2024, revisión mediana",NA
"Panamá","PAN",2020,"Razón de dependencia senil (%)","WPP_RDSEN","Observado",NA,12.6972,"%","Nacional","UN World Population Prospects 2024, revisión mediana",NA
"Panamá","PAN",2021,"Razón de dependencia senil (%)","WPP_RDSEN","Observado",NA,13.0009,"%","Nacional","UN World Population Prospects 2024, revisión mediana",NA
"Panamá","PAN",2022,"Razón de dependencia senil (%)","WPP_RDSEN","Observado",NA,13.3707,"%","Nacional","UN World Population Prospects 2024, revisión mediana",NA
"Panamá","PAN",2023,"Razón de dependencia senil (%)","WPP_RDSEN","Observado",NA,13.7919,"%","Nacional","UN World Population Prospects 2024, revisión mediana",NA
"Panamá","PAN",2024,"Razón de dependencia senil (%)","WPP_RDSEN","Proyección de la fuente",NA,14.2248,"%","Nacional","UN World Population Prospects 2024, revisión mediana",NA
"Panamá","PAN",2025,"Razón de dependencia senil (%)","WPP_RDSEN","Proyección de la fuente",NA,14.6726,"%","Nacional","UN World Population Prospects 2024, revisión mediana",NA
"Panamá","PAN",2026,"Razón de dependencia senil (%)","WPP_RDSEN","Proyección de la fuente",NA,15.1467,"%","Nacional","UN World Population Prospects 2024, revisión mediana",NA
"Panamá","PAN",2027,"Razón de dependencia senil (%)","WPP_RDSEN","Proyección de la fuente",NA,15.6464,"%","Nacional","UN World Population Prospects 2024, revisión mediana",NA
"Panamá","PAN",2028,"Razón de dependencia senil (%)","WPP_RDSEN","Proyección de la fuente",NA,16.1709,"%","Nacional","UN World Population Prospects 2024, revisión mediana",NA
"Panamá","PAN",2029,"Razón de dependencia senil (%)","WPP_RDSEN","Proyección de la fuente",NA,16.7153,"%","Nacional","UN World Population Prospects 2024, revisión mediana",NA
"Panamá","PAN",2030,"Razón de dependencia senil (%)","WPP_RDSEN","Proyección de la fuente",NA,17.2727,"%","Nacional","UN World Population Prospects 2024, revisión mediana",NA
"Panamá","PAN",2031,"Razón de dependencia senil (%)","WPP_RDSEN","Proyección de la fuente",NA,17.8423,"%","Nacional","UN World Population Prospects 2024, revisión mediana",NA
"Panamá","PAN",2032,"Razón de dependencia senil (%)","WPP_RDSEN","Proyección de la fuente",NA,18.4229,"%","Nacional","UN World Population Prospects 2024, revisión mediana",NA
"Panamá","PAN",2033,"Razón de dependencia senil (%)","WPP_RDSEN","Proyección de la fuente",NA,19.0133,"%","Nacional","UN World Population Prospects 2024, revisión mediana",NA
"Panamá","PAN",2034,"Razón de dependencia senil (%)","WPP_RDSEN","Proyección de la fuente",NA,19.6196,"%","Nacional","UN World Population Prospects 2024, revisión mediana",NA
"Panamá","PAN",2035,"Razón de dependencia senil (%)","WPP_RDSEN","Proyección de la fuente",NA,20.2493,"%","Nacional","UN World Population Prospects 2024, revisión mediana",NA
"Panamá","PAN",2036,"Razón de dependencia senil (%)","WPP_RDSEN","Proyección de la fuente",NA,20.8965,"%","Nacional","UN World Population Prospects 2024, revisión mediana",NA
"Panamá","PAN",2037,"Razón de dependencia senil (%)","WPP_RDSEN","Proyección de la fuente",NA,21.5466,"%","Nacional","UN World Population Prospects 2024, revisión mediana",NA
"Panamá","PAN",2038,"Razón de dependencia senil (%)","WPP_RDSEN","Proyección de la fuente",NA,22.1885,"%","Nacional","UN World Population Prospects 2024, revisión mediana",NA
"Panamá","PAN",2039,"Razón de dependencia senil (%)","WPP_RDSEN","Proyección de la fuente",NA,22.8174,"%","Nacional","UN World Population Prospects 2024, revisión mediana",NA
"Panamá","PAN",2040,"Razón de dependencia senil (%)","WPP_RDSEN","Proyección de la fuente",NA,23.4313,"%","Nacional","UN World Population Prospects 2024, revisión mediana",NA
"Panamá","PAN",2041,"Razón de dependencia senil (%)","WPP_RDSEN","Proyección de la fuente",NA,24.0292,"%","Nacional","UN World Population Prospects 2024, revisión mediana",NA
"Panamá","PAN",2042,"Razón de dependencia senil (%)","WPP_RDSEN","Proyección de la fuente",NA,24.6123,"%","Nacional","UN World Population Prospects 2024, revisión mediana",NA
"Panamá","PAN",2043,"Razón de dependencia senil (%)","WPP_RDSEN","Proyección de la fuente",NA,25.1827,"%","Nacional","UN World Population Prospects 2024, revisión mediana",NA
"Panamá","PAN",2044,"Razón de dependencia senil (%)","WPP_RDSEN","Proyección de la fuente",NA,25.75,"%","Nacional","UN World Population Prospects 2024, revisión mediana",NA
"Panamá","PAN",2045,"Razón de dependencia senil (%)","WPP_RDSEN","Proyección de la fuente",NA,26.3229,"%","Nacional","UN World Population Prospects 2024, revisión mediana",NA
"Panamá","PAN",2046,"Razón de dependencia senil (%)","WPP_RDSEN","Proyección de la fuente",NA,26.9057,"%","Nacional","UN World Population Prospects 2024, revisión mediana",NA
"Panamá","PAN",2047,"Razón de dependencia senil (%)","WPP_RDSEN","Proyección de la fuente",NA,27.5024,"%","Nacional","UN World Population Prospects 2024, revisión mediana",NA
"Panamá","PAN",2048,"Razón de dependencia senil (%)","WPP_RDSEN","Proyección de la fuente",NA,28.1158,"%","Nacional","UN World Population Prospects 2024, revisión mediana",NA
"Panamá","PAN",2049,"Razón de dependencia senil (%)","WPP_RDSEN","Proyección de la fuente",NA,28.7403,"%","Nacional","UN World Population Prospects 2024, revisión mediana",NA
"Panamá","PAN",2050,"Razón de dependencia senil (%)","WPP_RDSEN","Proyección de la fuente",NA,29.3629,"%","Nacional","UN World Population Prospects 2024, revisión mediana",NA
"Brasil","BRA",1990,"Tasa global de fecundidad (hijos por mujer)","WPP_TFR","Observado",NA,2.8964,"hijos por mujer","Nacional","UN World Population Prospects 2024, revisión mediana",NA
"Brasil","BRA",1991,"Tasa global de fecundidad (hijos por mujer)","WPP_TFR","Observado",NA,2.8045,"hijos por mujer","Nacional","UN World Population Prospects 2024, revisión mediana",NA
"Brasil","BRA",1992,"Tasa global de fecundidad (hijos por mujer)","WPP_TFR","Observado",NA,2.7102,"hijos por mujer","Nacional","UN World Population Prospects 2024, revisión mediana",NA
"Brasil","BRA",1993,"Tasa global de fecundidad (hijos por mujer)","WPP_TFR","Observado",NA,2.6599,"hijos por mujer","Nacional","UN World Population Prospects 2024, revisión mediana",NA
"Brasil","BRA",1994,"Tasa global de fecundidad (hijos por mujer)","WPP_TFR","Observado",NA,2.6034,"hijos por mujer","Nacional","UN World Population Prospects 2024, revisión mediana",NA
"Brasil","BRA",1995,"Tasa global de fecundidad (hijos por mujer)","WPP_TFR","Observado",NA,2.567,"hijos por mujer","Nacional","UN World Population Prospects 2024, revisión mediana",NA
"Brasil","BRA",1996,"Tasa global de fecundidad (hijos por mujer)","WPP_TFR","Observado",NA,2.5107,"hijos por mujer","Nacional","UN World Population Prospects 2024, revisión mediana",NA
"Brasil","BRA",1997,"Tasa global de fecundidad (hijos por mujer)","WPP_TFR","Observado",NA,2.4683,"hijos por mujer","Nacional","UN World Population Prospects 2024, revisión mediana",NA
"Brasil","BRA",1998,"Tasa global de fecundidad (hijos por mujer)","WPP_TFR","Observado",NA,2.4183,"hijos por mujer","Nacional","UN World Population Prospects 2024, revisión mediana",NA
"Brasil","BRA",1999,"Tasa global de fecundidad (hijos por mujer)","WPP_TFR","Observado",NA,2.3353,"hijos por mujer","Nacional","UN World Population Prospects 2024, revisión mediana",NA
"Brasil","BRA",2000,"Tasa global de fecundidad (hijos por mujer)","WPP_TFR","Observado",NA,2.2472,"hijos por mujer","Nacional","UN World Population Prospects 2024, revisión mediana",NA
"Brasil","BRA",2001,"Tasa global de fecundidad (hijos por mujer)","WPP_TFR","Observado",NA,2.1619,"hijos por mujer","Nacional","UN World Population Prospects 2024, revisión mediana",NA
"Brasil","BRA",2002,"Tasa global de fecundidad (hijos por mujer)","WPP_TFR","Observado",NA,2.0814,"hijos por mujer","Nacional","UN World Population Prospects 2024, revisión mediana",NA
"Brasil","BRA",2003,"Tasa global de fecundidad (hijos por mujer)","WPP_TFR","Observado",NA,2.0062,"hijos por mujer","Nacional","UN World Population Prospects 2024, revisión mediana",NA
"Brasil","BRA",2004,"Tasa global de fecundidad (hijos por mujer)","WPP_TFR","Observado",NA,1.9733,"hijos por mujer","Nacional","UN World Population Prospects 2024, revisión mediana",NA
"Brasil","BRA",2005,"Tasa global de fecundidad (hijos por mujer)","WPP_TFR","Observado",NA,1.9422,"hijos por mujer","Nacional","UN World Population Prospects 2024, revisión mediana",NA
"Brasil","BRA",2006,"Tasa global de fecundidad (hijos por mujer)","WPP_TFR","Observado",NA,1.8957,"hijos por mujer","Nacional","UN World Population Prospects 2024, revisión mediana",NA
"Brasil","BRA",2007,"Tasa global de fecundidad (hijos por mujer)","WPP_TFR","Observado",NA,1.8545,"hijos por mujer","Nacional","UN World Population Prospects 2024, revisión mediana",NA
"Brasil","BRA",2008,"Tasa global de fecundidad (hijos por mujer)","WPP_TFR","Observado",NA,1.8148,"hijos por mujer","Nacional","UN World Population Prospects 2024, revisión mediana",NA
"Brasil","BRA",2009,"Tasa global de fecundidad (hijos por mujer)","WPP_TFR","Observado",NA,1.7986,"hijos por mujer","Nacional","UN World Population Prospects 2024, revisión mediana",NA
"Brasil","BRA",2010,"Tasa global de fecundidad (hijos por mujer)","WPP_TFR","Observado",NA,1.7857,"hijos por mujer","Nacional","UN World Population Prospects 2024, revisión mediana",NA
"Brasil","BRA",2011,"Tasa global de fecundidad (hijos por mujer)","WPP_TFR","Observado",NA,1.7768,"hijos por mujer","Nacional","UN World Population Prospects 2024, revisión mediana",NA
"Brasil","BRA",2012,"Tasa global de fecundidad (hijos por mujer)","WPP_TFR","Observado",NA,1.7662,"hijos por mujer","Nacional","UN World Population Prospects 2024, revisión mediana",NA
"Brasil","BRA",2013,"Tasa global de fecundidad (hijos por mujer)","WPP_TFR","Observado",NA,1.7612,"hijos por mujer","Nacional","UN World Population Prospects 2024, revisión mediana",NA
"Brasil","BRA",2014,"Tasa global de fecundidad (hijos por mujer)","WPP_TFR","Observado",NA,1.7746,"hijos por mujer","Nacional","UN World Population Prospects 2024, revisión mediana",NA
"Brasil","BRA",2015,"Tasa global de fecundidad (hijos por mujer)","WPP_TFR","Observado",NA,1.777,"hijos por mujer","Nacional","UN World Population Prospects 2024, revisión mediana",NA
"Brasil","BRA",2016,"Tasa global de fecundidad (hijos por mujer)","WPP_TFR","Observado",NA,1.7275,"hijos por mujer","Nacional","UN World Population Prospects 2024, revisión mediana",NA
"Brasil","BRA",2017,"Tasa global de fecundidad (hijos por mujer)","WPP_TFR","Observado",NA,1.7399,"hijos por mujer","Nacional","UN World Population Prospects 2024, revisión mediana",NA
"Brasil","BRA",2018,"Tasa global de fecundidad (hijos por mujer)","WPP_TFR","Observado",NA,1.7445,"hijos por mujer","Nacional","UN World Population Prospects 2024, revisión mediana",NA
"Brasil","BRA",2019,"Tasa global de fecundidad (hijos por mujer)","WPP_TFR","Observado",NA,1.7049,"hijos por mujer","Nacional","UN World Population Prospects 2024, revisión mediana",NA
"Brasil","BRA",2020,"Tasa global de fecundidad (hijos por mujer)","WPP_TFR","Observado",NA,1.6528,"hijos por mujer","Nacional","UN World Population Prospects 2024, revisión mediana",NA
"Brasil","BRA",2021,"Tasa global de fecundidad (hijos por mujer)","WPP_TFR","Observado",NA,1.638,"hijos por mujer","Nacional","UN World Population Prospects 2024, revisión mediana",NA
"Brasil","BRA",2022,"Tasa global de fecundidad (hijos por mujer)","WPP_TFR","Observado",NA,1.6292,"hijos por mujer","Nacional","UN World Population Prospects 2024, revisión mediana",NA
"Brasil","BRA",2023,"Tasa global de fecundidad (hijos por mujer)","WPP_TFR","Observado",NA,1.6191,"hijos por mujer","Nacional","UN World Population Prospects 2024, revisión mediana",NA
"Brasil","BRA",2024,"Tasa global de fecundidad (hijos por mujer)","WPP_TFR","Proyección de la fuente",NA,1.6143,"hijos por mujer","Nacional","UN World Population Prospects 2024, revisión mediana",NA
"Brasil","BRA",2025,"Tasa global de fecundidad (hijos por mujer)","WPP_TFR","Proyección de la fuente",NA,1.6001,"hijos por mujer","Nacional","UN World Population Prospects 2024, revisión mediana",NA
"Brasil","BRA",2026,"Tasa global de fecundidad (hijos por mujer)","WPP_TFR","Proyección de la fuente",NA,1.5908,"hijos por mujer","Nacional","UN World Population Prospects 2024, revisión mediana",NA
"Brasil","BRA",2027,"Tasa global de fecundidad (hijos por mujer)","WPP_TFR","Proyección de la fuente",NA,1.5843,"hijos por mujer","Nacional","UN World Population Prospects 2024, revisión mediana",NA
"Brasil","BRA",2028,"Tasa global de fecundidad (hijos por mujer)","WPP_TFR","Proyección de la fuente",NA,1.5794,"hijos por mujer","Nacional","UN World Population Prospects 2024, revisión mediana",NA
"Brasil","BRA",2029,"Tasa global de fecundidad (hijos por mujer)","WPP_TFR","Proyección de la fuente",NA,1.5778,"hijos por mujer","Nacional","UN World Population Prospects 2024, revisión mediana",NA
"Brasil","BRA",2030,"Tasa global de fecundidad (hijos por mujer)","WPP_TFR","Proyección de la fuente",NA,1.5759,"hijos por mujer","Nacional","UN World Population Prospects 2024, revisión mediana",NA
"Brasil","BRA",2031,"Tasa global de fecundidad (hijos por mujer)","WPP_TFR","Proyección de la fuente",NA,1.5739,"hijos por mujer","Nacional","UN World Population Prospects 2024, revisión mediana",NA
"Brasil","BRA",2032,"Tasa global de fecundidad (hijos por mujer)","WPP_TFR","Proyección de la fuente",NA,1.5708,"hijos por mujer","Nacional","UN World Population Prospects 2024, revisión mediana",NA
"Brasil","BRA",2033,"Tasa global de fecundidad (hijos por mujer)","WPP_TFR","Proyección de la fuente",NA,1.5704,"hijos por mujer","Nacional","UN World Population Prospects 2024, revisión mediana",NA
"Brasil","BRA",2034,"Tasa global de fecundidad (hijos por mujer)","WPP_TFR","Proyección de la fuente",NA,1.57,"hijos por mujer","Nacional","UN World Population Prospects 2024, revisión mediana",NA
"Brasil","BRA",2035,"Tasa global de fecundidad (hijos por mujer)","WPP_TFR","Proyección de la fuente",NA,1.569,"hijos por mujer","Nacional","UN World Population Prospects 2024, revisión mediana",NA
"Brasil","BRA",2036,"Tasa global de fecundidad (hijos por mujer)","WPP_TFR","Proyección de la fuente",NA,1.5684,"hijos por mujer","Nacional","UN World Population Prospects 2024, revisión mediana",NA
"Brasil","BRA",2037,"Tasa global de fecundidad (hijos por mujer)","WPP_TFR","Proyección de la fuente",NA,1.5697,"hijos por mujer","Nacional","UN World Population Prospects 2024, revisión mediana",NA
"Brasil","BRA",2038,"Tasa global de fecundidad (hijos por mujer)","WPP_TFR","Proyección de la fuente",NA,1.5719,"hijos por mujer","Nacional","UN World Population Prospects 2024, revisión mediana",NA
"Brasil","BRA",2039,"Tasa global de fecundidad (hijos por mujer)","WPP_TFR","Proyección de la fuente",NA,1.5708,"hijos por mujer","Nacional","UN World Population Prospects 2024, revisión mediana",NA
"Brasil","BRA",2040,"Tasa global de fecundidad (hijos por mujer)","WPP_TFR","Proyección de la fuente",NA,1.573,"hijos por mujer","Nacional","UN World Population Prospects 2024, revisión mediana",NA
"Brasil","BRA",2041,"Tasa global de fecundidad (hijos por mujer)","WPP_TFR","Proyección de la fuente",NA,1.5726,"hijos por mujer","Nacional","UN World Population Prospects 2024, revisión mediana",NA
"Brasil","BRA",2042,"Tasa global de fecundidad (hijos por mujer)","WPP_TFR","Proyección de la fuente",NA,1.5709,"hijos por mujer","Nacional","UN World Population Prospects 2024, revisión mediana",NA
"Brasil","BRA",2043,"Tasa global de fecundidad (hijos por mujer)","WPP_TFR","Proyección de la fuente",NA,1.5702,"hijos por mujer","Nacional","UN World Population Prospects 2024, revisión mediana",NA
"Brasil","BRA",2044,"Tasa global de fecundidad (hijos por mujer)","WPP_TFR","Proyección de la fuente",NA,1.5687,"hijos por mujer","Nacional","UN World Population Prospects 2024, revisión mediana",NA
"Brasil","BRA",2045,"Tasa global de fecundidad (hijos por mujer)","WPP_TFR","Proyección de la fuente",NA,1.5661,"hijos por mujer","Nacional","UN World Population Prospects 2024, revisión mediana",NA
"Brasil","BRA",2046,"Tasa global de fecundidad (hijos por mujer)","WPP_TFR","Proyección de la fuente",NA,1.5662,"hijos por mujer","Nacional","UN World Population Prospects 2024, revisión mediana",NA
"Brasil","BRA",2047,"Tasa global de fecundidad (hijos por mujer)","WPP_TFR","Proyección de la fuente",NA,1.5641,"hijos por mujer","Nacional","UN World Population Prospects 2024, revisión mediana",NA
"Brasil","BRA",2048,"Tasa global de fecundidad (hijos por mujer)","WPP_TFR","Proyección de la fuente",NA,1.5633,"hijos por mujer","Nacional","UN World Population Prospects 2024, revisión mediana",NA
"Brasil","BRA",2049,"Tasa global de fecundidad (hijos por mujer)","WPP_TFR","Proyección de la fuente",NA,1.5604,"hijos por mujer","Nacional","UN World Population Prospects 2024, revisión mediana",NA
"Brasil","BRA",2050,"Tasa global de fecundidad (hijos por mujer)","WPP_TFR","Proyección de la fuente",NA,1.5589,"hijos por mujer","Nacional","UN World Population Prospects 2024, revisión mediana",NA
"Chile","CHL",1990,"Tasa global de fecundidad (hijos por mujer)","WPP_TFR","Observado",NA,2.5787,"hijos por mujer","Nacional","UN World Population Prospects 2024, revisión mediana",NA
"Chile","CHL",1991,"Tasa global de fecundidad (hijos por mujer)","WPP_TFR","Observado",NA,2.558,"hijos por mujer","Nacional","UN World Population Prospects 2024, revisión mediana",NA
"Chile","CHL",1992,"Tasa global de fecundidad (hijos por mujer)","WPP_TFR","Observado",NA,2.4784,"hijos por mujer","Nacional","UN World Population Prospects 2024, revisión mediana",NA
"Chile","CHL",1993,"Tasa global de fecundidad (hijos por mujer)","WPP_TFR","Observado",NA,2.4303,"hijos por mujer","Nacional","UN World Population Prospects 2024, revisión mediana",NA
"Chile","CHL",1994,"Tasa global de fecundidad (hijos por mujer)","WPP_TFR","Observado",NA,2.3768,"hijos por mujer","Nacional","UN World Population Prospects 2024, revisión mediana",NA
"Chile","CHL",1995,"Tasa global de fecundidad (hijos por mujer)","WPP_TFR","Observado",NA,2.3531,"hijos por mujer","Nacional","UN World Population Prospects 2024, revisión mediana",NA
"Chile","CHL",1996,"Tasa global de fecundidad (hijos por mujer)","WPP_TFR","Observado",NA,2.2844,"hijos por mujer","Nacional","UN World Population Prospects 2024, revisión mediana",NA
"Chile","CHL",1997,"Tasa global de fecundidad (hijos por mujer)","WPP_TFR","Observado",NA,2.2024,"hijos por mujer","Nacional","UN World Population Prospects 2024, revisión mediana",NA
"Chile","CHL",1998,"Tasa global de fecundidad (hijos por mujer)","WPP_TFR","Observado",NA,2.1487,"hijos por mujer","Nacional","UN World Population Prospects 2024, revisión mediana",NA
"Chile","CHL",1999,"Tasa global de fecundidad (hijos por mujer)","WPP_TFR","Observado",NA,2.0738,"hijos por mujer","Nacional","UN World Population Prospects 2024, revisión mediana",NA
"Chile","CHL",2000,"Tasa global de fecundidad (hijos por mujer)","WPP_TFR","Observado",NA,2.0456,"hijos por mujer","Nacional","UN World Population Prospects 2024, revisión mediana",NA
"Chile","CHL",2001,"Tasa global de fecundidad (hijos por mujer)","WPP_TFR","Observado",NA,2.007,"hijos por mujer","Nacional","UN World Population Prospects 2024, revisión mediana",NA
"Chile","CHL",2002,"Tasa global de fecundidad (hijos por mujer)","WPP_TFR","Observado",NA,1.9341,"hijos por mujer","Nacional","UN World Population Prospects 2024, revisión mediana",NA
"Chile","CHL",2003,"Tasa global de fecundidad (hijos por mujer)","WPP_TFR","Observado",NA,1.885,"hijos por mujer","Nacional","UN World Population Prospects 2024, revisión mediana",NA
"Chile","CHL",2004,"Tasa global de fecundidad (hijos por mujer)","WPP_TFR","Observado",NA,1.8439,"hijos por mujer","Nacional","UN World Population Prospects 2024, revisión mediana",NA
"Chile","CHL",2005,"Tasa global de fecundidad (hijos por mujer)","WPP_TFR","Observado",NA,1.8248,"hijos por mujer","Nacional","UN World Population Prospects 2024, revisión mediana",NA
"Chile","CHL",2006,"Tasa global de fecundidad (hijos por mujer)","WPP_TFR","Observado",NA,1.7976,"hijos por mujer","Nacional","UN World Population Prospects 2024, revisión mediana",NA
"Chile","CHL",2007,"Tasa global de fecundidad (hijos por mujer)","WPP_TFR","Observado",NA,1.826,"hijos por mujer","Nacional","UN World Population Prospects 2024, revisión mediana",NA
"Chile","CHL",2008,"Tasa global de fecundidad (hijos por mujer)","WPP_TFR","Observado",NA,1.8495,"hijos por mujer","Nacional","UN World Population Prospects 2024, revisión mediana",NA
"Chile","CHL",2009,"Tasa global de fecundidad (hijos por mujer)","WPP_TFR","Observado",NA,1.8554,"hijos por mujer","Nacional","UN World Population Prospects 2024, revisión mediana",NA
"Chile","CHL",2010,"Tasa global de fecundidad (hijos por mujer)","WPP_TFR","Observado",NA,1.8441,"hijos por mujer","Nacional","UN World Population Prospects 2024, revisión mediana",NA
"Chile","CHL",2011,"Tasa global de fecundidad (hijos por mujer)","WPP_TFR","Observado",NA,1.8226,"hijos por mujer","Nacional","UN World Population Prospects 2024, revisión mediana",NA
"Chile","CHL",2012,"Tasa global de fecundidad (hijos por mujer)","WPP_TFR","Observado",NA,1.798,"hijos por mujer","Nacional","UN World Population Prospects 2024, revisión mediana",NA
"Chile","CHL",2013,"Tasa global de fecundidad (hijos por mujer)","WPP_TFR","Observado",NA,1.7859,"hijos por mujer","Nacional","UN World Population Prospects 2024, revisión mediana",NA
"Chile","CHL",2014,"Tasa global de fecundidad (hijos por mujer)","WPP_TFR","Observado",NA,1.7745,"hijos por mujer","Nacional","UN World Population Prospects 2024, revisión mediana",NA
"Chile","CHL",2015,"Tasa global de fecundidad (hijos por mujer)","WPP_TFR","Observado",NA,1.7373,"hijos por mujer","Nacional","UN World Population Prospects 2024, revisión mediana",NA
"Chile","CHL",2016,"Tasa global de fecundidad (hijos por mujer)","WPP_TFR","Observado",NA,1.6855,"hijos por mujer","Nacional","UN World Population Prospects 2024, revisión mediana",NA
"Chile","CHL",2017,"Tasa global de fecundidad (hijos por mujer)","WPP_TFR","Observado",NA,1.5625,"hijos por mujer","Nacional","UN World Population Prospects 2024, revisión mediana",NA
"Chile","CHL",2018,"Tasa global de fecundidad (hijos por mujer)","WPP_TFR","Observado",NA,1.5432,"hijos por mujer","Nacional","UN World Population Prospects 2024, revisión mediana",NA
"Chile","CHL",2019,"Tasa global de fecundidad (hijos por mujer)","WPP_TFR","Observado",NA,1.43,"hijos por mujer","Nacional","UN World Population Prospects 2024, revisión mediana",NA
"Chile","CHL",2020,"Tasa global de fecundidad (hijos por mujer)","WPP_TFR","Observado",NA,1.307,"hijos por mujer","Nacional","UN World Population Prospects 2024, revisión mediana",NA
"Chile","CHL",2021,"Tasa global de fecundidad (hijos por mujer)","WPP_TFR","Observado",NA,1.1759,"hijos por mujer","Nacional","UN World Population Prospects 2024, revisión mediana",NA
"Chile","CHL",2022,"Tasa global de fecundidad (hijos por mujer)","WPP_TFR","Observado",NA,1.2552,"hijos por mujer","Nacional","UN World Population Prospects 2024, revisión mediana",NA
"Chile","CHL",2023,"Tasa global de fecundidad (hijos por mujer)","WPP_TFR","Observado",NA,1.1671,"hijos por mujer","Nacional","UN World Population Prospects 2024, revisión mediana",NA
"Chile","CHL",2024,"Tasa global de fecundidad (hijos por mujer)","WPP_TFR","Proyección de la fuente",NA,1.1396,"hijos por mujer","Nacional","UN World Population Prospects 2024, revisión mediana",NA
"Chile","CHL",2025,"Tasa global de fecundidad (hijos por mujer)","WPP_TFR","Proyección de la fuente",NA,1.1267,"hijos por mujer","Nacional","UN World Population Prospects 2024, revisión mediana",NA
"Chile","CHL",2026,"Tasa global de fecundidad (hijos por mujer)","WPP_TFR","Proyección de la fuente",NA,1.1207,"hijos por mujer","Nacional","UN World Population Prospects 2024, revisión mediana",NA
"Chile","CHL",2027,"Tasa global de fecundidad (hijos por mujer)","WPP_TFR","Proyección de la fuente",NA,1.1195,"hijos por mujer","Nacional","UN World Population Prospects 2024, revisión mediana",NA
"Chile","CHL",2028,"Tasa global de fecundidad (hijos por mujer)","WPP_TFR","Proyección de la fuente",NA,1.1208,"hijos por mujer","Nacional","UN World Population Prospects 2024, revisión mediana",NA
"Chile","CHL",2029,"Tasa global de fecundidad (hijos por mujer)","WPP_TFR","Proyección de la fuente",NA,1.1247,"hijos por mujer","Nacional","UN World Population Prospects 2024, revisión mediana",NA
"Chile","CHL",2030,"Tasa global de fecundidad (hijos por mujer)","WPP_TFR","Proyección de la fuente",NA,1.1282,"hijos por mujer","Nacional","UN World Population Prospects 2024, revisión mediana",NA
"Chile","CHL",2031,"Tasa global de fecundidad (hijos por mujer)","WPP_TFR","Proyección de la fuente",NA,1.1342,"hijos por mujer","Nacional","UN World Population Prospects 2024, revisión mediana",NA
"Chile","CHL",2032,"Tasa global de fecundidad (hijos por mujer)","WPP_TFR","Proyección de la fuente",NA,1.1409,"hijos por mujer","Nacional","UN World Population Prospects 2024, revisión mediana",NA
"Chile","CHL",2033,"Tasa global de fecundidad (hijos por mujer)","WPP_TFR","Proyección de la fuente",NA,1.1451,"hijos por mujer","Nacional","UN World Population Prospects 2024, revisión mediana",NA
"Chile","CHL",2034,"Tasa global de fecundidad (hijos por mujer)","WPP_TFR","Proyección de la fuente",NA,1.1522,"hijos por mujer","Nacional","UN World Population Prospects 2024, revisión mediana",NA
"Chile","CHL",2035,"Tasa global de fecundidad (hijos por mujer)","WPP_TFR","Proyección de la fuente",NA,1.1594,"hijos por mujer","Nacional","UN World Population Prospects 2024, revisión mediana",NA
"Chile","CHL",2036,"Tasa global de fecundidad (hijos por mujer)","WPP_TFR","Proyección de la fuente",NA,1.1661,"hijos por mujer","Nacional","UN World Population Prospects 2024, revisión mediana",NA
"Chile","CHL",2037,"Tasa global de fecundidad (hijos por mujer)","WPP_TFR","Proyección de la fuente",NA,1.1707,"hijos por mujer","Nacional","UN World Population Prospects 2024, revisión mediana",NA
"Chile","CHL",2038,"Tasa global de fecundidad (hijos por mujer)","WPP_TFR","Proyección de la fuente",NA,1.1774,"hijos por mujer","Nacional","UN World Population Prospects 2024, revisión mediana",NA
"Chile","CHL",2039,"Tasa global de fecundidad (hijos por mujer)","WPP_TFR","Proyección de la fuente",NA,1.1852,"hijos por mujer","Nacional","UN World Population Prospects 2024, revisión mediana",NA
"Chile","CHL",2040,"Tasa global de fecundidad (hijos por mujer)","WPP_TFR","Proyección de la fuente",NA,1.191,"hijos por mujer","Nacional","UN World Population Prospects 2024, revisión mediana",NA
"Chile","CHL",2041,"Tasa global de fecundidad (hijos por mujer)","WPP_TFR","Proyección de la fuente",NA,1.1953,"hijos por mujer","Nacional","UN World Population Prospects 2024, revisión mediana",NA
"Chile","CHL",2042,"Tasa global de fecundidad (hijos por mujer)","WPP_TFR","Proyección de la fuente",NA,1.2015,"hijos por mujer","Nacional","UN World Population Prospects 2024, revisión mediana",NA
"Chile","CHL",2043,"Tasa global de fecundidad (hijos por mujer)","WPP_TFR","Proyección de la fuente",NA,1.2059,"hijos por mujer","Nacional","UN World Population Prospects 2024, revisión mediana",NA
"Chile","CHL",2044,"Tasa global de fecundidad (hijos por mujer)","WPP_TFR","Proyección de la fuente",NA,1.213,"hijos por mujer","Nacional","UN World Population Prospects 2024, revisión mediana",NA
"Chile","CHL",2045,"Tasa global de fecundidad (hijos por mujer)","WPP_TFR","Proyección de la fuente",NA,1.216,"hijos por mujer","Nacional","UN World Population Prospects 2024, revisión mediana",NA
"Chile","CHL",2046,"Tasa global de fecundidad (hijos por mujer)","WPP_TFR","Proyección de la fuente",NA,1.2199,"hijos por mujer","Nacional","UN World Population Prospects 2024, revisión mediana",NA
"Chile","CHL",2047,"Tasa global de fecundidad (hijos por mujer)","WPP_TFR","Proyección de la fuente",NA,1.2243,"hijos por mujer","Nacional","UN World Population Prospects 2024, revisión mediana",NA
"Chile","CHL",2048,"Tasa global de fecundidad (hijos por mujer)","WPP_TFR","Proyección de la fuente",NA,1.2283,"hijos por mujer","Nacional","UN World Population Prospects 2024, revisión mediana",NA
"Chile","CHL",2049,"Tasa global de fecundidad (hijos por mujer)","WPP_TFR","Proyección de la fuente",NA,1.2352,"hijos por mujer","Nacional","UN World Population Prospects 2024, revisión mediana",NA
"Chile","CHL",2050,"Tasa global de fecundidad (hijos por mujer)","WPP_TFR","Proyección de la fuente",NA,1.2399,"hijos por mujer","Nacional","UN World Population Prospects 2024, revisión mediana",NA
"Colombia","COL",1990,"Tasa global de fecundidad (hijos por mujer)","WPP_TFR","Observado",NA,2.9951,"hijos por mujer","Nacional","UN World Population Prospects 2024, revisión mediana",NA
"Colombia","COL",1991,"Tasa global de fecundidad (hijos por mujer)","WPP_TFR","Observado",NA,2.9816,"hijos por mujer","Nacional","UN World Population Prospects 2024, revisión mediana",NA
"Colombia","COL",1992,"Tasa global de fecundidad (hijos por mujer)","WPP_TFR","Observado",NA,2.9826,"hijos por mujer","Nacional","UN World Population Prospects 2024, revisión mediana",NA
"Colombia","COL",1993,"Tasa global de fecundidad (hijos por mujer)","WPP_TFR","Observado",NA,2.9779,"hijos por mujer","Nacional","UN World Population Prospects 2024, revisión mediana",NA
"Colombia","COL",1994,"Tasa global de fecundidad (hijos por mujer)","WPP_TFR","Observado",NA,2.9373,"hijos por mujer","Nacional","UN World Population Prospects 2024, revisión mediana",NA
"Colombia","COL",1995,"Tasa global de fecundidad (hijos por mujer)","WPP_TFR","Observado",NA,2.8496,"hijos por mujer","Nacional","UN World Population Prospects 2024, revisión mediana",NA
"Colombia","COL",1996,"Tasa global de fecundidad (hijos por mujer)","WPP_TFR","Observado",NA,2.7682,"hijos por mujer","Nacional","UN World Population Prospects 2024, revisión mediana",NA
"Colombia","COL",1997,"Tasa global de fecundidad (hijos por mujer)","WPP_TFR","Observado",NA,2.7428,"hijos por mujer","Nacional","UN World Population Prospects 2024, revisión mediana",NA
"Colombia","COL",1998,"Tasa global de fecundidad (hijos por mujer)","WPP_TFR","Observado",NA,2.7166,"hijos por mujer","Nacional","UN World Population Prospects 2024, revisión mediana",NA
"Colombia","COL",1999,"Tasa global de fecundidad (hijos por mujer)","WPP_TFR","Observado",NA,2.6369,"hijos por mujer","Nacional","UN World Population Prospects 2024, revisión mediana",NA
"Colombia","COL",2000,"Tasa global de fecundidad (hijos por mujer)","WPP_TFR","Observado",NA,2.5737,"hijos por mujer","Nacional","UN World Population Prospects 2024, revisión mediana",NA
"Colombia","COL",2001,"Tasa global de fecundidad (hijos por mujer)","WPP_TFR","Observado",NA,2.5216,"hijos por mujer","Nacional","UN World Population Prospects 2024, revisión mediana",NA
"Colombia","COL",2002,"Tasa global de fecundidad (hijos por mujer)","WPP_TFR","Observado",NA,2.4889,"hijos por mujer","Nacional","UN World Population Prospects 2024, revisión mediana",NA
"Colombia","COL",2003,"Tasa global de fecundidad (hijos por mujer)","WPP_TFR","Observado",NA,2.4497,"hijos por mujer","Nacional","UN World Population Prospects 2024, revisión mediana",NA
"Colombia","COL",2004,"Tasa global de fecundidad (hijos por mujer)","WPP_TFR","Observado",NA,2.3835,"hijos por mujer","Nacional","UN World Population Prospects 2024, revisión mediana",NA
"Colombia","COL",2005,"Tasa global de fecundidad (hijos por mujer)","WPP_TFR","Observado",NA,2.3087,"hijos por mujer","Nacional","UN World Population Prospects 2024, revisión mediana",NA
"Colombia","COL",2006,"Tasa global de fecundidad (hijos por mujer)","WPP_TFR","Observado",NA,2.2412,"hijos por mujer","Nacional","UN World Population Prospects 2024, revisión mediana",NA
"Colombia","COL",2007,"Tasa global de fecundidad (hijos por mujer)","WPP_TFR","Observado",NA,2.1952,"hijos por mujer","Nacional","UN World Population Prospects 2024, revisión mediana",NA
"Colombia","COL",2008,"Tasa global de fecundidad (hijos por mujer)","WPP_TFR","Observado",NA,2.1554,"hijos por mujer","Nacional","UN World Population Prospects 2024, revisión mediana",NA
"Colombia","COL",2009,"Tasa global de fecundidad (hijos por mujer)","WPP_TFR","Observado",NA,2.0959,"hijos por mujer","Nacional","UN World Population Prospects 2024, revisión mediana",NA
"Colombia","COL",2010,"Tasa global de fecundidad (hijos por mujer)","WPP_TFR","Observado",NA,2.0102,"hijos por mujer","Nacional","UN World Population Prospects 2024, revisión mediana",NA
"Colombia","COL",2011,"Tasa global de fecundidad (hijos por mujer)","WPP_TFR","Observado",NA,1.9381,"hijos por mujer","Nacional","UN World Population Prospects 2024, revisión mediana",NA
"Colombia","COL",2012,"Tasa global de fecundidad (hijos por mujer)","WPP_TFR","Observado",NA,1.899,"hijos por mujer","Nacional","UN World Population Prospects 2024, revisión mediana",NA
"Colombia","COL",2013,"Tasa global de fecundidad (hijos por mujer)","WPP_TFR","Observado",NA,1.8602,"hijos por mujer","Nacional","UN World Population Prospects 2024, revisión mediana",NA
"Colombia","COL",2014,"Tasa global de fecundidad (hijos por mujer)","WPP_TFR","Observado",NA,1.822,"hijos por mujer","Nacional","UN World Population Prospects 2024, revisión mediana",NA
"Colombia","COL",2015,"Tasa global de fecundidad (hijos por mujer)","WPP_TFR","Observado",NA,1.7707,"hijos por mujer","Nacional","UN World Population Prospects 2024, revisión mediana",NA
"Colombia","COL",2016,"Tasa global de fecundidad (hijos por mujer)","WPP_TFR","Observado",NA,1.7194,"hijos por mujer","Nacional","UN World Population Prospects 2024, revisión mediana",NA
"Colombia","COL",2017,"Tasa global de fecundidad (hijos por mujer)","WPP_TFR","Observado",NA,1.7168,"hijos por mujer","Nacional","UN World Population Prospects 2024, revisión mediana",NA
"Colombia","COL",2018,"Tasa global de fecundidad (hijos por mujer)","WPP_TFR","Observado",NA,1.7145,"hijos por mujer","Nacional","UN World Population Prospects 2024, revisión mediana",NA
"Colombia","COL",2019,"Tasa global de fecundidad (hijos por mujer)","WPP_TFR","Observado",NA,1.7103,"hijos por mujer","Nacional","UN World Population Prospects 2024, revisión mediana",NA
"Colombia","COL",2020,"Tasa global de fecundidad (hijos por mujer)","WPP_TFR","Observado",NA,1.6937,"hijos por mujer","Nacional","UN World Population Prospects 2024, revisión mediana",NA
"Colombia","COL",2021,"Tasa global de fecundidad (hijos por mujer)","WPP_TFR","Observado",NA,1.6805,"hijos por mujer","Nacional","UN World Population Prospects 2024, revisión mediana",NA
"Colombia","COL",2022,"Tasa global de fecundidad (hijos por mujer)","WPP_TFR","Observado",NA,1.6632,"hijos por mujer","Nacional","UN World Population Prospects 2024, revisión mediana",NA
"Colombia","COL",2023,"Tasa global de fecundidad (hijos por mujer)","WPP_TFR","Observado",NA,1.6452,"hijos por mujer","Nacional","UN World Population Prospects 2024, revisión mediana",NA
"Colombia","COL",2024,"Tasa global de fecundidad (hijos por mujer)","WPP_TFR","Proyección de la fuente",NA,1.6339,"hijos por mujer","Nacional","UN World Population Prospects 2024, revisión mediana",NA
"Colombia","COL",2025,"Tasa global de fecundidad (hijos por mujer)","WPP_TFR","Proyección de la fuente",NA,1.6181,"hijos por mujer","Nacional","UN World Population Prospects 2024, revisión mediana",NA
"Colombia","COL",2026,"Tasa global de fecundidad (hijos por mujer)","WPP_TFR","Proyección de la fuente",NA,1.6048,"hijos por mujer","Nacional","UN World Population Prospects 2024, revisión mediana",NA
"Colombia","COL",2027,"Tasa global de fecundidad (hijos por mujer)","WPP_TFR","Proyección de la fuente",NA,1.5954,"hijos por mujer","Nacional","UN World Population Prospects 2024, revisión mediana",NA
"Colombia","COL",2028,"Tasa global de fecundidad (hijos por mujer)","WPP_TFR","Proyección de la fuente",NA,1.5901,"hijos por mujer","Nacional","UN World Population Prospects 2024, revisión mediana",NA
"Colombia","COL",2029,"Tasa global de fecundidad (hijos por mujer)","WPP_TFR","Proyección de la fuente",NA,1.5855,"hijos por mujer","Nacional","UN World Population Prospects 2024, revisión mediana",NA
"Colombia","COL",2030,"Tasa global de fecundidad (hijos por mujer)","WPP_TFR","Proyección de la fuente",NA,1.581,"hijos por mujer","Nacional","UN World Population Prospects 2024, revisión mediana",NA
"Colombia","COL",2031,"Tasa global de fecundidad (hijos por mujer)","WPP_TFR","Proyección de la fuente",NA,1.5776,"hijos por mujer","Nacional","UN World Population Prospects 2024, revisión mediana",NA
"Colombia","COL",2032,"Tasa global de fecundidad (hijos por mujer)","WPP_TFR","Proyección de la fuente",NA,1.5749,"hijos por mujer","Nacional","UN World Population Prospects 2024, revisión mediana",NA
"Colombia","COL",2033,"Tasa global de fecundidad (hijos por mujer)","WPP_TFR","Proyección de la fuente",NA,1.5739,"hijos por mujer","Nacional","UN World Population Prospects 2024, revisión mediana",NA
"Colombia","COL",2034,"Tasa global de fecundidad (hijos por mujer)","WPP_TFR","Proyección de la fuente",NA,1.5728,"hijos por mujer","Nacional","UN World Population Prospects 2024, revisión mediana",NA
"Colombia","COL",2035,"Tasa global de fecundidad (hijos por mujer)","WPP_TFR","Proyección de la fuente",NA,1.5699,"hijos por mujer","Nacional","UN World Population Prospects 2024, revisión mediana",NA
"Colombia","COL",2036,"Tasa global de fecundidad (hijos por mujer)","WPP_TFR","Proyección de la fuente",NA,1.5715,"hijos por mujer","Nacional","UN World Population Prospects 2024, revisión mediana",NA
"Colombia","COL",2037,"Tasa global de fecundidad (hijos por mujer)","WPP_TFR","Proyección de la fuente",NA,1.5715,"hijos por mujer","Nacional","UN World Population Prospects 2024, revisión mediana",NA
"Colombia","COL",2038,"Tasa global de fecundidad (hijos por mujer)","WPP_TFR","Proyección de la fuente",NA,1.5738,"hijos por mujer","Nacional","UN World Population Prospects 2024, revisión mediana",NA
"Colombia","COL",2039,"Tasa global de fecundidad (hijos por mujer)","WPP_TFR","Proyección de la fuente",NA,1.5725,"hijos por mujer","Nacional","UN World Population Prospects 2024, revisión mediana",NA
"Colombia","COL",2040,"Tasa global de fecundidad (hijos por mujer)","WPP_TFR","Proyección de la fuente",NA,1.5718,"hijos por mujer","Nacional","UN World Population Prospects 2024, revisión mediana",NA
"Colombia","COL",2041,"Tasa global de fecundidad (hijos por mujer)","WPP_TFR","Proyección de la fuente",NA,1.5711,"hijos por mujer","Nacional","UN World Population Prospects 2024, revisión mediana",NA
"Colombia","COL",2042,"Tasa global de fecundidad (hijos por mujer)","WPP_TFR","Proyección de la fuente",NA,1.5705,"hijos por mujer","Nacional","UN World Population Prospects 2024, revisión mediana",NA
"Colombia","COL",2043,"Tasa global de fecundidad (hijos por mujer)","WPP_TFR","Proyección de la fuente",NA,1.5707,"hijos por mujer","Nacional","UN World Population Prospects 2024, revisión mediana",NA
"Colombia","COL",2044,"Tasa global de fecundidad (hijos por mujer)","WPP_TFR","Proyección de la fuente",NA,1.5732,"hijos por mujer","Nacional","UN World Population Prospects 2024, revisión mediana",NA
"Colombia","COL",2045,"Tasa global de fecundidad (hijos por mujer)","WPP_TFR","Proyección de la fuente",NA,1.5726,"hijos por mujer","Nacional","UN World Population Prospects 2024, revisión mediana",NA
"Colombia","COL",2046,"Tasa global de fecundidad (hijos por mujer)","WPP_TFR","Proyección de la fuente",NA,1.5738,"hijos por mujer","Nacional","UN World Population Prospects 2024, revisión mediana",NA
"Colombia","COL",2047,"Tasa global de fecundidad (hijos por mujer)","WPP_TFR","Proyección de la fuente",NA,1.5756,"hijos por mujer","Nacional","UN World Population Prospects 2024, revisión mediana",NA
"Colombia","COL",2048,"Tasa global de fecundidad (hijos por mujer)","WPP_TFR","Proyección de la fuente",NA,1.5753,"hijos por mujer","Nacional","UN World Population Prospects 2024, revisión mediana",NA
"Colombia","COL",2049,"Tasa global de fecundidad (hijos por mujer)","WPP_TFR","Proyección de la fuente",NA,1.5772,"hijos por mujer","Nacional","UN World Population Prospects 2024, revisión mediana",NA
"Colombia","COL",2050,"Tasa global de fecundidad (hijos por mujer)","WPP_TFR","Proyección de la fuente",NA,1.5777,"hijos por mujer","Nacional","UN World Population Prospects 2024, revisión mediana",NA
"Costa Rica","CRI",1990,"Tasa global de fecundidad (hijos por mujer)","WPP_TFR","Observado",NA,3.1675,"hijos por mujer","Nacional","UN World Population Prospects 2024, revisión mediana",NA
"Costa Rica","CRI",1991,"Tasa global de fecundidad (hijos por mujer)","WPP_TFR","Observado",NA,3.0748,"hijos por mujer","Nacional","UN World Population Prospects 2024, revisión mediana",NA
"Costa Rica","CRI",1992,"Tasa global de fecundidad (hijos por mujer)","WPP_TFR","Observado",NA,3.0009,"hijos por mujer","Nacional","UN World Population Prospects 2024, revisión mediana",NA
"Costa Rica","CRI",1993,"Tasa global de fecundidad (hijos por mujer)","WPP_TFR","Observado",NA,2.9279,"hijos por mujer","Nacional","UN World Population Prospects 2024, revisión mediana",NA
"Costa Rica","CRI",1994,"Tasa global de fecundidad (hijos por mujer)","WPP_TFR","Observado",NA,2.8569,"hijos por mujer","Nacional","UN World Population Prospects 2024, revisión mediana",NA
"Costa Rica","CRI",1995,"Tasa global de fecundidad (hijos por mujer)","WPP_TFR","Observado",NA,2.7785,"hijos por mujer","Nacional","UN World Population Prospects 2024, revisión mediana",NA
"Costa Rica","CRI",1996,"Tasa global de fecundidad (hijos por mujer)","WPP_TFR","Observado",NA,2.6807,"hijos por mujer","Nacional","UN World Population Prospects 2024, revisión mediana",NA
"Costa Rica","CRI",1997,"Tasa global de fecundidad (hijos por mujer)","WPP_TFR","Observado",NA,2.589,"hijos por mujer","Nacional","UN World Population Prospects 2024, revisión mediana",NA
"Costa Rica","CRI",1998,"Tasa global de fecundidad (hijos por mujer)","WPP_TFR","Observado",NA,2.527,"hijos por mujer","Nacional","UN World Population Prospects 2024, revisión mediana",NA
"Costa Rica","CRI",1999,"Tasa global de fecundidad (hijos por mujer)","WPP_TFR","Observado",NA,2.4813,"hijos por mujer","Nacional","UN World Population Prospects 2024, revisión mediana",NA
"Costa Rica","CRI",2000,"Tasa global de fecundidad (hijos por mujer)","WPP_TFR","Observado",NA,2.4127,"hijos por mujer","Nacional","UN World Population Prospects 2024, revisión mediana",NA
"Costa Rica","CRI",2001,"Tasa global de fecundidad (hijos por mujer)","WPP_TFR","Observado",NA,2.3117,"hijos por mujer","Nacional","UN World Population Prospects 2024, revisión mediana",NA
"Costa Rica","CRI",2002,"Tasa global de fecundidad (hijos por mujer)","WPP_TFR","Observado",NA,2.1624,"hijos por mujer","Nacional","UN World Population Prospects 2024, revisión mediana",NA
"Costa Rica","CRI",2003,"Tasa global de fecundidad (hijos por mujer)","WPP_TFR","Observado",NA,2.0839,"hijos por mujer","Nacional","UN World Population Prospects 2024, revisión mediana",NA
"Costa Rica","CRI",2004,"Tasa global de fecundidad (hijos por mujer)","WPP_TFR","Observado",NA,2.0276,"hijos por mujer","Nacional","UN World Population Prospects 2024, revisión mediana",NA
"Costa Rica","CRI",2005,"Tasa global de fecundidad (hijos por mujer)","WPP_TFR","Observado",NA,2.0382,"hijos por mujer","Nacional","UN World Population Prospects 2024, revisión mediana",NA
"Costa Rica","CRI",2006,"Tasa global de fecundidad (hijos por mujer)","WPP_TFR","Observado",NA,1.9366,"hijos por mujer","Nacional","UN World Population Prospects 2024, revisión mediana",NA
"Costa Rica","CRI",2007,"Tasa global de fecundidad (hijos por mujer)","WPP_TFR","Observado",NA,1.9542,"hijos por mujer","Nacional","UN World Population Prospects 2024, revisión mediana",NA
"Costa Rica","CRI",2008,"Tasa global de fecundidad (hijos por mujer)","WPP_TFR","Observado",NA,1.9799,"hijos por mujer","Nacional","UN World Population Prospects 2024, revisión mediana",NA
"Costa Rica","CRI",2009,"Tasa global de fecundidad (hijos por mujer)","WPP_TFR","Observado",NA,1.9532,"hijos por mujer","Nacional","UN World Population Prospects 2024, revisión mediana",NA
"Costa Rica","CRI",2010,"Tasa global de fecundidad (hijos por mujer)","WPP_TFR","Observado",NA,1.8271,"hijos por mujer","Nacional","UN World Population Prospects 2024, revisión mediana",NA
"Costa Rica","CRI",2011,"Tasa global de fecundidad (hijos por mujer)","WPP_TFR","Observado",NA,1.8774,"hijos por mujer","Nacional","UN World Population Prospects 2024, revisión mediana",NA
"Costa Rica","CRI",2012,"Tasa global de fecundidad (hijos por mujer)","WPP_TFR","Observado",NA,1.8508,"hijos por mujer","Nacional","UN World Population Prospects 2024, revisión mediana",NA
"Costa Rica","CRI",2013,"Tasa global de fecundidad (hijos por mujer)","WPP_TFR","Observado",NA,1.7793,"hijos por mujer","Nacional","UN World Population Prospects 2024, revisión mediana",NA
"Costa Rica","CRI",2014,"Tasa global de fecundidad (hijos por mujer)","WPP_TFR","Observado",NA,1.8003,"hijos por mujer","Nacional","UN World Population Prospects 2024, revisión mediana",NA
"Costa Rica","CRI",2015,"Tasa global de fecundidad (hijos por mujer)","WPP_TFR","Observado",NA,1.7966,"hijos por mujer","Nacional","UN World Population Prospects 2024, revisión mediana",NA
"Costa Rica","CRI",2016,"Tasa global de fecundidad (hijos por mujer)","WPP_TFR","Observado",NA,1.7458,"hijos por mujer","Nacional","UN World Population Prospects 2024, revisión mediana",NA
"Costa Rica","CRI",2017,"Tasa global de fecundidad (hijos por mujer)","WPP_TFR","Observado",NA,1.714,"hijos por mujer","Nacional","UN World Population Prospects 2024, revisión mediana",NA
"Costa Rica","CRI",2018,"Tasa global de fecundidad (hijos por mujer)","WPP_TFR","Observado",NA,1.7056,"hijos por mujer","Nacional","UN World Population Prospects 2024, revisión mediana",NA
"Costa Rica","CRI",2019,"Tasa global de fecundidad (hijos por mujer)","WPP_TFR","Observado",NA,1.5999,"hijos por mujer","Nacional","UN World Population Prospects 2024, revisión mediana",NA
"Costa Rica","CRI",2020,"Tasa global de fecundidad (hijos por mujer)","WPP_TFR","Observado",NA,1.4477,"hijos por mujer","Nacional","UN World Population Prospects 2024, revisión mediana",NA
"Costa Rica","CRI",2021,"Tasa global de fecundidad (hijos por mujer)","WPP_TFR","Observado",NA,1.3528,"hijos por mujer","Nacional","UN World Population Prospects 2024, revisión mediana",NA
"Costa Rica","CRI",2022,"Tasa global de fecundidad (hijos por mujer)","WPP_TFR","Observado",NA,1.3349,"hijos por mujer","Nacional","UN World Population Prospects 2024, revisión mediana",NA
"Costa Rica","CRI",2023,"Tasa global de fecundidad (hijos por mujer)","WPP_TFR","Observado",NA,1.33,"hijos por mujer","Nacional","UN World Population Prospects 2024, revisión mediana",NA
"Costa Rica","CRI",2024,"Tasa global de fecundidad (hijos por mujer)","WPP_TFR","Proyección de la fuente",NA,1.3185,"hijos por mujer","Nacional","UN World Population Prospects 2024, revisión mediana",NA
"Costa Rica","CRI",2025,"Tasa global de fecundidad (hijos por mujer)","WPP_TFR","Proyección de la fuente",NA,1.3099,"hijos por mujer","Nacional","UN World Population Prospects 2024, revisión mediana",NA
"Costa Rica","CRI",2026,"Tasa global de fecundidad (hijos por mujer)","WPP_TFR","Proyección de la fuente",NA,1.3067,"hijos por mujer","Nacional","UN World Population Prospects 2024, revisión mediana",NA
"Costa Rica","CRI",2027,"Tasa global de fecundidad (hijos por mujer)","WPP_TFR","Proyección de la fuente",NA,1.3059,"hijos por mujer","Nacional","UN World Population Prospects 2024, revisión mediana",NA
"Costa Rica","CRI",2028,"Tasa global de fecundidad (hijos por mujer)","WPP_TFR","Proyección de la fuente",NA,1.3041,"hijos por mujer","Nacional","UN World Population Prospects 2024, revisión mediana",NA
"Costa Rica","CRI",2029,"Tasa global de fecundidad (hijos por mujer)","WPP_TFR","Proyección de la fuente",NA,1.306,"hijos por mujer","Nacional","UN World Population Prospects 2024, revisión mediana",NA
"Costa Rica","CRI",2030,"Tasa global de fecundidad (hijos por mujer)","WPP_TFR","Proyección de la fuente",NA,1.3077,"hijos por mujer","Nacional","UN World Population Prospects 2024, revisión mediana",NA
"Costa Rica","CRI",2031,"Tasa global de fecundidad (hijos por mujer)","WPP_TFR","Proyección de la fuente",NA,1.3123,"hijos por mujer","Nacional","UN World Population Prospects 2024, revisión mediana",NA
"Costa Rica","CRI",2032,"Tasa global de fecundidad (hijos por mujer)","WPP_TFR","Proyección de la fuente",NA,1.3177,"hijos por mujer","Nacional","UN World Population Prospects 2024, revisión mediana",NA
"Costa Rica","CRI",2033,"Tasa global de fecundidad (hijos por mujer)","WPP_TFR","Proyección de la fuente",NA,1.3224,"hijos por mujer","Nacional","UN World Population Prospects 2024, revisión mediana",NA
"Costa Rica","CRI",2034,"Tasa global de fecundidad (hijos por mujer)","WPP_TFR","Proyección de la fuente",NA,1.3249,"hijos por mujer","Nacional","UN World Population Prospects 2024, revisión mediana",NA
"Costa Rica","CRI",2035,"Tasa global de fecundidad (hijos por mujer)","WPP_TFR","Proyección de la fuente",NA,1.3281,"hijos por mujer","Nacional","UN World Population Prospects 2024, revisión mediana",NA
"Costa Rica","CRI",2036,"Tasa global de fecundidad (hijos por mujer)","WPP_TFR","Proyección de la fuente",NA,1.3331,"hijos por mujer","Nacional","UN World Population Prospects 2024, revisión mediana",NA
"Costa Rica","CRI",2037,"Tasa global de fecundidad (hijos por mujer)","WPP_TFR","Proyección de la fuente",NA,1.3381,"hijos por mujer","Nacional","UN World Population Prospects 2024, revisión mediana",NA
"Costa Rica","CRI",2038,"Tasa global de fecundidad (hijos por mujer)","WPP_TFR","Proyección de la fuente",NA,1.3427,"hijos por mujer","Nacional","UN World Population Prospects 2024, revisión mediana",NA
"Costa Rica","CRI",2039,"Tasa global de fecundidad (hijos por mujer)","WPP_TFR","Proyección de la fuente",NA,1.3455,"hijos por mujer","Nacional","UN World Population Prospects 2024, revisión mediana",NA
"Costa Rica","CRI",2040,"Tasa global de fecundidad (hijos por mujer)","WPP_TFR","Proyección de la fuente",NA,1.3482,"hijos por mujer","Nacional","UN World Population Prospects 2024, revisión mediana",NA
"Costa Rica","CRI",2041,"Tasa global de fecundidad (hijos por mujer)","WPP_TFR","Proyección de la fuente",NA,1.354,"hijos por mujer","Nacional","UN World Population Prospects 2024, revisión mediana",NA
"Costa Rica","CRI",2042,"Tasa global de fecundidad (hijos por mujer)","WPP_TFR","Proyección de la fuente",NA,1.3583,"hijos por mujer","Nacional","UN World Population Prospects 2024, revisión mediana",NA
"Costa Rica","CRI",2043,"Tasa global de fecundidad (hijos por mujer)","WPP_TFR","Proyección de la fuente",NA,1.3638,"hijos por mujer","Nacional","UN World Population Prospects 2024, revisión mediana",NA
"Costa Rica","CRI",2044,"Tasa global de fecundidad (hijos por mujer)","WPP_TFR","Proyección de la fuente",NA,1.3672,"hijos por mujer","Nacional","UN World Population Prospects 2024, revisión mediana",NA
"Costa Rica","CRI",2045,"Tasa global de fecundidad (hijos por mujer)","WPP_TFR","Proyección de la fuente",NA,1.3698,"hijos por mujer","Nacional","UN World Population Prospects 2024, revisión mediana",NA
"Costa Rica","CRI",2046,"Tasa global de fecundidad (hijos por mujer)","WPP_TFR","Proyección de la fuente",NA,1.3729,"hijos por mujer","Nacional","UN World Population Prospects 2024, revisión mediana",NA
"Costa Rica","CRI",2047,"Tasa global de fecundidad (hijos por mujer)","WPP_TFR","Proyección de la fuente",NA,1.3756,"hijos por mujer","Nacional","UN World Population Prospects 2024, revisión mediana",NA
"Costa Rica","CRI",2048,"Tasa global de fecundidad (hijos por mujer)","WPP_TFR","Proyección de la fuente",NA,1.3795,"hijos por mujer","Nacional","UN World Population Prospects 2024, revisión mediana",NA
"Costa Rica","CRI",2049,"Tasa global de fecundidad (hijos por mujer)","WPP_TFR","Proyección de la fuente",NA,1.3821,"hijos por mujer","Nacional","UN World Population Prospects 2024, revisión mediana",NA
"Costa Rica","CRI",2050,"Tasa global de fecundidad (hijos por mujer)","WPP_TFR","Proyección de la fuente",NA,1.3838,"hijos por mujer","Nacional","UN World Population Prospects 2024, revisión mediana",NA
"México","MEX",1990,"Tasa global de fecundidad (hijos por mujer)","WPP_TFR","Observado",NA,3.4436,"hijos por mujer","Nacional","UN World Population Prospects 2024, revisión mediana",NA
"México","MEX",1991,"Tasa global de fecundidad (hijos por mujer)","WPP_TFR","Observado",NA,3.3631,"hijos por mujer","Nacional","UN World Population Prospects 2024, revisión mediana",NA
"México","MEX",1992,"Tasa global de fecundidad (hijos por mujer)","WPP_TFR","Observado",NA,3.2853,"hijos por mujer","Nacional","UN World Population Prospects 2024, revisión mediana",NA
"México","MEX",1993,"Tasa global de fecundidad (hijos por mujer)","WPP_TFR","Observado",NA,3.2114,"hijos por mujer","Nacional","UN World Population Prospects 2024, revisión mediana",NA
"México","MEX",1994,"Tasa global de fecundidad (hijos por mujer)","WPP_TFR","Observado",NA,3.1317,"hijos por mujer","Nacional","UN World Population Prospects 2024, revisión mediana",NA
"México","MEX",1995,"Tasa global de fecundidad (hijos por mujer)","WPP_TFR","Observado",NA,3.0436,"hijos por mujer","Nacional","UN World Population Prospects 2024, revisión mediana",NA
"México","MEX",1996,"Tasa global de fecundidad (hijos por mujer)","WPP_TFR","Observado",NA,2.9639,"hijos por mujer","Nacional","UN World Population Prospects 2024, revisión mediana",NA
"México","MEX",1997,"Tasa global de fecundidad (hijos por mujer)","WPP_TFR","Observado",NA,2.8858,"hijos por mujer","Nacional","UN World Population Prospects 2024, revisión mediana",NA
"México","MEX",1998,"Tasa global de fecundidad (hijos por mujer)","WPP_TFR","Observado",NA,2.8146,"hijos por mujer","Nacional","UN World Population Prospects 2024, revisión mediana",NA
"México","MEX",1999,"Tasa global de fecundidad (hijos por mujer)","WPP_TFR","Observado",NA,2.763,"hijos por mujer","Nacional","UN World Population Prospects 2024, revisión mediana",NA
"México","MEX",2000,"Tasa global de fecundidad (hijos por mujer)","WPP_TFR","Observado",NA,2.714,"hijos por mujer","Nacional","UN World Population Prospects 2024, revisión mediana",NA
"México","MEX",2001,"Tasa global de fecundidad (hijos por mujer)","WPP_TFR","Observado",NA,2.6708,"hijos por mujer","Nacional","UN World Population Prospects 2024, revisión mediana",NA
"México","MEX",2002,"Tasa global de fecundidad (hijos por mujer)","WPP_TFR","Observado",NA,2.6327,"hijos por mujer","Nacional","UN World Population Prospects 2024, revisión mediana",NA
"México","MEX",2003,"Tasa global de fecundidad (hijos por mujer)","WPP_TFR","Observado",NA,2.5793,"hijos por mujer","Nacional","UN World Population Prospects 2024, revisión mediana",NA
"México","MEX",2004,"Tasa global de fecundidad (hijos por mujer)","WPP_TFR","Observado",NA,2.5362,"hijos por mujer","Nacional","UN World Population Prospects 2024, revisión mediana",NA
"México","MEX",2005,"Tasa global de fecundidad (hijos por mujer)","WPP_TFR","Observado",NA,2.4947,"hijos por mujer","Nacional","UN World Population Prospects 2024, revisión mediana",NA
"México","MEX",2006,"Tasa global de fecundidad (hijos por mujer)","WPP_TFR","Observado",NA,2.456,"hijos por mujer","Nacional","UN World Population Prospects 2024, revisión mediana",NA
"México","MEX",2007,"Tasa global de fecundidad (hijos por mujer)","WPP_TFR","Observado",NA,2.4212,"hijos por mujer","Nacional","UN World Population Prospects 2024, revisión mediana",NA
"México","MEX",2008,"Tasa global de fecundidad (hijos por mujer)","WPP_TFR","Observado",NA,2.3907,"hijos por mujer","Nacional","UN World Population Prospects 2024, revisión mediana",NA
"México","MEX",2009,"Tasa global de fecundidad (hijos por mujer)","WPP_TFR","Observado",NA,2.3641,"hijos por mujer","Nacional","UN World Population Prospects 2024, revisión mediana",NA
"México","MEX",2010,"Tasa global de fecundidad (hijos por mujer)","WPP_TFR","Observado",NA,2.3402,"hijos por mujer","Nacional","UN World Population Prospects 2024, revisión mediana",NA
"México","MEX",2011,"Tasa global de fecundidad (hijos por mujer)","WPP_TFR","Observado",NA,2.3174,"hijos por mujer","Nacional","UN World Population Prospects 2024, revisión mediana",NA
"México","MEX",2012,"Tasa global de fecundidad (hijos por mujer)","WPP_TFR","Observado",NA,2.2943,"hijos por mujer","Nacional","UN World Population Prospects 2024, revisión mediana",NA
"México","MEX",2013,"Tasa global de fecundidad (hijos por mujer)","WPP_TFR","Observado",NA,2.2692,"hijos por mujer","Nacional","UN World Population Prospects 2024, revisión mediana",NA
"México","MEX",2014,"Tasa global de fecundidad (hijos por mujer)","WPP_TFR","Observado",NA,2.2106,"hijos por mujer","Nacional","UN World Population Prospects 2024, revisión mediana",NA
"México","MEX",2015,"Tasa global de fecundidad (hijos por mujer)","WPP_TFR","Observado",NA,2.1368,"hijos por mujer","Nacional","UN World Population Prospects 2024, revisión mediana",NA
"México","MEX",2016,"Tasa global de fecundidad (hijos por mujer)","WPP_TFR","Observado",NA,2.0856,"hijos por mujer","Nacional","UN World Population Prospects 2024, revisión mediana",NA
"México","MEX",2017,"Tasa global de fecundidad (hijos por mujer)","WPP_TFR","Observado",NA,2.0406,"hijos por mujer","Nacional","UN World Population Prospects 2024, revisión mediana",NA
"México","MEX",2018,"Tasa global de fecundidad (hijos por mujer)","WPP_TFR","Observado",NA,2.03,"hijos por mujer","Nacional","UN World Population Prospects 2024, revisión mediana",NA
"México","MEX",2019,"Tasa global de fecundidad (hijos por mujer)","WPP_TFR","Observado",NA,2.02,"hijos por mujer","Nacional","UN World Population Prospects 2024, revisión mediana",NA
"México","MEX",2020,"Tasa global de fecundidad (hijos por mujer)","WPP_TFR","Observado",NA,1.99,"hijos por mujer","Nacional","UN World Population Prospects 2024, revisión mediana",NA
"México","MEX",2021,"Tasa global de fecundidad (hijos por mujer)","WPP_TFR","Observado",NA,1.97,"hijos por mujer","Nacional","UN World Population Prospects 2024, revisión mediana",NA
"México","MEX",2022,"Tasa global de fecundidad (hijos por mujer)","WPP_TFR","Observado",NA,1.94,"hijos por mujer","Nacional","UN World Population Prospects 2024, revisión mediana",NA
"México","MEX",2023,"Tasa global de fecundidad (hijos por mujer)","WPP_TFR","Observado",NA,1.91,"hijos por mujer","Nacional","UN World Population Prospects 2024, revisión mediana",NA
"México","MEX",2024,"Tasa global de fecundidad (hijos por mujer)","WPP_TFR","Proyección de la fuente",NA,1.8916,"hijos por mujer","Nacional","UN World Population Prospects 2024, revisión mediana",NA
"México","MEX",2025,"Tasa global de fecundidad (hijos por mujer)","WPP_TFR","Proyección de la fuente",NA,1.8689,"hijos por mujer","Nacional","UN World Population Prospects 2024, revisión mediana",NA
"México","MEX",2026,"Tasa global de fecundidad (hijos por mujer)","WPP_TFR","Proyección de la fuente",NA,1.8521,"hijos por mujer","Nacional","UN World Population Prospects 2024, revisión mediana",NA
"México","MEX",2027,"Tasa global de fecundidad (hijos por mujer)","WPP_TFR","Proyección de la fuente",NA,1.834,"hijos por mujer","Nacional","UN World Population Prospects 2024, revisión mediana",NA
"México","MEX",2028,"Tasa global de fecundidad (hijos por mujer)","WPP_TFR","Proyección de la fuente",NA,1.8186,"hijos por mujer","Nacional","UN World Population Prospects 2024, revisión mediana",NA
"México","MEX",2029,"Tasa global de fecundidad (hijos por mujer)","WPP_TFR","Proyección de la fuente",NA,1.8056,"hijos por mujer","Nacional","UN World Population Prospects 2024, revisión mediana",NA
"México","MEX",2030,"Tasa global de fecundidad (hijos por mujer)","WPP_TFR","Proyección de la fuente",NA,1.7926,"hijos por mujer","Nacional","UN World Population Prospects 2024, revisión mediana",NA
"México","MEX",2031,"Tasa global de fecundidad (hijos por mujer)","WPP_TFR","Proyección de la fuente",NA,1.7832,"hijos por mujer","Nacional","UN World Population Prospects 2024, revisión mediana",NA
"México","MEX",2032,"Tasa global de fecundidad (hijos por mujer)","WPP_TFR","Proyección de la fuente",NA,1.7747,"hijos por mujer","Nacional","UN World Population Prospects 2024, revisión mediana",NA
"México","MEX",2033,"Tasa global de fecundidad (hijos por mujer)","WPP_TFR","Proyección de la fuente",NA,1.767,"hijos por mujer","Nacional","UN World Population Prospects 2024, revisión mediana",NA
"México","MEX",2034,"Tasa global de fecundidad (hijos por mujer)","WPP_TFR","Proyección de la fuente",NA,1.7611,"hijos por mujer","Nacional","UN World Population Prospects 2024, revisión mediana",NA
"México","MEX",2035,"Tasa global de fecundidad (hijos por mujer)","WPP_TFR","Proyección de la fuente",NA,1.7563,"hijos por mujer","Nacional","UN World Population Prospects 2024, revisión mediana",NA
"México","MEX",2036,"Tasa global de fecundidad (hijos por mujer)","WPP_TFR","Proyección de la fuente",NA,1.751,"hijos por mujer","Nacional","UN World Population Prospects 2024, revisión mediana",NA
"México","MEX",2037,"Tasa global de fecundidad (hijos por mujer)","WPP_TFR","Proyección de la fuente",NA,1.7475,"hijos por mujer","Nacional","UN World Population Prospects 2024, revisión mediana",NA
"México","MEX",2038,"Tasa global de fecundidad (hijos por mujer)","WPP_TFR","Proyección de la fuente",NA,1.7435,"hijos por mujer","Nacional","UN World Population Prospects 2024, revisión mediana",NA
"México","MEX",2039,"Tasa global de fecundidad (hijos por mujer)","WPP_TFR","Proyección de la fuente",NA,1.7383,"hijos por mujer","Nacional","UN World Population Prospects 2024, revisión mediana",NA
"México","MEX",2040,"Tasa global de fecundidad (hijos por mujer)","WPP_TFR","Proyección de la fuente",NA,1.7324,"hijos por mujer","Nacional","UN World Population Prospects 2024, revisión mediana",NA
"México","MEX",2041,"Tasa global de fecundidad (hijos por mujer)","WPP_TFR","Proyección de la fuente",NA,1.7266,"hijos por mujer","Nacional","UN World Population Prospects 2024, revisión mediana",NA
"México","MEX",2042,"Tasa global de fecundidad (hijos por mujer)","WPP_TFR","Proyección de la fuente",NA,1.7216,"hijos por mujer","Nacional","UN World Population Prospects 2024, revisión mediana",NA
"México","MEX",2043,"Tasa global de fecundidad (hijos por mujer)","WPP_TFR","Proyección de la fuente",NA,1.7175,"hijos por mujer","Nacional","UN World Population Prospects 2024, revisión mediana",NA
"México","MEX",2044,"Tasa global de fecundidad (hijos por mujer)","WPP_TFR","Proyección de la fuente",NA,1.7163,"hijos por mujer","Nacional","UN World Population Prospects 2024, revisión mediana",NA
"México","MEX",2045,"Tasa global de fecundidad (hijos por mujer)","WPP_TFR","Proyección de la fuente",NA,1.7131,"hijos por mujer","Nacional","UN World Population Prospects 2024, revisión mediana",NA
"México","MEX",2046,"Tasa global de fecundidad (hijos por mujer)","WPP_TFR","Proyección de la fuente",NA,1.71,"hijos por mujer","Nacional","UN World Population Prospects 2024, revisión mediana",NA
"México","MEX",2047,"Tasa global de fecundidad (hijos por mujer)","WPP_TFR","Proyección de la fuente",NA,1.7059,"hijos por mujer","Nacional","UN World Population Prospects 2024, revisión mediana",NA
"México","MEX",2048,"Tasa global de fecundidad (hijos por mujer)","WPP_TFR","Proyección de la fuente",NA,1.7047,"hijos por mujer","Nacional","UN World Population Prospects 2024, revisión mediana",NA
"México","MEX",2049,"Tasa global de fecundidad (hijos por mujer)","WPP_TFR","Proyección de la fuente",NA,1.7025,"hijos por mujer","Nacional","UN World Population Prospects 2024, revisión mediana",NA
"México","MEX",2050,"Tasa global de fecundidad (hijos por mujer)","WPP_TFR","Proyección de la fuente",NA,1.7007,"hijos por mujer","Nacional","UN World Population Prospects 2024, revisión mediana",NA
"Panamá","PAN",1990,"Tasa global de fecundidad (hijos por mujer)","WPP_TFR","Observado",NA,3.072,"hijos por mujer","Nacional","UN World Population Prospects 2024, revisión mediana",NA
"Panamá","PAN",1991,"Tasa global de fecundidad (hijos por mujer)","WPP_TFR","Observado",NA,2.9993,"hijos por mujer","Nacional","UN World Population Prospects 2024, revisión mediana",NA
"Panamá","PAN",1992,"Tasa global de fecundidad (hijos por mujer)","WPP_TFR","Observado",NA,2.9499,"hijos por mujer","Nacional","UN World Population Prospects 2024, revisión mediana",NA
"Panamá","PAN",1993,"Tasa global de fecundidad (hijos por mujer)","WPP_TFR","Observado",NA,2.9095,"hijos por mujer","Nacional","UN World Population Prospects 2024, revisión mediana",NA
"Panamá","PAN",1994,"Tasa global de fecundidad (hijos por mujer)","WPP_TFR","Observado",NA,2.8773,"hijos por mujer","Nacional","UN World Population Prospects 2024, revisión mediana",NA
"Panamá","PAN",1995,"Tasa global de fecundidad (hijos por mujer)","WPP_TFR","Observado",NA,2.8517,"hijos por mujer","Nacional","UN World Population Prospects 2024, revisión mediana",NA
"Panamá","PAN",1996,"Tasa global de fecundidad (hijos por mujer)","WPP_TFR","Observado",NA,2.8302,"hijos por mujer","Nacional","UN World Population Prospects 2024, revisión mediana",NA
"Panamá","PAN",1997,"Tasa global de fecundidad (hijos por mujer)","WPP_TFR","Observado",NA,2.8101,"hijos por mujer","Nacional","UN World Population Prospects 2024, revisión mediana",NA
"Panamá","PAN",1998,"Tasa global de fecundidad (hijos por mujer)","WPP_TFR","Observado",NA,2.7895,"hijos por mujer","Nacional","UN World Population Prospects 2024, revisión mediana",NA
"Panamá","PAN",1999,"Tasa global de fecundidad (hijos por mujer)","WPP_TFR","Observado",NA,2.7673,"hijos por mujer","Nacional","UN World Population Prospects 2024, revisión mediana",NA
"Panamá","PAN",2000,"Tasa global de fecundidad (hijos por mujer)","WPP_TFR","Observado",NA,2.7439,"hijos por mujer","Nacional","UN World Population Prospects 2024, revisión mediana",NA
"Panamá","PAN",2001,"Tasa global de fecundidad (hijos por mujer)","WPP_TFR","Observado",NA,2.7202,"hijos por mujer","Nacional","UN World Population Prospects 2024, revisión mediana",NA
"Panamá","PAN",2002,"Tasa global de fecundidad (hijos por mujer)","WPP_TFR","Observado",NA,2.6981,"hijos por mujer","Nacional","UN World Population Prospects 2024, revisión mediana",NA
"Panamá","PAN",2003,"Tasa global de fecundidad (hijos por mujer)","WPP_TFR","Observado",NA,2.6791,"hijos por mujer","Nacional","UN World Population Prospects 2024, revisión mediana",NA
"Panamá","PAN",2004,"Tasa global de fecundidad (hijos por mujer)","WPP_TFR","Observado",NA,2.68,"hijos por mujer","Nacional","UN World Population Prospects 2024, revisión mediana",NA
"Panamá","PAN",2005,"Tasa global de fecundidad (hijos por mujer)","WPP_TFR","Observado",NA,2.6431,"hijos por mujer","Nacional","UN World Population Prospects 2024, revisión mediana",NA
"Panamá","PAN",2006,"Tasa global de fecundidad (hijos por mujer)","WPP_TFR","Observado",NA,2.6201,"hijos por mujer","Nacional","UN World Population Prospects 2024, revisión mediana",NA
"Panamá","PAN",2007,"Tasa global de fecundidad (hijos por mujer)","WPP_TFR","Observado",NA,2.6121,"hijos por mujer","Nacional","UN World Population Prospects 2024, revisión mediana",NA
"Panamá","PAN",2008,"Tasa global de fecundidad (hijos por mujer)","WPP_TFR","Observado",NA,2.6085,"hijos por mujer","Nacional","UN World Population Prospects 2024, revisión mediana",NA
"Panamá","PAN",2009,"Tasa global de fecundidad (hijos por mujer)","WPP_TFR","Observado",NA,2.5929,"hijos por mujer","Nacional","UN World Population Prospects 2024, revisión mediana",NA
"Panamá","PAN",2010,"Tasa global de fecundidad (hijos por mujer)","WPP_TFR","Observado",NA,2.5866,"hijos por mujer","Nacional","UN World Population Prospects 2024, revisión mediana",NA
"Panamá","PAN",2011,"Tasa global de fecundidad (hijos por mujer)","WPP_TFR","Observado",NA,2.6039,"hijos por mujer","Nacional","UN World Population Prospects 2024, revisión mediana",NA
"Panamá","PAN",2012,"Tasa global de fecundidad (hijos por mujer)","WPP_TFR","Observado",NA,2.5909,"hijos por mujer","Nacional","UN World Population Prospects 2024, revisión mediana",NA
"Panamá","PAN",2013,"Tasa global de fecundidad (hijos por mujer)","WPP_TFR","Observado",NA,2.569,"hijos por mujer","Nacional","UN World Population Prospects 2024, revisión mediana",NA
"Panamá","PAN",2014,"Tasa global de fecundidad (hijos por mujer)","WPP_TFR","Observado",NA,2.5518,"hijos por mujer","Nacional","UN World Population Prospects 2024, revisión mediana",NA
"Panamá","PAN",2015,"Tasa global de fecundidad (hijos por mujer)","WPP_TFR","Observado",NA,2.5303,"hijos por mujer","Nacional","UN World Population Prospects 2024, revisión mediana",NA
"Panamá","PAN",2016,"Tasa global de fecundidad (hijos por mujer)","WPP_TFR","Observado",NA,2.5022,"hijos por mujer","Nacional","UN World Population Prospects 2024, revisión mediana",NA
"Panamá","PAN",2017,"Tasa global de fecundidad (hijos por mujer)","WPP_TFR","Observado",NA,2.4619,"hijos por mujer","Nacional","UN World Population Prospects 2024, revisión mediana",NA
"Panamá","PAN",2018,"Tasa global de fecundidad (hijos por mujer)","WPP_TFR","Observado",NA,2.4017,"hijos por mujer","Nacional","UN World Population Prospects 2024, revisión mediana",NA
"Panamá","PAN",2019,"Tasa global de fecundidad (hijos por mujer)","WPP_TFR","Observado",NA,2.2882,"hijos por mujer","Nacional","UN World Population Prospects 2024, revisión mediana",NA
"Panamá","PAN",2020,"Tasa global de fecundidad (hijos por mujer)","WPP_TFR","Observado",NA,2.1841,"hijos por mujer","Nacional","UN World Population Prospects 2024, revisión mediana",NA
"Panamá","PAN",2021,"Tasa global de fecundidad (hijos por mujer)","WPP_TFR","Observado",NA,2.1518,"hijos por mujer","Nacional","UN World Population Prospects 2024, revisión mediana",NA
"Panamá","PAN",2022,"Tasa global de fecundidad (hijos por mujer)","WPP_TFR","Observado",NA,2.1393,"hijos por mujer","Nacional","UN World Population Prospects 2024, revisión mediana",NA
"Panamá","PAN",2023,"Tasa global de fecundidad (hijos por mujer)","WPP_TFR","Observado",NA,2.1192,"hijos por mujer","Nacional","UN World Population Prospects 2024, revisión mediana",NA
"Panamá","PAN",2024,"Tasa global de fecundidad (hijos por mujer)","WPP_TFR","Proyección de la fuente",NA,2.1062,"hijos por mujer","Nacional","UN World Population Prospects 2024, revisión mediana",NA
"Panamá","PAN",2025,"Tasa global de fecundidad (hijos por mujer)","WPP_TFR","Proyección de la fuente",NA,2.0892,"hijos por mujer","Nacional","UN World Population Prospects 2024, revisión mediana",NA
"Panamá","PAN",2026,"Tasa global de fecundidad (hijos por mujer)","WPP_TFR","Proyección de la fuente",NA,2.0729,"hijos por mujer","Nacional","UN World Population Prospects 2024, revisión mediana",NA
"Panamá","PAN",2027,"Tasa global de fecundidad (hijos por mujer)","WPP_TFR","Proyección de la fuente",NA,2.0567,"hijos por mujer","Nacional","UN World Population Prospects 2024, revisión mediana",NA
"Panamá","PAN",2028,"Tasa global de fecundidad (hijos por mujer)","WPP_TFR","Proyección de la fuente",NA,2.0414,"hijos por mujer","Nacional","UN World Population Prospects 2024, revisión mediana",NA
"Panamá","PAN",2029,"Tasa global de fecundidad (hijos por mujer)","WPP_TFR","Proyección de la fuente",NA,2.0233,"hijos por mujer","Nacional","UN World Population Prospects 2024, revisión mediana",NA
"Panamá","PAN",2030,"Tasa global de fecundidad (hijos por mujer)","WPP_TFR","Proyección de la fuente",NA,2.0076,"hijos por mujer","Nacional","UN World Population Prospects 2024, revisión mediana",NA
"Panamá","PAN",2031,"Tasa global de fecundidad (hijos por mujer)","WPP_TFR","Proyección de la fuente",NA,1.996,"hijos por mujer","Nacional","UN World Population Prospects 2024, revisión mediana",NA
"Panamá","PAN",2032,"Tasa global de fecundidad (hijos por mujer)","WPP_TFR","Proyección de la fuente",NA,1.9864,"hijos por mujer","Nacional","UN World Population Prospects 2024, revisión mediana",NA
"Panamá","PAN",2033,"Tasa global de fecundidad (hijos por mujer)","WPP_TFR","Proyección de la fuente",NA,1.9734,"hijos por mujer","Nacional","UN World Population Prospects 2024, revisión mediana",NA
"Panamá","PAN",2034,"Tasa global de fecundidad (hijos por mujer)","WPP_TFR","Proyección de la fuente",NA,1.9621,"hijos por mujer","Nacional","UN World Population Prospects 2024, revisión mediana",NA
"Panamá","PAN",2035,"Tasa global de fecundidad (hijos por mujer)","WPP_TFR","Proyección de la fuente",NA,1.9532,"hijos por mujer","Nacional","UN World Population Prospects 2024, revisión mediana",NA
"Panamá","PAN",2036,"Tasa global de fecundidad (hijos por mujer)","WPP_TFR","Proyección de la fuente",NA,1.9459,"hijos por mujer","Nacional","UN World Population Prospects 2024, revisión mediana",NA
"Panamá","PAN",2037,"Tasa global de fecundidad (hijos por mujer)","WPP_TFR","Proyección de la fuente",NA,1.9396,"hijos por mujer","Nacional","UN World Population Prospects 2024, revisión mediana",NA
"Panamá","PAN",2038,"Tasa global de fecundidad (hijos por mujer)","WPP_TFR","Proyección de la fuente",NA,1.932,"hijos por mujer","Nacional","UN World Population Prospects 2024, revisión mediana",NA
"Panamá","PAN",2039,"Tasa global de fecundidad (hijos por mujer)","WPP_TFR","Proyección de la fuente",NA,1.9232,"hijos por mujer","Nacional","UN World Population Prospects 2024, revisión mediana",NA
"Panamá","PAN",2040,"Tasa global de fecundidad (hijos por mujer)","WPP_TFR","Proyección de la fuente",NA,1.915,"hijos por mujer","Nacional","UN World Population Prospects 2024, revisión mediana",NA
"Panamá","PAN",2041,"Tasa global de fecundidad (hijos por mujer)","WPP_TFR","Proyección de la fuente",NA,1.9078,"hijos por mujer","Nacional","UN World Population Prospects 2024, revisión mediana",NA
"Panamá","PAN",2042,"Tasa global de fecundidad (hijos por mujer)","WPP_TFR","Proyección de la fuente",NA,1.8993,"hijos por mujer","Nacional","UN World Population Prospects 2024, revisión mediana",NA
"Panamá","PAN",2043,"Tasa global de fecundidad (hijos por mujer)","WPP_TFR","Proyección de la fuente",NA,1.8935,"hijos por mujer","Nacional","UN World Population Prospects 2024, revisión mediana",NA
"Panamá","PAN",2044,"Tasa global de fecundidad (hijos por mujer)","WPP_TFR","Proyección de la fuente",NA,1.8868,"hijos por mujer","Nacional","UN World Population Prospects 2024, revisión mediana",NA
"Panamá","PAN",2045,"Tasa global de fecundidad (hijos por mujer)","WPP_TFR","Proyección de la fuente",NA,1.8808,"hijos por mujer","Nacional","UN World Population Prospects 2024, revisión mediana",NA
"Panamá","PAN",2046,"Tasa global de fecundidad (hijos por mujer)","WPP_TFR","Proyección de la fuente",NA,1.8769,"hijos por mujer","Nacional","UN World Population Prospects 2024, revisión mediana",NA
"Panamá","PAN",2047,"Tasa global de fecundidad (hijos por mujer)","WPP_TFR","Proyección de la fuente",NA,1.8695,"hijos por mujer","Nacional","UN World Population Prospects 2024, revisión mediana",NA
"Panamá","PAN",2048,"Tasa global de fecundidad (hijos por mujer)","WPP_TFR","Proyección de la fuente",NA,1.8656,"hijos por mujer","Nacional","UN World Population Prospects 2024, revisión mediana",NA
"Panamá","PAN",2049,"Tasa global de fecundidad (hijos por mujer)","WPP_TFR","Proyección de la fuente",NA,1.8609,"hijos por mujer","Nacional","UN World Population Prospects 2024, revisión mediana",NA
"Panamá","PAN",2050,"Tasa global de fecundidad (hijos por mujer)","WPP_TFR","Proyección de la fuente",NA,1.8554,"hijos por mujer","Nacional","UN World Population Prospects 2024, revisión mediana",NA
