RAMO_K,mdp_2025,mdp_2026,dif_nominal,dif_real,var_real_pct,estado,nivel,NOMBRE_RAMO,NOMBRE_PP,NOMBRE_UR,PP_K,UR_K,F_K,FN_K,SF_K,NOMBRE_FN
47,174623.0,8365.5,-166257.5,-174639.4,-95.4,continúa,ramo,47 Entidades no Sectorizadas,001 Actividades de apoyo a la función pública y buen gobierno,MDL Instituto Mexicano de la Radio,,,,,,
22,40476.1,22837.2,-17638.8,-19581.7,-46.2,continúa,ramo,22 Instituto Nacional Electoral,011 Tecnologías de información y comunicaciones,300 Juntas Distritales Ejecutivas,,,,,,
34,52451.9,35553.4,-16898.5,-19416.2,-35.3,continúa,ramo,34 Erogaciones para los Programas de Apoyo a Ahorradores y Deudores de la Banca,011 I P A B,210 Unidad de Crédito Público y Asuntos Internacionales de Hacienda,,,,,,
36,70422.2,60110.9,-10311.3,-13691.6,-18.6,continúa,ramo,36 Seguridad y Protección Ciudadana,001 Actividades de apoyo administrativo,143 Dirección General de Programación y Presupuesto,,,,,,
15,38048.0,36290.1,-1757.9,-3584.2,-9.0,continúa,ramo,"15 Desarrollo Agrario, Territorial y Urbano",001 Obligaciones jurídicas Ineludibles,110 Unidad de Asuntos Jurídicos,,,,,,
43,1680.0,0.0,-1680.0,-1760.6,-100.0,desaparece,ramo,43 Instituto Federal de Telecomunicaciones,001 Actividades de apoyo a la función pública y buen gobierno,300 Órgano Interno de Control,,,,,,
44,994.0,0.0,-994.0,-1041.7,-100.0,desaparece,ramo,"44 Instituto Nacional de Transparencia, Acceso a la Información y Protección de Datos Personales",001 Actividades de apoyo a la función pública y buen gobierno,500 Contraloría Interna,,,,,,
41,687.9,0.0,-687.9,-720.9,-100.0,desaparece,ramo,41 Comisión Federal de Competencia Económica,001 Actividades de Apoyo a la Función Pública y Buen Gobierno,500 Contraloría Interna de la Comisión Federal de Competencia Económica,,,,,,
01,18069.6,17529.1,-540.5,-1407.8,-7.4,continúa,ramo,01 Poder Legislativo,"002 Entregar a la Cámara de Diputados del H. Congreso de la Unión, el informe sobre la revisión de la Cuenta de la Hacienda Pública Federal",101 Auditoría Superior de la Federación,,,,,,
40,12245.3,11807.5,-437.8,-1025.6,-8.0,continúa,ramo,40 Información Nacional Estadística y Geográfica,001 Actividades de apoyo a la función pública y buen Gobierno,100 Instituto Nacional de Estadística y Geografía,,,,,,
04,10304.8,9959.7,-345.1,-839.7,-7.8,continúa,ramo,04 Gobernación,001 Actividades de apoyo a la función pública y buen gobierno,EZQ Consejo Nacional para Prevenir la Discriminación,,,,,,
16,44370.5,44064.1,-306.4,-2436.2,-5.2,continúa,ramo,16 Medio Ambiente y Recursos Naturales,001 Actividades de apoyo a la función pública y buen gobierno,RJJ Instituto Nacional de Ecología y Cambio Climático,,,,,,
45,199.9,0.0,-199.9,-209.4,-100.0,desaparece,ramo,45 Comisión Reguladora de Energía,001 Actividades de apoyo administrativo,500 Unidad de Administración y Finanzas,,,,,,
46,173.3,0.0,-173.3,-181.6,-100.0,desaparece,ramo,46 Comisión Nacional de Hidrocarburos,001 Actividades de apoyo administrativo,300 Unidad de Administración y Finanzas,,,,,,
02,867.6,800.5,-67.2,-108.8,-12.0,continúa,ramo,02 Oficina de la Presidencia de la República,001 Actividades de apoyo administrativo,113 Unidad de Administración y Finanzas,,,,,,
10,3597.9,3535.5,-62.5,-235.2,-6.2,continúa,ramo,10 Economía,001 Actividades de apoyo a la función pública y buen gobierno,LAU Servicio Geológico Mexicano,,,,,,
05,9294.2,9294.2,-0.0,-446.1,-4.6,continúa,ramo,05 Relaciones Exteriores,001 Actividades de apoyo administrativo,617 Dirección General de Coordinación Interinstitucional,,,,,,
31,891.8,895.3,3.5,-39.3,-4.2,continúa,ramo,31 Tribunales Agrarios,001 Actividades de apoyo a la función pública y buen gobierno,300 Unidad de Administración y Finanzas,,,,,,
37,149.6,153.1,3.5,-3.7,-2.3,continúa,ramo,37 Consejería Jurídica del Ejecutivo Federal,001 Actividades de apoyo administrativo,109 Unidad de Administración y Finanzas,,,,,,
21,1774.9,1793.5,18.6,-66.6,-3.6,continúa,ramo,21 Turismo,001 Actividades de apoyo a la función pública y buen gobierno,W3N Fondo Nacional de Fomento al Turismo,,,,,,
13,65888.7,65926.8,38.1,-3124.6,-4.5,continúa,ramo,13 Marina,001 Actividades de apoyo a la función pública y buen gobierno,110 Inspección y Contraloría General de Marina,,,,,,
27,1699.0,1743.1,44.0,-37.5,-2.1,continúa,ramo,27 Anticorrupción y Buen Gobierno,001 Actividades de apoyo a la función pública y buen gobierno,900 Órgano Interno de Control de la Secretaría,,,,,,
32,3304.5,3400.0,95.5,-63.2,-1.8,continúa,ramo,32 Tribunal Federal de Justicia Administrativa,001 Actividades de apoyo administrativo,414 Dirección General de Delegaciones Administrativas,,,,,,
35,1722.4,1834.3,111.9,29.2,1.6,continúa,ramo,35 Comisión Nacional de los Derechos Humanos,001 Apoyo a la función pública y buen gobierno,113 Órgano Interno de Control,,,,,,
12,66693.2,66825.8,132.6,-3068.7,-4.4,continúa,ramo,12 Salud,001 Actividades de apoyo a la función pública y buen gobierno,S00 Comisión Federal para la Protección contra Riesgos Sanitarios,,,,,,
14,27830.2,28441.9,611.7,-724.2,-2.5,continúa,ramo,14 Trabajo y Previsión Social,001 Actividades de apoyo a la función pública y buen gobierno,VUY Instituto Mexicano de la Juventud,,,,,,
49,20126.0,21059.4,933.5,-32.6,-0.2,continúa,ramo,49 Fiscalía General de la República,001 Actividades de apoyo a la función pública y buen gobierno,170 Órgano Interno de Control,,,,,,
03,85025.8,85960.2,934.4,-3146.8,-3.5,continúa,ramo,03 Poder Judicial,001 Otras Actividades,300 Tribunal de Disciplina Judicial,,,,,,
48,12081.5,13097.4,1015.9,436.0,3.4,continúa,ramo,48 Cultura,001 Actividades de apoyo a la función pública y buen gobierno,VZG Fondo Nacional para el Fomento de las Artesanías,,,,,,
06,25626.3,26792.1,1165.8,-64.3,-0.2,continúa,ramo,06 Hacienda y Crédito Público,001 Administración del Fondo de Pensiones,HKA Instituto para Devolver al Pueblo lo Robado,,,,,,
38,33295.9,34860.8,1564.9,-33.3,-0.1,continúa,ramo,"38 Ciencia, Humanidades, Tecnología e Innovación",001 Actividades de apoyo a la función pública y buen gobierno,"91W Instituto Potosino de Investigación Científica y Tecnológica, A.C.",,,,,,
08,73616.7,75195.5,1578.8,-1954.8,-2.5,continúa,ramo,08 Agricultura y Desarrollo Rural,001 Actividades de apoyo a la función pública y buen gobierno,"JAG Instituto Nacional de Investigaciones Forestales, Agrícolas y Pecuarias",,,,,,
23,165753.8,167652.2,1898.4,-6057.8,-3.5,continúa,ramo,23 Provisiones Salariales y Económicas,032 Provisiones Salariales y Económicas,"411 Unidad de Diseño Presupuestario, Control y Seguimiento del Gasto",,,,,,
54,0.0,2141.0,2141.0,2141.0,inf,aparece,ramo,54 Mujeres,001 Actividades de apoyo a la función pública y buen gobierno,400 Unidad de Administración y Finanzas,,,,,,
25,81668.0,85182.4,3514.4,-405.7,-0.5,continúa,ramo,"25 Previsiones y Aportaciones para los Sistemas de Educación Básica, Normal, Tecnológica y de Adultos",003 Previsiones salariales y económicas del Fondo de Aportaciones para la Educación Tecnológica y de Adultos,700 Unidad de Administración y Finanzas,,,,,,
55,0.0,3852.7,3852.7,3852.7,inf,aparece,ramo,55 Agencia de Transformación Digital y Telecomunicaciones,001 Actividades de apoyo a la función pública y buen gobierno,J9E Servicio Postal Mexicano,,,,,,
09,140799.0,153539.3,12740.2,5981.9,4.1,continúa,ramo,"09 Infraestructura, Comunicaciones y Transportes",001 Actividades de apoyo a la función pública y buen gobierno,C00 Servicios a la Navegación en el Espacio Aéreo Mexicano,,,,,,
GYN,525615.4,539020.8,13405.4,-11824.2,-2.1,continúa,ramo,GYN Instituto de Seguridad y Servicios Sociales de los Trabajadores del Estado,020 Pagos de funeral,GYN Instituto de Seguridad y Servicios Sociales de los Trabajadores del Estado,,,,,,
TVV,583951.1,602567.5,18616.4,-9413.3,-1.5,continúa,ramo,TVV Comisión Federal de Electricidad,022 Pago de Pensiones y Jubilaciones,TVV Comisión Federal de Electricidad,,,,,,
07,151995.0,170753.1,18758.2,11462.4,7.2,continúa,ramo,07 Defensa Nacional,006 Fideicomiso de apoyo a deudos de militares fallecidos o a militares que hayan adquirido una incapacidad en 1/a. categoría en actos del servicio considerados de alto riesgo,120 Comandancia I Región Militar,,,,,,
30,45800.0,70855.7,25055.7,22857.3,47.6,continúa,ramo,30 Adeudos de Ejercicios Fiscales Anteriores,001 Adeudos de Ejercicios Fiscales Anteriores (ADEFAS),"411 Unidad de Diseño Presupuestario, Control y Seguimiento del Gasto",,,,,,
19,1480920.4,1541518.7,60598.3,-10485.9,-0.7,continúa,ramo,19 Aportaciones a Seguridad Social,005 Cuota Social Seguro de Salud ISSSTE,GYN Instituto de Seguridad y Servicios Sociales de los Trabajadores del Estado,,,,,,
33,979951.8,1041892.9,61941.1,14903.5,1.5,continúa,ramo,33 Aportaciones Federales para Entidades Federativas y Municipios,016 FONE Fondo de Compensación,"411 Unidad de Diseño Presupuestario, Control y Seguimiento del Gasto",,,,,,
11,450887.9,513015.6,62127.7,40485.1,8.6,continúa,ramo,11 Educación Pública,001 Actividades de apoyo a la función pública y buen gobierno,O00 Coordinación Nacional de Becas para el Bienestar Benito Juárez,,,,,,
20,579883.9,674510.0,94626.2,66791.7,11.0,continúa,ramo,20 Bienestar,001 Actividades de apoyo a la función pública y buen gobierno,V3A Instituto Nacional de las Personas Adultas Mayores,,,,,,
TYY,612145.9,708200.9,96055.0,66672.0,10.4,continúa,ramo,TYY Petróleos Mexicanos,021 Aportaciones para pago de pensiones y jubilaciones,TYY Petróleos Mexicanos,,,,,,
28,1340210.9,1456045.9,115835.0,51504.9,3.7,continúa,ramo,28 Participaciones a Entidades Federativas y Municipios,004 Fondo de Compensación del Impuesto sobre Automóviles Nuevos,114 Unidad de Coordinación con Entidades Federativas,,,,,,
GYR,1469410.4,1590308.7,120898.3,50366.6,3.3,continúa,ramo,GYR Instituto Mexicano del Seguro Social,016 Pago de subsidios a los asegurados,GYR Instituto Mexicano del Seguro Social,,,,,,
18,138307.4,267439.1,129131.8,122493.0,84.5,continúa,ramo,18 Energía,001 Actividades de apoyo a la función pública y buen gobierno,T0Q Instituto Nacional de Investigaciones Nucleares,,,,,,
24,1149551.6,1297681.1,148129.5,92951.0,7.7,continúa,ramo,24 Deuda Pública,009 Organismos financieros internacionales,210 Unidad de Crédito Público y Asuntos Internacionales de Hacienda,,,,,,
56,0.0,172492.4,172492.4,172492.4,inf,aparece,ramo,56 Servicios de Salud del Instituto Mexicano del Seguro Social para el Bienestar,001 Actividades de apoyo a la función pública y buen gobierno,AYO Servicios de Salud del Instituto Mexicano del Seguro Social para el Bienestar (IMSS-BIENESTAR),,,,,,
GYR,864184.4,99666.9,-764517.5,-805998.3,-89.0,continúa,programa,GYR Instituto Mexicano del Seguro Social,001 Operaciones ajenas,GYR Instituto Mexicano del Seguro Social,001 ,,,,,
19,753202.1,324.4,-752877.7,-789031.4,-100.0,continúa,programa,19 Aportaciones a Seguridad Social,008 Fondo de Reserva para el Retiro IMSS,"411 Unidad de Diseño Presupuestario, Control y Seguimiento del Gasto",J008,,,,,
GYN,355127.2,0.0,-355127.2,-372173.3,-100.0,desaparece,programa,GYN Instituto de Seguridad y Servicios Sociales de los Trabajadores del Estado,026 Pensiones y Jubilaciones,GYN Instituto de Seguridad y Servicios Sociales de los Trabajadores del Estado,026 ,,,,,
GYR,342575.9,0.0,-342575.9,-359019.6,-100.0,desaparece,programa,GYR Instituto Mexicano del Seguro Social,011 Atención a la Salud,GYR Instituto Mexicano del Seguro Social,011 ,,,,,
19,386051.6,43693.1,-342358.4,-360888.9,-89.2,continúa,programa,19 Aportaciones a Seguridad Social,"006 Cuota Social al Seguro de Retiro, Cesantía en Edad Avanzada y Vejez","411 Unidad de Diseño Presupuestario, Control y Seguimiento del Gasto",J006,,,,,
TYY,264506.8,0.0,-264506.8,-277203.1,-100.0,desaparece,programa,TYY Pemex Consolidado,002 Aportaciones para pago de pensiones y jubilaciones,TYY Pemex Consolidado,002 ,,,,,
TYY,154182.1,0.0,-154182.1,-161582.8,-100.0,desaparece,programa,TYY Pemex Consolidado,015 Prestación de servicios corporativos,TYY Pemex Consolidado,015 ,,,,,
GYR,149582.1,0.0,-149582.1,-156762.1,-100.0,desaparece,programa,GYR Instituto Mexicano del Seguro Social,003 Régimen de Pensiones y Jubilaciones IMSS,GYR Instituto Mexicano del Seguro Social,003 ,,,,,
18,136349.3,0.0,-136349.3,-142894.1,-100.0,desaparece,programa,18 Energía,003 Coordinación de la política energética en hidrocarburos,532 Dirección General de Petrolíferos,P003,,,,,
TVV,124772.1,0.0,-124772.1,-130761.1,-100.0,desaparece,programa,TVV CFE Consolidado,584 Administración de los contratos de producción independiente de energía CFE Generación V,TVV CFE Consolidado,584 ,,,,,
TVV,122765.2,0.0,-122765.2,-128658.0,-100.0,desaparece,programa,TVV CFE Consolidado,561 Operación y mantenimiento de las centrales generadoras de energía eléctrica,TVV CFE Consolidado,561 ,,,,,
09,90166.3,0.0,-90166.3,-94494.3,-100.0,desaparece,programa,"09 Infraestructura, Comunicaciones y Transportes",023 Provisiones para el desarrollo de trenes de pasajeros y de carga,215 Dirección General de Desarrollo Ferroviario y Multimodal,R023,,,,,
47,85845.7,0.0,-85845.7,-89966.2,-100.0,desaparece,programa,47 Entidades no Sectorizadas,013 Atención a la salud y medicamentos gratuitos para la población sin seguridad social laboral,AYO Servicios de Salud del Instituto Mexicano del Seguro Social para el Bienestar (IMSS-BIENESTAR),U013,,,,,
47,66148.5,0.0,-66148.5,-69323.7,-100.0,desaparece,programa,47 Entidades no Sectorizadas,001 Atención a la salud de personas sin seguridad social,AYO Servicios de Salud del Instituto Mexicano del Seguro Social para el Bienestar (IMSS-BIENESTAR),E001,,,,,
11,60555.5,0.0,-60555.5,-63462.2,-100.0,desaparece,programa,11 Educación Pública,010 Servicios de Educación Superior y Posgrado,514 Dirección General de Universidades Tecnológicas y Politécnicas,E010,,,,,
TVV,145047.1,86545.1,-58502.0,-65464.2,-43.1,continúa,programa,TVV Comisión Federal de Electricidad,001 Operaciones ajenas,TVV Comisión Federal de Electricidad,001 ,,,,,
TVV,54394.3,0.0,-54394.3,-57005.2,-100.0,desaparece,programa,TVV CFE Consolidado,580 Operación y mantenimiento de la infraestructura del proceso de distribución de energía eléctrica,TVV CFE Consolidado,580 ,,,,,
11,52124.2,0.0,-52124.2,-54626.1,-100.0,desaparece,programa,11 Educación Pública,007 Servicios de Educación Media Superior,616 Dirección General del Bachillerato,E007,,,,,
TVV,47408.2,0.0,-47408.2,-49683.8,-100.0,desaparece,programa,TVV CFE Consolidado,581 Comercialización de energía eléctrica y productos asociados,TVV CFE Consolidado,581 ,,,,,
25,47090.2,0.0,-47090.2,-49350.5,-100.0,desaparece,programa,"25 Previsiones y Aportaciones para los Sistemas de Educación Básica, Normal, Tecnológica y de Adultos",003 Servicios de educación básica en la Ciudad de México,C00 Autoridad Educativa Federal en la Ciudad de México,E003,,,,,
07,40985.7,0.0,-40985.7,-42953.1,-100.0,desaparece,programa,07 Defensa Nacional,027 Provisiones para la construcción y fortalecimiento de infraestructura,146 Comandancia del Ejército Mexicano,R027,,,,,
19,42000.0,2742.1,-39257.9,-41273.9,-93.8,continúa,programa,19 Aportaciones a Seguridad Social,012 Previsiones para el Pago de las Pensiones de los Jubilados de Ferrocarriles Nacionales de México,"411 Unidad de Diseño Presupuestario, Control y Seguimiento del Gasto",J012,,,,,
GYN,36717.1,0.0,-36717.1,-38479.6,-100.0,desaparece,programa,GYN Instituto de Seguridad y Servicios Sociales de los Trabajadores del Estado,044 Atención a la Salud,GYN Instituto de Seguridad y Servicios Sociales de los Trabajadores del Estado,044 ,,,,,
GYR,35283.7,0.0,-35283.7,-36977.3,-100.0,desaparece,programa,GYR Instituto Mexicano del Seguro Social,002 Rentas vitalicias Ley 1997,GYR Instituto Mexicano del Seguro Social,002 ,,,,,
19,42600.0,8744.9,-33855.1,-35899.9,-80.4,continúa,programa,19 Aportaciones a Seguridad Social,009 Pensión Mínima Garantizada IMSS,GYR Instituto Mexicano del Seguro Social,J009,,,,,
07,42904.9,9996.3,-32908.6,-34968.1,-77.8,continúa,programa,07 Defensa Nacional,002 Operación y desarrollo de la Fuerza Aérea Mexicana,146 Comandancia del Ejército Mexicano,A002,,,,,
GYR,30920.2,0.0,-30920.2,-32404.3,-100.0,desaparece,programa,GYR Instituto Mexicano del Seguro Social,004 Pago de subsidios a los asegurados,GYR Instituto Mexicano del Seguro Social,004 ,,,,,
12,30510.3,0.0,-30510.3,-31974.8,-100.0,desaparece,programa,12 Salud,023 Atención a la Salud,500 Unidad de Administración y Finanzas,E023,,,,,
23,29517.5,0.0,-29517.5,-30934.3,-100.0,desaparece,programa,23 Provisiones Salariales y Económicas,125 Provisiones Salariales y Económicas,411 Unidad de Política y Control Presupuestario,R125,,,,,
19,28702.1,0.0,-28702.1,-30079.8,-100.0,desaparece,programa,19 Aportaciones a Seguridad Social,006 Cuota Social Seguro de Salud ISSSTE,GYN Instituto de Seguridad y Servicios Sociales de los Trabajadores del Estado,T006,,,,,
19,28074.1,0.0,-28074.1,-29421.7,-100.0,desaparece,programa,19 Aportaciones a Seguridad Social,025 Previsiones para las pensiones en curso de pago de los Extrabajadores de Luz y Fuerza del Centro,"420 Dirección General de Programación y Presupuesto ""C""",J025,,,,,
TVV,26929.2,0.0,-26929.2,-28221.8,-100.0,desaparece,programa,TVV CFE Consolidado,027 Mantenimiento de infraestructura,TVV CFE Consolidado,027 ,,,,,
GYN,25856.6,0.0,-25856.6,-27097.7,-100.0,desaparece,programa,GYN Instituto de Seguridad y Servicios Sociales de los Trabajadores del Estado,025 Pensiones por Vejez,GYN Instituto de Seguridad y Servicios Sociales de los Trabajadores del Estado,025 ,,,,,
TYY,23906.6,0.0,-23906.6,-25054.1,-100.0,desaparece,programa,TYY Pemex Consolidado,027 Mantenimiento de infraestructura,TYY Pemex Consolidado,027 ,,,,,
36,23305.9,0.0,-23305.9,-24424.5,-100.0,desaparece,programa,36 Seguridad y Protección Ciudadana,004 Administración del Sistema Federal Penitenciario,D00 Prevención y Reinserción Social,E004,,,,,
13,22058.5,0.0,-22058.5,-23117.3,-100.0,desaparece,programa,13 Marina,040  Proyectos ferroviarios para transporte de carga y pasajeros,"J3L Ferrocarril del Istmo de Tehuantepec, S.A. de C.V.",K040,,,,,
GYN,22047.8,0.0,-22047.8,-23106.1,-100.0,desaparece,programa,GYN Instituto de Seguridad y Servicios Sociales de los Trabajadores del Estado,002 Gastos Administrativos por Operación de Fondos y Seguros,GYN Instituto de Seguridad y Servicios Sociales de los Trabajadores del Estado,002 ,,,,,
13,20706.9,0.0,-20706.9,-21700.8,-100.0,desaparece,programa,13 Marina,001 Emplear el Poder Naval de la Federación para salvaguardar la soberanía y seguridad nacionales,312 Dirección General de Administración y Finanzas,A001,,,,,
36,20205.6,0.0,-20205.6,-21175.5,-100.0,desaparece,programa,36 Seguridad y Protección Ciudadana,"006 Operación de la Guardia Nacional para la prevención, investigación y persecución de delitos",H00 Guardia Nacional,E006,,,,,
23,18677.2,0.0,-18677.2,-19573.7,-100.0,desaparece,programa,23 Provisiones Salariales y Económicas,001 Fondo de Desastres Naturales (FONDEN),411 Unidad de Política y Control Presupuestario,N001,,,,,
TYY,18415.8,0.0,-18415.8,-19299.8,-100.0,desaparece,programa,TYY Pemex Consolidado,013 Servicios médicos al personal de PEMEX,TYY Pemex Consolidado,013 ,,,,,
TVV,17662.8,0.0,-17662.8,-18510.7,-100.0,desaparece,programa,TVV CFE Consolidado,579 Operación y mantenimiento de la Red Nacional de Transmisión,TVV CFE Consolidado,579 ,,,,,
19,17428.7,0.0,-17428.7,-18265.3,-100.0,desaparece,programa,19 Aportaciones a Seguridad Social,018 Apoyo para cubrir el gasto de operación del ISSSTE,GYN Instituto de Seguridad y Servicios Sociales de los Trabajadores del Estado,R018,,,,,
11,17424.8,0.0,-17424.8,-18261.1,-100.0,desaparece,programa,11 Educación Pública,021 Investigación Científica y Desarrollo Tecnológico,611 Dirección General de Educación Tecnológica Industrial y de Servicios,E021,,,,,
34,52451.9,35553.4,-16898.5,-19416.2,-35.3,continúa,programa,34 Erogaciones para los Programas de Apoyo a Ahorradores y Deudores de la Banca,011 I P A B,210 Unidad de Crédito Público y Asuntos Internacionales de Hacienda,D011,,,,,
09,16595.1,0.0,-16595.1,-17391.7,-100.0,desaparece,programa,"09 Infraestructura, Comunicaciones y Transportes","003 Supervisión, regulación, inspección, verificación y servicios administrativos de construcción y conservación de carreteras",652 Centro SICT Zacatecas,G003,,,,,
07,17289.5,1060.4,-16229.1,-17059.0,-94.1,continúa,programa,07 Defensa Nacional,026 Producción de vestuario y equipo militar,113 Dirección General de Fábricas de Vestuario y Equipo,A026,,,,,
GYN,16259.3,188.1,-16071.1,-16851.6,-98.9,continúa,programa,GYN Instituto de Seguridad y Servicios Sociales de los Trabajadores del Estado,018 Subsidios y ayudas,GYN Instituto de Seguridad y Servicios Sociales de los Trabajadores del Estado,018 ,,,,,
GYR,16525.9,1353.7,-15172.2,-15965.5,-92.2,continúa,programa,GYR Instituto Mexicano del Seguro Social,007 Infraestructura para la asistencia y seguridad social,GYR Instituto Mexicano del Seguro Social,007 ,,,,,
20,15000.0,0.0,-15000.0,-15720.0,-100.0,desaparece,programa,20 Bienestar,316 Pensión Mujeres Bienestar,201 Unidad para la Atención de Grupos Prioritarios,U316,,,,,
GYR,13330.4,0.0,-13330.4,-13970.2,-100.0,desaparece,programa,GYR Instituto Mexicano del Seguro Social,012 Proyectos de infraestructura social de asistencia y seguridad social,GYR Instituto Mexicano del Seguro Social,012 ,,,,,
TVV,13130.0,0.0,-13130.0,-13760.2,-100.0,desaparece,programa,TVV CFE Consolidado,044 Proyectos de infraestructura económica de electricidad (Pidiregas),TVV CFE Consolidado,044 ,,,,,
16,13100.2,0.0,-13100.2,-13729.0,-100.0,desaparece,programa,16 Medio Ambiente y Recursos Naturales,018 Provisiones para desarrollo de infraestructura hidráulica,B00 Comisión Nacional del Agua,R018,,,,,
TVV,10521.0,0.0,-10521.0,-11026.0,-100.0,desaparece,programa,TVV CFE Consolidado,"562 Coordinación, operación, mantenimiento y recarga de la Coordinación Corporativa Nuclear",TVV CFE Consolidado,562 ,,,,,
36,10208.9,0.0,-10208.9,-10699.0,-100.0,desaparece,programa,36 Seguridad y Protección Ciudadana,001 Provisiones para infraestructura de seguridad,140 Unidad de Administración y Finanzas,R001,,,,,
GYR,10138.9,0.0,-10138.9,-10625.6,-100.0,desaparece,programa,GYR Instituto Mexicano del Seguro Social,029 Programas de adquisiciones,GYR Instituto Mexicano del Seguro Social,029 ,,,,,
09,10000.0,0.0,-10000.0,-10480.0,-100.0,desaparece,programa,"09 Infraestructura, Comunicaciones y Transportes","026 Provisiones para el desarrollo, modernización y rehabilitación de infraestructura de Comunicaciones y Transportes",211 Dirección General de Conservación de Carreteras,R026,,,,,
09,10000.0,0.0,-10000.0,-10480.0,-100.0,desaparece,programa,"09 Infraestructura, Comunicaciones y Transportes",032 Reconstrucción y Conservación de Carreteras,211 Dirección General de Conservación de Carreteras,K032,,,,,
TVV,9935.1,0.0,-9935.1,-10412.0,-100.0,desaparece,programa,TVV CFE Consolidado,582 Seguridad física en las instalaciones de electricidad,TVV CFE Consolidado,582 ,,,,,
23,9510.4,0.0,-9510.4,-9966.9,-100.0,desaparece,programa,23 Provisiones Salariales y Económicas,001 Situaciones laborales supervenientes,411 Unidad de Política y Control Presupuestario,R001,,,,,
06,9415.1,0.0,-9415.1,-9867.0,-100.0,desaparece,programa,06 Hacienda y Crédito Público,026 Recaudación de las contribuciones federales,E00 Servicio de Administración Tributaria,E026,,,,,
TVV,9116.0,0.0,-9116.0,-9553.6,-100.0,desaparece,programa,TVV CFE Consolidado,029 Programas de adquisiciones,TVV CFE Consolidado,029 ,,,,,
19,8772.7,0.0,-8772.7,-9193.8,-100.0,desaparece,programa,19 Aportaciones a Seguridad Social,021 Pensión Mínima Garantizada IMSS,GYR Instituto Mexicano del Seguro Social,J021,,,,,
16,7864.1,0.0,-7864.1,-8241.6,-100.0,desaparece,programa,16 Medio Ambiente y Recursos Naturales,010 Gestión integral y sustentable del agua,B00 Comisión Nacional del Agua,G010,,,,,
12,7847.9,0.0,-7847.9,-8224.6,-100.0,desaparece,programa,12 Salud,010 Formación y capacitación de recursos humanos para la salud,610 Dirección General de Calidad y Educación en Salud,E010,,,,,
22,10059.8,2314.3,-7745.5,-8228.4,-78.0,continúa,programa,22 Instituto Nacional Electoral,003 Capacitación y educación para el ejercicio democrático de la ciudadanía,300 Juntas Distritales Ejecutivas,R003,,,,,
13,7690.5,0.0,-7690.5,-8059.7,-100.0,desaparece,programa,13 Marina,026 Operación y desarrollo de los cuerpos de seguridad de las Fuerzas Armadas,121 Unidad de Policía Naval,A026,,,,,
GYN,7493.5,0.0,-7493.5,-7853.2,-100.0,desaparece,programa,GYN Instituto de Seguridad y Servicios Sociales de los Trabajadores del Estado,043 Prevención y Control de Enfermedades,GYN Instituto de Seguridad y Servicios Sociales de los Trabajadores del Estado,043 ,,,,,
47,6981.4,0.0,-6981.4,-7316.5,-100.0,desaparece,programa,47 Entidades no Sectorizadas,003 Atención a la salud en Centros y Hospitales Regionales de Alta Especialidad,AYO Servicios de Salud del Instituto Mexicano del Seguro Social para el Bienestar (IMSS-BIENESTAR),E003,,,,,
23,6154.9,0.0,-6154.9,-6450.3,-100.0,desaparece,programa,23 Provisiones Salariales y Económicas,081 FEIP,411 Unidad de Política y Control Presupuestario,R081,,,,,
20,6150.9,0.0,-6150.9,-6446.2,-100.0,desaparece,programa,20 Bienestar,"002 Promoción y evaluación de la política de desarrollo social y comunitario, la participación y la cohesión social",712 Dirección General de Padrones de Beneficiarios,P002,,,,,
38,6064.7,0.0,-6064.7,-6355.8,-100.0,desaparece,programa,"38 Humanidades, Ciencias, Tecnologías e Innovación","003 Investigación científica, desarrollo e innovación","91W Instituto Potosino de Investigación Científica y Tecnológica, A.C.",E003,,,,,
11,5999.0,0.0,-5999.0,-6287.0,-100.0,desaparece,programa,11 Educación Pública,066 Educación Inicial y Básica Comunitaria,L6W Consejo Nacional de Fomento Educativo,E066,,,,,
05,5063.7,0.0,-5063.7,-5306.8,-100.0,desaparece,programa,05 Relaciones Exteriores,"002 Diseño, conducción y ejecución de la política exterior",811 Dirección General para la Organización de las Naciones Unidas,P002,,,,,
08,4832.4,0.0,-4832.4,-5064.4,-100.0,desaparece,programa,08 Agricultura y Desarrollo Rural,"001 Desarrollo, aplicación de programas educativos e investigación en materia agroalimentaria",IZC Colegio de Postgraduados,E001,,,,,
16,4809.9,0.0,-4809.9,-5040.8,-100.0,desaparece,programa,16 Medio Ambiente y Recursos Naturales,001 Operación y mantenimiento de infraestructura hídrica,B00 Comisión Nacional del Agua,E001,,,,,
23,4700.0,0.0,-4700.0,-4925.6,-100.0,desaparece,programa,23 Provisiones Salariales y Económicas,120 Apoyo Federal para Pago de Adeudos de Suministro de Energía Eléctrica,411 Unidad de Política y Control Presupuestario,R120,,,,,
22,7171.2,2510.3,-4661.0,-5005.2,-66.6,continúa,programa,22 Instituto Nacional Electoral,002 Organización electoral nacional,300 Juntas Distritales Ejecutivas,R002,,,,,
36,9284.7,4695.6,-4589.1,-5034.7,-51.7,continúa,programa,36 Seguridad y Protección Ciudadana,001 Actividades de apoyo administrativo,143 Dirección General de Programación y Presupuesto,M001,,,,,
12,4571.8,0.0,-4571.8,-4791.2,-100.0,desaparece,programa,12 Salud,036 Programa de vacunación,R00 Centro Nacional para la Salud de la Infancia y la Adolescencia,E036,,,,,
GYN,4457.6,13.7,-4443.9,-4657.9,-99.7,continúa,programa,GYN Instituto de Seguridad y Servicios Sociales de los Trabajadores del Estado,019 Indemnizaciones globales,GYN Instituto de Seguridad y Servicios Sociales de los Trabajadores del Estado,019 ,,,,,
16,4386.2,0.0,-4386.2,-4596.8,-100.0,desaparece,programa,16 Medio Ambiente y Recursos Naturales,129 Infraestructura para la Protección de Centros de Población y Áreas Productivas,B00 Comisión Nacional del Agua,K129,,,,,
24,29722.7,25455.5,-4267.2,-5693.9,-18.3,continúa,programa,24 Deuda Pública,007 Coberturas,210 Unidad de Crédito Público y Asuntos Internacionales de Hacienda,D007,,,,,
48,4224.0,0.0,-4224.0,-4426.8,-100.0,desaparece,programa,48 Cultura,011 Desarrollo Cultural,420 Dirección General de Tecnologías de la Información y Comunicaciones,E011,,,,,
19,4199.8,0.0,-4199.8,-4401.3,-100.0,desaparece,programa,19 Aportaciones a Seguridad Social,022 Cuota Social Seguro de Retiro ISSSTE,"420 Dirección General de Programación y Presupuesto ""C""",J022,,,,,
11,4098.1,0.0,-4098.1,-4294.9,-100.0,desaparece,programa,11 Educación Pública,011 Desarrollo Cultural,A3Q Universidad Nacional Autónoma de México,E011,,,,,
12,4011.5,0.0,-4011.5,-4204.1,-100.0,desaparece,programa,12 Salud,040 Servicios de asistencia social integral,NHK Sistema Nacional para el Desarrollo Integral de la Familia,E040,,,,,
11,3894.7,0.0,-3894.7,-4081.7,-100.0,desaparece,programa,11 Educación Pública,003 Producción y distribución de libros y materiales educativos,311 Dirección General de Materiales Educativos,B003,,,,,
11,3821.3,0.0,-3821.3,-4004.7,-100.0,desaparece,programa,11 Educación Pública,001 Diseño de la Política Educativa,600 Subsecretaría de Educación Media Superior,P001,,,,,
08,3757.9,0.0,-3757.9,-3938.3,-100.0,desaparece,programa,08 Agricultura y Desarrollo Rural,004 Adquisición de leche nacional,"VST Liconsa, S.A. de C.V.",B004,,,,,
07,3611.1,0.0,-3611.1,-3784.4,-100.0,desaparece,programa,07 Defensa Nacional,019 Mantenimiento y conservación de la infraestructura militar y maquinaria pesada y administración inmobiliaria,117 Dirección General de Ingenieros,A019,,,,,
GYN,3597.8,0.0,-3597.8,-3770.4,-100.0,desaparece,programa,GYN Instituto de Seguridad y Servicios Sociales de los Trabajadores del Estado,048 Servicios de Estancias de Bienestar y Desarrollo Infantil,GYN Instituto de Seguridad y Servicios Sociales de los Trabajadores del Estado,048 ,,,,,
08,3573.4,0.0,-3573.4,-3745.0,-100.0,desaparece,programa,08 Agricultura y Desarrollo Rural,001 Diseño y Aplicación de la Política Agropecuaria,711 Dirección General de Sustentabilidad de Tierras de Uso Ganadero,P001,,,,,
13,3521.2,0.0,-3521.2,-3690.2,-100.0,desaparece,programa,13 Marina,007 Administración y fomento de los servicios de salud,311 Dirección General de Recursos Humanos,A007,,,,,
TYY,3383.5,0.0,-3383.5,-3545.9,-100.0,desaparece,programa,TYY Pemex Consolidado,012 Proyectos de infraestructura social de asistencia y seguridad social,TYY Pemex Consolidado,012 ,,,,,
06,3249.3,0.0,-3249.3,-3405.3,-100.0,desaparece,programa,06 Hacienda y Crédito Público,032 Administración y enajenación de activos,HKA Instituto para Devolver al Pueblo lo Robado,E032,,,,,
47,3089.4,0.0,-3089.4,-3237.7,-100.0,desaparece,programa,47 Entidades no Sectorizadas,200 Fortalecimiento a la atención médica,AYO Servicios de Salud del Instituto Mexicano del Seguro Social para el Bienestar (IMSS-BIENESTAR),S200,,,,,
24,23317.1,20262.1,-3055.0,-4174.3,-17.1,continúa,programa,24 Deuda Pública,009 Organismos financieros internacionales,210 Unidad de Crédito Público y Asuntos Internacionales de Hacienda,D009,,,,,
47,3760.3,722.4,-3037.9,-3218.4,-81.7,continúa,programa,47 Entidades no Sectorizadas,001 Actividades de apoyo Administrativo,MDL Instituto Mexicano de la Radio,M001,,,,,
04,3001.3,0.0,-3001.3,-3145.3,-100.0,desaparece,programa,04 Gobernación,001 Conducción de la política interior,901 Comisión para el Diálogo con los Pueblos Indígenas de México,P001,,,,,
13,2941.5,0.0,-2941.5,-3082.7,-100.0,desaparece,programa,13 Marina,002 Provisiones para el desarrollo regional del Istmo de Tehuantepec,"J3L Ferrocarril del Istmo de Tehuantepec, S.A. de C.V.",R002,,,,,
09,2876.3,0.0,-2876.3,-3014.4,-100.0,desaparece,programa,"09 Infraestructura, Comunicaciones y Transportes",010 Servicios de ayudas a la navegación aérea,C00 Servicios a la Navegación en el Espacio Aéreo Mexicano,E010,,,,,
12,2848.0,0.0,-2848.0,-2984.7,-100.0,desaparece,programa,12 Salud,"020 Salud materna, sexual y reproductiva",NDE Instituto Nacional de Perinatología Isidro Espinosa de los Reyes,P020,,,,,
19,2827.8,0.0,-2827.8,-2963.6,-100.0,desaparece,programa,19 Aportaciones a Seguridad Social,026 Previsiones para el Pago de las Pensiones de los Jubilados de Ferrocarriles Nacionales de México,"420 Dirección General de Programación y Presupuesto ""C""",J026,,,,,
36,2760.0,0.0,-2760.0,-2892.5,-100.0,desaparece,programa,36 Seguridad y Protección Ciudadana,001 Servicios de inteligencia para la Seguridad Nacional,F00 Centro Nacional de Inteligencia,E001,,,,,
TYY,2738.5,0.0,-2738.5,-2870.0,-100.0,desaparece,programa,TYY Pemex Consolidado,"011 Comercialización de petróleo, gas, petrolíferos y petroquímicos",TYY Pemex Consolidado,011 ,,,,,
09,2630.5,0.0,-2630.5,-2756.7,-100.0,desaparece,programa,"09 Infraestructura, Comunicaciones y Transportes",012 Servicios de correo,J9E Servicio Postal Mexicano,E012,,,,,
07,6670.8,4084.1,-2586.7,-2906.9,-41.6,continúa,programa,07 Defensa Nacional,009 Mantenimiento y conservación de la infraestructura militar y maquinaria pesada y administración inmobiliaria,117 Dirección General de Ingenieros,A009,,,,,
15,2500.0,0.0,-2500.0,-2620.0,-100.0,desaparece,programa,"15 Desarrollo Agrario, Territorial y Urbano",273 Programa de Mejoramiento Urbano (PMU),510 Unidad de Apoyo a Programas de Infraestructura y Espacios Públicos,S273,,,,,
13,2488.9,0.0,-2488.9,-2608.4,-100.0,desaparece,programa,13 Marina,"004 Adquisición, construcción, reparación y mantenimiento de unidades navales",312 Dirección General de Administración y Finanzas,A004,,,,,
05,2486.7,0.0,-2486.7,-2606.0,-100.0,desaparece,programa,05 Relaciones Exteriores,005 Promoción y defensa de los intereses de México en el ámbito multilateral,814 Dirección General de Impulso Económico Global,P005,,,,,
07,2464.4,0.0,-2464.4,-2582.7,-100.0,desaparece,programa,07 Defensa Nacional,021 Sistema educativo militar,115 Dirección General de Educación Militar y Rectoría de la Universidad del Ejército y Fuerza Aérea,A021,,,,,
12,2445.4,0.0,-2445.4,-2562.7,-100.0,desaparece,programa,12 Salud,022 Investigación y desarrollo tecnológico en salud,100 Secretaría,E022,,,,,
06,2357.0,0.0,-2357.0,-2470.1,-100.0,desaparece,programa,06 Hacienda y Crédito Público,035 Programa de Inclusión Financiera,"HJO Banco del Bienestar, S.N.C., I.B.D.",F035,,,,,
GYN,2335.6,0.0,-2335.6,-2447.7,-100.0,desaparece,programa,GYN Instituto de Seguridad y Servicios Sociales de los Trabajadores del Estado,022 Pensiones por Causa de Muerte,GYN Instituto de Seguridad y Servicios Sociales de los Trabajadores del Estado,022 ,,,,,
07,2255.8,0.0,-2255.8,-2364.1,-100.0,desaparece,programa,07 Defensa Nacional,"004 Dirigir la infraestructura aeroportuaria, ferroviaria y de servicios auxiliares","H0C Grupo Aeroportuario, Ferroviario, de Servicios Auxiliares y Conexos, Olmeca-Maya-Mexica, S.A. de C.V.",E004,,,,,
48,2253.9,0.0,-2253.9,-2362.1,-100.0,desaparece,programa,48 Cultura,012 Protección y conservación del Patrimonio Cultural,E00 Instituto Nacional de Bellas Artes y Literatura,E012,,,,,
16,2170.1,0.0,-2170.1,-2274.2,-100.0,desaparece,programa,16 Medio Ambiente y Recursos Naturales,"074 Agua Potable, Drenaje y Tratamiento",B00 Comisión Nacional del Agua,S074,,,,,
13,2138.2,0.0,-2138.2,-2240.8,-100.0,desaparece,programa,13 Marina,006 Sistema Educativo naval y programa de becas,313 Universidad Naval,A006,,,,,
36,2066.4,0.0,-2066.4,-2165.6,-100.0,desaparece,programa,36 Seguridad y Protección Ciudadana,"002 Servicios de protección, custodia, vigilancia y seguridad de personas, bienes e instalaciones",B00 Servicio de Protección Federal,E002,,,,,
16,2007.9,0.0,-2007.9,-2104.3,-100.0,desaparece,programa,16 Medio Ambiente y Recursos Naturales,141 Infraestructura para la modernización y rehabilitación de riego y temporal tecnificado,B00 Comisión Nacional del Agua,K141,,,,,
20,2000.0,0.0,-2000.0,-2096.0,-100.0,desaparece,programa,20 Bienestar,317 Salud Casa por casa,201 Unidad para la Atención de Grupos Prioritarios,U317,,,,,
13,2000.0,0.0,-2000.0,-2096.0,-100.0,desaparece,programa,13 Marina,001 Previsión para el Fortalecimiento de Infraestructura Naval y Militar,312 Dirección General de Administración y Finanzas,R001,,,,,
GYN,1953.4,9.9,-1943.5,-2037.2,-99.5,continúa,programa,GYN Instituto de Seguridad y Servicios Sociales de los Trabajadores del Estado,028 Créditos a Corto y Mediano Plazo,GYN Instituto de Seguridad y Servicios Sociales de los Trabajadores del Estado,028 ,,,,,
06,1937.6,0.0,-1937.6,-2030.6,-100.0,desaparece,programa,06 Hacienda y Crédito Público,025 Control de la operación aduanera,H00 Agencia Nacional de Aduanas de México,E025,,,,,
08,1873.6,0.0,-1873.6,-1963.5,-100.0,desaparece,programa,08 Agricultura y Desarrollo Rural,"001 Regulación, supervisión y aplicación de las políticas públicas en materia agropecuaria, acuícola y pesquera",I00 Comisión Nacional de Acuacultura y Pesca,G001,,,,,
16,1858.0,0.0,-1858.0,-1947.2,-100.0,desaparece,programa,16 Medio Ambiente y Recursos Naturales,217 Programa de Apoyo a la Infraestructura Hidroagrícola,B00 Comisión Nacional del Agua,S217,,,,,
11,110558.4,108736.6,-1821.8,-7128.6,-6.2,continúa,programa,11 Educación Pública,006 Subsidios para organismos descentralizados estatales,600 Subsecretaría de Educación Media Superior,U006,,,,,
23,1818.5,0.0,-1818.5,-1905.8,-100.0,desaparece,programa,23 Provisiones Salariales y Económicas,010 Investigación en materia de hidrocarburos y sustentabilidad energética,411 Unidad de Política y Control Presupuestario,R010,,,,,
04,1803.7,0.0,-1803.7,-1890.2,-100.0,desaparece,programa,04 Gobernación,008 Política y servicios migratorios,"940 Unidad de Política Migratoria, Registro e Identidad de Personas",E008,,,,,
23,1790.5,0.0,-1790.5,-1876.5,-100.0,desaparece,programa,23 Provisiones Salariales y Económicas,080 FEIEF,411 Unidad de Política y Control Presupuestario,R080,,,,,
11,1730.8,0.0,-1730.8,-1813.9,-100.0,desaparece,programa,11 Educación Pública,064 Educación para Adultos (INEA),MDA Instituto Nacional para la Educación de los Adultos,E064,,,,,
38,1685.7,0.0,-1685.7,-1766.6,-100.0,desaparece,programa,"38 Humanidades, Ciencias, Tecnologías e Innovación","001 Diseño y evaluación de políticas en ciencia, tecnología e innovación","90X Consejo Nacional de Humanidades, Ciencias y Tecnologías",P001,,,,,
08,1647.1,0.0,-1647.1,-1726.1,-100.0,desaparece,programa,08 Agricultura y Desarrollo Rural,006 Generación de Proyectos de Investigación,RJL Instituto Mexicano de Investigación en Pesca y Acuacultura Sustentables,E006,,,,,
GYN,1559.9,0.0,-1559.9,-1634.8,-100.0,desaparece,programa,GYN Instituto de Seguridad y Servicios Sociales de los Trabajadores del Estado,011 Proyectos de infraestructura social,GYN Instituto de Seguridad y Servicios Sociales de los Trabajadores del Estado,011 ,,,,,
09,1556.3,0.0,-1556.3,-1631.0,-100.0,desaparece,programa,"09 Infraestructura, Comunicaciones y Transportes",040 Proyectos Ferroviarios para Transporte de Carga y Pasajeros,215 Dirección General de Desarrollo Ferroviario y Multimodal,K040,,,,,
12,1510.1,0.0,-1510.1,-1582.5,-100.0,desaparece,programa,12 Salud,025 Prevención y atención contra las adicciones,Y00 Comisión Nacional de Salud Mental y Adicciones,E025,,,,,
TYY,1500.0,0.0,-1500.0,-1572.0,-100.0,desaparece,programa,TYY Pemex Consolidado,005 Compra de acciones o inversiones diversas para Pemex,TYY Pemex Consolidado,005 ,,,,,
TYY,2563.9,1069.6,-1494.2,-1617.3,-60.2,continúa,programa,TYY Petróleos Mexicanos,029 Prestación de servicios de telecomunicaciones internos a PEMEX,TYY Petróleos Mexicanos,029 ,,,,,
22,5384.9,3910.4,-1474.4,-1732.9,-30.7,continúa,programa,22 Instituto Nacional Electoral,005 Actualización del padrón electoral y expedición de la credencial para votar,300 Juntas Distritales Ejecutivas,R005,,,,,
38,1452.0,0.0,-1452.0,-1521.7,-100.0,desaparece,programa,"38 Humanidades, Ciencias, Tecnologías e Innovación","003 Programas nacionales estratégicos de ciencia, tecnología y vinculación con el sector social, público y privado","90X Consejo Nacional de Humanidades, Ciencias y Tecnologías",F003,,,,,
40,1482.6,42.8,-1439.8,-1511.0,-97.2,continúa,programa,40 Información Nacional Estadística y Geográfica,003 Censo Agropecuario,100 Instituto Nacional de Estadística y Geografía,P003,,,,,
11,1432.9,0.0,-1432.9,-1501.6,-100.0,desaparece,programa,11 Educación Pública,001 Normar los servicios educativos,616 Dirección General del Bachillerato,G001,,,,,
16,1407.7,0.0,-1407.7,-1475.2,-100.0,desaparece,programa,16 Medio Ambiente y Recursos Naturales,014 Protección Forestal,RHQ Comisión Nacional Forestal,E014,,,,,
13,1378.9,0.0,-1378.9,-1445.1,-100.0,desaparece,programa,13 Marina,010 Administración y Operación de Capitanías de Puerto y Asuntos Marítimos,413 Dirección General de Fomento y Administración Portuaria,A010,,,,,
25,1378.4,0.0,-1378.4,-1444.5,-100.0,desaparece,programa,"25 Previsiones y Aportaciones para los Sistemas de Educación Básica, Normal, Tecnológica y de Adultos",004 Servicios de educación normal en la Ciudad de México,C00 Autoridad Educativa Federal en la Ciudad de México,E004,,,,,
09,1311.4,0.0,-1311.4,-1374.3,-100.0,desaparece,programa,"09 Infraestructura, Comunicaciones y Transportes","002 Supervisión, inspección y verificación del transporte terrestre, marítimo y aéreo",652 Centro SICT Zacatecas,G002,,,,,
48,1242.5,0.0,-1242.5,-1302.2,-100.0,desaparece,programa,48 Cultura,042 Servicios educativos culturales y artísticos,E00 Instituto Nacional de Bellas Artes y Literatura,E042,,,,,
07,6594.2,5374.3,-1219.9,-1536.4,-22.2,continúa,programa,07 Defensa Nacional,003 Programa de la Secretaría de la Defensa Nacional en Apoyo a la Seguridad Pública,111 Jefatura del Estado Mayor de la Defensa Nacional,A003,,,,,
23,1161.3,0.0,-1161.3,-1217.1,-100.0,desaparece,programa,23 Provisiones Salariales y Económicas,066 Programa de Separación Laboral,411 Unidad de Política y Control Presupuestario,R066,,,,,
22,3612.1,2479.9,-1132.2,-1305.6,-34.5,continúa,programa,22 Instituto Nacional Electoral,001 Gestión Administrativa,300 Juntas Distritales Ejecutivas,M001,,,,,
09,1103.1,0.0,-1103.1,-1156.0,-100.0,desaparece,programa,"09 Infraestructura, Comunicaciones y Transportes","013 Servicios de telecomunicaciones, satelitales, telegráficos y de transferencia de fondos",KCZ Financiera para el Bienestar,E013,,,,,
07,1091.6,0.0,-1091.6,-1144.0,-100.0,desaparece,programa,07 Defensa Nacional,020 Programa de justicia militar,136 Fiscalía General de Justicia Militar,A020,,,,,
07,1082.2,0.0,-1082.2,-1134.1,-100.0,desaparece,programa,07 Defensa Nacional,016 Programa de Becas para los hijos del Personal de las Fuerzas Armadas en activo,111 Jefatura del Estado Mayor de la Defensa Nacional,R016,,,,,
47,1051.2,0.0,-1051.2,-1101.7,-100.0,desaparece,programa,47 Entidades no Sectorizadas,013 Planeación y Articulación de la Acción Pública hacia los Pueblos Indígenas,AYB Instituto Nacional de los Pueblos Indígenas,P013,,,,,
22,8609.1,7572.2,-1036.9,-1450.1,-16.1,continúa,programa,22 Instituto Nacional Electoral,"009 Otorgamiento de prerrogativas a partidos políticos, fiscalización de sus recursos y administración de los tiempos del estado en radio y televisión",300 Juntas Distritales Ejecutivas,R009,,,,,
12,1031.7,0.0,-1031.7,-1081.2,-100.0,desaparece,programa,12 Salud,012 Rectoría en Salud,614 Dirección General de Evaluación del Desempeño,P012,,,,,
47,1023.9,0.0,-1023.9,-1073.1,-100.0,desaparece,programa,47 Entidades no Sectorizadas,033 Atención a Víctimas,AYJ Comisión Ejecutiva de Atención a Víctimas,E033,,,,,
07,1013.9,0.0,-1013.9,-1062.5,-100.0,desaparece,programa,07 Defensa Nacional,"018 Investigación, desarrollo y producción de vestuario y equipo militar y mantenimiento de infraestructura",113 Dirección General de Fábricas de Vestuario y Equipo,A018,,,,,
11,1013.5,0.0,-1013.5,-1062.1,-100.0,desaparece,programa,11 Educación Pública,013 Producción y transmisión de materiales educativos,418 Dirección General @prende.mx,E013,,,,,
22,2769.8,1834.6,-935.2,-1068.2,-36.8,continúa,programa,22 Instituto Nacional Electoral,"008 Dirección, soporte jurídico electoral y apoyo logístico",300 Juntas Distritales Ejecutivas,R008,,,,,
07,924.6,0.0,-924.6,-969.0,-100.0,desaparece,programa,07 Defensa Nacional,"001 Administración de la Infraestructura Aeroportuaria en Santa Lucía, Edo. Méx.","HZI Aeropuerto Internacional Felipe Ángeles, S.A. de C.V.",E001,,,,,
12,914.0,0.0,-914.0,-957.8,-100.0,desaparece,programa,12 Salud,"008 Prevención y Control de Sobrepeso, Obesidad y Diabetes",310 Dirección General de Promoción de la Salud,U008,,,,,
11,866.5,0.0,-866.5,-908.1,-100.0,desaparece,programa,11 Educación Pública,312 Expansión de la Educación Inicial,310 Dirección General de Gestión Escolar y Enfoque Territorial,S312,,,,,
15,846.6,0.0,-846.6,-887.2,-100.0,desaparece,programa,"15 Desarrollo Agrario, Territorial y Urbano",005 Política de Desarrollo Urbano y Ordenamiento del Territorio,514 Coordinación General de Desarrollo Metropolitano y Movilidad,P005,,,,,
04,838.9,0.0,-838.9,-879.1,-100.0,desaparece,programa,04 Gobernación,022 Protección y defensa de los derechos humanos,915 Dirección General para la Protección de Personas Defensoras de Derechos Humanos y Periodistas,P022,,,,,
12,835.7,0.0,-835.7,-875.8,-100.0,desaparece,programa,12 Salud,009 Vigilancia epidemiológica,316 Dirección General de Epidemiología,U009,,,,,
11,831.7,0.0,-831.7,-871.6,-100.0,desaparece,programa,11 Educación Pública,300 Fortalecimiento a la Excelencia Educativa,515 Dirección General de Educación Superior para el Magisterio,S300,,,,,
07,827.8,0.0,-827.8,-867.5,-100.0,desaparece,programa,07 Defensa Nacional,002 Prestación de Servicios Públicos de Transporte Masivo de Personas y Carga Tren Maya,"H0M Tren Maya, S.A. de C.V.",E002,,,,,
16,799.8,0.0,-799.8,-838.2,-100.0,desaparece,programa,16 Medio Ambiente y Recursos Naturales,003 Regulación Ambiental,"418 Dirección General de Gestión Forestal, Suelos y Ordenamiento Ecológico",G003,,,,,
11,792.4,0.0,-792.4,-830.4,-100.0,desaparece,programa,11 Educación Pública,295 Fortalecimiento de los Servicios de Educación Especial (PFSEE),312 Dirección General de Desarrollo Curricular,S295,,,,,
47,775.3,0.0,-775.3,-812.6,-100.0,desaparece,programa,47 Entidades no Sectorizadas,028 Protección y Defensa de los Contribuyentes,AYI Procuraduría de la Defensa del Contribuyente,E028,,,,,
14,767.1,0.0,-767.1,-803.9,-100.0,desaparece,programa,14 Trabajo y Previsión Social,001 Impartición de justicia laboral,110 Junta Federal de Conciliación y Arbitraje,E001,,,,,
06,766.5,0.0,-766.5,-803.3,-100.0,desaparece,programa,06 Hacienda y Crédito Público,003 Administración de los recursos y valores federales,614 Subtesorería de Planeación Financiera y Administración de la Liquidez,E003,,,,,
15,763.8,0.0,-763.8,-800.5,-100.0,desaparece,programa,"15 Desarrollo Agrario, Territorial y Urbano",001 Procuración de justicia agraria,QEZ Procuraduría Agraria,E001,,,,,
11,751.2,0.0,-751.2,-787.3,-100.0,desaparece,programa,11 Educación Pública,270 Programa Nacional de Inglés,310 Dirección General de Gestión Escolar y Enfoque Territorial,S270,,,,,
12,732.7,0.0,-732.7,-767.8,-100.0,desaparece,programa,12 Salud,013 Asistencia social y protección del paciente,171 Secretariado Técnico del Consejo Nacional de Salud,P013,,,,,
21,726.5,0.0,-726.5,-761.3,-100.0,desaparece,programa,21 Turismo,002 Fomento y promoción de la inversión en el sector turístico,W3N Fondo Nacional de Fomento al Turismo,F002,,,,,
TVV,704.8,0.0,-704.8,-738.6,-100.0,desaparece,programa,TVV CFE Consolidado,583 Servicios de infraestructura aplicable a telecomunicaciones,TVV CFE Consolidado,583 ,,,,,
TVV,688.6,0.0,-688.6,-721.6,-100.0,desaparece,programa,TVV CFE Consolidado,"586 Servicios de pruebas, soluciones de ingeniería especializada y de gestión de calidad",TVV CFE Consolidado,586 ,,,,,
12,688.4,0.0,-688.4,-721.4,-100.0,desaparece,programa,12 Salud,018 Prevención y control de enfermedades,316 Dirección General de Epidemiología,P018,,,,,
12,673.1,0.0,-673.1,-705.4,-100.0,desaparece,programa,12 Salud,004 Protección Contra Riesgos Sanitarios,S00 Comisión Federal para la Protección contra Riesgos Sanitarios,G004,,,,,
48,668.3,0.0,-668.3,-700.4,-100.0,desaparece,programa,48 Cultura,010 Servicios de Educación Superior y Posgrado,D00 Instituto Nacional de Antropología e Historia,E010,,,,,
09,2257.7,1589.4,-668.3,-776.7,-32.8,continúa,programa,"09 Infraestructura, Comunicaciones y Transportes",001 Actividades de apoyo administrativo,713 Dirección General de Tecnologías de Información y Comunicaciones,M001,,,,,
18,667.8,0.0,-667.8,-699.9,-100.0,desaparece,programa,18 Energía,"016 Investigación, desarrollo tecnológico y prestación de servicios en materia nuclear y eléctrica",T0Q Instituto Nacional de Investigaciones Nucleares,E016,,,,,
48,653.2,0.0,-653.2,-684.6,-100.0,desaparece,programa,48 Cultura,"282 Estímulos a la creación artística, reconocimientos a las trayectorias y apoyo al desarrollo de proyectos culturales",300 Subsecretaría de Diversidad Cultural y Fomento a la Lectura,U282,,,,,
11,651.2,0.0,-651.2,-682.4,-100.0,desaparece,programa,11 Educación Pública,017 Atención al deporte,L6I Comisión Nacional de Cultura Física y Deporte,E017,,,,,
09,633.2,0.0,-633.2,-663.6,-100.0,desaparece,programa,"09 Infraestructura, Comunicaciones y Transportes","001 Definición, conducción y supervisión de la política de comunicaciones y transportes",652 Centro SICT Zacatecas,P001,,,,,
12,614.7,0.0,-614.7,-644.3,-100.0,desaparece,programa,12 Salud,016 Prevención y atención de VIH/SIDA y otras ITS,NDE Instituto Nacional de Perinatología Isidro Espinosa de los Reyes,P016,,,,,
GYN,613.9,0.0,-613.9,-643.4,-100.0,desaparece,programa,GYN Instituto de Seguridad y Servicios Sociales de los Trabajadores del Estado,021 Pensiones por Invalidez,GYN Instituto de Seguridad y Servicios Sociales de los Trabajadores del Estado,021 ,,,,,
43,609.3,0.0,-609.3,-638.5,-100.0,desaparece,programa,43 Instituto Federal de Telecomunicaciones,004 Regulación y supervisión de redes e infraestructura de telecomunicaciones y radiodifusión,225 Unidad de Cumplimiento,G004,,,,,
14,608.4,0.0,-608.4,-637.6,-100.0,desaparece,programa,14 Trabajo y Previsión Social,005 Ejecución a nivel nacional de acciones de promoción y vigilancia de los derechos laborales,671 Oficina de Representación Federal del Trabajo en la Ciudad de México,E005,,,,,
31,602.3,0.0,-602.3,-631.2,-100.0,desaparece,programa,31 Tribunales Agrarios,001 Resolución de asuntos relativos a conflictos y controversias por la posesión y usufructo de la tierra,200 Tribunales Unitarios Agrarios,E001,,,,,
GYN,583.8,0.0,-583.8,-611.8,-100.0,desaparece,programa,GYN Instituto de Seguridad y Servicios Sociales de los Trabajadores del Estado,024 Pensiones por Cesantía,GYN Instituto de Seguridad y Servicios Sociales de los Trabajadores del Estado,024 ,,,,,
06,559.3,0.0,-559.3,-586.2,-100.0,desaparece,programa,06 Hacienda y Crédito Público,002 Diseño y conducción de la política de gasto público,"420 Dirección General de Programación y Presupuesto ""C""",P002,,,,,
16,548.9,0.0,-548.9,-575.3,-100.0,desaparece,programa,16 Medio Ambiente y Recursos Naturales,"002 Planeación, Seguimiento y Evaluación de la Política Ambiental y de Recursos Naturales","418 Dirección General de Gestión Forestal, Suelos y Ordenamiento Ecológico",P002,,,,,
06,542.9,0.0,-542.9,-568.9,-100.0,desaparece,programa,06 Hacienda y Crédito Público,011 Protección y Defensa de los Usuarios de Servicios Financieros,G3A Comisión Nacional para la Protección y Defensa de los Usuarios de Servicios Financieros,E011,,,,,
09,538.8,0.0,-538.8,-564.7,-100.0,desaparece,programa,"09 Infraestructura, Comunicaciones y Transportes",001 Regulación y supervisión del programa de protección y medicina preventiva en transporte multimodal,652 Centro SICT Zacatecas,G001,,,,,
36,535.8,0.0,-535.8,-561.5,-100.0,desaparece,programa,36 Seguridad y Protección Ciudadana,"001 Implementar las políticas, programas y acciones tendientes a garantizar la seguridad pública de la Nación y sus habitantes",231 Secretaría Técnica de las Conferencias Nacionales de Secretarios de Seguridad Pública y del Sistema Penitenciario,P001,,,,,
47,525.6,0.0,-525.6,-550.8,-100.0,desaparece,programa,47 Entidades no Sectorizadas,010 Fortalecimiento de la Igualdad Sustantiva entre Mujeres y Hombres,HHG Instituto Nacional de las Mujeres,P010,,,,,
05,524.2,0.0,-524.2,-549.4,-100.0,desaparece,programa,05 Relaciones Exteriores,"002 Atención, protección, servicios y asistencia consulares",611 Dirección General de Oficinas de Pasaportes,E002,,,,,
TYY,515.4,0.0,-515.4,-540.2,-100.0,desaparece,programa,TYY Pemex Consolidado,014 Prestación de servicios de telecomunicaciones internos a PEMEX,TYY Pemex Consolidado,014 ,,,,,
TVV,504.0,0.0,-504.0,-528.2,-100.0,desaparece,programa,TVV CFE Consolidado,028 Estudios de preinversión,TVV CFE Consolidado,028 ,,,,,
10,492.7,0.0,-492.7,-516.3,-100.0,desaparece,programa,10 Economía,"002 Negociación, administración y defensa de Tratados y Acuerdos Internacionales de comercio e inversión",522 Dirección General de Disciplinas de Comercio Internacional,P002,,,,,
41,489.1,0.0,-489.1,-512.5,-100.0,desaparece,programa,41 Comisión Federal de Competencia Económica,006 Prevención y eliminación de prácticas y concentraciones monopólicas y demás restricciones a la competencia y libre concurrencia,700 Secretaría Técnica,G006,,,,,
04,484.7,0.0,-484.7,-508.0,-100.0,desaparece,programa,04 Gobernación,"012 Programa de Apoyo para Refugios Especializados para Mujeres Víctimas de Violencia de Género, sus hijas e hijos",V00 Comisión Nacional para Prevenir y Erradicar la Violencia Contra las Mujeres,U012,,,,,
43,476.1,0.0,-476.1,-499.0,-100.0,desaparece,programa,43 Instituto Federal de Telecomunicaciones,001 Fortalecimiento e innovación institucional para el desarrollo de los sectores de Telecomunicaciones y Radiodifusión,240 Unidad de Administración,E001,,,,,
06,448.3,0.0,-448.3,-469.8,-100.0,desaparece,programa,06 Hacienda y Crédito Público,001 Diseño de la política de ingresos,218 Unidad de Política de Ingresos no Tributarios y sobre Hidrocarburos,P001,,,,,
14,447.6,0.0,-447.6,-469.1,-100.0,desaparece,programa,14 Trabajo y Previsión Social,012 Servicio de Conciliación Federal y Registros Laborales,PBE Centro Federal de Conciliación y Registro Laboral,E012,,,,,
36,436.0,0.0,-436.0,-456.9,-100.0,desaparece,programa,36 Seguridad y Protección Ciudadana,002 Plataforma México,"212 Dirección General de Gestión de Servicios, Ciberseguridad y Desarrollo Tecnológico",R002,,,,,
47,419.6,0.0,-419.6,-439.7,-100.0,desaparece,programa,47 Entidades no Sectorizadas,"010 Programa para el Adelanto, Bienestar e Igualdad de las Mujeres",HHG Instituto Nacional de las Mujeres,S010,,,,,
44,417.2,0.0,-417.2,-437.2,-100.0,desaparece,programa,"44 Instituto Nacional de Transparencia, Acceso a la Información y Protección de Datos Personales",001 Garantizar el óptimo cumplimiento de los derechos de acceso a la información pública y la protección de datos personales,100 Presidencia,E001,,,,,
01,3239.2,2822.6,-416.6,-572.1,-16.9,continúa,programa,01 Poder Legislativo,"002 Entregar a la Cámara de Diputados del H. Congreso de la Unión, el informe sobre la revisión de la Cuenta de la Hacienda Pública Federal",101 Auditoría Superior de la Federación,R002,,,,,
06,409.5,0.0,-409.5,-429.2,-100.0,desaparece,programa,06 Hacienda y Crédito Público,003 Diseño y aplicación de la política económica,211 Unidad de Planeación Económica de la Hacienda Pública,P003,,,,,
19,400.0,0.0,-400.0,-419.2,-100.0,desaparece,programa,19 Aportaciones a Seguridad Social,017 Fondo de Reserva para el Retiro IMSS,"420 Dirección General de Programación y Presupuesto ""C""",J017,,,,,
12,4233.5,3842.1,-391.4,-594.6,-13.4,continúa,programa,12 Salud,001 Actividades de apoyo administrativo,618 Dirección General de Modernización del Sector Salud,M001,,,,,
22,2030.1,1643.2,-386.9,-484.4,-22.8,continúa,programa,22 Instituto Nacional Electoral,011 Tecnologías de información y comunicaciones,300 Juntas Distritales Ejecutivas,R011,,,,,
06,380.0,0.0,-380.0,-398.2,-100.0,desaparece,programa,06 Hacienda y Crédito Público,021 Administración del Fondo de Pensiones,HKA Instituto para Devolver al Pueblo lo Robado,R021,,,,,
18,373.7,0.0,-373.7,-391.7,-100.0,desaparece,programa,18 Energía,001 Conducción de la política energética,"213 Dirección General de Investigación, Desarrollo Tecnológico y Formación de Recursos Humanos",P001,,,,,
04,365.5,0.0,-365.5,-383.1,-100.0,desaparece,programa,04 Gobernación,010 Impartición de justicia laboral para los trabajadores al servicio del Estado,F00 Tribunal Federal de Conciliación y Arbitraje,E010,,,,,
10,361.6,0.0,-361.6,-378.9,-100.0,desaparece,programa,10 Economía,005 Protección de los derechos de los consumidores,LAT Procuraduría Federal del Consumidor,E005,,,,,
10,353.2,0.0,-353.2,-370.2,-100.0,desaparece,programa,10 Economía,003 Vigilancia del cumplimiento de la normatividad y fortalecimiento de la certeza jurídica entre proveedores y consumidores,LAT Procuraduría Federal del Consumidor,G003,,,,,
06,348.1,0.0,-348.1,-364.8,-100.0,desaparece,programa,06 Hacienda y Crédito Público,004 Asesoría jurídica y representación judicial y administrativa de la SHCP,513 Subprocuraduría Fiscal Federal de Investigaciones,P004,,,,,
19,339.8,0.0,-339.8,-356.1,-100.0,desaparece,programa,19 Aportaciones a Seguridad Social,023 Adeudos con el IMSS e ISSSTE y fortalecimiento del Modelo de Atención Integral de Salud,"420 Dirección General de Programación y Presupuesto ""C""",R023,,,,,
04,334.9,0.0,-334.9,-351.0,-100.0,desaparece,programa,04 Gobernación,155 Programa de Apoyo a las Instancias de Mujeres en las Entidades Federativas (PAIMEF),V00 Comisión Nacional para Prevenir y Erradicar la Violencia Contra las Mujeres,S155,,,,,
10,326.6,0.0,-326.6,-342.2,-100.0,desaparece,programa,10 Economía,"006 Planeación, elaboración y seguimiento de las políticas y programas de la dependencia",534 Dirección General de Financiamiento y Apoyo,P006,,,,,
11,4198.5,3878.4,-320.1,-521.6,-11.9,continúa,programa,11 Educación Pública,028 Servicios de normalización y certificación en competencias laborales,613 Dirección General de Centros de Formación para el Trabajo,E028,,,,,
20,312.0,0.0,-312.0,-326.9,-100.0,desaparece,programa,20 Bienestar,003 Servicios a grupos con necesidades especiales,V3A Instituto Nacional de las Personas Adultas Mayores,E003,,,,,
04,307.2,0.0,-307.2,-322.0,-100.0,desaparece,programa,04 Gobernación,015 Promover la atención y prevención de la violencia contra las mujeres,V00 Comisión Nacional para Prevenir y Erradicar la Violencia Contra las Mujeres,E015,,,,,
TYY,300.9,0.0,-300.9,-315.4,-100.0,desaparece,programa,TYY Pemex Consolidado,030 Otros proyectos de infraestructura,TYY Pemex Consolidado,030 ,,,,,
TYY,300.2,0.0,-300.2,-314.7,-100.0,desaparece,programa,TYY Pemex Consolidado,028 Estudios de preinversión,TYY Pemex Consolidado,028 ,,,,,
10,299.3,0.0,-299.3,-313.6,-100.0,desaparece,programa,10 Economía,002 Generación y difusión de información para el consumidor,LAT Procuraduría Federal del Consumidor,B002,,,,,
10,297.9,0.0,-297.9,-312.2,-100.0,desaparece,programa,10 Economía,"009 Promoción y fomento del desarrollo y la innovación de los sectores industrial, comercial y de servicios",540 Unidad de Fomento y Crecimiento Económico,P009,,,,,
18,297.2,0.0,-297.2,-311.5,-100.0,desaparece,programa,18 Energía,002 Recursos destinados a la transición e investigación en materia energética,211 Dirección General de Energías Limpias,R002,,,,,
GYN,296.1,0.0,-296.1,-310.3,-100.0,desaparece,programa,GYN Instituto de Seguridad y Servicios Sociales de los Trabajadores del Estado,"046 Servicios Deportivos, Culturales, Turísticos y Funerarios",GYN Instituto de Seguridad y Servicios Sociales de los Trabajadores del Estado,046 ,,,,,
16,288.0,0.0,-288.0,-301.9,-100.0,desaparece,programa,16 Medio Ambiente y Recursos Naturales,"007 Infraestructura de agua potable, alcantarillado y saneamiento",B00 Comisión Nacional del Agua,K007,,,,,
21,286.9,0.0,-286.9,-300.7,-100.0,desaparece,programa,21 Turismo,005 Programa de Calidad y Atención Integral al Turismo,417 Dirección General de Servicios al Turista Ángeles Verdes,E005,,,,,
04,284.8,0.0,-284.8,-298.4,-100.0,desaparece,programa,04 Gobernación,012 Registro e Identificación de Población,941 Dirección General del Registro Nacional de Población e Identidad,E012,,,,,
09,423.8,146.4,-277.4,-297.7,-67.0,continúa,programa,"09 Infraestructura, Comunicaciones y Transportes",008 Supervisión y verificación de concesiones en telecomunicaciones,J4Q Organismo Promotor de Inversiones en Telecomunicaciones,G008,,,,,
09,277.3,0.0,-277.3,-290.6,-100.0,desaparece,programa,"09 Infraestructura, Comunicaciones y Transportes",041 Proyectos de Transporte Masivo de Pasajeros,215 Dirección General de Desarrollo Ferroviario y Multimodal,K041,,,,,
36,270.9,0.0,-270.9,-283.9,-100.0,desaparece,programa,36 Seguridad y Protección Ciudadana,002 Coordinación con las instancias que integran el Sistema Nacional de Seguridad Pública,G00 Secretariado Ejecutivo del Sistema Nacional de Seguridad Pública,P002,,,,,
16,266.0,0.0,-266.0,-278.8,-100.0,desaparece,programa,16 Medio Ambiente y Recursos Naturales,030 Regulación Socioambiental,618 Dirección General de Gestión Integral de Materiales y Actividades Riesgosas,G030,,,,,
20,812.9,556.3,-256.6,-295.6,-34.7,continúa,programa,20 Bienestar,001 Actividades de apoyo administrativo,414 Dirección General de Procesos y Estructuras Organizacionales,M001,,,,,
43,250.9,0.0,-250.9,-263.0,-100.0,desaparece,programa,43 Instituto Federal de Telecomunicaciones,001 Actividades de apoyo administrativo,240 Unidad de Administración,M001,,,,,
04,247.4,0.0,-247.4,-259.3,-100.0,desaparece,programa,04 Gobernación,"026 Determinación, ejecución y seguimiento a las acciones de búsqueda de Personas Desaparecidas y No Localizadas",X00 Comisión Nacional de Búsqueda de Personas,P026,,,,,
13,244.5,0.0,-244.5,-256.2,-100.0,desaparece,programa,13 Marina,030 Desarrollo de Infraestructura Aeroportuaria,"KDH Grupo Aeroportuario de la Ciudad de México, S.A. de C.V.",E030,,,,,
TVV,239.4,0.0,-239.4,-250.9,-100.0,desaparece,programa,TVV CFE Consolidado,552 Planeación Estratégica de la Comisión Federal de Electricidad,TVV CFE Consolidado,552 ,,,,,
23,237.1,0.0,-237.1,-248.5,-100.0,desaparece,programa,23 Provisiones Salariales y Económicas,002 Fondo de Prevención de Desastres Naturales (FOPREDEN),411 Unidad de Política y Control Presupuestario,N002,,,,,
25,4698.0,4461.7,-236.3,-461.8,-9.4,continúa,programa,"25 Previsiones y Aportaciones para los Sistemas de Educación Básica, Normal, Tecnológica y de Adultos",001 Actividades de apoyo administrativo,C00 Autoridad Educativa Federal en la Ciudad de México,M001,,,,,
47,234.4,0.0,-234.4,-245.7,-100.0,desaparece,programa,47 Entidades no Sectorizadas,036 Producción y Difusión de Materiales Audiovisuales,AYL Sistema Público de Radiodifusión del Estado Mexicano,E036,,,,,
49,349.2,115.2,-234.0,-250.8,-68.5,continúa,programa,49 Fiscalía General de la República,008 Representar jurídicamente a la Fiscalía General de la República,120 Unidad de Vinculación con el Congreso de la Unión,E008,,,,,
20,230.1,0.0,-230.1,-241.2,-100.0,desaparece,programa,20 Bienestar,003 Evaluación de los programas sociales,VQZ Consejo Nacional de Evaluación de la Política de Desarrollo Social,P003,,,,,
11,229.0,0.0,-229.0,-240.0,-100.0,desaparece,programa,11 Educación Pública,047 Programa de mantenimiento e infraestructura física educativa,MGC Patronato de Obras e Instalaciones del Instituto Politécnico Nacional,E047,,,,,
14,225.5,0.0,-225.5,-236.4,-100.0,desaparece,programa,14 Trabajo y Previsión Social,001 Instrumentación de la política laboral,300 Subsecretaría de Empleo y Productividad Laboral,P001,,,,,
14,222.4,0.0,-222.4,-233.0,-100.0,desaparece,programa,14 Trabajo y Previsión Social,002 Procuración de justicia laboral,A00 Procuraduría Federal de la Defensa del Trabajo,E002,,,,,
GYR,221.5,0.0,-221.5,-232.2,-100.0,desaparece,programa,GYR Instituto Mexicano del Seguro Social,028 Estudios de preinversión,GYR Instituto Mexicano del Seguro Social,028 ,,,,,
47,221.5,0.0,-221.5,-232.1,-100.0,desaparece,programa,47 Entidades no Sectorizadas,"016 Planeación, diseño, ejecución y evaluación del Sistema Nacional de Mejora Continua de la Educación",AYN Comisión Nacional para la Mejora Continua de la Educación,P016,,,,,
47,219.3,0.0,-219.3,-229.8,-100.0,desaparece,programa,47 Entidades no Sectorizadas,002 Preservación y divulgación del patrimonio documental que resguarda el Archivo General de la Nación y de la memoria histórica de México,EZN Archivo General de la Nación,E002,,,,,
16,217.6,0.0,-217.6,-228.1,-100.0,desaparece,programa,16 Medio Ambiente y Recursos Naturales,025 Proyectos de inmuebles (oficinas administrativas),"512 Dirección General de Recursos Materiales, Inmuebles y Servicios",K025,,,,,
GYN,215.4,0.0,-215.4,-225.8,-100.0,desaparece,programa,GYN Instituto de Seguridad y Servicios Sociales de los Trabajadores del Estado,049 Servicios Integrales a Pensionados,GYN Instituto de Seguridad y Servicios Sociales de los Trabajadores del Estado,049 ,,,,,
10,213.5,0.0,-213.5,-223.8,-100.0,desaparece,programa,10 Economía,007 Producción de información geológica del territorio nacional,LAU Servicio Geológico Mexicano,E007,,,,,
31,213.1,0.0,-213.1,-223.4,-100.0,desaparece,programa,31 Tribunales Agrarios,002 Resolución de juicios agrarios dotatorios de tierras y los recursos de revisión,100 Tribunal Superior Agrario,E002,,,,,
40,210.0,0.0,-210.0,-220.1,-100.0,desaparece,programa,40 Información Nacional Estadística y Geográfica,005 Censos Económicos,100 Instituto Nacional de Estadística y Geografía,P005,,,,,
16,208.4,0.0,-208.4,-218.4,-100.0,desaparece,programa,16 Medio Ambiente y Recursos Naturales,040 Programa para la Protección y Restauración de Ecosistemas y Especies Prioritarias,F00 Comisión Nacional de Áreas Naturales Protegidas,U040,,,,,
15,205.3,0.0,-205.3,-215.1,-100.0,desaparece,programa,"15 Desarrollo Agrario, Territorial y Urbano",002 Programa de Atención de Conflictos Agrarios,211 Dirección General de Concertación Agraria y Mediación,E002,,,,,
48,201.8,0.0,-201.8,-211.5,-100.0,desaparece,programa,48 Cultura,022 Servicios Cinematográficos,MDC Instituto Mexicano de Cinematografía,E022,,,,,
16,194.9,0.0,-194.9,-204.2,-100.0,desaparece,programa,16 Medio Ambiente y Recursos Naturales,005 Inspección y Vigilancia del Medio Ambiente y Recursos Naturales,E00 Procuraduría Federal de Protección al Ambiente,G005,,,,,
16,193.9,0.0,-193.9,-203.2,-100.0,desaparece,programa,16 Medio Ambiente y Recursos Naturales,009 Investigación científica y tecnológica,RJE Instituto Mexicano de Tecnología del Agua,E009,,,,,
06,192.9,0.0,-192.9,-202.2,-100.0,desaparece,programa,06 Hacienda y Crédito Público,"001 Producción de impresos valorados, no valorados, numerados y de seguridad",713 Dirección General de Talleres de Impresión de Estampillas y Valores,B001,,,,,
19,190.0,0.0,-190.0,-199.1,-100.0,desaparece,programa,19 Aportaciones a Seguridad Social,013 Compensaciones de Carácter Militar con Pago único,411 Unidad de Política y Control Presupuestario,R013,,,,,
22,397.5,211.0,-186.5,-205.6,-49.4,continúa,programa,22 Instituto Nacional Electoral,010 Vinculación con la sociedad,118 Unidad Técnica de Transparencia y Protección de Datos Personales,R010,,,,,
47,181.7,0.0,-181.7,-190.4,-100.0,desaparece,programa,47 Entidades no Sectorizadas,"013 Producción y transmisión de materiales Radiofónicos de contenidos informativo, educativo, cultural, de orientación, servicio y participación social, y recreativos",MDL Instituto Mexicano de la Radio,E013,,,,,
44,178.4,0.0,-178.4,-186.9,-100.0,desaparece,programa,"44 Instituto Nacional de Transparencia, Acceso a la Información y Protección de Datos Personales",002 Promover el pleno ejercicio de los derechos de acceso a la información pública y de protección de datos personales,100 Presidencia,E002,,,,,
48,177.8,0.0,-177.8,-186.4,-100.0,desaparece,programa,48 Cultura,"021 Investigación Científica, Arqueológica y Antropológica",D00 Instituto Nacional de Antropología e Historia,E021,,,,,
10,176.9,0.0,-176.9,-185.4,-100.0,desaparece,programa,10 Economía,"007 Regulación, modernización y promoción de la actividad minera",611 Dirección General de Desarrollo Minero,G007,,,,,
36,176.0,0.0,-176.0,-184.5,-100.0,desaparece,programa,36 Seguridad y Protección Ciudadana,001 Coordinación del Sistema Nacional de Protección Civil,"163 Dirección General de Vinculación, Innovación y Normativa en Protección Civil",N001,,,,,
27,174.3,0.0,-174.3,-182.7,-100.0,desaparece,programa,27 Función Pública,006 Combate a la impunidad,323 Unidad Investigadora,O006,,,,,
11,173.4,0.0,-173.4,-181.7,-100.0,desaparece,programa,11 Educación Pública,016 Producción y distribución de libros y materiales culturales,MAR Fondo de Cultura Económica,E016,,,,,
20,170.0,0.0,-170.0,-178.2,-100.0,desaparece,programa,20 Bienestar,001 Diseño y Conducción de la Política Pública de Desarrollo Social,300 Subsecretaría de Inclusión Productiva y Desarrollo Rural,P001,,,,,
15,169.4,0.0,-169.4,-177.5,-100.0,desaparece,programa,"15 Desarrollo Agrario, Territorial y Urbano",003 Ordenamiento y regulación de la propiedad rural,210 Dirección General de Ordenamiento de la Propiedad Rural,E003,,,,,
16,169.3,0.0,-169.3,-177.4,-100.0,desaparece,programa,16 Medio Ambiente y Recursos Naturales,"015 Investigación en Cambio Climático, Sustentabilidad y Crecimiento Verde",RJJ Instituto Nacional de Ecología y Cambio Climático,E015,,,,,
23,166.2,0.0,-166.2,-174.1,-100.0,desaparece,programa,23 Provisiones Salariales y Económicas,007 Comisiones y pago a CECOBAN,411 Unidad de Política y Control Presupuestario,R007,,,,,
27,163.8,0.0,-163.8,-171.6,-100.0,desaparece,programa,27 Función Pública,006 Regulación del proceso de compras y contrataciones,705 Unidad de Normatividad de Contrataciones Públicas,G006,,,,,
GYN,162.5,0.0,-162.5,-170.3,-100.0,desaparece,programa,GYN Instituto de Seguridad y Servicios Sociales de los Trabajadores del Estado,027 Indemnizaciones Globales,GYN Instituto de Seguridad y Servicios Sociales de los Trabajadores del Estado,027 ,,,,,
10,161.3,0.0,-161.3,-169.0,-100.0,desaparece,programa,10 Economía,006 Desarrollo tecnológico y prestación de servicios metrológicos para la competitividad,K2H Centro Nacional de Metrología,E006,,,,,
07,153.4,0.0,-153.4,-160.8,-100.0,desaparece,programa,07 Defensa Nacional,900 Programa de igualdad entre mujeres y hombres SDN,139 Dirección General de Derechos Humanos,A900,,,,,
21,152.4,0.0,-152.4,-159.7,-100.0,desaparece,programa,21 Turismo,001 Planeación y conducción de la política de turismo,812 Dirección General de Política Turística,P001,,,,,
09,148.9,0.0,-148.9,-156.1,-100.0,desaparece,programa,"09 Infraestructura, Comunicaciones y Transportes","015 Investigación, estudios, proyectos y capacitación en materia de transporte",A00 Instituto Mexicano del Transporte,E015,,,,,
27,147.3,0.0,-147.3,-154.3,-100.0,desaparece,programa,27 Función Pública,005 Políticas de austeridad republicana y eficacia gubernamental,511 Dirección General de Tecnologías de Información,O005,,,,,
04,147.1,0.0,-147.1,-154.1,-100.0,desaparece,programa,04 Gobernación,024 Promover la Protección de los Derechos Humanos y Prevenir la Discriminación,EZQ Consejo Nacional para Prevenir la Discriminación,P024,,,,,
16,145.4,0.0,-145.4,-152.4,-100.0,desaparece,programa,16 Medio Ambiente y Recursos Naturales,"031 Regulación, Gestión y Supervisión del Sector Hidrocarburos",G00 Agencia Nacional de Seguridad Industrial y de Protección al Medio Ambiente del Sector Hidrocarburos,G031,,,,,
08,2317.1,2172.6,-144.4,-255.7,-10.5,continúa,programa,08 Agricultura y Desarrollo Rural,001 Actividades de apoyo administrativo,811 Dirección General del Servicio de Información Agroalimentaria y Pesquera,M001,,,,,
09,143.8,0.0,-143.8,-150.8,-100.0,desaparece,programa,"09 Infraestructura, Comunicaciones y Transportes",004 Supervisión y verificación de concesiones en telecomunicaciones,J4Q Organismo Promotor de Inversiones en Telecomunicaciones,G004,,,,,
16,143.4,0.0,-143.4,-150.3,-100.0,desaparece,programa,16 Medio Ambiente y Recursos Naturales,006 Sistemas Meteorológicos e Hidrológicos,B00 Comisión Nacional del Agua,E006,,,,,
48,143.1,0.0,-143.1,-150.0,-100.0,desaparece,programa,48 Cultura,013 Producción y transmisión de materiales culturales y artísticos,"MHL Televisión Metropolitana, S.A. de C.V.",E013,,,,,
21,142.4,0.0,-142.4,-149.2,-100.0,desaparece,programa,21 Turismo,007 Conservación y mantenimiento a los CIP's,"W3S FONATUR Infraestructura, S.A. de C.V.",E007,,,,,
15,142.0,0.0,-142.0,-148.8,-100.0,desaparece,programa,"15 Desarrollo Agrario, Territorial y Urbano",003 Modernización del Catastro Rural Nacional,B00 Registro Agrario Nacional,P003,,,,,
43,141.7,0.0,-141.7,-148.5,-100.0,desaparece,programa,43 Instituto Federal de Telecomunicaciones,008 Promoción de la competencia económica en los sectores de telecomunicaciones y radiodifusión,226 Unidad de Competencia Económica,G008,,,,,
07,140.6,0.0,-140.6,-147.3,-100.0,desaparece,programa,07 Defensa Nacional,"022 Investigación y desarrollo militar en coordinación con universidades públicas, instituciones públicas de educación superior y/o demás centros públicos de investigación superior",115 Dirección General de Educación Militar y Rectoría de la Universidad del Ejército y Fuerza Aérea,A022,,,,,
44,140.0,0.0,-140.0,-146.7,-100.0,desaparece,programa,"44 Instituto Nacional de Transparencia, Acceso a la Información y Protección de Datos Personales","003 Coordinar el Sistema Nacional de Transparencia y Protección de Datos personales, así como ser miembro del Sistema Nacional Anticorrupción, del Sistema Nacional de Archivos y demás colegiados que establezcan las normas vigentes",100 Presidencia,E003,,,,,
43,138.1,0.0,-138.1,-144.7,-100.0,desaparece,programa,43 Instituto Federal de Telecomunicaciones,010 Regulación de los servicios de Telecomunicaciones y Radiodifusión y fortalecimiento de los derechos de sus usuarios y audiencias,229 Coordinación General de Política del Usuario,G010,,,,,
10,135.0,0.0,-135.0,-141.5,-100.0,desaparece,programa,10 Economía,003 Promoción del comercio exterior y atracción de inversión extranjera directa,531 Dirección General de Inversión Extranjera,F003,,,,,
27,130.1,0.0,-130.1,-136.4,-100.0,desaparece,programa,27 Función Pública,002 Fiscalización a la gestión pública,212 Unidad de Planeación y Fiscalización del Patrimonio Público Federal,O002,,,,,
13,129.1,0.0,-129.1,-135.3,-100.0,desaparece,programa,13 Marina,"003 Adquisición, contratación y desarrollo de programas para impulsar el turismo de bajo impacto ambiental",218 Unidad de la Gubernatura del Archipiélago Islas Marías,E003,,,,,
27,129.0,0.0,-129.0,-135.1,-100.0,desaparece,programa,27 Función Pública,003 Gobierno Eficaz y Probidad,411 Unidad de Política de Recursos Humanos de la Administración Pública Federal,O003,,,,,
10,125.1,0.0,-125.1,-131.1,-100.0,desaparece,programa,10 Economía,"001 Supervisión aplicación y actualización del marco normativo y operativo en materia de Infraestructura de la Calidad, Mercantil, Competitividad y Competencia",192 Dirección General de Normatividad Mercantil,G001,,,,,
05,122.1,0.0,-122.1,-127.9,-100.0,desaparece,programa,05 Relaciones Exteriores,"001 Coordinación, promoción y ejecución de la Cooperación internacional para el desarrollo",K00 Agencia Mexicana de Cooperación Internacional para el Desarrollo,P001,,,,,
49,396.4,277.7,-118.7,-137.8,-33.2,continúa,programa,49 Fiscalía General de la República,013 Promover la formación profesional y capacitación del capital humano,814 Unidad de Servicio Profesional de Carrera,E013,,,,,
19,180.0,61.7,-118.3,-126.9,-67.3,continúa,programa,19 Aportaciones a Seguridad Social,010 Apoyo a jubilados del IMSS e ISSSTE,"411 Unidad de Diseño Presupuestario, Control y Seguimiento del Gasto",R010,,,,,
16,118.1,0.0,-118.1,-123.8,-100.0,desaparece,programa,16 Medio Ambiente y Recursos Naturales,016 Conservación y Manejo de Áreas Naturales Protegidas,F00 Comisión Nacional de Áreas Naturales Protegidas,E016,,,,,
07,117.8,0.0,-117.8,-123.4,-100.0,desaparece,programa,07 Defensa Nacional,023 Salud y producción animal,147 Dirección General de Veterinaria y Remonta,A023,,,,,
11,117.0,0.0,-117.0,-122.6,-100.0,desaparece,programa,11 Educación Pública,068 Educación Física de Excelencia,617 Dirección General de Bachillerato Tecnológico de Educación y Promoción Deportiva,E068,,,,,
37,116.1,0.0,-116.1,-121.6,-100.0,desaparece,programa,37 Consejería Jurídica del Ejecutivo Federal,001 Asesoramiento en materia jurídica al Presidente de la Republica y al Gobierno Federal,114 Consejería Adjunta de Control Constitucional y de lo Contencioso,P001,,,,,
GYN,116.0,0.0,-116.0,-121.6,-100.0,desaparece,programa,GYN Instituto de Seguridad y Servicios Sociales de los Trabajadores del Estado,015 Investigación y Desarrollo Tecnológico en Salud,GYN Instituto de Seguridad y Servicios Sociales de los Trabajadores del Estado,015 ,,,,,
06,115.6,0.0,-115.6,-121.2,-100.0,desaparece,programa,06 Hacienda y Crédito Público,007 Optimización de los inmuebles federales y valuación de los bienes nacionales,A00 Instituto de Administración y Avalúos de Bienes Nacionales,O007,,,,,
47,109.5,0.0,-109.5,-114.8,-100.0,desaparece,programa,47 Entidades no Sectorizadas,006 Investigación y desarrollo tecnológico en salud de Centros y Hospitales Regionales de Alta Especialidad,AYO Servicios de Salud del Instituto Mexicano del Seguro Social para el Bienestar (IMSS-BIENESTAR),E006,,,,,
06,104.3,0.0,-104.3,-109.4,-100.0,desaparece,programa,06 Hacienda y Crédito Público,"008 Administración, restauración y difusión del acervo patrimonial y documental de la SHCP",715 Dirección General de la Conservaduría de Palacio Nacional y Patrimonio Cultural,E008,,,,,
01,14503.7,14402.7,-101.0,-797.2,-5.2,continúa,programa,01 Poder Legislativo,001 Actividades derivadas del trabajo legislativo,200 H. Cámara de Senadores,R001,,,,,
14,101.0,0.0,-101.0,-105.8,-100.0,desaparece,programa,14 Trabajo y Previsión Social,016 Articulación de Políticas Integrales de Juventud,VUY Instituto Mexicano de la Juventud,E016,,,,,
12,100.9,0.0,-100.9,-105.8,-100.0,desaparece,programa,12 Salud,"041 Protección y restitución de los derechos de las niñas, niños y adolescentes",NHK Sistema Nacional para el Desarrollo Integral de la Familia,E041,,,,,
47,100.0,0.0,-100.0,-104.8,-100.0,desaparece,programa,47 Entidades no Sectorizadas,024 Otros proyectos de infraestructura gubernamental,AYL Sistema Público de Radiodifusión del Estado Mexicano,K024,,,,,
18,97.3,0.0,-97.3,-101.9,-100.0,desaparece,programa,18 Energía,003 Regulación y supervisión de actividades nucleares y radiológicas,A00 Comisión Nacional de Seguridad Nuclear y Salvaguardias,G003,,,,,
47,153.7,57.8,-95.9,-103.3,-64.1,continúa,programa,47 Entidades no Sectorizadas,001 Actividades de apoyo a la función pública y buen gobierno,MDL Instituto Mexicano de la Radio,O001,,,,,
15,117.3,23.6,-93.7,-99.4,-80.8,continúa,programa,"15 Desarrollo Agrario, Territorial y Urbano",001 Obligaciones jurídicas Ineludibles,110 Unidad de Asuntos Jurídicos,L001,,,,,
14,462.7,369.3,-93.4,-115.6,-23.8,continúa,programa,14 Trabajo y Previsión Social,001 Actividades de apoyo administrativo,513 Dirección General de Tecnologías de la Información,M001,,,,,
44,91.9,0.0,-91.9,-96.3,-100.0,desaparece,programa,"44 Instituto Nacional de Transparencia, Acceso a la Información y Protección de Datos Personales",001 Actividades de apoyo administrativo,210 Dirección General de Administración,M001,,,,,
21,91.2,0.0,-91.2,-95.6,-100.0,desaparece,programa,21 Turismo,005 Desarrollo y promoción de proyectos turísticos sustentables,811 Dirección General de Gestión Social de Destinos,F005,,,,,
41,89.6,0.0,-89.6,-93.9,-100.0,desaparece,programa,41 Comisión Federal de Competencia Económica,001 Actividades de Apoyo Administrativo,120 Dirección General de Administración,M001,,,,,
45,88.9,0.0,-88.9,-93.2,-100.0,desaparece,programa,45 Comisión Reguladora de Energía,002 Regulación y permisos de Hidrocarburos,300 Secretaría Ejecutiva,G002,,,,,
47,88.4,0.0,-88.4,-92.6,-100.0,desaparece,programa,47 Entidades no Sectorizadas,"015 Promover el desarrollo, seguimiento y evaluación de políticas públicas integrales anticorrupción y la administración de la Plataforma Digital Nacional",AYM Secretaría Ejecutiva del Sistema Nacional Anticorrupción,P015,,,,,
18,87.3,0.0,-87.3,-91.5,-100.0,desaparece,programa,18 Energía,"008 Gestión, promoción, supervisión y evaluación del aprovechamiento sustentable de la energía",E00 Comisión Nacional para el Uso Eficiente de la Energía,P008,,,,,
13,86.1,0.0,-86.1,-90.2,-100.0,desaparece,programa,13 Marina,022 Operación y conservación de infraestructura ferroviaria,"J3L Ferrocarril del Istmo de Tehuantepec, S.A. de C.V.",E022,,,,,
41,83.9,0.0,-83.9,-87.9,-100.0,desaparece,programa,41 Comisión Federal de Competencia Económica,007 Posicionar a la competencia económica en la agenda pública,"110 Unidad de Planeación, Vinculación y Asuntos Internacionales",G007,,,,,
18,82.1,0.0,-82.1,-86.1,-100.0,desaparece,programa,18 Energía,002 Coordinación de la política energética en electricidad,318 Dirección General de Seguimiento y Coordinación de la Industria Eléctrica,P002,,,,,
15,79.7,0.0,-79.7,-83.5,-100.0,desaparece,programa,"15 Desarrollo Agrario, Territorial y Urbano",004 Conducción e instrumentación de la política nacional de vivienda,"511 Dirección General de Desarrollo Urbano, Suelo y Vivienda",P004,,,,,
14,77.6,0.0,-77.6,-81.4,-100.0,desaparece,programa,14 Trabajo y Previsión Social,008 Conciliación entre empleadores y sindicatos,214 Unidad de Funcionarios Conciliadores,E008,,,,,
13,77.5,0.0,-77.5,-81.3,-100.0,desaparece,programa,13 Marina,001 Formación del personal de la Marina Mercante,J4V Fideicomiso Universidad Marítima y Portuaria de México,E001,,,,,
10,76.5,0.0,-76.5,-80.1,-100.0,desaparece,programa,10 Economía,009 Atención de trámites y servicios a cargo de la Secretaría en las entidades federativas,532 Dirección General de Coordinación Territorial de Trámites y Servicios de Economía,E009,,,,,
46,75.5,0.0,-75.5,-79.1,-100.0,desaparece,programa,46 Comisión Nacional de Hidrocarburos,001 Promoción y regulación de Hidrocarburos,270 Centro Nacional de Información de Hidrocarburos,G001,,,,,
02,779.2,703.9,-75.3,-112.7,-13.8,continúa,programa,02 Oficina de la Presidencia de la República,"002 Asesoría, coordinación, difusión y apoyo técnico de las actividades de la Presidencia de la República",142 Coordinación General de Programas para el Desarrollo,P002,,,,,
44,74.5,0.0,-74.5,-78.1,-100.0,desaparece,programa,"44 Instituto Nacional de Transparencia, Acceso a la Información y Protección de Datos Personales",025 Proyectos de inmuebles (oficinas administrativas),210 Dirección General de Administración,K025,,,,,
04,72.9,0.0,-72.9,-76.4,-100.0,desaparece,programa,04 Gobernación,"025 Coordinación con las instancias que integran el Sistema Nacional de Protección Integral de Niñas, Niños y Adolescentes","P00 Secretaría Ejecutiva del Sistema Nacional de Protección Integral de Niñas, Niños y Adolescentes",P025,,,,,
45,70.7,0.0,-70.7,-74.0,-100.0,desaparece,programa,45 Comisión Reguladora de Energía,001 Regulación y permisos de electricidad,300 Secretaría Ejecutiva,G001,,,,,
44,69.8,0.0,-69.8,-73.2,-100.0,desaparece,programa,"44 Instituto Nacional de Transparencia, Acceso a la Información y Protección de Datos Personales",004 Desempeño organizacional y modelo institucional orientado a resultados con enfoque de derechos humanos y perspectiva de género,100 Presidencia,E004,,,,,
23,7140.1,7070.4,-69.7,-412.4,-5.5,continúa,programa,23 Provisiones Salariales y Económicas,093 Fondo para entidades federativas y municipios productores de hidrocarburos,"411 Unidad de Diseño Presupuestario, Control y Seguimiento del Gasto",U093,,,,,
16,66.5,0.0,-66.5,-69.7,-100.0,desaparece,programa,16 Medio Ambiente y Recursos Naturales,001 Conducción de las políticas hídricas,B00 Comisión Nacional del Agua,P001,,,,,
48,66.5,0.0,-66.5,-69.7,-100.0,desaparece,programa,48 Cultura,003 Educación y cultura indígena,MDB Instituto Nacional de Lenguas Indígenas,P003,,,,,
09,65.7,0.0,-65.7,-68.9,-100.0,desaparece,programa,"09 Infraestructura, Comunicaciones y Transportes","029 Investigación, estudios y proyectos en materia espacial",JZN Agencia Espacial Mexicana,E029,,,,,
12,65.2,0.0,-65.2,-68.4,-100.0,desaparece,programa,12 Salud,001 Provisiones para Proyectos de Inversión,160 Comisión Coordinadora de Institutos Nacionales de Salud y Hospitales de Alta Especialidad,R001,,,,,
19,325.2,260.4,-64.7,-80.3,-23.6,continúa,programa,19 Aportaciones a Seguridad Social,003 Subsidio por cáncer IMSS y ayudas guardería ABC,"411 Unidad de Diseño Presupuestario, Control y Seguimiento del Gasto",U003,,,,,
04,63.0,0.0,-63.0,-66.0,-100.0,desaparece,programa,04 Gobernación,023 Impulso a la democracia participativa y fomento a la construcción de paz en México,542 Dirección General de Prevención Social del Delito y la Reconstrucción del Tejido Social del Delito,P023,,,,,
27,148.6,87.8,-60.8,-67.9,-43.6,continúa,programa,27 Anticorrupción y Buen Gobierno,001 Actividades de apoyo administrativo,830 Dirección General de Recursos Materiales y Servicios Generales,M001,,,,,
07,59.4,0.0,-59.4,-62.3,-100.0,desaparece,programa,07 Defensa Nacional,024 Fortalecimiento de las capacidades de auxilio a la población civil mediante el Plan DN-III-E,125 Comandancia VI Región Militar,A024,,,,,
10,59.2,0.0,-59.2,-62.1,-100.0,desaparece,programa,10 Economía,010 Fortalecimiento de la competitividad y transparencia del marco regulatorio que aplica a los particulares,B00 Comisión Nacional de Mejora Regulatoria,P010,,,,,
19,58.8,0.0,-58.8,-61.7,-100.0,desaparece,programa,19 Aportaciones a Seguridad Social,015 Apoyo a jubilados del IMSS e ISSSTE,"420 Dirección General de Programación y Presupuesto ""C""",R015,,,,,
04,56.4,0.0,-56.4,-59.1,-100.0,desaparece,programa,04 Gobernación,016 Fortalecimiento de las instituciones democráticas a fin de lograr las reformas legislativas que transformen el orden jurídico nacional,232 Dirección General de Estudios Legislativos,P016,,,,,
09,55.6,0.0,-55.6,-58.3,-100.0,desaparece,programa,"09 Infraestructura, Comunicaciones y Transportes","004 Estudios técnicos para la construcción, conservación y operación de infraestructura de comunicaciones y transportes",214 Dirección General de Desarrollo Carretero,E004,,,,,
46,53.2,0.0,-53.2,-55.8,-100.0,desaparece,programa,46 Comisión Nacional de Hidrocarburos,002 Administración Técnica de Asignaciones y Contratos,260 Unidad de Administración Técnica de Asignaciones y Contratos,G002,,,,,
21,53.0,0.0,-53.0,-55.5,-100.0,desaparece,programa,21 Turismo,001 Promoción de México como Destino Turístico,410 Dirección General de Promoción y Asuntos Internacionales,F001,,,,,
36,51.0,0.0,-51.0,-53.5,-100.0,desaparece,programa,36 Seguridad y Protección Ciudadana,005 Regulación de los servicios de seguridad privada para coadyuvar a la prevención del delito,223 Dirección General de Seguridad Privada,G005,,,,,
16,50.9,0.0,-50.9,-53.3,-100.0,desaparece,programa,16 Medio Ambiente y Recursos Naturales,001 Atención de emergencias y desastres naturales,B00 Comisión Nacional del Agua,N001,,,,,
12,49.2,0.0,-49.2,-51.6,-100.0,desaparece,programa,12 Salud,011 Proyectos de infraestructura social de salud,"NBD Hospital General de México ""Dr. Eduardo Liceaga""",K011,,,,,
22,216.7,168.3,-48.4,-58.8,-25.9,continúa,programa,22 Instituto Nacional Electoral,002 Organización del servicio profesional electoral,114 Dirección Ejecutiva del Servicio Profesional Electoral Nacional,M002,,,,,
43,48.2,0.0,-48.2,-50.5,-100.0,desaparece,programa,43 Instituto Federal de Telecomunicaciones,001 Actividades de apoyo a la función pública y buen gobierno,300 Órgano Interno de Control,O001,,,,,
04,47.9,0.0,-47.9,-50.2,-100.0,desaparece,programa,04 Gobernación,006 Atención a refugiados en el país,N00 Coordinación General de la Comisión Mexicana de Ayuda a Refugiados,E006,,,,,
21,44.8,0.0,-44.8,-47.0,-100.0,desaparece,programa,21 Turismo,001 Regulación y certificación de estándares de calidad turística,414 Dirección General de Normalización y Verificación,G001,,,,,
TVV,44.5,0.0,-44.5,-46.7,-100.0,desaparece,programa,TVV CFE Consolidado,025 Proyectos de inmuebles (oficinas administrativas),TVV CFE Consolidado,025 ,,,,,
45,40.3,0.0,-40.3,-42.2,-100.0,desaparece,programa,45 Comisión Reguladora de Energía,001 Actividades de apoyo administrativo,500 Unidad de Administración y Finanzas,M001,,,,,
13,38.8,0.0,-38.8,-40.7,-100.0,desaparece,programa,13 Marina,"005 Planeación, diseño, ejecución y evaluación del Corredor Interoceánico del Istmo de Tehuantepec",AYH Corredor Interoceánico del Istmo de Tehuantepec,P005,,,,,
13,38.8,0.0,-38.8,-40.7,-100.0,desaparece,programa,13 Marina,036 Fomento y Promoción para el desarrollo del Corredor Interoceánico del Istmo de Tehuantepec,AYH Corredor Interoceánico del Istmo de Tehuantepec,F036,,,,,
TVV,37.4,0.0,-37.4,-39.2,-100.0,desaparece,programa,TVV CFE Consolidado,571 Promoción de medidas para el ahorro y uso eficiente de la energía eléctrica,TVV CFE Consolidado,571 ,,,,,
47,36.8,0.0,-36.8,-38.6,-100.0,desaparece,programa,47 Entidades no Sectorizadas,004 Formación y capacitación de recursos humanos para la atención a la salud en Centros y Hospitales Regionales de Alta Especialidad,AYO Servicios de Salud del Instituto Mexicano del Seguro Social para el Bienestar (IMSS-BIENESTAR),E004,,,,,
13,36.7,0.0,-36.7,-38.5,-100.0,desaparece,programa,13 Marina,002 Operación de infraestructura marítimo-portuaria,"J3C Administración del Sistema Portuario Nacional Puerto Chiapas, S.A. de C.V.",E002,,,,,
14,36.4,0.0,-36.4,-38.1,-100.0,desaparece,programa,14 Trabajo y Previsión Social,004 Capacitación para Incrementar la Productividad,610 Dirección General de Capacitación Laboral,E004,,,,,
12,34.9,0.0,-34.9,-36.6,-100.0,desaparece,programa,12 Salud,025 Proyectos de inmuebles (oficinas administrativas),512 Dirección General de Recursos Materiales y Servicios Generales,K025,,,,,
47,34.5,0.0,-34.5,-36.1,-100.0,desaparece,programa,47 Entidades no Sectorizadas,014 Impulso y seguimiento a la implementación de la normatividad en materia de gestión documental,EZN Archivo General de la Nación,P014,,,,,
TVV,33.7,0.0,-33.7,-35.3,-100.0,desaparece,programa,TVV CFE Consolidado,"585 Funciones en relación con Estrategias de Negocios Comerciales, así como potenciales nuevos negocios",TVV CFE Consolidado,585 ,,,,,
20,33.3,0.0,-33.3,-34.9,-100.0,desaparece,programa,20 Bienestar,004 Desarrollo integral de las personas con discapacidad,VRW Consejo Nacional para el Desarrollo y la Inclusión de las Personas con Discapacidad,P004,,,,,
25,200.0,167.1,-32.9,-42.5,-20.3,continúa,programa,"25 Previsiones y Aportaciones para los Sistemas de Educación Básica, Normal, Tecnológica y de Adultos",001 Becas para la población atendida por el sector educativo,C00 Autoridad Educativa Federal en la Ciudad de México,U001,,,,,
46,32.6,0.0,-32.6,-34.2,-100.0,desaparece,programa,46 Comisión Nacional de Hidrocarburos,001 Actividades de apoyo administrativo,300 Unidad de Administración y Finanzas,M001,,,,,
27,32.6,0.0,-32.6,-34.1,-100.0,desaparece,programa,27 Función Pública,006 Diseño y conducción de la política operativa de las Unidades de Administración y Finanzas,704 Unidad de Gobierno de las Unidades de Administración y Finanzas,P006,,,,,
24,1727.2,1694.8,-32.4,-115.3,-6.4,continúa,programa,24 Deuda Pública,008 Bilaterales,210 Unidad de Crédito Público y Asuntos Internacionales de Hacienda,D008,,,,,
16,30.9,0.0,-30.9,-32.4,-100.0,desaparece,programa,16 Medio Ambiente y Recursos Naturales,005 Capacitación Ambiental y Desarrollo Sustentable,136 Oficina de Representación en Michoacán,E005,,,,,
22,209.6,182.0,-27.7,-37.7,-17.2,continúa,programa,22 Instituto Nacional Electoral,001 Apoyo a la función pública y al mejoramiento de la gestión,107 Órgano Interno de Control,O001,,,,,
04,27.2,0.0,-27.2,-28.5,-100.0,desaparece,programa,04 Gobernación,027 Coordinar la relación entre autoridades locales y federales para la consolidación del sistema de justicia penal y la reconciliación social,922 Dirección General para la Reconciliación y Justicia,P027,,,,,
14,27.0,0.0,-27.0,-28.3,-100.0,desaparece,programa,14 Trabajo y Previsión Social,002 Evaluación del Salario Mínimo,PBJ Comisión Nacional de los Salarios Mínimos,P002,,,,,
14,26.8,0.0,-26.8,-28.1,-100.0,desaparece,programa,14 Trabajo y Previsión Social,003 Ejecución de los programas y acciones de la Política Laboral,630 Dirección General de Previsión Social,E003,,,,,
12,25.8,0.0,-25.8,-27.1,-100.0,desaparece,programa,12 Salud,005 Regulación y vigilancia de establecimientos y servicios de atención médica,610 Dirección General de Calidad y Educación en Salud,G005,,,,,
41,25.4,0.0,-25.4,-26.6,-100.0,desaparece,programa,41 Comisión Federal de Competencia Económica,001 Actividades de Apoyo a la Función Pública y Buen Gobierno,500 Contraloría Interna de la Comisión Federal de Competencia Económica,O001,,,,,
GYR,23.7,0.0,-23.7,-24.8,-100.0,desaparece,programa,GYR Instituto Mexicano del Seguro Social,025 Proyectos de inmuebles (oficinas administrativas),GYR Instituto Mexicano del Seguro Social,025 ,,,,,
01,326.7,303.8,-22.9,-38.6,-11.3,continúa,programa,01 Poder Legislativo,027 Mantenimiento de Infraestructura,100 H. Cámara de Diputados,K027,,,,,
44,22.2,0.0,-22.2,-23.2,-100.0,desaparece,programa,"44 Instituto Nacional de Transparencia, Acceso a la Información y Protección de Datos Personales",001 Actividades de apoyo a la función pública y buen gobierno,500 Contraloría Interna,O001,,,,,
07,21.7,0.0,-21.7,-22.7,-100.0,desaparece,programa,07 Defensa Nacional,018 Fideicomiso de apoyo a deudos de militares fallecidos o a militares que hayan adquirido una incapacidad en 1/a. categoría en actos del servicio considerados de alto riesgo,120 Comandancia I Región Militar,R018,,,,,
05,21.5,0.0,-21.5,-22.5,-100.0,desaparece,programa,05 Relaciones Exteriores,006 Fortalecimiento de las capacidades del Servicio Exterior Mexicano y de la Cancillería,I00 Instituto Matías Romero,E006,,,,,
19,636.2,615.4,-20.8,-51.4,-7.7,continúa,programa,19 Aportaciones a Seguridad Social,003 Seguro de Salud para la Familia,GYR Instituto Mexicano del Seguro Social,T003,,,,,
07,19.7,0.0,-19.7,-20.6,-100.0,desaparece,programa,07 Defensa Nacional,003 Dirigir la Aerolínea del Estado Mexicano,"H0C Grupo Aeroportuario, Ferroviario, de Servicios Auxiliares y Conexos, Olmeca-Maya-Mexica, S.A. de C.V.",E003,,,,,
40,686.1,667.1,-19.0,-52.0,-7.2,continúa,programa,40 Información Nacional Estadística y Geográfica,001 Actividades de apoyo administrativo,100 Instituto Nacional de Estadística y Geografía,M001,,,,,
25,57.9,39.0,-19.0,-21.8,-35.8,continúa,programa,"25 Previsiones y Aportaciones para los Sistemas de Educación Básica, Normal, Tecnológica y de Adultos",001 Actividades de apoyo a la función pública y buen gobierno,C00 Autoridad Educativa Federal en la Ciudad de México,O001,,,,,
04,17.7,0.0,-17.7,-18.5,-100.0,desaparece,programa,04 Gobernación,018 Conducción de la política del Gobierno Federal en materia religiosa,541 Dirección General de Asuntos Religiosos,P018,,,,,
21,17.6,0.0,-17.6,-18.4,-100.0,desaparece,programa,21 Turismo,002 Impulso a la competitividad del sector turismo,416 Dirección General de Profesionalización y Competitividad Turística,P002,,,,,
48,17.3,0.0,-17.3,-18.1,-100.0,desaparece,programa,48 Cultura,041 Protección de los derechos tutelados por la Ley Federal del Derecho de Autor,I00 Instituto Nacional del Derecho de Autor,E041,,,,,
43,15.7,0.0,-15.7,-16.4,-100.0,desaparece,programa,43 Instituto Federal de Telecomunicaciones,009 Regulación para el desarrollo del nuevo ecosistema digital,230 Centro de Estudios,G009,,,,,
23,15.1,0.0,-15.1,-15.8,-100.0,desaparece,programa,23 Provisiones Salariales y Económicas,011 Fiscalización,411 Unidad de Política y Control Presupuestario,R011,,,,,
13,13.8,0.0,-13.8,-14.5,-100.0,desaparece,programa,13 Marina,"005 Fortalecimiento de las capacidades para la reconstrucción, atención de emergencias y prevención de desastres naturales",123 Unidad Naval de Protección Civil,A005,,,,,
46,12.0,0.0,-12.0,-12.6,-100.0,desaparece,programa,46 Comisión Nacional de Hidrocarburos,001 Estudios de Evaluación y Verificación de Hidrocarburos,250 Unidad Técnica de Extracción y su Supervisión,P001,,,,,
24,41.8,30.2,-11.6,-13.6,-31.0,continúa,programa,24 Deuda Pública,003 Pensión ISSSTE,210 Unidad de Crédito Público y Asuntos Internacionales de Hacienda,D003,,,,,
TVV,11.0,0.0,-11.0,-11.5,-100.0,desaparece,programa,TVV CFE Consolidado,578 Apoyo al desarrollo sustentable de comunidades afectadas por la instalación de la infraestructura eléctrica,TVV CFE Consolidado,578 ,,,,,
GYN,10.7,0.0,-10.7,-11.2,-100.0,desaparece,programa,GYN Instituto de Seguridad y Servicios Sociales de los Trabajadores del Estado,047 Créditos a Corto y Mediano Plazo,GYN Instituto de Seguridad y Servicios Sociales de los Trabajadores del Estado,047 ,,,,,
15,9.4,0.0,-9.4,-9.8,-100.0,desaparece,programa,"15 Desarrollo Agrario, Territorial y Urbano","001 Atención de asuntos jurídicos en materia agraria, territorial, urbana y vivienda",110 Unidad de Asuntos Jurídicos,G001,,,,,
13,277.5,268.9,-8.6,-21.9,-7.5,continúa,programa,13 Marina,001 Actividades de apoyo administrativo,312 Dirección General de Administración y Finanzas,M001,,,,,
49,124.5,116.5,-8.0,-14.0,-10.7,continúa,programa,49 Fiscalía General de la República,010 Realizar investigación académica en el marco de las ciencias penales,190 Instituto Nacional de Ciencias Penales,E010,,,,,
04,90.6,83.4,-7.2,-11.6,-12.2,continúa,programa,04 Gobernación,"009 Conducción a la política del Gobierno Federal para la democracia participativa, religiosa y fomento a la construcción de paz",542 Dirección General de Prevención Social y la Reconstrucción del Tejido Social,P009,,,,,
49,1421.0,1415.1,-5.9,-74.1,-5.0,continúa,programa,49 Fiscalía General de la República,003 Investigar y perseguir los delitos relativos a la Delincuencia Organizada,880 Unidad de Servicios Aéreos,E003,,,,,
GYR,4.7,0.0,-4.7,-4.9,-100.0,desaparece,programa,GYR Instituto Mexicano del Seguro Social,027 Mantenimiento de infraestructura,GYR Instituto Mexicano del Seguro Social,027 ,,,,,
22,15.1,11.0,-4.0,-4.8,-30.2,continúa,programa,22 Instituto Nacional Electoral,"001 Planeación, innovación, seguimiento y evaluación",116 Dirección Ejecutiva de Administración,P001,,,,,
20,10.8,7.1,-3.6,-4.2,-36.8,continúa,programa,20 Bienestar,001 Actividades de apoyo a la función pública y buen gobierno,V3A Instituto Nacional de las Personas Adultas Mayores,O001,,,,,
11,3.6,0.0,-3.6,-3.7,-100.0,desaparece,programa,11 Educación Pública,039 Registro Nacional de Profesionistas y sus Asociaciones,113 Dirección General de Profesiones,E039,,,,,
32,38.0,35.3,-2.7,-4.5,-11.2,continúa,programa,32 Tribunal Federal de Justicia Administrativa,025 Proyectos de inmuebles (oficinas administrativas),110 Tribunal Federal de Justicia Administrativa con sede en la Ciudad de México,K025,,,,,
02,2.3,0.0,-2.3,-2.4,-100.0,desaparece,programa,02 Oficina de la Presidencia de la República,005 Apoyo a las actividades de Ayudantía y Logística de la Oficina de la Presidencia de la República,140 Coordinación General de Política y Gobierno,P005,,,,,
11,2.1,0.0,-2.1,-2.2,-100.0,desaparece,programa,11 Educación Pública,032 Políticas de igualdad de género en el sector educativo,700 Unidad de Administración y Finanzas,E032,,,,,
10,487.7,486.0,-1.6,-25.1,-4.9,continúa,programa,10 Economía,001 Actividades de apoyo administrativo,713 Dirección General de Tecnologías de la Información,M001,,,,,
GYN,1.5,0.0,-1.5,-1.6,-100.0,desaparece,programa,GYN Instituto de Seguridad y Servicios Sociales de los Trabajadores del Estado,036 Equidad de Género,GYN Instituto de Seguridad y Servicios Sociales de los Trabajadores del Estado,036 ,,,,,
18,13.1,11.6,-1.4,-2.1,-15.1,continúa,programa,18 Energía,001 Actividades de apoyo a la función pública y buen gobierno,T0Q Instituto Nacional de Investigaciones Nucleares,O001,,,,,
14,3.4,2.5,-0.9,-1.1,-29.4,continúa,programa,14 Trabajo y Previsión Social,001 Actividades de apoyo a la función pública y buen gobierno,VUY Instituto Mexicano de la Juventud,O001,,,,,
06,1227.2,1226.6,-0.6,-59.5,-4.6,continúa,programa,06 Hacienda y Crédito Público,005 Regulación y supervisión de las entidades del sistema financiero mexicano,B00 Comisión Nacional Bancaria y de Valores,G005,,,,,
GYN,0.3,0.0,-0.3,-0.4,-100.0,desaparece,programa,GYN Instituto de Seguridad y Servicios Sociales de los Trabajadores del Estado,042 Atención a Personas con Discapacidad,GYN Instituto de Seguridad y Servicios Sociales de los Trabajadores del Estado,042 ,,,,,
19,0.2,0.0,-0.2,-0.2,-100.0,desaparece,programa,19 Aportaciones a Seguridad Social,014 Apoyo Económico a Viudas de Veteranos de la Revolución Mexicana,411 Unidad de Política y Control Presupuestario,J014,,,,,
04,1.1,0.9,-0.1,-0.2,-16.8,continúa,programa,04 Gobernación,001 Actividades de apoyo a la función pública y buen gobierno,EZQ Consejo Nacional para Prevenir la Discriminación,O001,,,,,
24,0.0,0.0,-0.0,-0.0,-10.3,continúa,programa,24 Deuda Pública,006 Banca comercial,210 Unidad de Crédito Público y Asuntos Internacionales de Hacienda,D006,,,,,
49,205.6,205.6,-0.0,-9.9,-4.6,continúa,programa,49 Fiscalía General de la República,"011 Investigar, perseguir y prevenir delitos del orden electoral",700 Fiscalía Especializada en materia de Delitos Electorales,E011,,,,,
34,0.0,0.0,0.0,-0.0,-4.6,continúa,programa,34 Erogaciones para los Programas de Apoyo a Ahorradores y Deudores de la Banca,001 INDUSTRIA Descuento en pago,210 Unidad de Crédito Público y Asuntos Internacionales de Hacienda,D001,,,,,
34,0.0,0.0,0.0,-0.0,-4.6,continúa,programa,34 Erogaciones para los Programas de Apoyo a Ahorradores y Deudores de la Banca,003 AGROINDUSTRIA Descuento en pago,210 Unidad de Crédito Público y Asuntos Internacionales de Hacienda,D003,,,,,
34,0.0,0.0,0.0,-0.0,-4.6,continúa,programa,34 Erogaciones para los Programas de Apoyo a Ahorradores y Deudores de la Banca,002 HIPOTECARIO-VIVIENDA,210 Unidad de Crédito Público y Asuntos Internacionales de Hacienda,D002,,,,,
34,0.0,0.0,0.0,-0.0,-4.6,continúa,programa,34 Erogaciones para los Programas de Apoyo a Ahorradores y Deudores de la Banca,008 INDUSTRIA Descuento en pago Banca de Desarrollo,210 Unidad de Crédito Público y Asuntos Internacionales de Hacienda,D008,,,,,
34,0.0,0.0,0.0,0.0,172.6,continúa,programa,34 Erogaciones para los Programas de Apoyo a Ahorradores y Deudores de la Banca,006 AGROINDUSTRIA Reestructuración en UDIs,210 Unidad de Crédito Público y Asuntos Internacionales de Hacienda,D006,,,,,
34,0.0,0.0,0.0,0.0,172.6,continúa,programa,34 Erogaciones para los Programas de Apoyo a Ahorradores y Deudores de la Banca,009 AGROINDUSTRIA Descuento en pago Banca de Desarrollo,210 Unidad de Crédito Público y Asuntos Internacionales de Hacienda,D009,,,,,
34,0.0,0.0,0.0,0.0,172.6,continúa,programa,34 Erogaciones para los Programas de Apoyo a Ahorradores y Deudores de la Banca,007 ESTADOS Y MUNICIPIOS Reestructuración en UDIs,210 Unidad de Crédito Público y Asuntos Internacionales de Hacienda,D007,,,,,
34,0.0,0.0,0.0,0.0,172.6,continúa,programa,34 Erogaciones para los Programas de Apoyo a Ahorradores y Deudores de la Banca,004 INDUSTRIA Reestructuración en UDIs,210 Unidad de Crédito Público y Asuntos Internacionales de Hacienda,D004,,,,,
34,0.0,0.0,0.0,0.0,172.6,continúa,programa,34 Erogaciones para los Programas de Apoyo a Ahorradores y Deudores de la Banca,005 HIPOTECARIO-VIVIENDA Reestructuración en UDIs,210 Unidad de Crédito Público y Asuntos Internacionales de Hacienda,D005,,,,,
16,0.0,0.0,0.0,-0.0,-0.7,continúa,programa,16 Medio Ambiente y Recursos Naturales,001 Programa de devolución de derechos de agua potable y aguas residuales,B00 Comisión Nacional del Agua,U001,,,,,
16,28.2,28.2,0.1,-1.3,-4.4,continúa,programa,16 Medio Ambiente y Recursos Naturales,001 Actividades de apoyo a la función pública y buen gobierno,RJJ Instituto Nacional de Ecología y Cambio Climático,O001,,,,,
35,3.4,3.6,0.2,0.0,0.6,continúa,programa,35 Comisión Nacional de los Derechos Humanos,"035 Proteger y observar la defensa, respeto y remedio de los derechos humanos de las personas o grupos de personas con mayores riesgos de vulnerabilidad ante abusos de las empresas públicas y privadas.",102 Segunda Visitaduría General,E035,,,,,
19,0.0,0.2,0.2,0.2,inf,aparece,programa,19 Aportaciones a Seguridad Social,007 Apoyo Económico a Viudas de Veteranos de la Revolución Mexicana,"411 Unidad de Diseño Presupuestario, Control y Seguimiento del Gasto",J007,,,,,
35,4.9,5.2,0.2,0.0,0.1,continúa,programa,35 Comisión Nacional de los Derechos Humanos,002 Actividades relacionadas a la Igualdad de Género Institucional.,126 Unidad Técnica para la Igualdad de Género,M002,,,,,
35,6.4,6.7,0.3,-0.0,-0.7,continúa,programa,35 Comisión Nacional de los Derechos Humanos,"036 Promover, fortalecer e impulsar los vínculos de colaboración interinstitucional; así como, diseñar y ejecutar los programas de educación y capacitación en materia de Derechos Humanos, considerando los Tratados y Convenciones Internacionales que obligan al Estado mexicano.",106 Secretaría Ejecutiva,E036,,,,,
31,4.3,4.6,0.3,0.1,1.4,continúa,programa,31 Tribunales Agrarios,001 Actividades de apoyo a la función pública y buen gobierno,300 Unidad de Administración y Finanzas,O001,,,,,
35,6.5,6.9,0.3,0.0,0.1,continúa,programa,35 Comisión Nacional de los Derechos Humanos,032 Atender asuntos relacionados con las personas jóvenes y mayores.,101 Primera Visitaduría General,E032,,,,,
06,155.2,155.5,0.3,-7.1,-4.4,continúa,programa,06 Hacienda y Crédito Público,001 Regulación del sector financiero,"214 Unidad de Seguros, Pensiones y Seguridad Social",G001,,,,,
GYN,0.0,0.3,0.3,0.3,inf,aparece,programa,GYN Instituto de Seguridad y Servicios Sociales de los Trabajadores del Estado,073 Servicios de atención a personas con discapacidad,GYN Instituto de Seguridad y Servicios Sociales de los Trabajadores del Estado,073 ,,,,,
35,7.6,8.0,0.4,0.0,0.5,continúa,programa,35 Comisión Nacional de los Derechos Humanos,"012 Atender asuntos relacionados con Sexualidad, Salud y VIH",101 Primera Visitaduría General,E012,,,,,
35,9.2,9.7,0.5,0.1,0.9,continúa,programa,35 Comisión Nacional de los Derechos Humanos,"026 Atender asuntos relacionados con los Derechos Humanos Económicos, Sociales, Culturales y Ambientales",117 Sexta Visitaduría General,E026,,,,,
35,11.0,11.5,0.6,0.0,0.3,continúa,programa,35 Comisión Nacional de los Derechos Humanos,"011 Atender asuntos relacionados con las niñas, niños y adolescentes y las familias.",101 Primera Visitaduría General,E011,,,,,
48,14.5,15.1,0.6,-0.1,-0.7,continúa,programa,48 Cultura,303 Programa Nacional de Becas Artísticas y Culturales,E00 Instituto Nacional de Bellas Artes y Literatura,S303,,,,,
35,13.8,14.5,0.7,0.0,0.3,continúa,programa,35 Comisión Nacional de los Derechos Humanos,024 Atender asuntos relativos a la aplicación del Mecanismo Independiente de Monitoreo Nacional de la Convención sobre los Derechos de las Personas con Discapacidad,127 Dirección Ejecutiva del Mecanismo Independiente de Monitoreo Nacional de la Convención sobre los Derechos de las Personas con Discapacidad,E024,,,,,
08,34.0,34.7,0.7,-0.9,-2.6,continúa,programa,08 Agricultura y Desarrollo Rural,001 Actividades de apoyo a la función pública y buen gobierno,"JAG Instituto Nacional de Investigaciones Forestales, Agrícolas y Pecuarias",O001,,,,,
35,15.6,16.4,0.8,0.0,0.2,continúa,programa,35 Comisión Nacional de los Derechos Humanos,033 Proteger y defender el respeto de los Derechos Humanos de víctimas y posibles víctimas de la trata de personas.,116 Quinta Visitaduría General,E033,,,,,
35,19.1,19.9,0.8,-0.1,-0.5,continúa,programa,35 Comisión Nacional de los Derechos Humanos,014 Proteger y defender el respeto de los Derechos Humanos de periodistas y personas defensores de Derechos Humanos.,116 Quinta Visitaduría General,E014,,,,,
35,17.8,18.7,0.9,0.1,0.3,continúa,programa,35 Comisión Nacional de los Derechos Humanos,022 Protección y defensa de los Derechos Humanos de las personas indígenas y afrodescendientes privadas de la libertad.,104 Cuarta Visitaduría General,E022,,,,,
35,19.3,20.2,1.0,0.0,0.2,continúa,programa,35 Comisión Nacional de los Derechos Humanos,007 Atender asuntos relacionados con personas reportadas como desaparecidas y no localizadas,101 Primera Visitaduría General,E007,,,,,
10,31.5,32.6,1.0,-0.5,-1.4,continúa,programa,10 Economía,001 Actividades de apoyo a la función pública y buen gobierno,LAU Servicio Geológico Mexicano,O001,,,,,
15,26.6,27.7,1.1,-0.1,-0.5,continúa,programa,"15 Desarrollo Agrario, Territorial y Urbano",001 Actividades de apoyo a la función pública y buen gobierno,QEZ Procuraduría Agraria,O001,,,,,
37,33.6,34.7,1.2,-0.4,-1.3,continúa,programa,37 Consejería Jurídica del Ejecutivo Federal,001 Actividades de apoyo administrativo,109 Unidad de Administración y Finanzas,M001,,,,,
11,29.9,31.1,1.2,-0.2,-0.8,continúa,programa,11 Educación Pública,298 Atención de Planteles Públicos de Educación Media Superior con estudiantes con discapacidad (PAPPEMS),600 Subsecretaría de Educación Media Superior,S298,,,,,
35,25.9,27.2,1.3,0.1,0.3,continúa,programa,35 Comisión Nacional de los Derechos Humanos,023 Supervisar la observancia e incidencia de los Derechos Humanos en los centros penitenciarios en la República Mexicana.,103 Tercera Visitaduría General,E023,,,,,
35,32.0,33.6,1.6,0.1,0.3,continúa,programa,35 Comisión Nacional de los Derechos Humanos,006 Atender asuntos relacionados con víctimas de violaciones a Derechos Humanos,101 Primera Visitaduría General,E006,,,,,
35,37.9,39.5,1.6,-0.2,-0.4,continúa,programa,35 Comisión Nacional de los Derechos Humanos,017 Ejecutar el programa de comunicación social,107 Dirección General de Difusión de los Derechos Humanos,E017,,,,,
21,30.7,32.4,1.7,0.2,0.6,continúa,programa,21 Turismo,001 Actividades de apoyo a la función pública y buen gobierno,W3N Fondo Nacional de Fomento al Turismo,O001,,,,,
12,42.7,44.4,1.7,-0.3,-0.7,continúa,programa,12 Salud,039 Programa de Atención a Personas con Discapacidad,NHK Sistema Nacional para el Desarrollo Integral de la Familia,S039,,,,,
55,0.0,1.8,1.8,1.8,inf,aparece,programa,55 Agencia de Transformación Digital y Telecomunicaciones,001 Actividades de apoyo a la función pública y buen gobierno,J9E Servicio Postal Mexicano,O001,,,,,
35,35.8,37.8,2.0,0.2,0.6,continúa,programa,35 Comisión Nacional de los Derechos Humanos,"013 Realizar la promoción y observancia en el monitoreo, seguimiento y evaluación del impacto de la política nacional en materia de igualdad entre mujeres y hombres; y protección y defensa de los derechos humanos de las mujeres en razón de género.",104 Cuarta Visitaduría General,E013,,,,,
35,35.5,37.5,2.0,0.3,0.7,continúa,programa,35 Comisión Nacional de los Derechos Humanos,008 Operar el Mecanismo Nacional de Prevención de la Tortura,119 Dirección Ejecutiva del Mecanismo Nacional de Prevención de la Tortura,E008,,,,,
02,0.0,2.1,2.1,2.1,inf,aparece,programa,02 Oficina de la Presidencia de la República,004 Apoyo a las actividades de ayudantía y logística de la Oficina de la Presidencia de la República,140 Coordinación General de Política y Gobierno,P004,,,,,
48,53.7,55.8,2.2,-0.4,-0.7,continúa,programa,48 Cultura,057 Programas del fondo nacional de fomento a las artesanías (FONART),VZG Fondo Nacional para el Fomento de las Artesanías,S057,,,,,
35,52.8,55.0,2.3,-0.2,-0.4,continúa,programa,35 Comisión Nacional de los Derechos Humanos,019 Establecer y dirigir la estrategia institucional de la Comisión Nacional de los Derechos Humanos,110 Dirección General de Planeación y Estrategia Institucional,P019,,,,,
23,59.6,62.0,2.4,-0.5,-0.7,continúa,programa,23 Provisiones Salariales y Económicas,116 Provisión para la Armonización Contable,"411 Unidad de Diseño Presupuestario, Control y Seguimiento del Gasto",U116,,,,,
35,45.2,47.6,2.4,0.2,0.5,continúa,programa,35 Comisión Nacional de los Derechos Humanos,001 Apoyo a la función pública y buen gobierno,113 Órgano Interno de Control,O001,,,,,
38,76.2,78.7,2.5,-1.2,-1.5,continúa,programa,"38 Ciencia, Humanidades, Tecnología e Innovación",001 Actividades de apoyo a la función pública y buen gobierno,"91W Instituto Potosino de Investigación Científica y Tecnológica, A.C.",O001,,,,,
48,61.6,64.1,2.6,-0.4,-0.6,continúa,programa,48 Cultura,001 Actividades de apoyo a la función pública y buen gobierno,VZG Fondo Nacional para el Fomento de las Artesanías,O001,,,,,
35,50.3,52.9,2.6,0.2,0.3,continúa,programa,35 Comisión Nacional de los Derechos Humanos,"016 Contribuir a la protección de los derechos humanos y mantener relaciones de cooperación internacional con organismos afines nacionales e internacionales, así como realizar estudios en la materia y administrar el archivo institucional.",106 Secretaría Ejecutiva,E016,,,,,
35,55.1,58.0,2.9,0.2,0.4,continúa,programa,35 Comisión Nacional de los Derechos Humanos,"003 Atender asuntos relacionados con las personas migrantes, así como impulsar las acciones de protección y observancia en la materia.",116 Quinta Visitaduría General,E003,,,,,
21,229.4,232.3,2.9,-8.1,-3.4,continúa,programa,21 Turismo,001 Actividades de apoyo administrativo,513 Dirección General de Tecnologías de la Información y Comunicación,M001,,,,,
35,52.9,55.9,3.1,0.5,0.9,continúa,programa,35 Comisión Nacional de los Derechos Humanos,"018 Investigación, estudios formación y profesionalización en materia de derechos humanos.",108 Centro Nacional de Derechos Humanos,E018,,,,,
09,15.1,18.2,3.1,2.3,14.7,continúa,programa,"09 Infraestructura, Comunicaciones y Transportes",001 Actividades de apoyo a la función pública y buen gobierno,C00 Servicios a la Navegación en el Espacio Aéreo Mexicano,O001,,,,,
15,84.3,87.6,3.2,-0.8,-0.9,continúa,programa,"15 Desarrollo Agrario, Territorial y Urbano",213 Programa para Regularizar asentamientos Humanos,QDV Instituto Nacional del Suelo Sustentable,S213,,,,,
35,66.1,69.5,3.4,0.3,0.4,continúa,programa,35 Comisión Nacional de los Derechos Humanos,"015 Promover, fortalecer e impulsar los vínculos de colaboración interinstitucional; así como, diseñar y ejecutar los programas de educación y capacitación en materia de Derechos Humanos.",105 Secretaría Técnica del Consejo Consultivo,E015,,,,,
15,91.8,95.5,3.7,-0.7,-0.7,continúa,programa,"15 Desarrollo Agrario, Territorial y Urbano",003 Programa de modernización de los registros públicos de la propiedad y catastros,214 Dirección General de Inventarios y Modernización Registral y Catastral,U003,,,,,
49,116.0,120.0,4.1,-1.5,-1.2,continúa,programa,49 Fiscalía General de la República,001 Actividades de apoyo a la función pública y buen gobierno,170 Órgano Interno de Control,O001,,,,,
02,41.3,45.4,4.1,2.2,5.0,continúa,programa,02 Oficina de la Presidencia de la República,003 Atención y seguimiento a las solicitudes y demandas de la ciudadanía,140 Coordinación General de Política y Gobierno,P003,,,,,
02,44.9,49.1,4.2,2.1,4.5,continúa,programa,02 Oficina de la Presidencia de la República,001 Actividades de apoyo administrativo,113 Unidad de Administración y Finanzas,M001,,,,,
31,72.1,76.3,4.3,0.8,1.0,continúa,programa,31 Tribunales Agrarios,001 Actividades de apoyo administrativo,300 Unidad de Administración y Finanzas,M001,,,,,
12,173.9,178.4,4.4,-3.9,-2.1,continúa,programa,12 Salud,001 Actividades de apoyo a la función pública y buen gobierno,S00 Comisión Federal para la Protección contra Riesgos Sanitarios,O001,,,,,
06,227.7,232.5,4.8,-6.1,-2.6,continúa,programa,06 Hacienda y Crédito Público,001 Actividades de apoyo a la función pública y buen gobierno,H00 Agencia Nacional de Aduanas de México,O001,,,,,
40,95.1,100.2,5.0,0.5,0.5,continúa,programa,40 Información Nacional Estadística y Geográfica,001 Actividades de apoyo a la función pública y buen Gobierno,100 Instituto Nacional de Estadística y Geografía,O001,,,,,
32,163.7,169.0,5.3,-2.6,-1.5,continúa,programa,32 Tribunal Federal de Justicia Administrativa,001 Actividades de apoyo administrativo,414 Dirección General de Delegaciones Administrativas,M001,,,,,
06,163.5,169.0,5.4,-2.4,-1.4,continúa,programa,06 Hacienda y Crédito Público,002 Detección y prevención de ilícitos financieros,110 Unidad de Inteligencia Financiera,G002,,,,,
48,1884.2,1890.0,5.8,-84.7,-4.3,continúa,programa,48 Cultura,001 Actividades de apoyo administrativo,420 Dirección General de Tecnologías de la Información y Comunicaciones,M001,,,,,
49,286.7,292.8,6.1,-7.7,-2.6,continúa,programa,49 Fiscalía General de la República,012 Supervisar y vigilar la aplicación del marco legal en la investigación y persecución del delito del orden federal,"920 Fiscalía Especial de Reacción Inmediata, Inspección y Determinación",E012,,,,,
54,0.0,6.4,6.4,6.4,inf,aparece,programa,54 Mujeres,001 Actividades de apoyo a la función pública y buen gobierno,400 Unidad de Administración y Finanzas,O001,,,,,
16,161.1,167.6,6.5,-1.2,-0.7,continúa,programa,16 Medio Ambiente y Recursos Naturales,046 Programa de Conservación para el Desarrollo Sostenible,F00 Comisión Nacional de Áreas Naturales Protegidas,S046,,,,,
19,168.0,174.8,6.8,-1.3,-0.7,continúa,programa,19 Aportaciones a Seguridad Social,004 Subsidio por cáncer ISSSTE,GYN Instituto de Seguridad y Servicios Sociales de los Trabajadores del Estado,U004,,,,,
48,204.6,212.9,8.2,-1.6,-0.7,continúa,programa,48 Cultura,268 Programas de apoyos a la cultura,350 Dirección General de Sitios y Monumentos del Patrimonio Cultural,S268,,,,,
48,214.4,223.0,8.6,-1.6,-0.7,continúa,programa,48 Cultura,283 Fomento al Cine Mexicano,MDC Instituto Mexicano de Cinematografía,U283,,,,,
15,238.2,247.0,8.7,-2.7,-1.1,continúa,programa,"15 Desarrollo Agrario, Territorial y Urbano",001 Regulación y registro de actos jurídicos agrarios,QEZ Procuraduría Agraria,U001,,,,,
11,275.2,284.1,8.8,-4.4,-1.5,continúa,programa,11 Educación Pública,247 Programa para el Desarrollo Profesional Docente,600 Subsecretaría de Educación Media Superior,S247,,,,,
14,313.6,323.8,10.1,-4.9,-1.5,continúa,programa,14 Trabajo y Previsión Social,043 Programa de Apoyo al Empleo (PAE),310 Unidad del Servicio Nacional de Empleo,S043,,,,,
11,0.0,10.6,10.6,10.6,inf,aparece,programa,11 Educación Pública,081 Apoyos para la atención a problemas estructurales de las UPES,511 Dirección General de Educación Superior Universitaria e Intercultural,U081,,,,,
19,332.3,343.0,10.7,-5.3,-1.5,continúa,programa,19 Aportaciones a Seguridad Social,001 Seguridad Social Cañeros,"411 Unidad de Diseño Presupuestario, Control y Seguimiento del Gasto",U001,,,,,
20,0.0,11.5,11.5,11.5,inf,aparece,programa,20 Bienestar,042 Política de desarrollo integral de las personas con discapacidad,VRW Consejo Nacional para el Desarrollo y la Inclusión de las Personas con Discapacidad,P042,,,,,
49,126.0,138.0,12.0,6.0,4.5,continúa,programa,49 Fiscalía General de la República,004 Promover la solución de controversias en materia penal federal mediante la aplicación de mecanismos alternativos,150 Órgano Especializado de Mecanismos Alternativos de Solución de Controversias,E004,,,,,
14,305.7,318.0,12.3,-2.3,-0.7,continúa,programa,14 Trabajo y Previsión Social,100 Subsidios a las Entidades Federativas para la implementación de la Reforma al Sistema de Justicia Laboral,113 Unidad de Enlace para la Reforma al Sistema de Justicia Laboral,U100,,,,,
23,0.0,12.6,12.6,12.6,inf,aparece,programa,23 Provisiones Salariales y Económicas,017 Fiscalización,"411 Unidad de Diseño Presupuestario, Control y Seguimiento del Gasto",R017,,,,,
13,0.0,14.3,14.3,14.3,inf,aparece,programa,13 Marina,001 Fortalecimiento de las capacidades de auxilio a la población civil mediante el Plan Marina,123 Unidad Naval de Protección Civil,N001,,,,,
07,0.0,14.3,14.3,14.3,inf,aparece,programa,07 Defensa Nacional,006 Fideicomiso de apoyo a deudos de militares fallecidos o a militares que hayan adquirido una incapacidad en 1/a. categoría en actos del servicio considerados de alto riesgo,120 Comandancia I Región Militar,R006,,,,,
25,311.9,329.7,17.8,2.8,0.9,continúa,programa,"25 Previsiones y Aportaciones para los Sistemas de Educación Básica, Normal, Tecnológica y de Adultos",003 Previsiones salariales y económicas del Fondo de Aportaciones para la Educación Tecnológica y de Adultos,700 Unidad de Administración y Finanzas,I003,,,,,
06,191.8,209.7,17.9,8.7,4.3,continúa,programa,06 Hacienda y Crédito Público,004 Regulación y supervisión del sector asegurador y afianzador,C00 Comisión Nacional de Seguros y Fianzas,G004,,,,,
14,0.0,18.6,18.6,18.6,inf,aparece,programa,14 Trabajo y Previsión Social,032 Política Nacional de Salario Mínimo,PBJ Comisión Nacional de los Salarios Mínimos,P032,,,,,
27,0.0,18.8,18.8,18.8,inf,aparece,programa,27 Anticorrupción y Buen Gobierno,051 Ejercicio pleno del derecho de acceso a la información pública,T00 Transparencia para el Pueblo,E051,,,,,
48,0.0,19.2,19.2,19.2,inf,aparece,programa,48 Cultura,065 Servicios de protección de los derechos tutelados por la Ley Federal del Derecho de Autor,I00 Instituto Nacional del Derecho de Autor,E065,,,,,
05,1076.0,1095.6,19.6,-32.0,-2.8,continúa,programa,05 Relaciones Exteriores,001 Actividades de apoyo administrativo,617 Dirección General de Coordinación Interinstitucional,M001,,,,,
12,2731.8,2751.5,19.7,-111.5,-3.9,continúa,programa,12 Salud,012 Fortalecimiento de los Servicios Estatales de Salud,500 Unidad de Administración y Finanzas,U012,,,,,
20,489.9,509.6,19.7,-3.8,-0.7,continúa,programa,20 Bienestar,011 Programa para el Bienestar de las Personas en Emergencia Social o Natural,115 Unidad de Vinculación Interinstitucional,U011,,,,,
38,899.8,922.4,22.7,-20.5,-2.2,continúa,programa,"38 Ciencia, Humanidades, Tecnología e Innovación",001 Actividades de apoyo administrativo,"91W Instituto Potosino de Investigación Científica y Tecnológica, A.C.",M001,,,,,
04,708.1,732.5,24.4,-9.6,-1.3,continúa,programa,04 Gobernación,001 Actividades de apoyo administrativo,813 Dirección General de Tecnologías de la Información y Comunicaciones,M001,,,,,
11,833.5,858.5,25.0,-15.0,-1.7,continúa,programa,11 Educación Pública,079 Expansión de la Educación Media Superior y Superior,500 Subsecretaría de Educación Superior,U079,,,,,
06,164.2,190.0,25.7,17.9,10.4,continúa,programa,06 Hacienda y Crédito Público,003 Regulación y supervisión del Sistema de Ahorro para el Retiro,D00 Comisión Nacional del Sistema de Ahorro para el Retiro,G003,,,,,
19,655.4,681.6,26.2,-5.2,-0.8,continúa,programa,19 Aportaciones a Seguridad Social,002 Régimen de Incorporación,"411 Unidad de Diseño Presupuestario, Control y Seguimiento del Gasto",U002,,,,,
40,312.8,340.3,27.6,12.5,3.8,continúa,programa,40 Información Nacional Estadística y Geográfica,"001 Planeación, Coordinación, Seguimiento y Evaluación del Sistema Nacional de Información Estadística y Geográfica",100 Instituto Nacional de Estadística y Geografía,P001,,,,,
04,0.0,28.0,28.0,28.0,inf,aparece,programa,04 Gobernación,013 Articulación de la política para la consolidación del sistema de justicia penal y la reconciliación social,922 Dirección General para la Reconciliación y Justicia,P013,,,,,
14,0.0,29.2,29.2,29.2,inf,aparece,programa,14 Trabajo y Previsión Social,023 Fortalecimiento productivo mediante capacitación y normatividad,610 Dirección General de Capacitación Laboral,F023,,,,,
11,229.8,259.5,29.7,18.7,7.7,continúa,programa,11 Educación Pública,001 Actividades de apoyo a la función pública y buen gobierno,O00 Coordinación Nacional de Becas para el Bienestar Benito Juárez,O001,,,,,
13,0.0,30.8,30.8,30.8,inf,aparece,programa,13 Marina,023 Programa para el fortalecimiento de derechos humanos e igualdad de género,114 Unidad de Promoción y Protección de los Derechos Humanos,A023,,,,,
35,187.6,219.2,31.6,22.6,11.5,continúa,programa,35 Comisión Nacional de los Derechos Humanos,001 Actividades de apoyo administrativo,125 Dirección General de Recursos Materiales y Servicios Generales,M001,,,,,
47,0.0,34.4,34.4,34.4,inf,aparece,programa,47 Entidades no Sectorizadas,053 Política en materia de gestión documental,EZN Archivo General de la Nación,P053,,,,,
04,854.6,889.1,34.5,-6.6,-0.7,continúa,programa,04 Gobernación,008 Subsidios para las acciones de búsqueda de personas desaparecidas y no localizadas,X00 Comisión Nacional de Búsqueda de Personas,U008,,,,,
13,0.0,36.7,36.7,36.7,inf,aparece,programa,13 Marina,036 Servicios de operación de infraestructura marítimo-portuaria,"J3C Administración del Sistema Portuario Nacional Puerto Chiapas, S.A. de C.V.",E036,,,,,
16,938.4,976.2,37.8,-7.2,-0.7,continúa,programa,16 Medio Ambiente y Recursos Naturales,219 Desarrollo Forestal Sustentable para el Bienestar,RHQ Comisión Nacional Forestal,S219,,,,,
16,2196.8,2236.7,39.9,-65.6,-2.8,continúa,programa,16 Medio Ambiente y Recursos Naturales,001 Actividades de apoyo administrativo,513 Dirección General de Informática y Telecomunicaciones,M001,,,,,
55,0.0,43.1,43.1,43.1,inf,aparece,programa,55 Agencia de Transformación Digital y Telecomunicaciones,"014 Investigación, estudios y proyectos en materia espacial",JZN Agencia Espacial Mexicana,Q014,,,,,
21,0.0,44.2,44.2,44.2,inf,aparece,programa,21 Turismo,020 Regulación y certificación de estándares de calidad turística,414 Dirección General de Normalización y Verificación,G020,,,,,
36,1120.9,1166.1,45.2,-8.6,-0.7,continúa,programa,36 Seguridad y Protección Ciudadana,002 Fondo para el Fortalecimiento de las Instituciones de Seguridad Pública,G00 Secretariado Ejecutivo del Sistema Nacional de Seguridad Pública,U002,,,,,
16,0.0,48.3,48.3,48.3,inf,aparece,programa,16 Medio Ambiente y Recursos Naturales,002 Atención de emergencias y desastres naturales,B00 Comisión Nacional del Agua,N002,,,,,
35,910.9,959.4,48.4,4.7,0.5,continúa,programa,35 Comisión Nacional de los Derechos Humanos,"002 Atender al público en general en oficinas centrales y foráneas; así como, investigar expedientes de presuntas violaciones a los Derechos Humanos.",121 Dirección General de Oficinas Foráneas,E002,,,,,
36,0.0,50.1,50.1,50.1,inf,aparece,programa,36 Seguridad y Protección Ciudadana,022 Regulación de los servicios de seguridad privada para coadyuvar a la prevención del delito,223 Dirección General de Seguridad Privada,G022,,,,,
TVV,0.0,50.4,50.4,50.4,inf,aparece,programa,TVV Comisión Federal de Electricidad,031 Promoción de medidas para el ahorro y uso eficiente de la energía eléctrica,TVV Comisión Federal de Electricidad,031 ,,,,,
14,0.0,50.9,50.9,50.9,inf,aparece,programa,14 Trabajo y Previsión Social,063 Articulación de Políticas Integrales de Juventud,VUY Instituto Mexicano de la Juventud,P063,,,,,
16,0.0,55.4,55.4,55.4,inf,aparece,programa,16 Medio Ambiente y Recursos Naturales,035 Articulación de Políticas Hídricas,B00 Comisión Nacional del Agua,P035,,,,,
04,0.0,58.2,58.2,58.2,inf,aparece,programa,04 Gobernación,008 Articulación de la política para el fortalecimiento de las instituciones democráticas,232 Dirección General de Estudios Legislativos,P008,,,,,
15,773.7,832.9,59.2,22.0,2.7,continúa,programa,"15 Desarrollo Agrario, Territorial y Urbano",001 Actividades de apoyo administrativo,413 Dirección General de Capital Humano y Desarrollo Organizacional,M001,,,,,
08,1479.8,1539.5,59.7,-11.4,-0.7,continúa,programa,08 Agricultura y Desarrollo Rural,"052 Programa de Abasto Social y Precios de Garantía a cargo de Leche para el Bienestar, S.A. de C.V.","VST Leche para el Bienestar, S.A. de C.V.",S052,,,,,
47,1642.1,1704.0,61.9,-16.9,-1.0,continúa,programa,47 Entidades no Sectorizadas,249 Programa para el Bienestar Integral de los Pueblos Indígenas,AYB Instituto Nacional de los Pueblos Indígenas,S249,,,,,
07,0.0,62.7,62.7,62.7,inf,aparece,programa,07 Defensa Nacional,013 Fortalecimiento de las capacidades de auxilio a la población civil mediante el Plan DN-III-E,125 Comandancia VI Región Militar,A013,,,,,
48,0.0,64.7,64.7,64.7,inf,aparece,programa,48 Cultura,056 Política de educación y cultura indígena,MDB Instituto Nacional de Lenguas Indígenas,P056,,,,,
47,1980.2,2047.7,67.4,-27.6,-1.3,continúa,programa,47 Entidades no Sectorizadas,178 Programa de Apoyo a la Educación Indígena,AYB Instituto Nacional de los Pueblos Indígenas,S178,,,,,
18,339.5,407.0,67.5,51.2,14.4,continúa,programa,18 Energía,001 Actividades de apoyo administrativo,554 Dirección General de Planes de Exploración y Programas de Evaluación,M001,,,,,
13,0.0,69.9,69.9,69.9,inf,aparece,programa,13 Marina,035 Servicios de formación del personal de la marina mercante,J4V Fideicomiso Universidad Marítima y Portuaria de México,E035,,,,,
04,0.0,72.4,72.4,72.4,inf,aparece,programa,04 Gobernación,007 Planeación demográfica del país,G00 Secretaría Técnica del Consejo Nacional de Población,P007,,,,,
27,773.4,846.3,72.9,35.8,4.4,continúa,programa,27 Anticorrupción y Buen Gobierno,001 Actividades de apoyo a la función pública y buen gobierno,900 Órgano Interno de Control de la Secretaría,O001,,,,,
10,0.0,74.8,74.8,74.8,inf,aparece,programa,10 Economía,021 Atención de trámites y servicios del Ramo Economía en las entidades federativas,532 Dirección General de Coordinación Territorial de los Centros de Fomento Económico para el Bienestar,F021,,,,,
04,0.0,76.8,76.8,76.8,inf,aparece,programa,04 Gobernación,"011 Coordinación con las instancias que integran el Sistema Nacional de Protección Integral de Niñas, Niños y Adolescentes","P00 Secretaría Ejecutiva del Sistema Nacional de Protección Integral de Niñas, Niños y Adolescentes",P011,,,,,
13,0.0,77.7,77.7,77.7,inf,aparece,programa,13 Marina,022 Programa para el Desarrollo de la Plataforma Multimodal del Corredor Interoceánico del Istmo de Tehuantepec,AYH Corredor Interoceánico del Istmo de Tehuantepec,F022,,,,,
07,0.0,77.8,77.8,77.8,inf,aparece,programa,07 Defensa Nacional,012 Salud y producción animal,147 Dirección General de Veterinaria y Remonta,A012,,,,,
07,0.0,78.3,78.3,78.3,inf,aparece,programa,07 Defensa Nacional,008 Derechos humanos,139 Dirección General de Derechos Humanos,A008,,,,,
11,1968.1,2047.4,79.3,-15.1,-0.7,continúa,programa,11 Educación Pública,269 Programa de Cultura Física y Deporte,L6I Comisión Nacional de Cultura Física y Deporte,S269,,,,,
06,2670.3,2751.0,80.7,-47.5,-1.7,continúa,programa,06 Hacienda y Crédito Público,001 Actividades de apoyo administrativo,716 Dirección General de Tecnologías y Seguridad de la Información,M001,,,,,
49,597.4,681.7,84.3,55.7,8.9,continúa,programa,49 Fiscalía General de la República,009 Investigar y perseguir los delitos cometidos en materia de derechos humanos,650 Fiscalía Especial de Investigación de Delitos relacionados con Personas Migrantes y Refugiadas,E009,,,,,
13,0.0,85.5,85.5,85.5,inf,aparece,programa,13 Marina,038 Servicios de operación de la infraestructura ferroviaria,"J3L Ferrocarril del Istmo de Tehuantepec, S.A. de C.V.",E038,,,,,
11,3000.0,3090.0,90.0,-54.0,-1.7,continúa,programa,11 Educación Pública,083 Universidades para el Bienestar Benito Juárez García,MEY Organismo Coordinador de las Universidades para el Bienestar Benito Juárez García,U083,,,,,
47,0.0,90.3,90.3,90.3,inf,aparece,programa,47 Entidades no Sectorizadas,054 Articulación de políticas públicas integrales anticorrupción y la administración de la Plataforma Digital Nacional,AYM Secretaría Ejecutiva del Sistema Nacional Anticorrupción,P054,,,,,
32,3102.8,3195.6,92.8,-56.1,-1.7,continúa,programa,32 Tribunal Federal de Justicia Administrativa,001 Impartición de Justicia Fiscal y Administrativa,"312 Tercera Sala Regional del Norte-Centro II, con sede en la Ciudad de Torreón, Estado de Coahuila",E001,,,,,
07,0.0,93.5,93.5,93.5,inf,aparece,programa,07 Defensa Nacional,"003 Investigación y desarrollo militar en coordinación con universidades públicas, instituciones públicas de educación superior y/o demás centros públicos de investigación superior",115 Dirección General de Educación Militar y Rectoría de la Universidad del Ejército y Fuerza Aérea,Q003,,,,,
04,0.0,93.6,93.6,93.6,inf,aparece,programa,04 Gobernación,057 Defensa jurídica de la Secretaría de Gobernación y compilación jurídica nacional y testamentaria ciudadana,133 Dirección General de Procedimientos Constitucionales,P057,,,,,
11,6160.2,6255.3,95.1,-200.6,-3.1,continúa,programa,11 Educación Pública,001 Actividades de apoyo administrativo,715 Dirección General del Sistema de Administración de la Nómina Educativa Federalizada,M001,,,,,
16,0.0,97.3,97.3,97.3,inf,aparece,programa,16 Medio Ambiente y Recursos Naturales,003 Conservación y Manejo de Áreas Naturales Protegidas,F00 Comisión Nacional de Áreas Naturales Protegidas,V003,,,,,
07,0.0,101.4,101.4,101.4,inf,aparece,programa,07 Defensa Nacional,016 Programa de igualdad entre mujeres y hombres SDN,139 Dirección General de Derechos Humanos,A016,,,,,
06,0.0,102.9,102.9,102.9,inf,aparece,programa,06 Hacienda y Crédito Público,"087 Servicios de administración, restauración y difusión del acervo patrimonial y documental de la SHCP",715 Dirección General de la Conservaduría de Palacio Nacional y Patrimonio Cultural,E087,,,,,
08,2560.8,2664.1,103.2,-19.7,-0.7,continúa,programa,08 Agricultura y Desarrollo Rural,053 Programa de Abasto Rural,"VSS Alimentación para el Bienestar, S.A. de C.V.",S053,,,,,
13,21.2,128.6,107.4,106.3,477.7,continúa,programa,13 Marina,001 Actividades de apoyo a la función pública y buen gobierno,110 Inspección y Contraloría General de Marina,O001,,,,,
55,0.0,107.4,107.4,107.4,inf,aparece,programa,55 Agencia de Transformación Digital y Telecomunicaciones,001 Actividades de apoyo administrativo,J9E Servicio Postal Mexicano,M001,,,,,
40,0.0,108.0,108.0,108.0,inf,aparece,programa,40 Información Nacional Estadística y Geográfica,006 Medición de la pobreza y Evaluación de la política de desarrollo social,100 Instituto Nacional de Estadística y Geografía,P006,,,,,
04,0.0,109.2,109.2,109.2,inf,aparece,programa,04 Gobernación,001 Servicios de atención a refugiados en el país,N00 Coordinación General de la Comisión Mexicana de Ayuda a Refugiados,E001,,,,,
48,0.0,116.4,116.4,116.4,inf,aparece,programa,48 Cultura,"007 Investigación en ciencia, humanidades, tecnología e innovación",D00 Instituto Nacional de Antropología e Historia,Q007,,,,,
37,0.0,118.4,118.4,118.4,inf,aparece,programa,37 Consejería Jurídica del Ejecutivo Federal,050 Política en materia de asesoramiento jurídico a la Presidenta de la Republica y al Gobierno Federal,114 Consejería Adjunta de Control Constitucional y de lo Contencioso,P050,,,,,
56,0.0,118.6,118.6,118.6,inf,aparece,programa,56 Servicios de Salud del Instituto Mexicano del Seguro Social para el Bienestar,001 Actividades de apoyo a la función pública y buen gobierno,AYO Servicios de Salud del Instituto Mexicano del Seguro Social para el Bienestar (IMSS-BIENESTAR),O001,,,,,
10,0.0,119.9,119.9,119.9,inf,aparece,programa,10 Economía,"010 Supervisión, vigilancia y actualización del marco normativo y operativo para las unidades económicas.",192 Dirección General de Normatividad Mercantil,G010,,,,,
05,0.0,122.2,122.2,122.2,inf,aparece,programa,05 Relaciones Exteriores,014 Articulación de la política de Cooperación internacional para el desarrollo,K00 Agencia Mexicana de Cooperación Internacional para el Desarrollo,P014,,,,,
GYN,0.0,123.9,123.9,123.9,inf,aparece,programa,GYN Instituto de Seguridad y Servicios Sociales de los Trabajadores del Estado,"008 Investigación, desarrollo tecnológico y formación en salud",GYN Instituto de Seguridad y Servicios Sociales de los Trabajadores del Estado,008 ,,,,,
20,3185.0,3312.0,127.0,-25.9,-0.8,continúa,programa,20 Bienestar,"174 Programa de Apoyo para el Bienestar de las Niñas y Niños, Hijos de Madres Trabajadoras",201 Unidad para la Atención de Grupos Prioritarios,S174,,,,,
18,0.0,128.6,128.6,128.6,inf,aparece,programa,18 Energía,017 Regulación y permisos de electricidad e hidrocarburos,F00 Comisión Nacional de Energía,G017,,,,,
07,0.0,131.1,131.1,131.1,inf,aparece,programa,07 Defensa Nacional,016 Servicios de dirección de la Aerolínea del Estado Mexicano,"H0C Grupo Aeroportuario, Ferroviario, de Servicios Auxiliares y Conexos, Olmeca-Maya-Mexica, S.A. de C.V.",E016,,,,,
13,0.0,132.0,132.0,132.0,inf,aparece,programa,13 Marina,"037 Servicios de impulso al turismo de bajo impacto ambiental del ""Centro Turístico Islas Marías""",218 Unidad de la Gubernatura del Archipiélago Islas Marías,E037,,,,,
21,0.0,133.2,133.2,133.2,inf,aparece,programa,21 Turismo,025 Fomento y promoción de destinos turísticos,811 Dirección General de Gestión Social de Destinos,F025,,,,,
16,0.0,133.2,133.2,133.2,inf,aparece,programa,16 Medio Ambiente y Recursos Naturales,046 Servicios de sistemas meteorológicos e hidrológicos,B00 Comisión Nacional del Agua,E046,,,,,
10,0.0,133.7,133.7,133.7,inf,aparece,programa,10 Economía,019 Promoción del comercio exterior y atracción de inversión extranjera directa,531 Dirección General de Inversión Extranjera,F019,,,,,
21,0.0,135.9,135.9,135.9,inf,aparece,programa,21 Turismo,050 Servicios de conservación y mantenimiento a los CIP's,"W3S FONATUR Infraestructura, S.A. de C.V.",E050,,,,,
04,0.0,141.8,141.8,141.8,inf,aparece,programa,04 Gobernación,061 Política para promover la protección de los derechos humanos y prevenir la discriminación,EZQ Consejo Nacional para Prevenir la Discriminación,P061,,,,,
09,0.0,143.7,143.7,143.7,inf,aparece,programa,"09 Infraestructura, Comunicaciones y Transportes","005 Investigación, estudios, proyectos y capacitación en materia de transporte",214 Dirección General de Desarrollo Carretero,Q005,,,,,
48,0.0,143.9,143.9,143.9,inf,aparece,programa,48 Cultura,"025 Servicios de producción y transmisión de materiales educativos, culturales y artísticos","MHL Televisión Metropolitana, S.A. de C.V.",E025,,,,,
08,3640.4,3787.2,146.8,-28.0,-0.7,continúa,programa,08 Agricultura y Desarrollo Rural,263 Sanidad e Inocuidad Agroalimentaria,"B00 Servicio Nacional de Sanidad, Inocuidad y Calidad Agroalimentaria",S263,,,,,
40,0.0,150.6,150.6,150.6,inf,aparece,programa,40 Información Nacional Estadística y Geográfica,004 Censo de Población y Vivienda,100 Instituto Nacional de Estadística y Geografía,P004,,,,,
18,0.0,151.2,151.2,151.2,inf,aparece,programa,18 Energía,"019 Regulación y supervisión de actividades nucleares, radiológicas y de eficiencia energética",A00 Comisión Nacional de Seguridad Nuclear y Salvaguardias,G019,,,,,
15,0.0,151.3,151.3,151.3,inf,aparece,programa,"15 Desarrollo Agrario, Territorial y Urbano",033 Articulación de la política nacional de vivienda,511 Dirección General de Ordenamiento Territorial y Urbano,P033,,,,,
28,3527.6,3680.0,152.4,-16.9,-0.5,continúa,programa,28 Participaciones a Entidades Federativas y Municipios,004 Fondo de Compensación del Impuesto sobre Automóviles Nuevos,114 Unidad de Coordinación con Entidades Federativas,C004,,,,,
10,0.0,156.7,156.7,156.7,inf,aparece,programa,10 Economía,006 Desarrollo tecnológico y prestación de servicios metrológicos para la competitividad,K2H Centro Nacional de Metrología,Q006,,,,,
16,0.0,158.8,158.8,158.8,inf,aparece,programa,16 Medio Ambiente y Recursos Naturales,"010 Investigación y capacitación en cambio climático, sustentabilidad y crecimiento Verde",136 Oficina de Representación en Michoacán,Q010,,,,,
21,0.0,162.9,162.9,162.9,inf,aparece,programa,21 Turismo,043 Articulación de la política de turismo,812 Dirección General de Política Turística,P043,,,,,
33,3789.5,3953.1,163.6,-18.3,-0.5,continúa,programa,33 Aportaciones Federales para Entidades Federativas y Municipios,010 FAETA Educación de Adultos,"411 Unidad de Diseño Presupuestario, Control y Seguimiento del Gasto",I010,,,,,
11,0.0,165.3,165.3,165.3,inf,aparece,programa,11 Educación Pública,026 Servicios de producción y distribución de libros y materiales culturales,MAR Fondo de Cultura Económica,E026,,,,,
06,0.0,166.9,166.9,166.9,inf,aparece,programa,06 Hacienda y Crédito Público,"002 Producción de impresos valorados, no valorados, numerados y de seguridad",713 Dirección General de Talleres de Impresión de Estampillas y Valores,B002,,,,,
54,0.0,171.7,171.7,171.7,inf,aparece,programa,54 Mujeres,059 Política de fortalecimiento de la Igualdad Sustantiva entre Mujeres y Hombres,300 Subsecretaría del Derecho a una Vida Libre de Violencias,P059,,,,,
23,0.0,172.9,172.9,172.9,inf,aparece,programa,23 Provisiones Salariales y Económicas,015 Comisiones y pago a CECOBAN,"411 Unidad de Diseño Presupuestario, Control y Seguimiento del Gasto",R015,,,,,
16,0.0,177.6,177.6,177.6,inf,aparece,programa,16 Medio Ambiente y Recursos Naturales,011 Investigación científica y tecnológica,RJE Instituto Mexicano de Tecnología del Agua,Q011,,,,,
49,0.0,178.8,178.8,178.8,inf,aparece,programa,49 Fiscalía General de la República,022 Proyectos de infraestructura gubernamental de procuración de justicia,"830 Unidad Especializada de Recursos, Servicios e Infraestructura Inmobiliaria",K022,,,,,
13,0.0,179.4,179.4,179.4,inf,aparece,programa,13 Marina,"009 Investigación y desarrollo tecnológico, producción y mantenimiento de equipos navales y sus accesorios",122 Unidad de Investigación y Desarrollo Tecnológico,Q009,,,,,
13,0.0,184.5,184.5,184.5,inf,aparece,programa,13 Marina,030 Articulación de Políticas y Programas del Sector Marítimo y Portuario,413 Dirección General de Fomento y Administración Portuaria,P030,,,,,
47,0.0,186.0,186.0,186.0,inf,aparece,programa,47 Entidades no Sectorizadas,058 Producción y transmisión de materiales Radiofónicos,MDL Instituto Mexicano de la Radio,E058,,,,,
19,0.0,187.3,187.3,187.3,inf,aparece,programa,19 Aportaciones a Seguridad Social,008 Pagas de Defunción y Ayuda para Gastos de Sepelio,"411 Unidad de Diseño Presupuestario, Control y Seguimiento del Gasto",R008,,,,,
19,0.0,197.7,197.7,197.7,inf,aparece,programa,19 Aportaciones a Seguridad Social,009 Compensaciones de Carácter Militar con Pago único,"411 Unidad de Diseño Presupuestario, Control y Seguimiento del Gasto",R009,,,,,
49,13680.9,13879.6,198.8,-457.9,-3.2,continúa,programa,49 Fiscalía General de la República,002 Investigar y perseguir los delitos del orden federal,"850 Unidad Especializada de Infraestructura Tecnológica, Comunicaciones y Sistemas",E002,,,,,
31,0.0,199.5,199.5,199.5,inf,aparece,programa,31 Tribunales Agrarios,053 Resolución de juicios agrarios dotatorios de tierras y los recursos de revisión,100 Tribunal Superior Agrario,E053,,,,,
48,0.0,205.8,205.8,205.8,inf,aparece,programa,48 Cultura,064 Servicios cinematográficos,MDC Instituto Mexicano de Cinematografía,E064,,,,,
06,0.0,210.6,210.6,210.6,inf,aparece,programa,06 Hacienda y Crédito Público,062 Instrumentar la Política Inmobiliaria de la Administración Pública Federal y la valuación de los bienes nacionales,A00 Instituto de Administración y Avalúos de Bienes Nacionales,P062,,,,,
16,0.0,213.7,213.7,213.7,inf,aparece,programa,16 Medio Ambiente y Recursos Naturales,005 Programa para la Protección y Restauración de Ecosistemas y Especies Prioritarias,F00 Comisión Nacional de Áreas Naturales Protegidas,V005,,,,,
47,0.0,219.4,219.4,219.4,inf,aparece,programa,47 Entidades no Sectorizadas,057 Servicios de preservación y divulgación del patrimonio documental que resguarda el Archivo General de la Nación y de la memoria histórica de México,EZN Archivo General de la Nación,E057,,,,,
49,819.0,1048.7,229.7,190.4,22.2,continúa,programa,49 Fiscalía General de la República,006 Investigar y perseguir los delitos federales de carácter especial y en asuntos internacionales,572 Unidad de Procedimientos Internacionales,E006,,,,,
36,0.0,231.1,231.1,231.1,inf,aparece,programa,36 Seguridad y Protección Ciudadana,005 Coordinación del Sistema Nacional de Protección Civil y prevención de amenazas y desastres derivadas de alertas de riesgos,"163 Dirección General de Vinculación, Innovación y Normativa en Protección Civil",N005,,,,,
11,0.0,238.2,238.2,238.2,inf,aparece,programa,11 Educación Pública,084 Servicios de mantenimiento e infraestructura física educativa,MGC Patronato de Obras e Instalaciones del Instituto Politécnico Nacional,E084,,,,,
20,0.0,246.1,246.1,246.1,inf,aparece,programa,20 Bienestar,048 Servicios a grupos con necesidades especiales,V3A Instituto Nacional de las Personas Adultas Mayores,E048,,,,,
23,0.0,246.7,246.7,246.7,inf,aparece,programa,23 Provisiones Salariales y Económicas,004 Fondo de Prevención de Desastres Naturales (FOPREDEN),"411 Unidad de Diseño Presupuestario, Control y Seguimiento del Gasto",N004,,,,,
04,32.3,290.2,258.0,256.4,758.6,continúa,programa,04 Gobernación,004 Servicios de registro e Identificación de Población,941 Dirección General del Registro Nacional de Población e Identidad,E004,,,,,
13,0.0,259.6,259.6,259.6,inf,aparece,programa,13 Marina,039 Servicios de operación de infraestructura aeroportuaria de MARINA,"KDN Aeropuerto Internacional de la Ciudad de México, S.A. de C.V.",E039,,,,,
06,0.0,261.6,261.6,261.6,inf,aparece,programa,06 Hacienda y Crédito Público,001 Administración del Fondo de Pensiones,HKA Instituto para Devolver al Pueblo lo Robado,R001,,,,,
21,0.0,269.5,269.5,269.5,inf,aparece,programa,21 Turismo,049 Servicios de calidad y atención integral al turismo,417 Dirección General de Servicios al Turista Ángeles Verdes,E049,,,,,
18,0.0,282.6,282.6,282.6,inf,aparece,programa,18 Energía,039 Articulación de la política nuclear y eléctrica,319 Dirección General de Evaluación Financiera de la Unidad del Sistema Eléctrico Nacional y Política Nuclear,P039,,,,,
55,0.0,283.1,283.1,283.1,inf,aparece,programa,55 Agencia de Transformación Digital y Telecomunicaciones,"060 Definición, articulación y coordinación de las Políticas de Transformación Digital y Telecomunicaciones","120 Dirección General Jurídica, Cumplimiento Normativo y Gobernanza Tecnológica",P060,,,,,
33,6561.8,6858.3,296.5,-18.5,-0.3,continúa,programa,33 Aportaciones Federales para Entidades Federativas y Municipios,009 FAETA Educación Tecnológica,"411 Unidad de Diseño Presupuestario, Control y Seguimiento del Gasto",I009,,,,,
08,1600.0,1898.6,298.6,221.8,13.2,continúa,programa,08 Agricultura y Desarrollo Rural,304 Pesca y Acuacultura Sustentables,227 Dirección General de Producción Ganadera,S304,,,,,
10,0.0,298.7,298.7,298.7,inf,aparece,programa,10 Economía,"025 Política de desarrollo e innovación de los sectores industrial, comercial y de servicios",540 Unidad de Fomento y Crecimiento Económico,P025,,,,,
54,0.0,321.2,321.2,321.2,inf,aparece,programa,54 Mujeres,001 Actividades de apoyo administrativo,400 Unidad de Administración y Finanzas,M001,,,,,
10,0.0,323.3,323.3,323.3,inf,aparece,programa,10 Economía,024 Articulación de las políticas y programas del sector Economía,534 Dirección General de Financiamiento y Apoyo,P024,,,,,
04,0.0,325.6,325.6,325.6,inf,aparece,programa,04 Gobernación,"012 Determinación, ejecución y seguimiento a las acciones de búsqueda de Personas Desaparecidas y No Localizadas",X00 Comisión Nacional de Búsqueda de Personas,P012,,,,,
TVV,0.0,328.4,328.4,328.4,inf,aparece,programa,TVV Comisión Federal de Electricidad,058 Planeación Estratégica de la Comisión Federal de Electricidad,TVV Comisión Federal de Electricidad,058 ,,,,,
GYN,0.0,345.4,345.4,345.4,inf,aparece,programa,GYN Instituto de Seguridad y Servicios Sociales de los Trabajadores del Estado,071 Servicios por prestaciones sociales,GYN Instituto de Seguridad y Servicios Sociales de los Trabajadores del Estado,071 ,,,,,
GYN,0.0,346.0,346.0,346.0,inf,aparece,programa,GYN Instituto de Seguridad y Servicios Sociales de los Trabajadores del Estado,313 La Clínica es Nuestra,GYN Instituto de Seguridad y Servicios Sociales de los Trabajadores del Estado,313 ,,,,,
06,0.0,346.8,346.8,346.8,inf,aparece,programa,06 Hacienda y Crédito Público,020 Asesoría jurídica y representación judicial y administrativa de la SHCP,513 Subprocuraduría Fiscal Federal de Investigaciones,P020,,,,,
38,8814.7,9170.0,355.3,-67.8,-0.7,continúa,programa,"38 Ciencia, Humanidades, Tecnología e Innovación",191 Sistema Nacional de Investigadoras e Investigadores,220 Dirección General de Becas y Apoyos a la Comunidad Científica y Humanística,S191,,,,,
27,0.0,359.9,359.9,359.9,inf,aparece,programa,27 Anticorrupción y Buen Gobierno,045 Política de Buen Gobierno,840 Dirección General de Tecnologías de la Información y Comunicaciones,P045,,,,,
10,0.0,367.3,367.3,367.3,inf,aparece,programa,10 Economía,011 Vigilancia del cumplimiento de la normatividad y fortalecimiento de la certeza jurídica entre proveedores y consumidores,LAT Procuraduría Federal del Consumidor,G011,,,,,
09,0.0,369.2,369.2,369.2,inf,aparece,programa,"09 Infraestructura, Comunicaciones y Transportes",009 Derecho de Vía,652 Centro SICT Zacatecas,G009,,,,,
10,0.0,379.6,379.6,379.6,inf,aparece,programa,10 Economía,"020 Promoción, regulación e información geológica para el desarrollo de la actividad minera",611 Dirección General de Desarrollo Minero,F020,,,,,
33,9565.5,9951.1,385.6,-73.5,-0.7,continúa,programa,33 Aportaciones Federales para Entidades Federativas y Municipios,011 FASP,"411 Unidad de Diseño Presupuestario, Control y Seguimiento del Gasto",I011,,,,,
06,0.0,397.3,397.3,397.3,inf,aparece,programa,06 Hacienda y Crédito Público,019 Diseño y aplicación de la política económica,211 Unidad de Planeación Económica de la Hacienda Pública,P019,,,,,
47,0.0,397.9,397.9,397.9,inf,aparece,programa,47 Entidades no Sectorizadas,061 Servicios de producción y difusión de materiales audiovisuales,AYL Sistema Público de Radiodifusión del Estado Mexicano,E061,,,,,
09,0.0,405.2,405.2,405.2,inf,aparece,programa,"09 Infraestructura, Comunicaciones y Transportes",022 Articulación de la política de comunicaciones y transportes,652 Centro SICT Zacatecas,P022,,,,,
11,10195.0,10600.7,405.7,-83.7,-0.8,continúa,programa,11 Educación Pública,080 Apoyos a centros y organizaciones de educación,700 Unidad de Administración y Finanzas,U080,,,,,
04,0.0,407.5,407.5,407.5,inf,aparece,programa,04 Gobernación,003 Servicios de impartición de justicia laboral para los trabajadores al servicio del Estado,F00 Tribunal Federal de Conciliación y Arbitraje,E003,,,,,
16,0.0,408.6,408.6,408.6,inf,aparece,programa,16 Medio Ambiente y Recursos Naturales,"016 Regulación, gestión y supervisión socioambiental",812 Dirección General de Fomento y Desempeño Urbano Ambiental Sostenible,G016,,,,,
24,5638.1,6050.1,412.0,141.4,2.4,continúa,programa,24 Deuda Pública,002 Fondo de ahorro SAR,210 Unidad de Crédito Público y Asuntos Internacionales de Hacienda,D002,,,,,
19,6509.2,6923.2,414.0,101.6,1.5,continúa,programa,19 Aportaciones a Seguridad Social,002 Seguro de Invalidez y Vida,GYR Instituto Mexicano del Seguro Social,T002,,,,,
06,0.0,425.2,425.2,425.2,inf,aparece,programa,06 Hacienda y Crédito Público,017 Diseño de la política de ingresos,312 Unidad de Legislación Tributaria,P017,,,,,
56,0.0,425.4,425.4,425.4,inf,aparece,programa,56 Servicios de Salud del Instituto Mexicano del Seguro Social para el Bienestar,"008 Investigación, desarrollo tecnológico y formación en salud",AYO Servicios de Salud del Instituto Mexicano del Seguro Social para el Bienestar (IMSS-BIENESTAR),Q008,,,,,
27,0.0,430.3,430.3,430.3,inf,aparece,programa,27 Anticorrupción y Buen Gobierno,044 Política anticorrupción,520 Dirección General de Investigación,P044,,,,,
04,69.9,510.9,441.0,437.6,597.1,continúa,programa,04 Gobernación,006 Articulación de la política en materia de comunicación social del Gobierno de México,273 Dirección General de Medios Impresos,P006,,,,,
16,0.0,463.0,463.0,463.0,inf,aparece,programa,16 Medio Ambiente y Recursos Naturales,036 Articulación de la Política Ambiental y de Recursos Naturales,811 Dirección General de Políticas para la Acción Climática,P036,,,,,
10,0.0,465.4,465.4,465.4,inf,aparece,programa,10 Economía,"023 Negociación, administración y defensa de Tratados y Acuerdos Internacionales de comercio e Inversión",522 Dirección General de Disciplinas de Comercio Internacional,P023,,,,,
36,0.0,478.3,478.3,478.3,inf,aparece,programa,36 Seguridad y Protección Ciudadana,048 Plataforma México,"212 Dirección General de Gestión de Servicios, Ciberseguridad y Desarrollo Tecnológico",P048,,,,,
11,12163.5,12650.0,486.5,-97.3,-0.8,continúa,programa,11 Educación Pública,283 Jóvenes Escribiendo el Futuro,O00 Coordinación Nacional de Becas para el Bienestar Benito Juárez,S283,,,,,
14,0.0,488.6,488.6,488.6,inf,aparece,programa,14 Trabajo y Previsión Social,041 Servicios de conciliación laboral y registros laborales,120 Dirección General de Concertación Social,E041,,,,,
06,0.0,491.1,491.1,491.1,inf,aparece,programa,06 Hacienda y Crédito Público,007 Protección y defensa de los usuarios de servicios financieros,G3A Comisión Nacional para la Protección y Defensa de los Usuarios de Servicios Financieros,E007,,,,,
33,12278.6,12773.6,495.0,-94.4,-0.7,continúa,programa,33 Aportaciones Federales para Entidades Federativas y Municipios,014 FONE Otros de Gasto Corriente,"411 Unidad de Diseño Presupuestario, Control y Seguimiento del Gasto",I014,,,,,
08,12500.0,13000.0,500.0,-100.0,-0.8,continúa,programa,08 Agricultura y Desarrollo Rural,290 Acopio para el Bienestar,"VSS Alimentación para el Bienestar, S.A. de C.V.",S290,,,,,
16,0.0,500.0,500.0,500.0,inf,aparece,programa,16 Medio Ambiente y Recursos Naturales,028 Infraestructura en materia ambiental,"512 Dirección General de Recursos Materiales, Inmuebles y Servicios",K028,,,,,
11,0.0,514.6,514.6,514.6,inf,aparece,programa,11 Educación Pública,027 Servicios de atención al deporte,L6I Comisión Nacional de Cultura Física y Deporte,E027,,,,,
11,0.0,528.4,528.4,528.4,inf,aparece,programa,11 Educación Pública,"025 Servicios de producción y transmisión de materiales educativos, culturales y artísticos",418 Dirección General @prende.mx,E025,,,,,
33,13376.4,13915.7,539.2,-102.8,-0.7,continúa,programa,33 Aportaciones Federales para Entidades Federativas y Municipios,016 FONE Fondo de Compensación,"411 Unidad de Diseño Presupuestario, Control y Seguimiento del Gasto",I016,,,,,
06,0.0,561.2,561.2,561.2,inf,aparece,programa,06 Hacienda y Crédito Público,018 Diseño y conducción de la política de gasto público,419 Unidad de Política y Estrategia para Resultados,P018,,,,,
TYY,2015.4,2577.0,561.6,464.9,22.0,continúa,programa,TYY Petróleos Mexicanos,036 Compra de acciones o inversiones diversas para Pemex,TYY Petróleos Mexicanos,036 ,,,,,
05,0.0,570.8,570.8,570.8,inf,aparece,programa,05 Relaciones Exteriores,005 Atención y servicios integrales de protección y asistencia consular,611 Dirección General de Oficinas de Pasaportes,E005,,,,,
38,14302.9,14879.5,576.6,-109.9,-0.7,continúa,programa,"38 Ciencia, Humanidades, Tecnología e Innovación",190 Becas de posgrado y apoyos a la calidad,220 Dirección General de Becas y Apoyos a la Comunidad Científica y Humanística,S190,,,,,
49,2003.4,2589.8,586.4,490.2,23.3,continúa,programa,49 Fiscalía General de la República,001 Actividades de apoyo administrativo,870 Unidad de Seguridad Institucional,M001,,,,,
31,0.0,614.9,614.9,614.9,inf,aparece,programa,31 Tribunales Agrarios,052 Resolución de asuntos relativos a conflictos y controversias por uso y usufructo de la tierra,200 Tribunales Unitarios Agrarios,E052,,,,,
07,72.0,715.0,643.0,639.5,847.3,continúa,programa,07 Defensa Nacional,017 Programa de Becas para los hijos del Personal de las Fuerzas Armadas en activo,111 Jefatura del Estado Mayor de la Defensa Nacional,A017,,,,,
06,0.0,645.9,645.9,645.9,inf,aparece,programa,06 Hacienda y Crédito Público,006 Servicios de administración de los recursos y valores federales,614 Subtesorería de Planeación Financiera y Administración de la Liquidez,E006,,,,,
12,0.0,665.0,665.0,665.0,inf,aparece,programa,12 Salud,012 Protección contra riesgos sanitarios y regulación sanitaria en establecimientos médicos,610 Dirección General de Calidad y Educación en Salud,G012,,,,,
48,0.0,679.6,679.6,679.6,inf,aparece,programa,48 Cultura,"320 Estímulos a la creación artística, reconocimientos a las trayectorias y apoyo al desarrollo de proyectos culturales",300 Subsecretaría de Diversidad Cultural y Fomento a la Lectura,S320,,,,,
48,0.0,686.6,686.6,686.6,inf,aparece,programa,48 Cultura,023 Servicios de Educación Superior y Posgrado,D00 Instituto Nacional de Antropología e Historia,E023,,,,,
38,0.0,691.8,691.8,691.8,inf,aparece,programa,"38 Ciencia, Humanidades, Tecnología e Innovación","027 Programas nacionales estratégicos de ciencia, tecnología y vinculación con el sector social, público y privado",410 Dirección General de Cooperación Institucional y Sectorial,F027,,,,,
10,0.0,697.5,697.5,697.5,inf,aparece,programa,10 Economía,020 Servicios integrales para la protección de los derechos de los consumidores,LAT Procuraduría Federal del Consumidor,E020,,,,,
08,17500.0,18200.0,700.0,-140.0,-0.8,continúa,programa,08 Agricultura y Desarrollo Rural,292 Fertilizantes para el Bienestar,237 Dirección General de Eficiencia Hídrica en el Temporal,S292,,,,,
33,7741.5,8449.5,708.1,336.5,4.1,continúa,programa,33 Aportaciones Federales para Entidades Federativas y Municipios,008 FAM Infraestructura Educativa Media Superior y Superior,"411 Unidad de Diseño Presupuestario, Control y Seguimiento del Gasto",I008,,,,,
15,0.0,719.3,719.3,719.3,inf,aparece,programa,"15 Desarrollo Agrario, Territorial y Urbano","034 Política de ordenamiento agrario, territorial y urbano",516 Dirección General de Gestión Integral de Riesgos de Desastres y Cambio Climático,P034,,,,,
47,0.0,724.6,724.6,724.6,inf,aparece,programa,47 Entidades no Sectorizadas,059 Servicios de protección y defensa de los contribuyentes,AYI Procuraduría de la Defensa del Contribuyente,E059,,,,,
07,0.0,744.1,744.1,744.1,inf,aparece,programa,07 Defensa Nacional,015 Servicios Públicos de Transporte Masivo de Personas y Carga Tren Maya,"H0M Tren Maya, S.A. de C.V.",E015,,,,,
07,0.0,744.7,744.7,744.7,inf,aparece,programa,07 Defensa Nacional,"014 Servicios de administración de la Infraestructura Aeroportuaria en Santa Lucía, Edo. Méx.","HZI Aeropuerto Internacional Felipe Ángeles, S.A. de C.V.",E014,,,,,
33,18591.1,19340.5,749.5,-142.9,-0.7,continúa,programa,33 Aportaciones Federales para Entidades Federativas y Municipios,015 FONE Gasto de Operación,"411 Unidad de Diseño Presupuestario, Control y Seguimiento del Gasto",I015,,,,,
TYY,0.0,755.4,755.4,755.4,inf,aparece,programa,TYY Petróleos Mexicanos,075 Servicios de operación y mantenimiento de la infraestructura en ecología,TYY Petróleos Mexicanos,075 ,,,,,
14,0.0,772.1,772.1,772.1,inf,aparece,programa,14 Trabajo y Previsión Social,031 Implementación de la política laboral,671 Oficina de Representación Federal del Trabajo en la Ciudad de México,P031,,,,,
11,0.0,781.5,781.5,781.5,inf,aparece,programa,11 Educación Pública,270 Programa Nacional de Inglés,310 Dirección General de Gestión Escolar y Enfoque Territorial,U270,,,,,
21,0.0,783.2,783.2,783.2,inf,aparece,programa,21 Turismo,026 Fomento y promoción de la inversión en el sector turístico,W3N Fondo Nacional de Fomento al Turismo,F026,,,,,
54,0.0,785.0,785.0,785.0,inf,aparece,programa,54 Mujeres,319 Programa de Atención Integral para el Bienestar de las Mujeres,300 Subsecretaría del Derecho a una Vida Libre de Violencias,S319,,,,,
11,0.0,824.4,824.4,824.4,inf,aparece,programa,11 Educación Pública,295 Fortalecimiento de los Servicios de Educación Especial (PFSEE),312 Dirección General de Desarrollo Curricular,U295,,,,,
15,0.0,825.3,825.3,825.3,inf,aparece,programa,"15 Desarrollo Agrario, Territorial y Urbano",042 Servicios de ordenamiento y procuración de justicia agraria,211 Dirección General de Concertación Agraria y Mediación,E042,,,,,
36,0.0,833.3,833.3,833.3,inf,aparece,programa,36 Seguridad y Protección Ciudadana,047 Articulación de la política  en materia de seguridad nacional y pública,231 Secretaría Técnica de las Conferencias Nacionales de Secretarios de Seguridad Pública y del Sistema Penitenciario,P047,,,,,
09,0.0,838.2,838.2,838.2,inf,aparece,programa,"09 Infraestructura, Comunicaciones y Transportes","007 Supervisión, regulación, inspección, verificación y servicios administrativos de construcción y conservación de carreteras",652 Centro SICT Zacatecas,G007,,,,,
11,0.0,856.6,856.6,856.6,inf,aparece,programa,11 Educación Pública,300 La Normal es Nuestra,515 Dirección General de Educación Superior para el Magisterio,U300,,,,,
54,0.0,856.8,856.8,856.8,inf,aparece,programa,54 Mujeres,012 Programa para la Prevención y Detección de las Violencias Femenicidas y la Atención de las Causas,300 Subsecretaría del Derecho a una Vida Libre de Violencias,U012,,,,,
GYR,0.0,889.1,889.1,889.1,inf,aparece,programa,GYR Instituto Mexicano del Seguro Social,"008 Investigación, desarrollo tecnológico y formación en salud",GYR Instituto Mexicano del Seguro Social,008 ,,,,,
04,0.0,890.2,890.2,890.2,inf,aparece,programa,04 Gobernación,010 Política para la protección y defensa de los derechos humanos,915 Dirección General para la Protección de Personas Defensoras de Derechos Humanos y Periodistas,P010,,,,,
14,0.0,896.0,896.0,896.0,inf,aparece,programa,14 Trabajo y Previsión Social,040 Servicios de impartición y procuración de justicia laboral,110 Junta Federal de Conciliación y Arbitraje,E040,,,,,
11,0.0,901.4,901.4,901.4,inf,aparece,programa,11 Educación Pública,312 Expansión de la Educación Inicial,310 Dirección General de Gestión Escolar y Enfoque Territorial,U312,,,,,
18,0.0,907.3,907.3,907.3,inf,aparece,programa,18 Energía,037 Articulación de la política energética,213 Dirección General de Desarrollo Tecnológico y Acceso a la Energía,P037,,,,,
03,85025.8,85960.2,934.4,-3146.8,-3.5,continúa,programa,03 Poder Judicial,001 Otras Actividades,300 Tribunal de Disciplina Judicial,R001,,,,,
40,9458.7,10398.5,939.8,485.8,4.9,continúa,programa,40 Información Nacional Estadística y Geográfica,002 Producción y difusión de información estadística y geográfica,100 Instituto Nacional de Estadística y Geografía,P002,,,,,
16,0.0,955.4,955.4,955.4,inf,aparece,programa,16 Medio Ambiente y Recursos Naturales,"014 Inspección, vigilancia y regulación del medio ambiente y recursos naturales","418 Dirección General de Gestión Forestal, Suelos y Ordenamiento Ecológico",G014,,,,,
14,24205.0,25173.0,968.0,-193.8,-0.8,continúa,programa,14 Trabajo y Previsión Social,280 Jóvenes Construyendo el Futuro,320 Unidad del Programa Jóvenes Construyendo el Futuro,S280,,,,,
11,25000.0,26000.0,1000.0,-200.0,-0.8,continúa,programa,11 Educación Pública,282 La Escuela es Nuestra,180 Dirección General La Escuela es Nuestra,S282,,,,,
38,0.0,1050.0,1050.0,1050.0,inf,aparece,programa,"38 Ciencia, Humanidades, Tecnología e Innovación",023 Servicios de Educación Superior y Posgrado,92M Universidad Nacional Rosario Castellanos,E023,,,,,
47,0.0,1073.2,1073.2,1073.2,inf,aparece,programa,47 Entidades no Sectorizadas,060 Servicios de atención a víctimas,AYJ Comisión Ejecutiva de Atención a Víctimas,E060,,,,,
07,0.0,1102.7,1102.7,1102.7,inf,aparece,programa,07 Defensa Nacional,010 Programa de justicia militar,136 Fiscalía General de Justicia Militar,A010,,,,,
47,0.0,1108.0,1108.0,1108.0,inf,aparece,programa,47 Entidades no Sectorizadas,052 Planeación y Articulación de la Acción Pública hacia los Pueblos Indígenas,AYB Instituto Nacional de los Pueblos Indígenas,P052,,,,,
08,16300.0,17472.0,1172.0,389.6,2.3,continúa,programa,08 Agricultura y Desarrollo Rural,293 Producción para el Bienestar,220 Coordinación General de Bienestar para el Campo,S293,,,,,
GYR,6619.0,7796.5,1177.5,859.8,12.4,continúa,programa,GYR Instituto Mexicano del Seguro Social,006 Infraestructura integral para el derecho a la salud,GYR Instituto Mexicano del Seguro Social,006 ,,,,,
24,5608.9,6820.9,1211.9,942.7,16.0,continúa,programa,24 Deuda Pública,004 Otros financiamientos,210 Unidad de Crédito Público y Asuntos Internacionales de Hacienda,D004,,,,,
TYY,0.0,1212.0,1212.0,1212.0,inf,aparece,programa,TYY Petróleos Mexicanos,007 Infraestructura para la asistencia y seguridad social,TYY Petróleos Mexicanos,007 ,,,,,
13,0.0,1219.5,1219.5,1219.5,inf,aparece,programa,13 Marina,022 Administración y Operación de Capitanías de Puerto y Asuntos Marítimos,313 Universidad Naval,A022,,,,,
GYN,186.7,1432.0,1245.3,1236.4,631.9,continúa,programa,GYN Instituto de Seguridad y Servicios Sociales de los Trabajadores del Estado,020 Pagos de funeral,GYN Instituto de Seguridad y Servicios Sociales de los Trabajadores del Estado,020 ,,,,,
19,0.0,1252.6,1252.6,1252.6,inf,aparece,programa,19 Aportaciones a Seguridad Social,012 Adeudos con el IMSS e ISSSTE y fortalecimiento del Modelo de Atención Integral de Salud,"411 Unidad de Diseño Presupuestario, Control y Seguimiento del Gasto",R012,,,,,
33,13762.6,15021.4,1258.8,598.2,4.1,continúa,programa,33 Aportaciones Federales para Entidades Federativas y Municipios,007 FAM Infraestructura Educativa Básica,"411 Unidad de Diseño Presupuestario, Control y Seguimiento del Gasto",I007,,,,,
15,32000.0,33280.0,1280.0,-256.0,-0.8,continúa,programa,"15 Desarrollo Agrario, Territorial y Urbano",177 Programa de Vivienda Social,QCW Comisión Nacional de Vivienda,S177,,,,,
16,0.0,1345.2,1345.2,1345.2,inf,aparece,programa,16 Medio Ambiente y Recursos Naturales,002 Protección Forestal,RHQ Comisión Nacional Forestal,V002,,,,,
25,0.0,1368.9,1368.9,1368.9,inf,aparece,programa,"25 Previsiones y Aportaciones para los Sistemas de Educación Básica, Normal, Tecnológica y de Adultos",086 Servicios de educación normal en la Ciudad de México,C00 Autoridad Educativa Federal en la Ciudad de México,E086,,,,,
33,14999.4,16371.3,1371.9,651.9,4.1,continúa,programa,33 Aportaciones Federales para Entidades Federativas y Municipios,003 FAIS Entidades,"411 Unidad de Diseño Presupuestario, Control y Seguimiento del Gasto",I003,,,,,
19,0.0,1422.4,1422.4,1422.4,inf,aparece,programa,19 Aportaciones a Seguridad Social,"005 Aportaciones Estatutarias al Seguro de Retiro, Cesantía en Edad Avanzada y Vejez","411 Unidad de Diseño Presupuestario, Control y Seguimiento del Gasto",J005,,,,,
23,0.0,1488.8,1488.8,1488.8,inf,aparece,programa,23 Provisiones Salariales y Económicas,028 FEIEF,"411 Unidad de Diseño Presupuestario, Control y Seguimiento del Gasto",R028,,,,,
12,0.0,1501.3,1501.3,1501.3,inf,aparece,programa,12 Salud,027 Rectoría del Sistema Nacional de Salud,618 Dirección General de Modernización del Sector Salud,P027,,,,,
07,0.0,1510.9,1510.9,1510.9,inf,aparece,programa,07 Defensa Nacional,003 Infraestructura en materia de seguridad nacional,117 Dirección General de Ingenieros,K003,,,,,
23,0.0,1512.1,1512.1,1512.1,inf,aparece,programa,23 Provisiones Salariales y Económicas,016 Investigación en materia de hidrocarburos y sustentabilidad energética,"411 Unidad de Diseño Presupuestario, Control y Seguimiento del Gasto",R016,,,,,
12,0.0,1528.7,1528.7,1528.7,inf,aparece,programa,12 Salud,032 Servicios de atención a la salud mental y prevención de las adicciones,Y00 Comisión Nacional de Salud Mental y Adicciones,E032,,,,,
20,39100.0,40664.0,1564.0,-312.8,-0.8,continúa,programa,20 Bienestar,287 Sembrando Vida,311 Dirección General de Seguimiento y Logística para el Desarrollo Rural y Productivo,S287,,,,,
GYR,0.0,1583.6,1583.6,1583.6,inf,aparece,programa,GYR Instituto Mexicano del Seguro Social,068 Servicios de prevención y atención de riesgos de trabajo e invalidez,GYR Instituto Mexicano del Seguro Social,068 ,,,,,
09,0.0,1604.0,1604.0,1604.0,inf,aparece,programa,"09 Infraestructura, Comunicaciones y Transportes","006 Supervisión, inspección y verificación del transporte terrestre y aéreo",652 Centro SICT Zacatecas,G006,,,,,
38,0.0,1619.4,1619.4,1619.4,inf,aparece,programa,"38 Ciencia, Humanidades, Tecnología e Innovación","051 Diseño y evaluación de políticas en ciencia, tecnología e innovación",620 Dirección General de Estrategias y Procedimientos Judiciales,P051,,,,,
11,0.0,1625.0,1625.0,1625.0,inf,aparece,programa,11 Educación Pública,029 Servicios de educación para Adultos (INEA),MDA Instituto Nacional para la Educación de los Adultos,E029,,,,,
11,40922.4,42559.0,1636.6,-327.7,-0.8,continúa,programa,11 Educación Pública,311 Beca Universal de Educación Media Superior Benito Juárez,O00 Coordinación Nacional de Becas para el Bienestar Benito Juárez,S311,,,,,
33,18318.3,19993.7,1675.4,796.2,4.1,continúa,programa,33 Aportaciones Federales para Entidades Federativas y Municipios,006 FAM Asistencia Social,"411 Unidad de Diseño Presupuestario, Control y Seguimiento del Gasto",I006,,,,,
11,0.0,1739.2,1739.2,1739.2,inf,aparece,programa,11 Educación Pública,243 Programa de Becas Elisa Acuña,MGH Universidad Autónoma Agraria Antonio Narro,S243,,,,,
48,0.0,1812.8,1812.8,1812.8,inf,aparece,programa,48 Cultura,066 Servicios educativos culturales y artísticos,E00 Instituto Nacional de Bellas Artes y Literatura,E066,,,,,
18,0.0,1850.9,1850.9,1850.9,inf,aparece,programa,18 Energía,013 Investigación y desarrollo en materia nuclear y eléctrica,211 Dirección General de Energías Renovables,Q013,,,,,
16,0.0,1932.9,1932.9,1932.9,inf,aparece,programa,16 Medio Ambiente y Recursos Naturales,217 Programa de Apoyo a la Infraestructura Hidroagrícola,B00 Comisión Nacional del Agua,U217,,,,,
04,0.0,2062.5,2062.5,2062.5,inf,aparece,programa,04 Gobernación,002 Servicios migratorios,"940 Unidad de Política Migratoria, Registro e Identidad de Personas",E002,,,,,
13,0.0,2070.4,2070.4,2070.4,inf,aparece,programa,13 Marina,021 Infraestructura marítimo-portuaria,"J3G Administración del Sistema Portuario Nacional Salina Cruz, S.A. de C.V.",K021,,,,,
07,0.0,2073.1,2073.1,2073.1,inf,aparece,programa,07 Defensa Nacional,"025 Investigación, desarrollo tecnológico, producción y mantenimiento de armamento, municiones, explosivos, vehículos y equipos militares y sus accesorios",112 Dirección General de Industria Militar,A025,,,,,
13,0.0,2137.3,2137.3,2137.3,inf,aparece,programa,13 Marina,020 Sistema Educativo Naval,313 Universidad Naval,A020,,,,,
16,0.0,2257.5,2257.5,2257.5,inf,aparece,programa,16 Medio Ambiente y Recursos Naturales,"074 Agua Potable, Drenaje y Tratamiento",B00 Comisión Nacional del Agua,U074,,,,,
GYR,0.0,2349.5,2349.5,2349.5,inf,aparece,programa,GYR Instituto Mexicano del Seguro Social,071 Servicios por prestaciones sociales,GYR Instituto Mexicano del Seguro Social,071 ,,,,,
07,4501.7,6922.1,2420.4,2204.3,46.7,continúa,programa,07 Defensa Nacional,004 Programa de sanidad militar,116 Dirección General de Sanidad,A004,,,,,
05,0.0,2422.6,2422.6,2422.6,inf,aparece,programa,05 Relaciones Exteriores,016 Política de promoción y defensa de los intereses de México en el ámbito multilateral,814 Dirección General de Impulso Económico Global,P016,,,,,
06,0.0,2426.0,2426.0,2426.0,inf,aparece,programa,06 Hacienda y Crédito Público,002 Administración de activos e inmuebles,HKA Instituto para Devolver al Pueblo lo Robado,M002,,,,,
25,27931.7,30367.9,2436.2,1095.5,3.7,continúa,programa,"25 Previsiones y Aportaciones para los Sistemas de Educación Básica, Normal, Tecnológica y de Adultos",002 Previsiones salariales y económicas del Fondo de Aportaciones para la Nómina Educativa y Gasto Operativo (FONE),700 Unidad de Administración y Finanzas,I002,,,,,
48,0.0,2596.5,2596.5,2596.5,inf,aparece,programa,48 Cultura,063 Servicios de protección y conservación del patrimonio cultural,E00 Instituto Nacional de Bellas Artes y Literatura,E063,,,,,
12,0.0,2685.6,2685.6,2685.6,inf,aparece,programa,12 Salud,028 Política de prevención y control de enfermedades,316 Dirección General de Epidemiología,P028,,,,,
56,0.0,2703.8,2703.8,2703.8,inf,aparece,programa,56 Servicios de Salud del Instituto Mexicano del Seguro Social para el Bienestar,001 Actividades de apoyo Administrativo,AYO Servicios de Salud del Instituto Mexicano del Seguro Social para el Bienestar (IMSS-BIENESTAR),M001,,,,,
04,447.7,3186.9,2739.2,2717.7,579.3,continúa,programa,04 Gobernación,005 Planeación y conducción de la Política Interior,901 Comisión para el Diálogo con los Pueblos Indígenas de México,P005,,,,,
07,0.0,2800.9,2800.9,2800.9,inf,aparece,programa,07 Defensa Nacional,011 Sistema educativo militar,115 Dirección General de Educación Militar y Rectoría de la Universidad del Ejército y Fuerza Aérea,A011,,,,,
06,0.0,2879.0,2879.0,2879.0,inf,aparece,programa,06 Hacienda y Crédito Público,001 Inclusión financiera para el bienestar,KCZ Financiera para el Bienestar,F001,,,,,
23,84805.5,87768.8,2963.3,-1107.4,-1.2,continúa,programa,23 Provisiones Salariales y Económicas,129 Subsidios a las Tarifas Eléctricas,"411 Unidad de Diseño Presupuestario, Control y Seguimiento del Gasto",U129,,,,,
12,0.0,2990.7,2990.7,2990.7,inf,aparece,programa,12 Salud,029 Política en Salud Materna Sexual y Reproductiva,NDE Instituto Nacional de Perinatología Isidro Espinosa de los Reyes,P029,,,,,
11,0.0,3011.6,3011.6,3011.6,inf,aparece,programa,11 Educación Pública,008 Producción y distribución de libros y materiales educativos,311 Dirección General de Materiales Educativos,B008,,,,,
08,0.0,3072.0,3072.0,3072.0,inf,aparece,programa,08 Agricultura y Desarrollo Rural,"006 Adquisición, industrialización y comercialización de productos agroalimentarios","VST Leche para el Bienestar, S.A. de C.V.",B006,,,,,
09,0.0,3120.9,3120.9,3120.9,inf,aparece,programa,"09 Infraestructura, Comunicaciones y Transportes",004 Caminos artesanales,210 Dirección General de Carreteras,U004,,,,,
33,81220.5,84635.9,3415.4,-483.2,-0.6,continúa,programa,33 Aportaciones Federales para Entidades Federativas y Municipios,002 FASSA,"411 Unidad de Diseño Presupuestario, Control y Seguimiento del Gasto",I002,,,,,
55,0.0,3417.2,3417.2,3417.2,inf,aparece,programa,55 Agencia de Transformación Digital y Telecomunicaciones,083 Servicios de correo,J9E Servicio Postal Mexicano,E083,,,,,
07,0.0,3422.2,3422.2,3422.2,inf,aparece,programa,07 Defensa Nacional,"017 Servicios de dirección la infraestructura aeroportuaria, ferroviaria y de servicios auxiliares","H0C Grupo Aeroportuario, Ferroviario, de Servicios Auxiliares y Conexos, Olmeca-Maya-Mexica, S.A. de C.V.",E017,,,,,
06,0.0,3426.4,3426.4,3426.4,inf,aparece,programa,06 Hacienda y Crédito Público,012 Servicios de control de la operación aduanera,H00 Agencia Nacional de Aduanas de México,E012,,,,,
11,0.0,3513.6,3513.6,3513.6,inf,aparece,programa,11 Educación Pública,026 Diseño de la Política Educativa y Regulación de los Servicios,616 Dirección General del Bachillerato,P026,,,,,
13,0.0,3538.4,3538.4,3538.4,inf,aparece,programa,13 Marina,021 Administración y fomento de los servicios de salud,311 Dirección General de Recursos Humanos,A021,,,,,
56,0.0,3695.5,3695.5,3695.5,inf,aparece,programa,56 Servicios de Salud del Instituto Mexicano del Seguro Social para el Bienestar,200 Fortalecimiento a la atención médica,AYO Servicios de Salud del Instituto Mexicano del Seguro Social para el Bienestar (IMSS-BIENESTAR),U200,,,,,
09,0.0,3750.5,3750.5,3750.5,inf,aparece,programa,"09 Infraestructura, Comunicaciones y Transportes",019 Servicios de operación de aeropuertos,C00 Servicios a la Navegación en el Espacio Aéreo Mexicano,E019,,,,,
16,0.0,3814.0,3814.0,3814.0,inf,aparece,programa,16 Medio Ambiente y Recursos Naturales,"026 Infraestructura en materia hidroagrícola, tecnificación y protección ante inundaciones",B00 Comisión Nacional del Agua,K026,,,,,
16,0.0,3848.7,3848.7,3848.7,inf,aparece,programa,16 Medio Ambiente y Recursos Naturales,045 Servicios de operación y suministro hídrico,B00 Comisión Nacional del Agua,E045,,,,,
36,0.0,3863.4,3863.4,3863.4,inf,aparece,programa,36 Seguridad y Protección Ciudadana,049 Política de inteligencia para la Seguridad Nacional,F00 Centro Nacional de Inteligencia,P049,,,,,
GYN,0.0,3994.2,3994.2,3994.2,inf,aparece,programa,GYN Instituto de Seguridad y Servicios Sociales de los Trabajadores del Estado,074 Servicios de estancias de bienestar y desarrollo infantil,GYN Instituto de Seguridad y Servicios Sociales de los Trabajadores del Estado,074 ,,,,,
20,0.0,4000.0,4000.0,4000.0,inf,aparece,programa,20 Bienestar,317 Salud Casa por Casa,201 Unidad para la Atención de Grupos Prioritarios,S317,,,,,
12,0.0,4225.4,4225.4,4225.4,inf,aparece,programa,12 Salud,034 Servicios de protección y asistencia social integral,NHK Sistema Nacional para el Desarrollo Integral de la Familia,E034,,,,,
GYN,0.0,4306.2,4306.2,4306.2,inf,aparece,programa,GYN Instituto de Seguridad y Servicios Sociales de los Trabajadores del Estado,006 Infraestructura integral para el derecho a la salud,GYN Instituto de Seguridad y Servicios Sociales de los Trabajadores del Estado,006 ,,,,,
48,0.0,4311.0,4311.0,4311.0,inf,aparece,programa,48 Cultura,062 Servicios de desarrollo cultural,420 Dirección General de Tecnologías de la Información y Comunicaciones,E062,,,,,
28,48921.8,53396.3,4474.5,2126.3,4.1,continúa,programa,28 Participaciones a Entidades Federativas y Municipios,002 Fondo de Fomento Municipal,114 Unidad de Coordinación con Entidades Federativas,C002,,,,,
13,0.0,4477.4,4477.4,4477.4,inf,aparece,programa,13 Marina,"019 Adquisición, construcción, reparación y mantenimiento de unidades navales",312 Dirección General de Administración y Finanzas,A019,,,,,
36,0.0,4529.4,4529.4,4529.4,inf,aparece,programa,36 Seguridad y Protección Ciudadana,"054 Servicios de Policía Complementaria y de Protección, custodia, vigilancia y seguridad de personas, bienes e instalaciones",B00 Servicio de Protección Federal,E054,,,,,
08,0.0,4576.6,4576.6,4576.6,inf,aparece,programa,08 Agricultura y Desarrollo Rural,021 Aplicación de la Política Agropecuaria,811 Dirección General del Servicio de Información Agroalimentaria y Pesquera,P021,,,,,
12,0.0,4748.2,4748.2,4748.2,inf,aparece,programa,12 Salud,033 Servicios de vacunación,R00 Centro Nacional para la Salud de la Infancia y la Adolescencia,E033,,,,,
19,0.0,4800.0,4800.0,4800.0,inf,aparece,programa,19 Aportaciones a Seguridad Social,010 Cuota Social Seguro de Retiro ISSSTE,"411 Unidad de Diseño Presupuestario, Control y Seguimiento del Gasto",J010,,,,,
11,0.0,4826.1,4826.1,4826.1,inf,aparece,programa,11 Educación Pública,024 Servicios de desarrollo Cultural,A3Q Universidad Nacional Autónoma de México,E024,,,,,
23,0.0,4889.5,4889.5,4889.5,inf,aparece,programa,23 Provisiones Salariales y Económicas,031 Apoyo Federal para Pago de Adeudos de Suministro de Energía Eléctrica,"411 Unidad de Diseño Presupuestario, Control y Seguimiento del Gasto",R031,,,,,
11,0.0,4954.7,4954.7,4954.7,inf,aparece,programa,11 Educación Pública,030 Servicios de educación Básica Comunitaria,L6W Consejo Nacional de Fomento Educativo,E030,,,,,
05,0.0,5082.9,5082.9,5082.9,inf,aparece,programa,05 Relaciones Exteriores,015 Articulación de la política exterior,811 Dirección General para la Organización de las Naciones Unidas,P015,,,,,
19,146130.6,151218.0,5087.4,-1926.8,-1.3,continúa,programa,19 Aportaciones a Seguridad Social,001 Seguro de Enfermedad y Maternidad,GYR Instituto Mexicano del Seguro Social,T001,,,,,
23,0.0,5117.9,5117.9,5117.9,inf,aparece,programa,23 Provisiones Salariales y Económicas,029 FEIP,"411 Unidad de Diseño Presupuestario, Control y Seguimiento del Gasto",R029,,,,,
20,0.0,5460.3,5460.3,5460.3,inf,aparece,programa,20 Bienestar,041 Articulación de la Política de Bienestar,712 Dirección General de Padrones de Beneficiarios,P041,,,,,
33,68490.5,74754.9,6264.4,2976.8,4.1,continúa,programa,33 Aportaciones Federales para Entidades Federativas y Municipios,012 FAFEF,"411 Unidad de Diseño Presupuestario, Control y Seguimiento del Gasto",I012,,,,,
GYN,0.0,6420.6,6420.6,6420.6,inf,aparece,programa,GYN Instituto de Seguridad y Servicios Sociales de los Trabajadores del Estado,072 Servicios de prevención y control de enfermedades,GYN Instituto de Seguridad y Servicios Sociales de los Trabajadores del Estado,072 ,,,,,
38,0.0,6449.0,6449.0,6449.0,inf,aparece,programa,"38 Ciencia, Humanidades, Tecnología e Innovación","007 Investigación en ciencia, humanidades, tecnología e innovación","91W Instituto Potosino de Investigación Científica y Tecnológica, A.C.",Q007,,,,,
GYR,0.0,6769.2,6769.2,6769.2,inf,aparece,programa,GYR Instituto Mexicano del Seguro Social,069 Servicios de incorporación y recaudación,GYR Instituto Mexicano del Seguro Social,069 ,,,,,
08,0.0,6778.2,6778.2,6778.2,inf,aparece,programa,08 Agricultura y Desarrollo Rural,004 Desarrollo y aplicación de programas y proyectos educativos y de investigación en el sector agroalimentario,RJL Instituto Mexicano de Investigación en Pesca y Acuacultura Sustentables,Q004,,,,,
16,0.0,7297.8,7297.8,7297.8,inf,aparece,programa,16 Medio Ambiente y Recursos Naturales,015 Gestión integral y sustentable del agua,B00 Comisión Nacional del Agua,G015,,,,,
20,28961.4,36266.0,7304.6,5914.4,19.5,continúa,programa,20 Bienestar,286 Pensión para el Bienestar de las Personas con Discapacidad Permanente,201 Unidad para la Atención de Grupos Prioritarios,S286,,,,,
07,10720.8,18057.1,7336.3,6821.7,60.7,continúa,programa,07 Defensa Nacional,001 Actividades de apoyo administrativo,148 Comandancia de la Guardia Nacional,M001,,,,,
13,0.0,7677.7,7677.7,7677.7,inf,aparece,programa,13 Marina,015 Operación y desarrollo de los cuerpos de seguridad de las Fuerzas Armadas,121 Unidad de Policía Naval,A015,,,,,
12,0.0,9267.3,9267.3,9267.3,inf,aparece,programa,12 Salud,"008 Investigación, desarrollo tecnológico y formación en salud",610 Dirección General de Calidad y Educación en Salud,Q008,,,,,
19,0.0,9504.2,9504.2,9504.2,inf,aparece,programa,19 Aportaciones a Seguridad Social,"004 Cuota correspondiente de los Haberes, Haberes de Retiro y Pensiones",HXA Instituto de Seguridad Social para las Fuerzas Armadas Mexicanas,T004,,,,,
06,0.0,9516.8,9516.8,9516.8,inf,aparece,programa,06 Hacienda y Crédito Público,013 Servicios de recaudación de las contribuciones federales,E00 Servicio de Administración Tributaria,E013,,,,,
33,108743.4,118689.4,9946.0,4726.3,4.1,continúa,programa,33 Aportaciones Federales para Entidades Federativas y Municipios,004 FAIS Municipal y de las Demarcaciones Territoriales del Distrito Federal,"411 Unidad de Diseño Presupuestario, Control y Seguimiento del Gasto",I004,,,,,
TVV,0.0,11143.8,11143.8,11143.8,inf,aparece,programa,TVV Comisión Federal de Electricidad,032 Operación de infraestructura aplicable a telecomunicaciones,TVV Comisión Federal de Electricidad,032 ,,,,,
33,125352.3,136817.4,11465.1,5448.2,4.1,continúa,programa,33 Aportaciones Federales para Entidades Federativas y Municipios,005 FORTAMUN,"411 Unidad de Diseño Presupuestario, Control y Seguimiento del Gasto",I005,,,,,
23,0.0,11500.0,11500.0,11500.0,inf,aparece,programa,23 Provisiones Salariales y Económicas,013 Situaciones laborales supervenientes,"411 Unidad de Diseño Presupuestario, Control y Seguimiento del Gasto",R013,,,,,
TVV,0.0,11511.0,11511.0,11511.0,inf,aparece,programa,TVV Comisión Federal de Electricidad,"030 Coordinación, operación y recarga de la Coordinación Nuclear",TVV Comisión Federal de Electricidad,030 ,,,,,
GYR,0.0,12495.7,12495.7,12495.7,inf,aparece,programa,GYR Instituto Mexicano del Seguro Social,072 Servicios de prevención y control de enfermedades,GYR Instituto Mexicano del Seguro Social,072 ,,,,,
TVV,0.0,16547.8,16547.8,16547.8,inf,aparece,programa,TVV Comisión Federal de Electricidad,078 Servicios de operación y mantenimiento de la Red Nacional de Transmisión,TVV Comisión Federal de Electricidad,078 ,,,,,
07,0.0,16934.2,16934.2,16934.2,inf,aparece,programa,07 Defensa Nacional,"056 Servicios de operación para la prevención, investigación y persecución de delitos",148 Comandancia de la Guardia Nacional,E056,,,,,
16,0.0,16947.9,16947.9,16947.9,inf,aparece,programa,16 Medio Ambiente y Recursos Naturales,"027 Infraestructura en materia de agua potable, alcantarillado y saneamiento",B00 Comisión Nacional del Agua,K027,,,,,
GYR,0.0,17120.1,17120.1,17120.1,inf,aparece,programa,GYR Instituto Mexicano del Seguro Social,070 Servicios de guardería,GYR Instituto Mexicano del Seguro Social,070 ,,,,,
19,0.0,18131.3,18131.3,18131.3,inf,aparece,programa,19 Aportaciones a Seguridad Social,011 Apoyo para cubrir el gasto de operación del ISSSTE,GYN Instituto de Seguridad y Servicios Sociales de los Trabajadores del Estado,R011,,,,,
TYY,0.0,18166.4,18166.4,18166.4,inf,aparece,programa,TYY Petróleos Mexicanos,076 Servicios médicos al personal de PEMEX,TYY Petróleos Mexicanos,076 ,,,,,
23,0.0,19430.1,19430.1,19430.1,inf,aparece,programa,23 Provisiones Salariales y Económicas,003 Fondo de Desastres Naturales (FONDEN),"411 Unidad de Diseño Presupuestario, Control y Seguimiento del Gasto",N003,,,,,
36,0.0,19459.3,19459.3,19459.3,inf,aparece,programa,36 Seguridad y Protección Ciudadana,004 Infraestructura en materia de seguridad pública,140 Unidad de Administración y Finanzas,K004,,,,,
07,0.0,19978.4,19978.4,19978.4,inf,aparece,programa,07 Defensa Nacional,015 Operación y desarrollo de los cuerpos de seguridad de las Fuerzas Armadas,145 Cuerpo de Policía Militar,A015,,,,,
13,0.0,20408.6,20408.6,20408.6,inf,aparece,programa,13 Marina,018 Emplear el Poder Naval de la Federación para salvaguardar la soberanía y seguridad nacionales,312 Dirección General de Administración y Finanzas,A018,,,,,
11,0.0,20431.3,20431.3,20431.3,inf,aparece,programa,11 Educación Pública,"007 Investigación en ciencia, humanidades, tecnología e innovación",600 Subsecretaría de Educación Media Superior,Q007,,,,,
19,9135.9,29859.2,20723.3,20284.8,211.9,continúa,programa,19 Aportaciones a Seguridad Social,005 Cuota Social Seguro de Salud ISSSTE,GYN Instituto de Seguridad y Servicios Sociales de los Trabajadores del Estado,T005,,,,,
28,307427.1,329115.1,21688.0,6931.5,2.2,continúa,programa,28 Participaciones a Entidades Federativas y Municipios,003 Otros conceptos participables e incentivos económicos,114 Unidad de Coordinación con Entidades Federativas,C003,,,,,
13,0.0,22929.6,22929.6,22929.6,inf,aparece,programa,13 Marina,019 Infraestructura ferroviaria para transporte de carga y pasajeros,"J3L Ferrocarril del Istmo de Tehuantepec, S.A. de C.V.",K019,,,,,
33,477160.5,500367.1,23206.6,302.9,0.1,continúa,programa,33 Aportaciones Federales para Entidades Federativas y Municipios,013 FONE Servicios Personales,"411 Unidad de Diseño Presupuestario, Control y Seguimiento del Gasto",I013,,,,,
07,6437.5,30000.0,23562.5,23253.5,344.7,continúa,programa,07 Defensa Nacional,019 Infraestructura ferroviaria para el transporte de carga y pasajeros,"H0M Tren Maya, S.A. de C.V.",K019,,,,,
36,0.0,24804.3,24804.3,24804.3,inf,aparece,programa,36 Seguridad y Protección Ciudadana,055 Servicios de administración del Sistema Federal Penitenciario,D00 Prevención y Reinserción Social,E055,,,,,
30,45800.0,70855.7,25055.7,22857.3,47.6,continúa,programa,30 Adeudos de Ejercicios Fiscales Anteriores,001 Adeudos de Ejercicios Fiscales Anteriores (ADEFAS),"411 Unidad de Diseño Presupuestario, Control y Seguimiento del Gasto",H001,,,,,
GYN,46022.7,73841.1,27818.4,25609.3,53.1,continúa,programa,GYN Instituto de Seguridad y Servicios Sociales de los Trabajadores del Estado,001 Actividades de apoyo a la función pública y buen gobierno,GYN Instituto de Seguridad y Servicios Sociales de los Trabajadores del Estado,001 ,,,,,
19,2000.0,29936.4,27936.4,27840.4,1328.3,continúa,programa,19 Aportaciones a Seguridad Social,011 Previsiones para las pensiones en curso de pago de los Extrabajadores de Luz y Fuerza del Centro,"411 Unidad de Diseño Presupuestario, Control y Seguimiento del Gasto",J011,,,,,
23,0.0,28380.5,28380.5,28380.5,inf,aparece,programa,23 Provisiones Salariales y Económicas,032 Provisiones Salariales y Económicas,"411 Unidad de Diseño Presupuestario, Control y Seguimiento del Gasto",R032,,,,,
TVV,0.0,30500.0,30500.0,30500.0,inf,aparece,programa,TVV Comisión Federal de Electricidad,033 Operación de transporte de gas natural,TVV Comisión Federal de Electricidad,033 ,,,,,
GYR,0.0,32325.8,32325.8,32325.8,inf,aparece,programa,GYR Instituto Mexicano del Seguro Social,014 Rentas vitalicias Ley 1997,GYR Instituto Mexicano del Seguro Social,014 ,,,,,
12,0.0,32397.4,32397.4,32397.4,inf,aparece,programa,12 Salud,031 Servicios de atención a la salud,500 Unidad de Administración y Finanzas,E031,,,,,
GYR,0.0,34599.7,34599.7,34599.7,inf,aparece,programa,GYR Instituto Mexicano del Seguro Social,016 Pago de subsidios a los asegurados,GYR Instituto Mexicano del Seguro Social,016 ,,,,,
24,116106.1,151456.7,35350.7,29777.6,24.5,continúa,programa,24 Deuda Pública,005 Bonos,210 Unidad de Crédito Público y Asuntos Internacionales de Hacienda,D005,,,,,
07,2033.9,44673.4,42639.6,42541.9,1995.9,continúa,programa,07 Defensa Nacional,"001 Defensa de la Integridad, la Independencia, la Soberanía del Territorio Nacional",146 Comandancia del Ejército Mexicano,A001,,,,,
20,483427.6,526508.0,43080.4,19875.9,3.9,continúa,programa,20 Bienestar,176 Pensión para el Bienestar de las Personas Adultas Mayores,201 Unidad para la Atención de Grupos Prioritarios,S176,,,,,
19,0.0,44181.0,44181.0,44181.0,inf,aparece,programa,19 Aportaciones a Seguridad Social,004 Pensiones Civiles Militares y de Gracia,"411 Unidad de Diseño Presupuestario, Control y Seguimiento del Gasto",J004,,,,,
25,0.0,48448.3,48448.3,48448.3,inf,aparece,programa,"25 Previsiones y Aportaciones para los Sistemas de Educación Básica, Normal, Tecnológica y de Adultos",085 Servicios de educación básica en la Ciudad de México,C00 Autoridad Educativa Federal en la Ciudad de México,E085,,,,,
09,0.0,49152.0,49152.0,49152.0,inf,aparece,programa,"09 Infraestructura, Comunicaciones y Transportes",016 Infraestructura de carreteras y caminos,211 Dirección General de Conservación de Carreteras,K016,,,,,
TVV,0.0,50097.3,50097.3,50097.3,inf,aparece,programa,TVV Comisión Federal de Electricidad,079 Servicios de operación y mantenimiento de la infraestructura del proceso de distribución de energía eléctrica,TVV Comisión Federal de Electricidad,079 ,,,,,
11,78840.7,129386.0,50545.3,46761.0,56.6,continúa,programa,11 Educación Pública,072 Beca Universal de Educación Básica Rita Cetina,O00 Coordinación Nacional de Becas para el Bienestar Benito Juárez,S072,,,,,
11,0.0,51359.4,51359.4,51359.4,inf,aparece,programa,11 Educación Pública,022 Servicios de Educación Media Superior,617 Dirección General de Bachillerato Tecnológico de Educación y Promoción Deportiva,E022,,,,,
GYN,0.0,54210.5,54210.5,54210.5,inf,aparece,programa,GYN Instituto de Seguridad y Servicios Sociales de los Trabajadores del Estado,031 Servicios de atención a la salud,GYN Instituto de Seguridad y Servicios Sociales de los Trabajadores del Estado,031 ,,,,,
TVV,0.0,54529.3,54529.3,54529.3,inf,aparece,programa,TVV Comisión Federal de Electricidad,080 Servicios de comercialización de energía eléctrica y productos asociados,TVV Comisión Federal de Electricidad,080 ,,,,,
20,0.0,56969.0,56969.0,56969.0,inf,aparece,programa,20 Bienestar,316 Pensión Mujeres Bienestar,201 Unidad para la Atención de Grupos Prioritarios,S316,,,,,
TVV,6.7,61091.0,61084.3,61083.9,869110.2,continúa,programa,TVV Comisión Federal de Electricidad,024 Infraestructura económica de electricidad,TVV Comisión Federal de Electricidad,024 ,,,,,
TVV,0.0,67841.7,67841.7,67841.7,inf,aparece,programa,TVV Comisión Federal de Electricidad,022 Pago de Pensiones y Jubilaciones,TVV Comisión Federal de Electricidad,022 ,,,,,
11,0.0,70097.1,70097.1,70097.1,inf,aparece,programa,11 Educación Pública,023 Servicios de Educación Superior y Posgrado,514 Dirección General de Universidades Tecnológicas y Politécnicas,E023,,,,,
56,0.0,80768.4,80768.4,80768.4,inf,aparece,programa,56 Servicios de Salud del Instituto Mexicano del Seguro Social para el Bienestar,013 Atención a la salud y medicamentos gratuitos para la población sin seguridad social laboral,AYO Servicios de Salud del Instituto Mexicano del Seguro Social para el Bienestar (IMSS-BIENESTAR),U013,,,,,
56,0.0,84780.8,84780.8,84780.8,inf,aparece,programa,56 Servicios de Salud del Instituto Mexicano del Seguro Social para el Bienestar,031 Servicios de atención a la salud,AYO Servicios de Salud del Instituto Mexicano del Seguro Social para el Bienestar (IMSS-BIENESTAR),E031,,,,,
28,980334.4,1069854.4,89520.1,42464.0,4.1,continúa,programa,28 Participaciones a Entidades Federativas y Municipios,001 Fondo General de Participaciones,114 Unidad de Coordinación con Entidades Federativas,C001,,,,,
09,0.0,92401.6,92401.6,92401.6,inf,aparece,programa,"09 Infraestructura, Comunicaciones y Transportes",019 Infraestructura ferroviaria para transporte de carga y pasajeros,D00 Agencia Reguladora del Transporte Ferroviario,K019,,,,,
TYY,0.0,92563.5,92563.5,92563.5,inf,aparece,programa,TYY Petróleos Mexicanos,021 Aportaciones para pago de pensiones y jubilaciones,TYY Petróleos Mexicanos,021 ,,,,,
TYY,30418.8,123339.6,92920.8,91460.7,286.9,continúa,programa,TYY Petróleos Mexicanos,"010 Producción, distribución y comercialización de petróleo, gas, petrolíferos y petroquímicos",TYY Petróleos Mexicanos,010 ,,,,,
TVV,0.0,98679.2,98679.2,98679.2,inf,aparece,programa,TVV Comisión Federal de Electricidad,077 Servicios de operación y mantenimiento de las centrales generadoras de energía eléctrica,TVV Comisión Federal de Electricidad,077 ,,,,,
TVV,0.0,113702.6,113702.6,113702.6,inf,aparece,programa,TVV Comisión Federal de Electricidad,037 Administración de los contratos de producción independiente de energía,TVV Comisión Federal de Electricidad,037 ,,,,,
TYY,107397.9,223247.8,115849.9,110694.8,98.3,continúa,programa,TYY Petróleos Mexicanos,001 Actividades de apoyo a la función pública y buen gobierno,TYY Petróleos Mexicanos,001 ,,,,,
24,967389.6,1085910.7,118521.1,72086.4,7.1,continúa,programa,24 Deuda Pública,001 Valores gubernamentales,210 Unidad de Crédito Público y Asuntos Internacionales de Hacienda,D001,,,,,
GYR,0.0,147797.5,147797.5,147797.5,inf,aparece,programa,GYR Instituto Mexicano del Seguro Social,015 Régimen de Pensiones y Jubilaciones IMSS,GYR Instituto Mexicano del Seguro Social,015 ,,,,,
TYY,0.0,245269.7,245269.7,245269.7,inf,aparece,programa,TYY Petróleos Mexicanos,025 Infraestructura económica de hidrocarburos,TYY Petróleos Mexicanos,025 ,,,,,
18,0.0,263700.0,263700.0,263700.0,inf,aparece,programa,18 Energía,038 Articulación de la política de hidrocarburos,543 Dirección General de Desarrollo de Argumentación Técnica para la Implementación de la Política Regulatoria del Sector Hidrocarburos,P038,,,,,
19,0.0,390440.0,390440.0,390440.0,inf,aparece,programa,19 Aportaciones a Seguridad Social,002 Apoyo para cubrir el déficit de la nómina de pensiones del ISSSTE,GYN Instituto de Seguridad y Servicios Sociales de los Trabajadores del Estado,J002,,,,,
GYN,0.0,393788.8,393788.8,393788.8,inf,aparece,programa,GYN Instituto de Seguridad y Servicios Sociales de los Trabajadores del Estado,017 Pagos de pensiones y jubilaciones,GYN Instituto de Seguridad y Servicios Sociales de los Trabajadores del Estado,017 ,,,,,
GYR,0.0,429737.1,429737.1,429737.1,inf,aparece,programa,GYR Instituto Mexicano del Seguro Social,031 Servicios de atención a la salud,GYR Instituto Mexicano del Seguro Social,031 ,,,,,
19,0.0,795824.0,795824.0,795824.0,inf,aparece,programa,19 Aportaciones a Seguridad Social,003 Pensiones y Jubilaciones en curso de Pago,GYR Instituto Mexicano del Seguro Social,J003,,,,,
GYR,0.0,795824.4,795824.4,795824.4,inf,aparece,programa,GYR Instituto Mexicano del Seguro Social,013 Pensiones en curso de pago Ley 1973,GYR Instituto Mexicano del Seguro Social,013 ,,,,,
33,979951.8,0.0,-979951.8,-1026989.5,-100.0,desaparece,unidad_responsable,33 Aportaciones Federales para Entidades Federativas y Municipios,016 FONE Fondo de Compensación,"420 Dirección General de Programación y Presupuesto ""C""",,420,,,,
47,165562.6,0.0,-165562.6,-173509.6,-100.0,desaparece,unidad_responsable,47 Entidades no Sectorizadas,001 Actividades de apoyo a la función pública y buen gobierno,AYO Servicios de Salud del Instituto Mexicano del Seguro Social para el Bienestar (IMSS-BIENESTAR),,AYO,,,,
09,92028.2,0.0,-92028.2,-96445.5,-100.0,desaparece,unidad_responsable,"09 Infraestructura, Comunicaciones y Transportes",023 Provisiones para el desarrollo de trenes de pasajeros y de carga,215 Dirección General de Desarrollo Ferroviario y Multimodal,,215,,,,
19,81187.3,0.0,-81187.3,-85084.3,-100.0,desaparece,unidad_responsable,19 Aportaciones a Seguridad Social,026 Previsiones para el Pago de las Pensiones de los Jubilados de Ferrocarriles Nacionales de México,"420 Dirección General de Programación y Presupuesto ""C""",,420,,,,
03,75142.7,0.0,-75142.7,-78749.6,-100.0,desaparece,unidad_responsable,03 Poder Judicial,001 Otras Actividades,110 Consejo de la Judicatura Federal,,110,,,,
36,33799.8,0.0,-33799.8,-35422.1,-100.0,desaparece,unidad_responsable,36 Seguridad y Protección Ciudadana,001 Actividades de apoyo administrativo,H00 Guardia Nacional,,H00,,,,
38,26377.0,0.0,-26377.0,-27643.1,-100.0,desaparece,unidad_responsable,"38 Humanidades, Ciencias, Tecnologías e Innovación",001 Actividades de apoyo a la función pública y buen gobierno,"90X Consejo Nacional de Humanidades, Ciencias y Tecnologías",,90X,,,,
08,17516.9,0.0,-17516.9,-18357.7,-100.0,desaparece,unidad_responsable,08 Agricultura y Desarrollo Rural,001 Diseño y Aplicación de la Política Agropecuaria,311 Dirección General de Suelos y Agua,,311,,,,
34,52451.9,35553.4,-16898.5,-19416.2,-35.3,continúa,unidad_responsable,34 Erogaciones para los Programas de Apoyo a Ahorradores y Deudores de la Banca,011 I P A B,210 Unidad de Crédito Público y Asuntos Internacionales de Hacienda,,210,,,,
08,16307.8,0.0,-16307.8,-17090.5,-100.0,desaparece,unidad_responsable,08 Agricultura y Desarrollo Rural,001 Diseño y Aplicación de la Política Agropecuaria,215 Dirección General de Apoyos Productivos Directos,,215,,,,
08,12500.0,0.0,-12500.0,-13100.0,-100.0,desaparece,unidad_responsable,08 Agricultura y Desarrollo Rural,290 Precios de Garantía a Productos Alimentarios Básicos,JBP Seguridad Alimentaria Mexicana,,JBP,,,,
22,18587.0,7704.1,-10882.9,-11775.1,-60.4,continúa,unidad_responsable,22 Instituto Nacional Electoral,011 Tecnologías de información y comunicaciones,300 Juntas Distritales Ejecutivas,,300,,,,
07,40827.8,30744.1,-10083.6,-12043.4,-28.1,continúa,unidad_responsable,07 Defensa Nacional,019 Infraestructura ferroviaria para el transporte de carga y pasajeros,"H0M Tren Maya, S.A. de C.V.",,H0M,,,,
07,16163.5,10511.7,-5651.8,-6427.7,-37.9,continúa,unidad_responsable,07 Defensa Nacional,001 Actividades de apoyo administrativo,110 Dirección General de Administración,,110,,,,
22,3591.7,668.9,-2922.9,-3095.3,-82.2,continúa,unidad_responsable,22 Instituto Nacional Electoral,011 Tecnologías de información y comunicaciones,113 Dirección Ejecutiva de Organización Electoral,,113,,,,
09,2926.6,152.1,-2774.5,-2915.0,-95.0,continúa,unidad_responsable,"09 Infraestructura, Comunicaciones y Transportes",001 Actividades de apoyo administrativo,640 Centro SICT Oaxaca,,640,,,,
09,2687.8,0.0,-2687.8,-2816.8,-100.0,desaparece,unidad_responsable,"09 Infraestructura, Comunicaciones y Transportes",001 Actividades de apoyo a la función pública y buen gobierno,J9E Servicio Postal Mexicano,,J9E,,,,
15,2516.2,16.5,-2499.7,-2620.4,-99.4,continúa,unidad_responsable,"15 Desarrollo Agrario, Territorial y Urbano","034 Política de ordenamiento agrario, territorial y urbano",510 Dirección General de Obras Comunitarias,,510,,,,
13,5235.3,2982.7,-2252.6,-2503.9,-45.6,continúa,unidad_responsable,13 Marina,001 Actividades de apoyo administrativo,312 Dirección General de Administración y Finanzas,,312,,,,
13,25122.9,23051.6,-2071.3,-3277.2,-12.4,continúa,unidad_responsable,13 Marina,001 Actividades de apoyo a la función pública y buen gobierno,"J3L Ferrocarril del Istmo de Tehuantepec, S.A. de C.V.",,J3L,,,,
11,2383.1,331.5,-2051.6,-2166.0,-86.7,continúa,unidad_responsable,11 Educación Pública,001 Actividades de apoyo administrativo,712 Dirección General de Recursos Materiales y Servicios,,712,,,,
11,24276.4,22265.9,-2010.5,-3175.7,-12.5,continúa,unidad_responsable,11 Educación Pública,022 Servicios de Educación Media Superior,611 Dirección General de Educación Tecnológica Industrial y de Servicios,,611,,,,
12,6617.0,4777.2,-1839.8,-2157.4,-31.1,continúa,unidad_responsable,12 Salud,001 Actividades de apoyo administrativo,500 Unidad de Administración y Finanzas,,500,,,,
09,1562.4,93.2,-1469.2,-1544.1,-94.3,continúa,unidad_responsable,"09 Infraestructura, Comunicaciones y Transportes",001 Actividades de apoyo administrativo,642 Centro SICT Querétaro,,642,,,,
11,27244.5,25928.5,-1316.0,-2623.7,-9.2,continúa,unidad_responsable,11 Educación Pública,"007 Investigación en ciencia, humanidades, tecnología e innovación",600 Subsecretaría de Educación Media Superior,,600,,,,
12,6580.6,5357.5,-1223.1,-1538.9,-22.3,continúa,unidad_responsable,12 Salud,001 Actividades de apoyo administrativo,610 Dirección General de Calidad y Educación en Salud,,610,,,,
04,1126.9,0.0,-1126.9,-1181.0,-100.0,desaparece,unidad_responsable,04 Gobernación,015 Promover la atención y prevención de la violencia contra las mujeres,V00 Comisión Nacional para Prevenir y Erradicar la Violencia Contra las Mujeres,,V00,,,,
09,1106.4,0.0,-1106.4,-1159.5,-100.0,desaparece,unidad_responsable,"09 Infraestructura, Comunicaciones y Transportes",001 Actividades de apoyo a la función pública y buen gobierno,KCZ Financiera para el Bienestar,,KCZ,,,,
09,1148.0,69.8,-1078.1,-1133.2,-94.2,continúa,unidad_responsable,"09 Infraestructura, Comunicaciones y Transportes",001 Actividades de apoyo administrativo,641 Centro SICT Puebla,,641,,,,
06,2357.0,1292.4,-1064.5,-1177.6,-47.7,continúa,unidad_responsable,06 Hacienda y Crédito Público,001 Inclusión financiera para el bienestar,"HJO Banco del Bienestar, S.N.C., I.B.D.",,HJO,,,,
11,6163.3,5124.8,-1038.5,-1334.4,-20.7,continúa,unidad_responsable,11 Educación Pública,001 Actividades de apoyo a la función pública y buen gobierno,L6W Consejo Nacional de Fomento Educativo,,L6W,,,,
47,966.6,0.0,-966.6,-1013.0,-100.0,desaparece,unidad_responsable,47 Entidades no Sectorizadas,001 Actividades de apoyo a la función pública y buen gobierno,HHG Instituto Nacional de las Mujeres,,HHG,,,,
06,3724.9,2787.3,-937.6,-1116.4,-28.6,continúa,unidad_responsable,06 Hacienda y Crédito Público,001 Administración del Fondo de Pensiones,HKA Instituto para Devolver al Pueblo lo Robado,,HKA,,,,
44,805.4,0.0,-805.4,-844.1,-100.0,desaparece,unidad_responsable,"44 Instituto Nacional de Transparencia, Acceso a la Información y Protección de Datos Personales",004 Desempeño organizacional y modelo institucional orientado a resultados con enfoque de derechos humanos y perspectiva de género,100 Presidencia,,100,,,,
11,3806.9,3062.3,-744.6,-927.3,-23.2,continúa,unidad_responsable,11 Educación Pública,001 Actividades de apoyo a la función pública y buen gobierno,L6J Comisión Nacional de Libros de Texto Gratuitos,,L6J,,,,
09,807.2,76.9,-730.3,-769.1,-90.9,continúa,unidad_responsable,"09 Infraestructura, Comunicaciones y Transportes",001 Actividades de apoyo administrativo,644 Centro SICT San Luis Potosí,,644,,,,
22,2272.3,1558.5,-713.9,-822.9,-34.6,continúa,unidad_responsable,22 Instituto Nacional Electoral,011 Tecnologías de información y comunicaciones,200 Juntas Locales Ejecutivas,,200,,,,
11,11969.7,11260.8,-708.9,-1283.4,-10.2,continúa,unidad_responsable,11 Educación Pública,022 Servicios de Educación Media Superior,610 Dirección General de Educación Tecnológica Agropecuaria y Ciencias del Mar,,610,,,,
22,2079.4,1384.3,-695.1,-794.9,-36.5,continúa,unidad_responsable,22 Instituto Nacional Electoral,011 Tecnologías de información y comunicaciones,111 Dirección Ejecutiva del Registro Federal de Electores,,111,,,,
20,4834.8,4171.9,-663.0,-895.1,-17.7,continúa,unidad_responsable,20 Bienestar,041 Articulación de la Política de Bienestar,112 Unidad de Coordinación de Delegaciones,,112,,,,
11,75609.1,74958.8,-650.3,-4279.5,-5.4,continúa,unidad_responsable,11 Educación Pública,026 Diseño de la Política Educativa y Regulación de los Servicios,511 Dirección General de Educación Superior Universitaria e Intercultural,,511,,,,
08,5237.8,4611.5,-626.3,-877.7,-16.0,continúa,unidad_responsable,08 Agricultura y Desarrollo Rural,"006 Adquisición, industrialización y comercialización de productos agroalimentarios","VST Leche para el Bienestar, S.A. de C.V.",,VST,,,,
22,7730.1,7103.9,-626.2,-997.2,-12.3,continúa,unidad_responsable,22 Instituto Nacional Electoral,011 Tecnologías de información y comunicaciones,112 Dirección Ejecutiva de Prerrogativas y Partidos Políticos,,112,,,,
11,690.0,107.2,-582.8,-615.9,-85.2,continúa,unidad_responsable,11 Educación Pública,026 Diseño de la Política Educativa y Regulación de los Servicios,173 Dirección General de Formación Continua a Docentes y Directivos,,173,,,,
22,1471.8,909.7,-562.0,-632.7,-41.0,continúa,unidad_responsable,22 Instituto Nacional Electoral,011 Tecnologías de información y comunicaciones,116 Dirección Ejecutiva de Administración,,116,,,,
09,533.7,89.9,-443.8,-469.4,-83.9,continúa,unidad_responsable,"09 Infraestructura, Comunicaciones y Transportes",001 Actividades de apoyo administrativo,627 Centro SICT Chiapas,,627,,,,
09,500.7,61.4,-439.2,-463.3,-88.3,continúa,unidad_responsable,"09 Infraestructura, Comunicaciones y Transportes",001 Actividades de apoyo administrativo,631 Centro SICT Guanajuato,,631,,,,
40,12245.3,11807.5,-437.8,-1025.6,-8.0,continúa,unidad_responsable,40 Información Nacional Estadística y Geográfica,001 Actividades de apoyo a la función pública y buen Gobierno,100 Instituto Nacional de Estadística y Geografía,,100,,,,
11,536.0,99.6,-436.5,-462.2,-82.3,continúa,unidad_responsable,11 Educación Pública,001 Actividades de apoyo administrativo,418 Dirección General @prende.mx,,418,,,,
16,37119.5,36689.1,-430.3,-2212.1,-5.7,continúa,unidad_responsable,16 Medio Ambiente y Recursos Naturales,001 Actividades de apoyo a la función pública y buen gobierno,B00 Comisión Nacional del Agua,,B00,,,,
01,3239.2,2822.6,-416.6,-572.1,-16.9,continúa,unidad_responsable,01 Poder Legislativo,"002 Entregar a la Cámara de Diputados del H. Congreso de la Unión, el informe sobre la revisión de la Cuenta de la Hacienda Pública Federal",101 Auditoría Superior de la Federación,,101,,,,
08,5433.9,5086.1,-347.8,-608.6,-10.7,continúa,unidad_responsable,08 Agricultura y Desarrollo Rural,001 Actividades de apoyo administrativo,"B00 Servicio Nacional de Sanidad, Inocuidad y Calidad Agroalimentaria",,B00,,,,
11,4141.1,3820.6,-320.4,-519.2,-12.0,continúa,unidad_responsable,11 Educación Pública,028 Servicios de normalización y certificación en competencias laborales,613 Dirección General de Centros de Formación para el Trabajo,,613,,,,
22,976.8,664.3,-312.5,-359.4,-35.1,continúa,unidad_responsable,22 Instituto Nacional Electoral,011 Tecnologías de información y comunicaciones,115 Dirección Ejecutiva de Capacitación Electoral y Educación Cívica,,115,,,,
07,1256.7,944.9,-311.8,-372.1,-28.3,continúa,unidad_responsable,07 Defensa Nacional,"001 Defensa de la Integridad, la Independencia, la Soberanía del Territorio Nacional",144 Dirección General de Transportes Militares,,144,,,,
43,292.0,0.0,-292.0,-306.0,-100.0,desaparece,unidad_responsable,43 Instituto Federal de Telecomunicaciones,004 Regulación y supervisión de redes e infraestructura de telecomunicaciones y radiodifusión,225 Unidad de Cumplimiento,,225,,,,
20,287.9,0.0,-287.9,-301.7,-100.0,desaparece,unidad_responsable,20 Bienestar,001 Actividades de apoyo a la función pública y buen gobierno,VQZ Consejo Nacional de Evaluación de la Política de Desarrollo Social,,VQZ,,,,
11,321.9,35.5,-286.4,-301.9,-89.5,continúa,unidad_responsable,11 Educación Pública,026 Diseño de la Política Educativa y Regulación de los Servicios,"410 Dirección General de Política Educativa, Mejores Prácticas y Cooperación",,410,,,,
43,278.7,0.0,-278.7,-292.1,-100.0,desaparece,unidad_responsable,43 Instituto Federal de Telecomunicaciones,001 Actividades de apoyo administrativo,240 Unidad de Administración,,240,,,,
08,263.5,0.0,-263.5,-276.2,-100.0,desaparece,unidad_responsable,08 Agricultura y Desarrollo Rural,001 Diseño y Aplicación de la Política Agropecuaria,300 Coordinación General de Agricultura,,300,,,,
13,257.1,0.0,-257.1,-269.4,-100.0,desaparece,unidad_responsable,13 Marina,001 Actividades de apoyo administrativo,"KDH Grupo Aeroportuario de la Ciudad de México, S.A. de C.V.",,KDH,,,,
11,1940.7,1701.5,-239.2,-332.4,-16.3,continúa,unidad_responsable,11 Educación Pública,026 Diseño de la Política Educativa y Regulación de los Servicios,310 Dirección General de Gestión Escolar y Enfoque Territorial,,310,,,,
12,531.7,297.6,-234.1,-259.6,-46.6,continúa,unidad_responsable,12 Salud,001 Actividades de apoyo administrativo,310 Dirección General de Políticas en Salud Pública,,310,,,,
09,322.0,90.8,-231.1,-246.6,-73.1,continúa,unidad_responsable,"09 Infraestructura, Comunicaciones y Transportes",001 Actividades de apoyo administrativo,636 Centro SICT Michoacán,,636,,,,
22,597.9,378.7,-219.2,-247.9,-39.6,continúa,unidad_responsable,22 Instituto Nacional Electoral,011 Tecnologías de información y comunicaciones,120 Unidad Técnica de Fiscalización,,120,,,,
12,1022.8,824.9,-197.9,-247.0,-23.0,continúa,unidad_responsable,12 Salud,001 Actividades de apoyo administrativo,513 Dirección General de Recursos Humanos y Organización,,513,,,,
41,197.4,0.0,-197.4,-206.8,-100.0,desaparece,unidad_responsable,41 Comisión Federal de Competencia Económica,006 Prevención y eliminación de prácticas y concentraciones monopólicas y demás restricciones a la competencia y libre concurrencia,600 Autoridad Investigadora,,600,,,,
08,197.2,0.0,-197.2,-206.7,-100.0,desaparece,unidad_responsable,08 Agricultura y Desarrollo Rural,001 Diseño y Aplicación de la Política Agropecuaria,127 Oficina de Representación en Chiapas,,127,,,,
11,1085.4,889.8,-195.6,-247.7,-21.8,continúa,unidad_responsable,11 Educación Pública,026 Diseño de la Política Educativa y Regulación de los Servicios,L00 Unidad del Sistema para la Carrera de las Maestras y los Maestros,,L00,,,,
15,807.8,612.7,-195.1,-233.9,-27.6,continúa,unidad_responsable,"15 Desarrollo Agrario, Territorial y Urbano",001 Actividades de apoyo a la función pública y buen gobierno,B00 Registro Agrario Nacional,,B00,,,,
11,582.5,396.2,-186.3,-214.3,-35.1,continúa,unidad_responsable,11 Educación Pública,001 Actividades de apoyo administrativo,713 Dirección General de Tecnologías de la Información y Comunicaciones,,713,,,,
03,1214.4,1028.1,-186.3,-244.6,-19.2,continúa,unidad_responsable,03 Poder Judicial,001 Otras Actividades,211 Salas Regionales,,211,,,,
12,678.4,492.1,-186.3,-218.8,-30.8,continúa,unidad_responsable,12 Salud,001 Actividades de apoyo administrativo,316 Dirección General de Epidemiología,,316,,,,
15,205.3,24.1,-181.2,-191.1,-88.8,continúa,unidad_responsable,"15 Desarrollo Agrario, Territorial y Urbano","034 Política de ordenamiento agrario, territorial y urbano",211 Dirección General de Concertación Agraria y Mediación,,211,,,,
07,924.6,744.7,-179.9,-224.3,-23.1,continúa,unidad_responsable,07 Defensa Nacional,"014 Servicios de administración de la Infraestructura Aeroportuaria en Santa Lucía, Edo. Méx.","HZI Aeropuerto Internacional Felipe Ángeles, S.A. de C.V.",,HZI,,,,
09,258.2,82.1,-176.1,-188.5,-69.6,continúa,unidad_responsable,"09 Infraestructura, Comunicaciones y Transportes",001 Actividades de apoyo administrativo,712 Dirección General de Recursos Materiales y Servicios Generales,,712,,,,
44,166.4,0.0,-166.4,-174.4,-100.0,desaparece,unidad_responsable,"44 Instituto Nacional de Transparencia, Acceso a la Información y Protección de Datos Personales",001 Actividades de apoyo administrativo,210 Dirección General de Administración,,210,,,,
11,1065.5,899.2,-166.3,-217.5,-19.5,continúa,unidad_responsable,11 Educación Pública,026 Diseño de la Política Educativa y Regulación de los Servicios,312 Dirección General de Desarrollo Curricular,,312,,,,
15,949.1,789.9,-159.2,-204.8,-20.6,continúa,unidad_responsable,"15 Desarrollo Agrario, Territorial y Urbano",001 Actividades de apoyo a la función pública y buen gobierno,QEZ Procuraduría Agraria,,QEZ,,,,
08,157.6,0.0,-157.6,-165.1,-100.0,desaparece,unidad_responsable,08 Agricultura y Desarrollo Rural,001 Diseño y Aplicación de la Política Agropecuaria,150 Oficina de Representación en Veracruz,,150,,,,
22,261.7,112.0,-149.6,-162.2,-59.1,continúa,unidad_responsable,22 Instituto Nacional Electoral,011 Tecnologías de información y comunicaciones,124 Unidad Técnica de lo Contencioso Electoral,,124,,,,
12,314.1,164.5,-149.6,-164.7,-50.0,continúa,unidad_responsable,12 Salud,001 Actividades de apoyo administrativo,172 Dirección General de Relaciones Internacionales,,172,,,,
41,146.7,0.0,-146.7,-153.7,-100.0,desaparece,unidad_responsable,41 Comisión Federal de Competencia Económica,006 Prevención y eliminación de prácticas y concentraciones monopólicas y demás restricciones a la competencia y libre concurrencia,700 Secretaría Técnica,,700,,,,
11,240.4,96.5,-144.0,-155.5,-61.7,continúa,unidad_responsable,11 Educación Pública,026 Diseño de la Política Educativa y Regulación de los Servicios,311 Dirección General de Materiales Educativos,,311,,,,
08,138.3,0.0,-138.3,-144.9,-100.0,desaparece,unidad_responsable,08 Agricultura y Desarrollo Rural,001 Diseño y Aplicación de la Política Agropecuaria,600 Coordinación General de Inteligencia de Mercados Agroalimentarios,,600,,,,
43,129.4,0.0,-129.4,-135.6,-100.0,desaparece,unidad_responsable,43 Instituto Federal de Telecomunicaciones,010 Regulación de los servicios de Telecomunicaciones y Radiodifusión y fortalecimiento de los derechos de sus usuarios y audiencias,221 Unidad de Política Regulatoria,,221,,,,
08,129.3,0.0,-129.3,-135.5,-100.0,desaparece,unidad_responsable,08 Agricultura y Desarrollo Rural,001 Diseño y Aplicación de la Política Agropecuaria,136 Oficina de Representación en Michoacán,,136,,,,
01,5227.7,5103.8,-123.9,-374.8,-6.8,continúa,unidad_responsable,01 Poder Legislativo,001 Actividades derivadas del trabajo legislativo,200 H. Cámara de Senadores,,200,,,,
08,120.8,0.0,-120.8,-126.6,-100.0,desaparece,unidad_responsable,08 Agricultura y Desarrollo Rural,001 Diseño y Aplicación de la Política Agropecuaria,148 Oficina de Representación en Tamaulipas,,148,,,,
06,592.6,472.4,-120.2,-148.7,-23.9,continúa,unidad_responsable,06 Hacienda y Crédito Público,006 Servicios de administración de los recursos y valores federales,610 Subtesorería de Operación,,610,,,,
08,119.1,0.0,-119.1,-124.8,-100.0,desaparece,unidad_responsable,08 Agricultura y Desarrollo Rural,001 Diseño y Aplicación de la Política Agropecuaria,135 Oficina de Representación en el Estado de México,,135,,,,
43,118.2,0.0,-118.2,-123.9,-100.0,desaparece,unidad_responsable,43 Instituto Federal de Telecomunicaciones,001 Fortalecimiento e innovación institucional para el desarrollo de los sectores de Telecomunicaciones y Radiodifusión,100 Pleno,,100,,,,
15,160.3,44.1,-116.2,-123.9,-73.7,continúa,unidad_responsable,"15 Desarrollo Agrario, Territorial y Urbano",001 Obligaciones jurídicas Ineludibles,110 Unidad de Asuntos Jurídicos,,110,,,,
43,115.4,0.0,-115.4,-120.9,-100.0,desaparece,unidad_responsable,43 Instituto Federal de Telecomunicaciones,004 Regulación y supervisión de redes e infraestructura de telecomunicaciones y radiodifusión,223 Unidad de Concesiones y Servicios,,223,,,,
08,114.9,0.0,-114.9,-120.4,-100.0,desaparece,unidad_responsable,08 Agricultura y Desarrollo Rural,001 Diseño y Aplicación de la Política Agropecuaria,140 Oficina de Representación en Oaxaca,,140,,,,
08,1404.1,1289.4,-114.7,-182.1,-12.4,continúa,unidad_responsable,08 Agricultura y Desarrollo Rural,001 Actividades de apoyo a la función pública y buen gobierno,"JAG Instituto Nacional de Investigaciones Forestales, Agrícolas y Pecuarias",,JAG,,,,
07,332.1,219.6,-112.5,-128.5,-36.9,continúa,unidad_responsable,07 Defensa Nacional,"001 Defensa de la Integridad, la Independencia, la Soberanía del Territorio Nacional",141 Dirección General de Intendencia,,141,,,,
22,243.3,133.8,-109.5,-121.2,-47.5,continúa,unidad_responsable,22 Instituto Nacional Electoral,011 Tecnologías de información y comunicaciones,108 Dirección Jurídica,,108,,,,
08,109.2,0.0,-109.2,-114.4,-100.0,desaparece,unidad_responsable,08 Agricultura y Desarrollo Rural,001 Diseño y Aplicación de la Política Agropecuaria,141 Oficina de Representación en Puebla,,141,,,,
08,108.1,0.0,-108.1,-113.3,-100.0,desaparece,unidad_responsable,08 Agricultura y Desarrollo Rural,001 Diseño y Aplicación de la Política Agropecuaria,132 Oficina de Representación en Guerrero,,132,,,,
22,213.5,105.7,-107.8,-118.1,-52.8,continúa,unidad_responsable,22 Instituto Nacional Electoral,011 Tecnologías de información y comunicaciones,104 Coordinación Nacional de Comunicación Social,,104,,,,
08,107.2,0.0,-107.2,-112.4,-100.0,desaparece,unidad_responsable,08 Agricultura y Desarrollo Rural,001 Actividades de apoyo administrativo,G00 Servicio de Información Agroalimentaria y Pesquera,,G00,,,,
08,548.8,442.3,-106.5,-132.8,-23.1,continúa,unidad_responsable,08 Agricultura y Desarrollo Rural,001 Actividades de apoyo administrativo,RJL Instituto Mexicano de Investigación en Pesca y Acuacultura Sustentables,,RJL,,,,
20,165.4,59.4,-106.0,-114.0,-65.7,continúa,unidad_responsable,20 Bienestar,001 Actividades de apoyo administrativo,413 Dirección General de Tecnologías de la Información y Comunicaciones,,413,,,,
08,105.4,0.0,-105.4,-110.5,-100.0,desaparece,unidad_responsable,08 Agricultura y Desarrollo Rural,001 Diseño y Aplicación de la Política Agropecuaria,134 Oficina de Representación en Jalisco,,134,,,,
11,1861.1,1757.1,-104.0,-193.3,-9.9,continúa,unidad_responsable,11 Educación Pública,001 Actividades de apoyo a la función pública y buen gobierno,MDA Instituto Nacional para la Educación de los Adultos,,MDA,,,,
08,103.5,0.0,-103.5,-108.4,-100.0,desaparece,unidad_responsable,08 Agricultura y Desarrollo Rural,001 Diseño y Aplicación de la Política Agropecuaria,145 Oficina de Representación en Sinaloa,,145,,,,
11,117.0,16.6,-100.4,-106.0,-86.5,continúa,unidad_responsable,11 Educación Pública,022 Servicios de Educación Media Superior,617 Dirección General de Bachillerato Tecnológico de Educación y Promoción Deportiva,,617,,,,
49,182.2,82.2,-100.0,-108.8,-57.0,continúa,unidad_responsable,49 Fiscalía General de la República,013 Promover la formación profesional y capacitación del capital humano,810 Centro de Formación y Servicio Profesional de Carrera,,810,,,,
08,97.1,0.0,-97.1,-101.8,-100.0,desaparece,unidad_responsable,08 Agricultura y Desarrollo Rural,001 Diseño y Aplicación de la Política Agropecuaria,128 Oficina de Representación en Chihuahua,,128,,,,
11,150.1,56.3,-93.8,-101.0,-64.2,continúa,unidad_responsable,11 Educación Pública,026 Diseño de la Política Educativa y Regulación de los Servicios,171 Dirección General de Análisis y Diagnóstico del Aprovechamiento Educativo,,171,,,,
07,451.5,358.7,-92.8,-114.5,-24.2,continúa,unidad_responsable,07 Defensa Nacional,"001 Defensa de la Integridad, la Independencia, la Soberanía del Territorio Nacional",142 Dirección General de Transmisiones,,142,,,,
43,91.2,0.0,-91.2,-95.6,-100.0,desaparece,unidad_responsable,43 Instituto Federal de Telecomunicaciones,010 Regulación de los servicios de Telecomunicaciones y Radiodifusión y fortalecimiento de los derechos de sus usuarios y audiencias,224 Unidad de Medios y Contenidos Audiovisuales,,224,,,,
08,90.7,0.0,-90.7,-95.1,-100.0,desaparece,unidad_responsable,08 Agricultura y Desarrollo Rural,001 Diseño y Aplicación de la Política Agropecuaria,131 Oficina de Representación en Guanajuato,,131,,,,
08,90.7,0.0,-90.7,-95.0,-100.0,desaparece,unidad_responsable,08 Agricultura y Desarrollo Rural,001 Diseño y Aplicación de la Política Agropecuaria,152 Oficina de Representación en Zacatecas,,152,,,,
08,90.0,0.0,-90.0,-94.3,-100.0,desaparece,unidad_responsable,08 Agricultura y Desarrollo Rural,001 Diseño y Aplicación de la Política Agropecuaria,151 Oficina de Representación en Yucatán,,151,,,,
41,89.6,0.0,-89.6,-93.9,-100.0,desaparece,unidad_responsable,41 Comisión Federal de Competencia Económica,001 Actividades de Apoyo Administrativo,120 Dirección General de Administración,,120,,,,
22,318.2,229.2,-89.0,-104.3,-31.3,continúa,unidad_responsable,22 Instituto Nacional Electoral,011 Tecnologías de información y comunicaciones,102 Consejeros Electorales,,102,,,,
06,88.4,0.0,-88.4,-92.6,-100.0,desaparece,unidad_responsable,06 Hacienda y Crédito Público,001 Diseño de la política de ingresos,218 Unidad de Política de Ingresos no Tributarios y sobre Hidrocarburos,,218,,,,
41,86.0,0.0,-86.0,-90.1,-100.0,desaparece,unidad_responsable,41 Comisión Federal de Competencia Económica,006 Prevención y eliminación de prácticas y concentraciones monopólicas y demás restricciones a la competencia y libre concurrencia,200 Pleno de la Comisión Federal de Competencia Económica,,200,,,,
11,1071.4,985.8,-85.6,-137.0,-12.2,continúa,unidad_responsable,11 Educación Pública,026 Diseño de la Política Educativa y Regulación de los Servicios,616 Dirección General del Bachillerato,,616,,,,
08,298.9,213.7,-85.2,-99.5,-31.8,continúa,unidad_responsable,08 Agricultura y Desarrollo Rural,001 Actividades de apoyo administrativo,"512 Dirección General de Recursos Materiales, Inmuebles y Servicios",,512,,,,
43,84.3,0.0,-84.3,-88.4,-100.0,desaparece,unidad_responsable,43 Instituto Federal de Telecomunicaciones,004 Regulación y supervisión de redes e infraestructura de telecomunicaciones y radiodifusión,222 Unidad de Espectro Radioeléctrico,,222,,,,
41,83.9,0.0,-83.9,-87.9,-100.0,desaparece,unidad_responsable,41 Comisión Federal de Competencia Económica,007 Posicionar a la competencia económica en la agenda pública,"110 Unidad de Planeación, Vinculación y Asuntos Internacionales",,110,,,,
08,83.8,0.0,-83.8,-87.8,-100.0,desaparece,unidad_responsable,08 Agricultura y Desarrollo Rural,001 Diseño y Aplicación de la Política Agropecuaria,133 Oficina de Representación en Hidalgo,,133,,,,
12,235.4,151.9,-83.5,-94.8,-38.4,continúa,unidad_responsable,12 Salud,001 Actividades de apoyo administrativo,512 Dirección General de Recursos Materiales y Servicios Generales,,512,,,,
08,82.4,0.0,-82.4,-86.4,-100.0,desaparece,unidad_responsable,08 Agricultura y Desarrollo Rural,001 Diseño y Aplicación de la Política Agropecuaria,130 Oficina de Representación en Durango,,130,,,,
09,298.4,217.9,-80.5,-94.9,-30.3,continúa,unidad_responsable,"09 Infraestructura, Comunicaciones y Transportes","006 Supervisión, inspección y verificación del transporte terrestre y aéreo",312 Dirección General de Autotransporte Federal,,312,,,,
08,79.6,0.0,-79.6,-83.5,-100.0,desaparece,unidad_responsable,08 Agricultura y Desarrollo Rural,001 Diseño y Aplicación de la Política Agropecuaria,146 Oficina de Representación en Sonora,,146,,,,
09,315.5,237.3,-78.1,-93.3,-28.2,continúa,unidad_responsable,"09 Infraestructura, Comunicaciones y Transportes",001 Actividades de apoyo administrativo,711 Dirección General de Recursos Humanos y Organización,,711,,,,
08,77.3,0.0,-77.3,-81.0,-100.0,desaparece,unidad_responsable,08 Agricultura y Desarrollo Rural,001 Diseño y Aplicación de la Política Agropecuaria,144 Oficina de Representación en San Luis Potosí,,144,,,,
43,77.2,0.0,-77.2,-80.9,-100.0,desaparece,unidad_responsable,43 Instituto Federal de Telecomunicaciones,008 Promoción de la competencia económica en los sectores de telecomunicaciones y radiodifusión,110 Autoridad Investigadora,,110,,,,
09,111.8,35.0,-76.8,-82.2,-70.2,continúa,unidad_responsable,"09 Infraestructura, Comunicaciones y Transportes",001 Actividades de apoyo administrativo,111 Dirección General de Comunicación Social,,111,,,,
08,76.1,0.0,-76.1,-79.8,-100.0,desaparece,unidad_responsable,08 Agricultura y Desarrollo Rural,001 Diseño y Aplicación de la Política Agropecuaria,147 Oficina de Representación en Tabasco,,147,,,,
08,264.0,188.0,-76.1,-88.7,-32.1,continúa,unidad_responsable,08 Agricultura y Desarrollo Rural,001 Actividades de apoyo administrativo,513 Dirección General de Tecnologías de la Información y Comunicaciones,,513,,,,
08,74.7,0.0,-74.7,-78.3,-100.0,desaparece,unidad_responsable,08 Agricultura y Desarrollo Rural,001 Diseño y Aplicación de la Política Agropecuaria,700 Coordinación General de Ganadería,,700,,,,
12,595.0,520.7,-74.4,-102.9,-16.5,continúa,unidad_responsable,12 Salud,001 Actividades de apoyo administrativo,611 Dirección General de Planeación y Desarrollo en Salud,,611,,,,
20,154.3,81.9,-72.3,-79.7,-49.3,continúa,unidad_responsable,20 Bienestar,001 Actividades de apoyo administrativo,411 Dirección General de Recursos Materiales,,411,,,,
06,71.9,0.0,-71.9,-75.3,-100.0,desaparece,unidad_responsable,06 Hacienda y Crédito Público,002 Diseño y conducción de la política de gasto público,"415 Dirección General de Programación y Presupuesto ""B""",,415,,,,
06,70.5,0.0,-70.5,-73.9,-100.0,desaparece,unidad_responsable,06 Hacienda y Crédito Público,001 Diseño de la política de ingresos,216 Unidad de Política de Ingresos Tributarios,,216,,,,
20,352.7,282.5,-70.2,-87.2,-23.6,continúa,unidad_responsable,20 Bienestar,001 Actividades de apoyo a la función pública y buen gobierno,V3A Instituto Nacional de las Personas Adultas Mayores,,V3A,,,,
09,70.0,0.0,-70.0,-73.3,-100.0,desaparece,unidad_responsable,"09 Infraestructura, Comunicaciones y Transportes",001 Actividades de apoyo administrativo,JZN Agencia Espacial Mexicana,,JZN,,,,
43,69.6,0.0,-69.6,-73.0,-100.0,desaparece,unidad_responsable,43 Instituto Federal de Telecomunicaciones,001 Fortalecimiento e innovación institucional para el desarrollo de los sectores de Telecomunicaciones y Radiodifusión,227 Unidad de Asuntos Jurídicos,,227,,,,
06,68.9,0.0,-68.9,-72.2,-100.0,desaparece,unidad_responsable,06 Hacienda y Crédito Público,002 Diseño y conducción de la política de gasto público,"416 Dirección General de Programación y Presupuesto ""A""",,416,,,,
27,67.0,0.0,-67.0,-70.2,-100.0,desaparece,unidad_responsable,27 Función Pública,001 Actividades de apoyo administrativo,514 Dirección General de Recursos Materiales y Servicios Generales,,514,,,,
27,65.8,0.0,-65.8,-68.9,-100.0,desaparece,unidad_responsable,27 Función Pública,006 Combate a la impunidad,323 Unidad Investigadora,,323,,,,
06,65.1,0.0,-65.1,-68.2,-100.0,desaparece,unidad_responsable,06 Hacienda y Crédito Público,001 Diseño de la política de ingresos,217 Unidad de Legislación Tributaria,,217,,,,
11,616.1,551.3,-64.7,-94.3,-14.6,continúa,unidad_responsable,11 Educación Pública,001 Actividades de apoyo administrativo,B01 XE-IPN Canal 11,,B01,,,,
43,64.6,0.0,-64.6,-67.7,-100.0,desaparece,unidad_responsable,43 Instituto Federal de Telecomunicaciones,008 Promoción de la competencia económica en los sectores de telecomunicaciones y radiodifusión,226 Unidad de Competencia Económica,,226,,,,
10,64.5,0.0,-64.5,-67.6,-100.0,desaparece,unidad_responsable,10 Economía,001 Actividades de apoyo administrativo,B00 Comisión Nacional de Mejora Regulatoria,,B00,,,,
43,64.3,0.0,-64.3,-67.4,-100.0,desaparece,unidad_responsable,43 Instituto Federal de Telecomunicaciones,001 Fortalecimiento e innovación institucional para el desarrollo de los sectores de Telecomunicaciones y Radiodifusión,213 Coordinación General de Comunicación Social,,213,,,,
27,64.1,0.0,-64.1,-67.2,-100.0,desaparece,unidad_responsable,27 Función Pública,002 Fiscalización a la gestión pública,210 Unidad de Auditoría Gubernamental,,210,,,,
07,692.3,628.3,-64.1,-97.3,-13.4,continúa,unidad_responsable,07 Defensa Nacional,"001 Defensa de la Integridad, la Independencia, la Soberanía del Territorio Nacional",129 Comandancia X Región Militar,,129,,,,
14,148.2,84.8,-63.4,-70.5,-45.4,continúa,unidad_responsable,14 Trabajo y Previsión Social,001 Actividades de apoyo administrativo,513 Dirección General de Tecnologías de la Información,,513,,,,
08,63.3,0.0,-63.3,-66.3,-100.0,desaparece,unidad_responsable,08 Agricultura y Desarrollo Rural,001 Diseño y Aplicación de la Política Agropecuaria,122 Oficina de Representación en Baja California,,122,,,,
05,1540.0,1477.7,-62.3,-136.2,-8.4,continúa,unidad_responsable,05 Relaciones Exteriores,016 Política de promoción y defensa de los intereses de México en el ámbito multilateral,811 Dirección General para la Organización de las Naciones Unidas,,811,,,,
04,61.0,0.0,-61.0,-64.0,-100.0,desaparece,unidad_responsable,04 Gobernación,001 Conducción de la política interior,215 Dirección General de Juegos y Sorteos,,215,,,,
08,60.2,0.0,-60.2,-63.1,-100.0,desaparece,unidad_responsable,08 Agricultura y Desarrollo Rural,001 Diseño y Aplicación de la Política Agropecuaria,153 Oficina de Representación en la Región Lagunera,,153,,,,
27,59.0,0.0,-59.0,-61.9,-100.0,desaparece,unidad_responsable,27 Función Pública,005 Políticas de austeridad republicana y eficacia gubernamental,120 Unidad de Políticas Anticorrupción,,120,,,,
08,58.0,0.0,-58.0,-60.8,-100.0,desaparece,unidad_responsable,08 Agricultura y Desarrollo Rural,001 Diseño y Aplicación de la Política Agropecuaria,139 Oficina de Representación en Nuevo León,,139,,,,
14,123.0,65.3,-57.7,-63.6,-49.3,continúa,unidad_responsable,14 Trabajo y Previsión Social,001 Actividades de apoyo a la función pública y buen gobierno,VUY Instituto Mexicano de la Juventud,,VUY,,,,
11,2621.1,2564.0,-57.2,-183.0,-6.7,continúa,unidad_responsable,11 Educación Pública,001 Actividades de apoyo a la función pública y buen gobierno,L6I Comisión Nacional de Cultura Física y Deporte,,L6I,,,,
09,56.9,0.0,-56.9,-59.7,-100.0,desaparece,unidad_responsable,"09 Infraestructura, Comunicaciones y Transportes","001 Definición, conducción y supervisión de la política de comunicaciones y transportes",314 Dirección General de Políticas de Telecomunicaciones y Radiodifusión,,314,,,,
09,164.9,108.0,-56.9,-64.8,-37.5,continúa,unidad_responsable,"09 Infraestructura, Comunicaciones y Transportes",001 Actividades de apoyo administrativo,A00 Instituto Mexicano del Transporte,,A00,,,,
09,123.1,66.5,-56.5,-62.5,-48.4,continúa,unidad_responsable,"09 Infraestructura, Comunicaciones y Transportes",022 Articulación de la política de comunicaciones y transportes,300 Subsecretaría de Comunicaciones y Transportes,,300,,,,
08,56.0,0.0,-56.0,-58.7,-100.0,desaparece,unidad_responsable,08 Agricultura y Desarrollo Rural,001 Diseño y Aplicación de la Política Agropecuaria,138 Oficina de Representación en Nayarit,,138,,,,
07,276.0,220.5,-55.5,-68.7,-23.8,continúa,unidad_responsable,07 Defensa Nacional,001 Actividades de apoyo administrativo,138 Dirección General de Comunicación Social,,138,,,,
22,220.5,165.6,-54.9,-65.5,-28.3,continúa,unidad_responsable,22 Instituto Nacional Electoral,011 Tecnologías de información y comunicaciones,103 Secretaría Ejecutiva,,103,,,,
14,222.7,167.9,-54.8,-65.5,-28.1,continúa,unidad_responsable,14 Trabajo y Previsión Social,040 Servicios de impartición y procuración de justicia laboral,A00 Procuraduría Federal de la Defensa del Trabajo,,A00,,,,
05,1321.8,1267.2,-54.6,-118.0,-8.5,continúa,unidad_responsable,05 Relaciones Exteriores,015 Articulación de la política exterior,411 Dirección General para Europa,,411,,,,
08,54.4,0.0,-54.4,-57.0,-100.0,desaparece,unidad_responsable,08 Agricultura y Desarrollo Rural,001 Diseño y Aplicación de la Política Agropecuaria,125 Oficina de Representación en Coahuila,,125,,,,
27,54.4,0.0,-54.4,-57.0,-100.0,desaparece,unidad_responsable,27 Función Pública,006 Regulación del proceso de compras y contrataciones,701 Unidad del Sistema Electrónico de Contrataciones Públicas,,701,,,,
27,54.2,0.0,-54.2,-56.8,-100.0,desaparece,unidad_responsable,27 Función Pública,006 Combate a la impunidad,110 Unidad de Asuntos Jurídicos,,110,,,,
27,53.6,0.0,-53.6,-56.2,-100.0,desaparece,unidad_responsable,27 Función Pública,006 Combate a la impunidad,322 Unidad Substanciadora y Resolutora,,322,,,,
45,53.2,0.0,-53.2,-55.8,-100.0,desaparece,unidad_responsable,45 Comisión Reguladora de Energía,002 Regulación y permisos de Hidrocarburos,280 Unidad de Hidrocarburos,,280,,,,
03,5922.9,5869.7,-53.2,-337.5,-5.4,continúa,unidad_responsable,03 Poder Judicial,001 Otras Actividades,100 Suprema Corte de Justicia de la Nación,,100,,,,
06,592.9,540.1,-52.8,-81.2,-13.1,continúa,unidad_responsable,06 Hacienda y Crédito Público,001 Actividades de apoyo a la función pública y buen gobierno,G3A Comisión Nacional para la Protección y Defensa de los Usuarios de Servicios Financieros,,G3A,,,,
08,52.8,0.0,-52.8,-55.3,-100.0,desaparece,unidad_responsable,08 Agricultura y Desarrollo Rural,001 Diseño y Aplicación de la Política Agropecuaria,149 Oficina de Representación en Tlaxcala,,149,,,,
09,296.5,244.4,-52.0,-66.3,-21.3,continúa,unidad_responsable,"09 Infraestructura, Comunicaciones y Transportes",001 Actividades de apoyo administrativo,713 Dirección General de Tecnologías de Información y Comunicaciones,,713,,,,
20,223.1,171.1,-52.0,-62.7,-26.8,continúa,unidad_responsable,20 Bienestar,001 Actividades de apoyo administrativo,L00 Instituto Nacional de la Economía Social,,L00,,,,
08,51.9,0.0,-51.9,-54.4,-100.0,desaparece,unidad_responsable,08 Agricultura y Desarrollo Rural,001 Diseño y Aplicación de la Política Agropecuaria,126 Oficina de Representación en Colima,,126,,,,
18,547.2,496.6,-50.6,-76.8,-13.4,continúa,unidad_responsable,18 Energía,001 Actividades de apoyo a la función pública y buen gobierno,T0Q Instituto Nacional de Investigaciones Nucleares,,T0Q,,,,
43,50.5,0.0,-50.5,-53.0,-100.0,desaparece,unidad_responsable,43 Instituto Federal de Telecomunicaciones,010 Regulación de los servicios de Telecomunicaciones y Radiodifusión y fortalecimiento de los derechos de sus usuarios y audiencias,229 Coordinación General de Política del Usuario,,229,,,,
43,49.9,0.0,-49.9,-52.3,-100.0,desaparece,unidad_responsable,43 Instituto Federal de Telecomunicaciones,009 Regulación para el desarrollo del nuevo ecosistema digital,230 Centro de Estudios,,230,,,,
02,583.3,533.7,-49.6,-77.6,-12.7,continúa,unidad_responsable,02 Oficina de la Presidencia de la República,001 Actividades de apoyo administrativo,113 Unidad de Administración y Finanzas,,113,,,,
22,218.5,170.1,-48.4,-58.9,-25.7,continúa,unidad_responsable,22 Instituto Nacional Electoral,011 Tecnologías de información y comunicaciones,114 Dirección Ejecutiva del Servicio Profesional Electoral Nacional,,114,,,,
47,814.0,765.7,-48.3,-87.4,-10.2,continúa,unidad_responsable,47 Entidades no Sectorizadas,001 Actividades de apoyo a la función pública y buen gobierno,AYI Procuraduría de la Defensa del Contribuyente,,AYI,,,,
43,48.2,0.0,-48.2,-50.5,-100.0,desaparece,unidad_responsable,43 Instituto Federal de Telecomunicaciones,001 Actividades de apoyo a la función pública y buen gobierno,300 Órgano Interno de Control,,300,,,,
12,47.5,0.0,-47.5,-49.8,-100.0,desaparece,unidad_responsable,12 Salud,001 Actividades de apoyo administrativo,T00 Centro Nacional de Excelencia Tecnológica en Salud,,T00,,,,
27,46.9,0.0,-46.9,-49.1,-100.0,desaparece,unidad_responsable,27 Función Pública,005 Políticas de austeridad republicana y eficacia gubernamental,511 Dirección General de Tecnologías de Información,,511,,,,
14,45.7,0.0,-45.7,-47.9,-100.0,desaparece,unidad_responsable,14 Trabajo y Previsión Social,008 Conciliación entre empleadores y sindicatos,214 Unidad de Funcionarios Conciliadores,,214,,,,
14,69.4,24.5,-45.0,-48.3,-66.4,continúa,unidad_responsable,14 Trabajo y Previsión Social,031 Implementación de la política laboral,160 Unidad de Política Laboral y Relaciones Institucionales,,160,,,,
08,44.7,0.0,-44.7,-46.9,-100.0,desaparece,unidad_responsable,08 Agricultura y Desarrollo Rural,001 Diseño y Aplicación de la Política Agropecuaria,121 Oficina de Representación en Aguascalientes,,121,,,,
02,44.1,0.0,-44.1,-46.2,-100.0,desaparece,unidad_responsable,02 Oficina de la Presidencia de la República,"002 Asesoría, coordinación, difusión y apoyo técnico de las actividades del Presidente de la República",135 Coordinación de Estrategia Digital Nacional,,135,,,,
08,43.9,0.0,-43.9,-46.0,-100.0,desaparece,unidad_responsable,08 Agricultura y Desarrollo Rural,001 Diseño y Aplicación de la Política Agropecuaria,124 Oficina de Representación en Campeche,,124,,,,
09,113.7,70.7,-43.0,-48.5,-40.7,continúa,unidad_responsable,"09 Infraestructura, Comunicaciones y Transportes",001 Actividades de apoyo administrativo,110 Unidad de Asuntos Jurídicos,,110,,,,
22,115.7,72.7,-43.0,-48.5,-40.0,continúa,unidad_responsable,22 Instituto Nacional Electoral,011 Tecnologías de información y comunicaciones,106 Dirección del Secretariado,,106,,,,
22,119.1,78.2,-41.0,-46.7,-37.4,continúa,unidad_responsable,22 Instituto Nacional Electoral,011 Tecnologías de información y comunicaciones,118 Unidad Técnica de Transparencia y Protección de Datos Personales,,118,,,,
08,40.7,0.0,-40.7,-42.7,-100.0,desaparece,unidad_responsable,08 Agricultura y Desarrollo Rural,001 Diseño y Aplicación de la Política Agropecuaria,143 Oficina de Representación en Quintana Roo,,143,,,,
08,40.3,0.0,-40.3,-42.2,-100.0,desaparece,unidad_responsable,08 Agricultura y Desarrollo Rural,001 Diseño y Aplicación de la Política Agropecuaria,137 Oficina de Representación en Morelos,,137,,,,
45,40.3,0.0,-40.3,-42.2,-100.0,desaparece,unidad_responsable,45 Comisión Reguladora de Energía,001 Actividades de apoyo administrativo,500 Unidad de Administración y Finanzas,,500,,,,
07,117.8,77.8,-40.0,-45.6,-37.0,continúa,unidad_responsable,07 Defensa Nacional,012 Salud y producción animal,147 Dirección General de Veterinaria y Remonta,,147,,,,
14,767.1,728.1,-39.0,-75.8,-9.4,continúa,unidad_responsable,14 Trabajo y Previsión Social,040 Servicios de impartición y procuración de justicia laboral,110 Junta Federal de Conciliación y Arbitraje,,110,,,,
43,38.6,0.0,-38.6,-40.4,-100.0,desaparece,unidad_responsable,43 Instituto Federal de Telecomunicaciones,001 Fortalecimiento e innovación institucional para el desarrollo de los sectores de Telecomunicaciones y Radiodifusión,210 Coordinación General de Planeación Estratégica,,210,,,,
08,38.1,0.0,-38.1,-40.0,-100.0,desaparece,unidad_responsable,08 Agricultura y Desarrollo Rural,001 Diseño y Aplicación de la Política Agropecuaria,142 Oficina de Representación en Querétaro,,142,,,,
32,37.8,0.0,-37.8,-39.7,-100.0,desaparece,unidad_responsable,32 Tribunal Federal de Justicia Administrativa,001 Impartición de Justicia Fiscal y Administrativa,"210 Sala Regional del Norte-Centro III, con sede en la ciudad de Victoria de Durango, Estado de Durango",,210,,,,
41,36.7,0.0,-36.7,-38.4,-100.0,desaparece,unidad_responsable,41 Comisión Federal de Competencia Económica,006 Prevención y eliminación de prácticas y concentraciones monopólicas y demás restricciones a la competencia y libre concurrencia,210 Dirección General de Asuntos Contenciosos,,210,,,,
49,3558.7,3522.8,-35.9,-206.7,-5.5,continúa,unidad_responsable,49 Fiscalía General de la República,002 Investigar y perseguir los delitos del orden federal,220 Policía Federal Ministerial,,220,,,,
16,97.3,61.8,-35.5,-40.1,-39.3,continúa,unidad_responsable,16 Medio Ambiente y Recursos Naturales,036 Articulación de la Política Ambiental y de Recursos Naturales,109 Unidad Coordinadora de Asuntos Internacionales,,109,,,,
45,34.9,0.0,-34.9,-36.6,-100.0,desaparece,unidad_responsable,45 Comisión Reguladora de Energía,001 Regulación y permisos de electricidad,240 Unidad de Electricidad,,240,,,,
08,33.7,0.0,-33.7,-35.3,-100.0,desaparece,unidad_responsable,08 Agricultura y Desarrollo Rural,001 Diseño y Aplicación de la Política Agropecuaria,123 Oficina de Representación en Baja California Sur,,123,,,,
15,87.0,53.7,-33.3,-37.5,-41.1,continúa,unidad_responsable,"15 Desarrollo Agrario, Territorial y Urbano",001 Actividades de apoyo administrativo,412 Dirección General de Recursos Materiales y Servicios Generales,,412,,,,
49,527.6,494.6,-33.0,-58.4,-10.6,continúa,unidad_responsable,49 Fiscalía General de la República,002 Investigar y perseguir los delitos del orden federal,210 Centro Federal de Inteligencia Criminal,,210,,,,
46,32.6,0.0,-32.6,-34.2,-100.0,desaparece,unidad_responsable,46 Comisión Nacional de Hidrocarburos,001 Actividades de apoyo administrativo,300 Unidad de Administración y Finanzas,,300,,,,
27,32.6,0.0,-32.6,-34.1,-100.0,desaparece,unidad_responsable,27 Función Pública,006 Diseño y conducción de la política operativa de las Unidades de Administración y Finanzas,704 Unidad de Gobierno de las Unidades de Administración y Finanzas,,704,,,,
27,32.4,0.0,-32.4,-34.0,-100.0,desaparece,unidad_responsable,27 Función Pública,001 Actividades de apoyo a la función pública y buen gobierno,112 Órgano Interno de Control de la Secretaría,,112,,,,
22,71.0,38.8,-32.2,-35.7,-47.9,continúa,unidad_responsable,22 Instituto Nacional Electoral,011 Tecnologías de información y comunicaciones,105 Coordinación de Asuntos Internacionales,,105,,,,
09,32.0,0.0,-32.0,-33.5,-100.0,desaparece,unidad_responsable,"09 Infraestructura, Comunicaciones y Transportes",001 Actividades de apoyo administrativo,102 Dirección General de Vinculación,,102,,,,
27,31.9,0.0,-31.9,-33.5,-100.0,desaparece,unidad_responsable,27 Función Pública,006 Regulación del proceso de compras y contrataciones,703 Unidad de Compras y Contrataciones Públicas Consolidadas,,703,,,,
12,1426.0,1394.1,-31.9,-100.4,-6.7,continúa,unidad_responsable,12 Salud,001 Actividades de apoyo administrativo,O00 Centro Nacional de Prevención y Control de Enfermedades,,O00,,,,
22,91.7,59.9,-31.8,-36.2,-37.6,continúa,unidad_responsable,22 Instituto Nacional Electoral,011 Tecnologías de información y comunicaciones,123 Unidad Técnica de Vinculación con los Organismos Públicos Locales,,123,,,,
18,31.6,0.0,-31.6,-33.1,-100.0,desaparece,unidad_responsable,18 Energía,003 Coordinación de la política energética en hidrocarburos,521 Dirección General de Exploración y Extracción de Hidrocarburos,,521,,,,
27,31.4,0.0,-31.4,-32.9,-100.0,desaparece,unidad_responsable,27 Función Pública,006 Regulación del proceso de compras y contrataciones,705 Unidad de Normatividad de Contrataciones Públicas,,705,,,,
27,30.8,0.0,-30.8,-32.3,-100.0,desaparece,unidad_responsable,27 Función Pública,006 Regulación del proceso de compras y contrataciones,702 Unidad de Planeación e Investigaciones de Mercado,,702,,,,
12,820.8,790.3,-30.5,-69.9,-8.1,continúa,unidad_responsable,12 Salud,001 Actividades de apoyo a la función pública y buen gobierno,S00 Comisión Federal para la Protección contra Riesgos Sanitarios,,S00,,,,
12,123.5,94.4,-29.1,-35.0,-27.1,continúa,unidad_responsable,12 Salud,001 Actividades de apoyo administrativo,510 Dirección General de Programación y Presupuesto,,510,,,,
11,165.2,136.5,-28.6,-36.6,-21.1,continúa,unidad_responsable,11 Educación Pública,001 Actividades de apoyo a la función pública y buen gobierno,L6H Comisión de Operación y Fomento de Actividades Académicas del Instituto Politécnico Nacional,,L6H,,,,
22,211.1,183.5,-27.6,-37.8,-17.1,continúa,unidad_responsable,22 Instituto Nacional Electoral,011 Tecnologías de información y comunicaciones,107 Órgano Interno de Control,,107,,,,
27,27.5,0.0,-27.5,-28.8,-100.0,desaparece,unidad_responsable,27 Función Pública,002 Fiscalización a la gestión pública,208 Unidad de Auditoría a Contrataciones Públicas,,208,,,,
09,43.8,17.6,-26.2,-28.3,-61.7,continúa,unidad_responsable,"09 Infraestructura, Comunicaciones y Transportes",001 Actividades de apoyo administrativo,600 Coordinación de Centros SICT,,600,,,,
45,26.2,0.0,-26.2,-27.5,-100.0,desaparece,unidad_responsable,45 Comisión Reguladora de Energía,002 Regulación y permisos de Hidrocarburos,100 Órgano de Gobierno,,100,,,,
43,26.1,0.0,-26.1,-27.3,-100.0,desaparece,unidad_responsable,43 Instituto Federal de Telecomunicaciones,001 Fortalecimiento e innovación institucional para el desarrollo de los sectores de Telecomunicaciones y Radiodifusión,228 Coordinación General de Asuntos Internacionales,,228,,,,
06,192.9,166.9,-26.1,-35.3,-17.5,continúa,unidad_responsable,06 Hacienda y Crédito Público,"002 Producción de impresos valorados, no valorados, numerados y de seguridad",713 Dirección General de Talleres de Impresión de Estampillas y Valores,,713,,,,
43,26.0,0.0,-26.0,-27.3,-100.0,desaparece,unidad_responsable,43 Instituto Federal de Telecomunicaciones,001 Fortalecimiento e innovación institucional para el desarrollo de los sectores de Telecomunicaciones y Radiodifusión,200 Presidencia,,200,,,,
49,125.0,99.4,-25.6,-31.6,-24.1,continúa,unidad_responsable,49 Fiscalía General de la República,013 Promover la formación profesional y capacitación del capital humano,813 Centro de Evaluación y Control de Confianza,,813,,,,
41,25.4,0.0,-25.4,-26.6,-100.0,desaparece,unidad_responsable,41 Comisión Federal de Competencia Económica,001 Actividades de Apoyo a la Función Pública y Buen Gobierno,500 Contraloría Interna de la Comisión Federal de Competencia Económica,,500,,,,
07,837.4,812.1,-25.3,-65.5,-7.5,continúa,unidad_responsable,07 Defensa Nacional,"001 Defensa de la Integridad, la Independencia, la Soberanía del Territorio Nacional",143 Dirección General de Materiales de Guerra,,143,,,,
16,184.1,159.3,-24.8,-33.7,-17.5,continúa,unidad_responsable,16 Medio Ambiente y Recursos Naturales,001 Actividades de apoyo a la función pública y buen gobierno,RJJ Instituto Nacional de Ecología y Cambio Climático,,RJJ,,,,
43,24.2,0.0,-24.2,-25.4,-100.0,desaparece,unidad_responsable,43 Instituto Federal de Telecomunicaciones,001 Fortalecimiento e innovación institucional para el desarrollo de los sectores de Telecomunicaciones y Radiodifusión,212 Coordinación General de Vinculación Institucional,,212,,,,
46,24.1,0.0,-24.1,-25.2,-100.0,desaparece,unidad_responsable,46 Comisión Nacional de Hidrocarburos,001 Promoción y regulación de Hidrocarburos,230 Unidad Jurídica,,230,,,,
11,181.7,157.7,-23.9,-32.7,-17.2,continúa,unidad_responsable,11 Educación Pública,001 Actividades de apoyo administrativo,710 Dirección General de Presupuesto y Recursos Financieros,,710,,,,
46,23.9,0.0,-23.9,-25.1,-100.0,desaparece,unidad_responsable,46 Comisión Nacional de Hidrocarburos,001 Estudios de Evaluación y Verificación de Hidrocarburos,250 Unidad Técnica de Extracción y su Supervisión,,250,,,,
20,72.5,48.6,-23.9,-27.4,-36.0,continúa,unidad_responsable,20 Bienestar,041 Articulación de la Política de Bienestar,300 Subsecretaría de Inclusión Productiva y Desarrollo Rural,,300,,,,
08,23.8,0.0,-23.8,-24.9,-100.0,desaparece,unidad_responsable,08 Agricultura y Desarrollo Rural,001 Diseño y Aplicación de la Política Agropecuaria,129 Oficina de Representación en la Ciudad de México,,129,,,,
09,97.8,74.4,-23.4,-28.1,-27.4,continúa,unidad_responsable,"09 Infraestructura, Comunicaciones y Transportes",001 Actividades de apoyo administrativo,650 Centro SICT Veracruz,,650,,,,
11,224.5,201.2,-23.3,-34.0,-14.5,continúa,unidad_responsable,11 Educación Pública,026 Diseño de la Política Educativa y Regulación de los Servicios,400 Jefatura de Oficina de la Secretaría,,400,,,,
09,50.7,27.6,-23.1,-25.6,-48.1,continúa,unidad_responsable,"09 Infraestructura, Comunicaciones y Transportes",001 Actividades de apoyo administrativo,700 Unidad de Administración y Finanzas,,700,,,,
12,163.6,140.5,-23.1,-30.9,-18.1,continúa,unidad_responsable,12 Salud,001 Actividades de apoyo administrativo,100 Secretaría,,100,,,,
46,23.0,0.0,-23.0,-24.1,-100.0,desaparece,unidad_responsable,46 Comisión Nacional de Hidrocarburos,001 Estudios de Evaluación y Verificación de Hidrocarburos,240 Unidad Técnica de Exploración y su Supervisión,,240,,,,
12,109.9,86.9,-23.0,-28.3,-24.5,continúa,unidad_responsable,12 Salud,001 Actividades de apoyo administrativo,I00 Centro Nacional de la Transfusión Sanguínea,,I00,,,,
20,35.2,12.4,-22.8,-24.5,-66.4,continúa,unidad_responsable,20 Bienestar,001 Actividades de apoyo a la función pública y buen gobierno,VRW Consejo Nacional para el Desarrollo y la Inclusión de las Personas con Discapacidad,,VRW,,,,
06,131.9,109.2,-22.7,-29.1,-21.0,continúa,unidad_responsable,06 Hacienda y Crédito Público,017 Diseño de la política de ingresos,112 Unidad de Comunicación Social y Vocero,,112,,,,
15,22.5,0.0,-22.5,-23.5,-100.0,desaparece,unidad_responsable,"15 Desarrollo Agrario, Territorial y Urbano",005 Política de Desarrollo Urbano y Ordenamiento del Territorio,213 Coordinación General de Gestión Integral de Riesgos de Desastres,,213,,,,
12,58.0,35.8,-22.2,-25.0,-41.1,continúa,unidad_responsable,12 Salud,001 Actividades de apoyo administrativo,315 Secretariado Técnico del Consejo Nacional para la Prevención de Accidentes,,315,,,,
44,22.2,0.0,-22.2,-23.2,-100.0,desaparece,unidad_responsable,"44 Instituto Nacional de Transparencia, Acceso a la Información y Protección de Datos Personales",001 Actividades de apoyo a la función pública y buen gobierno,500 Contraloría Interna,,500,,,,
15,177.5,155.8,-21.7,-30.2,-16.3,continúa,unidad_responsable,"15 Desarrollo Agrario, Territorial y Urbano",001 Actividades de apoyo administrativo,411 Dirección General de Tecnologías de la Información y Comunicaciones,,411,,,,
09,131.6,110.0,-21.7,-28.0,-20.3,continúa,unidad_responsable,"09 Infraestructura, Comunicaciones y Transportes","006 Supervisión, inspección y verificación del transporte terrestre y aéreo",313 Dirección General de Protección y Medicina Preventiva en el Transporte,,313,,,,
09,131.5,110.1,-21.4,-27.7,-20.1,continúa,unidad_responsable,"09 Infraestructura, Comunicaciones y Transportes",001 Actividades de apoyo administrativo,639 Centro SICT Nuevo León,,639,,,,
09,104.2,82.8,-21.3,-26.3,-24.1,continúa,unidad_responsable,"09 Infraestructura, Comunicaciones y Transportes",001 Actividades de apoyo administrativo,632 Centro SICT Guerrero,,632,,,,
45,21.2,0.0,-21.2,-22.2,-100.0,desaparece,unidad_responsable,45 Comisión Reguladora de Energía,002 Regulación y permisos de Hidrocarburos,230 Unidad de Asuntos Jurídicos,,230,,,,
49,27.4,6.2,-21.2,-22.5,-78.3,continúa,unidad_responsable,49 Fiscalía General de la República,008 Representar jurídicamente a la Fiscalía General de la República,120 Unidad de Vinculación con el Congreso de la Unión,,120,,,,
20,85.7,64.6,-21.2,-25.3,-28.1,continúa,unidad_responsable,20 Bienestar,041 Articulación de la Política de Bienestar,117 Dirección General para el Bienestar y la Cohesión Social,,117,,,,
09,97.6,76.5,-21.1,-25.8,-25.2,continúa,unidad_responsable,"09 Infraestructura, Comunicaciones y Transportes",001 Actividades de apoyo administrativo,710 Dirección General de Programación y Presupuesto,,710,,,,
22,82.5,61.4,-21.0,-25.0,-28.9,continúa,unidad_responsable,22 Instituto Nacional Electoral,011 Tecnologías de información y comunicaciones,101 Presidencia del Consejo General,,101,,,,
46,20.4,0.0,-20.4,-21.3,-100.0,desaparece,unidad_responsable,46 Comisión Nacional de Hidrocarburos,001 Promoción y regulación de Hidrocarburos,270 Centro Nacional de Información de Hidrocarburos,,270,,,,
09,70.9,50.5,-20.4,-23.8,-32.0,continúa,unidad_responsable,"09 Infraestructura, Comunicaciones y Transportes",022 Articulación de la política de comunicaciones y transportes,100 Secretaría,,100,,,,
09,83.8,64.0,-19.8,-23.8,-27.1,continúa,unidad_responsable,"09 Infraestructura, Comunicaciones y Transportes",001 Actividades de apoyo administrativo,643 Centro SICT Quintana Roo,,643,,,,
09,94.9,75.2,-19.7,-24.3,-24.4,continúa,unidad_responsable,"09 Infraestructura, Comunicaciones y Transportes",001 Actividades de apoyo administrativo,645 Centro SICT Sinaloa,,645,,,,
16,237.3,217.6,-19.7,-31.1,-12.5,continúa,unidad_responsable,16 Medio Ambiente y Recursos Naturales,001 Actividades de apoyo administrativo,510 Dirección General de Desarrollo Humano y Organización,,510,,,,
08,19.6,0.0,-19.6,-20.5,-100.0,desaparece,unidad_responsable,08 Agricultura y Desarrollo Rural,001 Diseño y Aplicación de la Política Agropecuaria,310 Dirección General de Fomento a la Agricultura,,310,,,,
09,98.2,79.2,-18.9,-23.7,-23.0,continúa,unidad_responsable,"09 Infraestructura, Comunicaciones y Transportes",001 Actividades de apoyo administrativo,622 Centro SICT Baja California,,622,,,,
05,403.7,384.8,-18.9,-38.3,-9.1,continúa,unidad_responsable,05 Relaciones Exteriores,016 Política de promoción y defensa de los intereses de México en el ámbito multilateral,K00 Agencia Mexicana de Cooperación Internacional para el Desarrollo,,K00,,,,
43,18.9,0.0,-18.9,-19.8,-100.0,desaparece,unidad_responsable,43 Instituto Federal de Telecomunicaciones,001 Fortalecimiento e innovación institucional para el desarrollo de los sectores de Telecomunicaciones y Radiodifusión,211 Coordinación General de Mejora Regulatoria,,211,,,,
08,18.7,0.0,-18.7,-19.6,-100.0,desaparece,unidad_responsable,08 Agricultura y Desarrollo Rural,001 Diseño y Aplicación de la Política Agropecuaria,113 Coordinación General de Operación Territorial,,113,,,,
09,18.7,0.0,-18.7,-19.6,-100.0,desaparece,unidad_responsable,"09 Infraestructura, Comunicaciones y Transportes","001 Definición, conducción y supervisión de la política de comunicaciones y transportes",315 Dirección General de Inclusión Digital y Redes de Telecomunicaciones,,315,,,,
27,18.5,0.0,-18.5,-19.4,-100.0,desaparece,unidad_responsable,27 Función Pública,005 Políticas de austeridad republicana y eficacia gubernamental,116 Dirección General de Comunicación Social,,116,,,,
46,18.3,0.0,-18.3,-19.2,-100.0,desaparece,unidad_responsable,46 Comisión Nacional de Hidrocarburos,002 Administración Técnica de Asignaciones y Contratos,260 Unidad de Administración Técnica de Asignaciones y Contratos,,260,,,,
09,92.3,74.0,-18.3,-22.7,-23.5,continúa,unidad_responsable,"09 Infraestructura, Comunicaciones y Transportes",001 Actividades de apoyo administrativo,646 Centro SICT Sonora,,646,,,,
12,230.8,212.6,-18.2,-29.3,-12.1,continúa,unidad_responsable,12 Salud,001 Actividades de apoyo administrativo,514 Dirección General de Desarrollo de la Infraestructura Física,,514,,,,
16,18.2,0.0,-18.2,-19.0,-100.0,desaparece,unidad_responsable,16 Medio Ambiente y Recursos Naturales,"002 Planeación, Seguimiento y Evaluación de la Política Ambiental y de Recursos Naturales","410 Dirección General de Planeación, Evaluación y Estadística Ambiental",,410,,,,
10,183.5,165.4,-18.1,-27.0,-14.0,continúa,unidad_responsable,10 Economía,"023 Negociación, administración y defensa de Tratados y Acuerdos Internacionales de comercio e Inversión",511 Dirección General de Consultoría Jurídica de Comercio Internacional,,511,,,,
22,50.0,32.0,-18.0,-20.4,-38.9,continúa,unidad_responsable,22 Instituto Nacional Electoral,011 Tecnologías de información y comunicaciones,122 Unidad Técnica de Igualdad de Género y No Discriminación,,122,,,,
16,110.8,92.9,-17.9,-23.3,-20.0,continúa,unidad_responsable,16 Medio Ambiente y Recursos Naturales,036 Articulación de la Política Ambiental y de Recursos Naturales,400 Subsecretaría de Biodiversidad y Restauración Ambiental,,400,,,,
09,95.3,77.7,-17.6,-22.2,-22.2,continúa,unidad_responsable,"09 Infraestructura, Comunicaciones y Transportes",001 Actividades de apoyo administrativo,623 Centro SICT Baja California Sur,,623,,,,
09,95.4,77.9,-17.5,-22.1,-22.1,continúa,unidad_responsable,"09 Infraestructura, Comunicaciones y Transportes",001 Actividades de apoyo administrativo,625 Centro SICT Coahuila,,625,,,,
21,286.9,269.5,-17.5,-31.2,-10.4,continúa,unidad_responsable,21 Turismo,049 Servicios de calidad y atención integral al turismo,417 Dirección General de Servicios al Turista Ángeles Verdes,,417,,,,
09,98.3,80.9,-17.5,-22.2,-21.5,continúa,unidad_responsable,"09 Infraestructura, Comunicaciones y Transportes",001 Actividades de apoyo administrativo,635 Centro SICT México,,635,,,,
11,258.9,241.5,-17.3,-29.8,-11.0,continúa,unidad_responsable,11 Educación Pública,026 Diseño de la Política Educativa y Regulación de los Servicios,414 Coordinación General de Enlace Educativo,,414,,,,
09,91.5,74.3,-17.3,-21.7,-22.6,continúa,unidad_responsable,"09 Infraestructura, Comunicaciones y Transportes",001 Actividades de apoyo administrativo,634 Centro SICT Jalisco,,634,,,,
09,91.4,74.2,-17.2,-21.6,-22.5,continúa,unidad_responsable,"09 Infraestructura, Comunicaciones y Transportes",001 Actividades de apoyo administrativo,648 Centro SICT Tamaulipas,,648,,,,
20,26.1,9.0,-17.1,-18.3,-67.0,continúa,unidad_responsable,20 Bienestar,041 Articulación de la Política de Bienestar,129 Delegación de Programas para el Desarrollo Ciudad de México,,129,,,,
27,16.7,0.0,-16.7,-17.6,-100.0,desaparece,unidad_responsable,27 Función Pública,001 Actividades de apoyo administrativo,512 Dirección General de Programación y Presupuesto,,512,,,,
16,209.4,192.8,-16.5,-26.6,-12.1,continúa,unidad_responsable,16 Medio Ambiente y Recursos Naturales,001 Actividades de apoyo a la función pública y buen gobierno,RJE Instituto Mexicano de Tecnología del Agua,,RJE,,,,
08,203.2,186.8,-16.5,-26.2,-12.3,continúa,unidad_responsable,08 Agricultura y Desarrollo Rural,001 Actividades de apoyo administrativo,511 Dirección General de Capital Humano y Desarrollo Organizacional,,511,,,,
08,74.5,58.2,-16.2,-19.8,-25.4,continúa,unidad_responsable,08 Agricultura y Desarrollo Rural,001 Actividades de apoyo administrativo,C00 Servicio Nacional de Inspección y Certificación de Semillas,,C00,,,,
27,15.7,0.0,-15.7,-16.5,-100.0,desaparece,unidad_responsable,27 Función Pública,002 Fiscalización a la gestión pública,130 Coordinación General de Vinculación con la Sociedad,,130,,,,
18,15.6,0.0,-15.6,-16.4,-100.0,desaparece,unidad_responsable,18 Energía,003 Coordinación de la política energética en hidrocarburos,522 Dirección General de Contratos Petroleros,,522,,,,
09,92.3,76.9,-15.4,-19.8,-20.5,continúa,unidad_responsable,"09 Infraestructura, Comunicaciones y Transportes",001 Actividades de apoyo administrativo,624 Centro SICT Campeche,,624,,,,
11,136.8,121.6,-15.2,-21.7,-15.2,continúa,unidad_responsable,11 Educación Pública,026 Diseño de la Política Educativa y Regulación de los Servicios,"313 Dirección General de Educación Indígena, Intercultural y Bilingüe",,313,,,,
09,90.2,75.2,-15.1,-19.4,-20.5,continúa,unidad_responsable,"09 Infraestructura, Comunicaciones y Transportes",001 Actividades de apoyo administrativo,647 Centro SICT Tabasco,,647,,,,
06,14.9,0.0,-14.9,-15.6,-100.0,desaparece,unidad_responsable,06 Hacienda y Crédito Público,002 Diseño y conducción de la política de gasto público,"420 Dirección General de Programación y Presupuesto ""C""",,420,,,,
09,79.5,64.7,-14.8,-18.7,-22.4,continúa,unidad_responsable,"09 Infraestructura, Comunicaciones y Transportes",001 Actividades de apoyo administrativo,651 Centro SICT Yucatán,,651,,,,
20,51.7,37.3,-14.5,-17.0,-31.3,continúa,unidad_responsable,20 Bienestar,041 Articulación de la Política de Bienestar,213 Dirección General para el Bienestar de las Personas Adultas Mayores,,213,,,,
46,14.4,0.0,-14.4,-15.1,-100.0,desaparece,unidad_responsable,46 Comisión Nacional de Hidrocarburos,001 Promoción y regulación de Hidrocarburos,220 Secretaría Ejecutiva,,220,,,,
12,2146.1,2131.8,-14.4,-117.4,-5.2,continúa,unidad_responsable,12 Salud,001 Actividades de apoyo administrativo,Y00 Comisión Nacional de Salud Mental y Adicciones,,Y00,,,,
09,82.8,68.5,-14.3,-18.3,-21.1,continúa,unidad_responsable,"09 Infraestructura, Comunicaciones y Transportes",001 Actividades de apoyo administrativo,628 Centro SICT Chihuahua,,628,,,,
09,92.8,78.8,-14.1,-18.5,-19.0,continúa,unidad_responsable,"09 Infraestructura, Comunicaciones y Transportes",001 Actividades de apoyo administrativo,637 Centro SICT Morelos,,637,,,,
49,13.9,0.0,-13.9,-14.6,-100.0,desaparece,unidad_responsable,49 Fiscalía General de la República,006 Investigar y perseguir los delitos federales de carácter especial,560 Fiscalía Especial en Investigación de Delitos de Comercio de Narcóticos Destinados al Consumo Final,,560,,,,
12,69.7,56.0,-13.7,-17.1,-23.4,continúa,unidad_responsable,12 Salud,001 Actividades de apoyo administrativo,112 Dirección General de Comunicación Social,,112,,,,
31,213.1,199.5,-13.6,-23.8,-10.7,continúa,unidad_responsable,31 Tribunales Agrarios,053 Resolución de juicios agrarios dotatorios de tierras y los recursos de revisión,100 Tribunal Superior Agrario,,100,,,,
16,13.6,0.0,-13.6,-14.2,-100.0,desaparece,unidad_responsable,16 Medio Ambiente y Recursos Naturales,030 Regulación Socioambiental,612 Dirección General de Fomento y Desempeño Urbano Ambiental,,612,,,,
09,44.7,31.1,-13.6,-15.7,-33.5,continúa,unidad_responsable,"09 Infraestructura, Comunicaciones y Transportes",022 Articulación de la política de comunicaciones y transportes,200 Subsecretaría de Infraestructura,,200,,,,
09,79.1,65.5,-13.5,-17.3,-20.9,continúa,unidad_responsable,"09 Infraestructura, Comunicaciones y Transportes",001 Actividades de apoyo administrativo,626 Centro SICT Colima,,626,,,,
09,80.8,67.5,-13.4,-17.3,-20.4,continúa,unidad_responsable,"09 Infraestructura, Comunicaciones y Transportes",001 Actividades de apoyo administrativo,633 Centro SICT Hidalgo,,633,,,,
09,85.2,72.0,-13.2,-17.3,-19.4,continúa,unidad_responsable,"09 Infraestructura, Comunicaciones y Transportes",001 Actividades de apoyo administrativo,652 Centro SICT Zacatecas,,652,,,,
09,75.1,62.1,-13.0,-16.6,-21.1,continúa,unidad_responsable,"09 Infraestructura, Comunicaciones y Transportes",001 Actividades de apoyo administrativo,638 Centro SICT Nayarit,,638,,,,
13,7690.5,7677.7,-12.8,-381.9,-4.7,continúa,unidad_responsable,13 Marina,015 Operación y desarrollo de los cuerpos de seguridad de las Fuerzas Armadas,121 Unidad de Policía Naval,,121,,,,
11,68.3,55.5,-12.8,-16.1,-22.5,continúa,unidad_responsable,11 Educación Pública,026 Diseño de la Política Educativa y Regulación de los Servicios,110 Dirección General de Comunicación Social,,110,,,,
12,12.8,0.0,-12.8,-13.4,-100.0,desaparece,unidad_responsable,12 Salud,001 Actividades de apoyo administrativo,114 Unidad de Análisis Económico,,114,,,,
43,12.7,0.0,-12.7,-13.3,-100.0,desaparece,unidad_responsable,43 Instituto Federal de Telecomunicaciones,001 Fortalecimiento e innovación institucional para el desarrollo de los sectores de Telecomunicaciones y Radiodifusión,220 Coordinación Ejecutiva,,220,,,,
16,2602.3,2589.7,-12.6,-137.5,-5.0,continúa,unidad_responsable,16 Medio Ambiente y Recursos Naturales,001 Actividades de apoyo a la función pública y buen gobierno,RHQ Comisión Nacional Forestal,,RHQ,,,,
41,12.6,0.0,-12.6,-13.2,-100.0,desaparece,unidad_responsable,41 Comisión Federal de Competencia Económica,006 Prevención y eliminación de prácticas y concentraciones monopólicas y demás restricciones a la competencia y libre concurrencia,220 Dirección General de Mercados Digitales,,220,,,,
27,12.5,0.0,-12.5,-13.1,-100.0,desaparece,unidad_responsable,27 Función Pública,002 Fiscalización a la gestión pública,212 Unidad de Planeación y Fiscalización del Patrimonio Público Federal,,212,,,,
08,55.2,42.7,-12.5,-15.2,-26.2,continúa,unidad_responsable,08 Agricultura y Desarrollo Rural,021 Aplicación de la Política Agropecuaria,117 Coordinación General de Asuntos Internacionales,,117,,,,
16,839.5,827.1,-12.5,-52.8,-6.0,continúa,unidad_responsable,16 Medio Ambiente y Recursos Naturales,001 Actividades de apoyo administrativo,E00 Procuraduría Federal de Protección al Ambiente,,E00,,,,
09,80.3,67.8,-12.5,-16.3,-19.4,continúa,unidad_responsable,"09 Infraestructura, Comunicaciones y Transportes",001 Actividades de apoyo administrativo,630 Centro SICT Durango,,630,,,,
49,26.2,13.8,-12.4,-13.7,-49.8,continúa,unidad_responsable,49 Fiscalía General de la República,008 Representar jurídicamente a la Fiscalía General de la República,111 Unidad de Constitucionalidad,,111,,,,
46,12.2,0.0,-12.2,-12.8,-100.0,desaparece,unidad_responsable,46 Comisión Nacional de Hidrocarburos,001 Promoción y regulación de Hidrocarburos,100 Órgano de Gobierno,,100,,,,
20,283.1,270.9,-12.2,-25.8,-8.7,continúa,unidad_responsable,20 Bienestar,001 Actividades de apoyo administrativo,412 Dirección General de Recursos Humanos,,412,,,,
16,99.0,87.0,-12.0,-16.7,-16.1,continúa,unidad_responsable,16 Medio Ambiente y Recursos Naturales,036 Articulación de la Política Ambiental y de Recursos Naturales,"418 Dirección General de Gestión Forestal, Suelos y Ordenamiento Ecológico",,418,,,,
12,68.6,56.6,-12.0,-15.3,-21.2,continúa,unidad_responsable,12 Salud,001 Actividades de apoyo administrativo,613 Dirección General de Información en Salud,,613,,,,
15,35.5,23.6,-11.9,-13.6,-36.5,continúa,unidad_responsable,"15 Desarrollo Agrario, Territorial y Urbano","034 Política de ordenamiento agrario, territorial y urbano",511 Dirección General de Ordenamiento Territorial y Urbano,,511,,,,
16,11.8,0.0,-11.8,-12.3,-100.0,desaparece,unidad_responsable,16 Medio Ambiente y Recursos Naturales,"002 Planeación, Seguimiento y Evaluación de la Política Ambiental y de Recursos Naturales",119 Coordinación Ejecutiva de Vinculación Institucional,,119,,,,
09,75.0,63.2,-11.8,-15.4,-19.5,continúa,unidad_responsable,"09 Infraestructura, Comunicaciones y Transportes",001 Actividades de apoyo administrativo,649 Centro SICT Tlaxcala,,649,,,,
18,11.7,0.0,-11.7,-12.2,-100.0,desaparece,unidad_responsable,18 Energía,001 Actividades de apoyo administrativo,"413 Unidad de Enlace, Mejora Regulatoria y Programas Transversales",,413,,,,
14,39.3,27.8,-11.5,-13.3,-32.5,continúa,unidad_responsable,14 Trabajo y Previsión Social,001 Actividades de apoyo a la función pública y buen gobierno,PBJ Comisión Nacional de los Salarios Mínimos,,PBJ,,,,
09,74.5,63.2,-11.3,-14.9,-19.1,continúa,unidad_responsable,"09 Infraestructura, Comunicaciones y Transportes",001 Actividades de apoyo administrativo,621 Centro SICT Aguascalientes,,621,,,,
14,68.8,57.8,-11.0,-14.3,-19.9,continúa,unidad_responsable,14 Trabajo y Previsión Social,001 Actividades de apoyo administrativo,512 Dirección General de Recursos Materiales y Servicios Generales,,512,,,,
45,10.9,0.0,-10.9,-11.4,-100.0,desaparece,unidad_responsable,45 Comisión Reguladora de Energía,002 Regulación y permisos de Hidrocarburos,300 Secretaría Ejecutiva,,300,,,,
11,204.6,194.2,-10.4,-20.2,-9.4,continúa,unidad_responsable,11 Educación Pública,001 Actividades de apoyo administrativo,711 Dirección General de Recursos Humanos y Organización,,711,,,,
27,10.2,0.0,-10.2,-10.7,-100.0,desaparece,unidad_responsable,27 Función Pública,002 Fiscalización a la gestión pública,200 Coordinación General de Fiscalización,,200,,,,
13,189.5,179.4,-10.1,-19.2,-9.7,continúa,unidad_responsable,13 Marina,"009 Investigación y desarrollo tecnológico, producción y mantenimiento de equipos navales y sus accesorios",122 Unidad de Investigación y Desarrollo Tecnológico,,122,,,,
11,43.8,33.7,-10.1,-12.2,-26.6,continúa,unidad_responsable,11 Educación Pública,026 Servicios de producción y distribución de libros y materiales culturales,"L8G Educal, S.A. de C.V.",,L8G,,,,
21,53.0,42.9,-10.1,-12.6,-22.7,continúa,unidad_responsable,21 Turismo,025 Fomento y promoción de destinos turísticos,410 Dirección General de Promoción y Asuntos Internacionales,,410,,,,
49,410.5,400.5,-10.0,-29.7,-6.9,continúa,unidad_responsable,49 Fiscalía General de la República,003 Investigar y perseguir los delitos relativos a la Delincuencia Organizada,880 Unidad de Servicios Aéreos,,880,,,,
12,104.2,94.3,-9.9,-14.9,-13.7,continúa,unidad_responsable,12 Salud,001 Actividades de apoyo a la función pública y buen gobierno,M00 Comisión Nacional de Arbitraje Médico,,M00,,,,
41,9.8,0.0,-9.8,-10.3,-100.0,desaparece,unidad_responsable,41 Comisión Federal de Competencia Económica,006 Prevención y eliminación de prácticas y concentraciones monopólicas y demás restricciones a la competencia y libre concurrencia,100 Presidencia de la Comisión Federal de Competencia Económica,,100,,,,
20,29.0,19.7,-9.3,-10.7,-35.3,continúa,unidad_responsable,20 Bienestar,041 Articulación de la Política de Bienestar,132 Delegación de Programas para el Desarrollo Guerrero,,132,,,,
12,84.2,74.9,-9.3,-13.4,-15.1,continúa,unidad_responsable,12 Salud,001 Actividades de apoyo administrativo,511 Dirección General de Tecnologías de la Información,,511,,,,
07,737.1,727.9,-9.2,-44.5,-5.8,continúa,unidad_responsable,07 Defensa Nacional,010 Programa de justicia militar,114 Dirección General de Justicia Militar,,114,,,,
13,91.7,82.6,-9.1,-13.5,-14.0,continúa,unidad_responsable,13 Marina,001 Actividades de apoyo a la función pública y buen gobierno,J4V Fideicomiso Universidad Marítima y Portuaria de México,,J4V,,,,
08,9.1,0.0,-9.1,-9.5,-100.0,desaparece,unidad_responsable,08 Agricultura y Desarrollo Rural,001 Diseño y Aplicación de la Política Agropecuaria,400 Coordinación General de Desarrollo Rural,,400,,,,
11,84.4,75.3,-9.1,-13.1,-14.8,continúa,unidad_responsable,11 Educación Pública,026 Diseño de la Política Educativa y Regulación de los Servicios,"411 Dirección General de Planeación, Programación y Estadística Educativa",,411,,,,
12,82.0,73.1,-8.9,-12.8,-14.9,continúa,unidad_responsable,12 Salud,001 Actividades de apoyo administrativo,111 Unidad General de Asuntos Jurídicos,,111,,,,
15,35.0,26.1,-8.8,-10.5,-28.7,continúa,unidad_responsable,"15 Desarrollo Agrario, Territorial y Urbano",001 Actividades de apoyo administrativo,410 Dirección General de Programación y Presupuesto,,410,,,,
18,8.8,0.0,-8.8,-9.2,-100.0,desaparece,unidad_responsable,18 Energía,003 Coordinación de la política energética en hidrocarburos,515 Dirección General de Normatividad en Hidrocarburos,,515,,,,
09,58.2,49.4,-8.8,-11.6,-19.0,continúa,unidad_responsable,"09 Infraestructura, Comunicaciones y Transportes","005 Investigación, estudios, proyectos y capacitación en materia de transporte",214 Dirección General de Desarrollo Carretero,,214,,,,
08,37.6,29.2,-8.4,-10.2,-25.9,continúa,unidad_responsable,08 Agricultura y Desarrollo Rural,021 Aplicación de la Política Agropecuaria,111 Dirección General de Comunicación Social,,111,,,,
20,25.3,16.9,-8.4,-9.6,-36.2,continúa,unidad_responsable,20 Bienestar,041 Articulación de la Política de Bienestar,141 Delegación de Programas para el Desarrollo Puebla,,141,,,,
08,272.1,263.7,-8.3,-21.4,-7.5,continúa,unidad_responsable,08 Agricultura y Desarrollo Rural,001 Actividades de apoyo a la función pública y buen gobierno,I6L Fideicomiso de Riesgo Compartido,,I6L,,,,
20,34.4,26.1,-8.3,-10.0,-27.7,continúa,unidad_responsable,20 Bienestar,041 Articulación de la Política de Bienestar,127 Delegación de Programas para el Desarrollo Chiapas,,127,,,,
12,67.0,58.7,-8.3,-11.5,-16.4,continúa,unidad_responsable,12 Salud,001 Actividades de apoyo administrativo,300 Subsecretaría de Políticas de Salud y Bienestar Poblacional,,300,,,,
09,34.7,26.7,-7.9,-9.6,-26.5,continúa,unidad_responsable,"09 Infraestructura, Comunicaciones y Transportes",001 Actividades de apoyo administrativo,114 Dirección General de Planeación,,114,,,,
06,138.2,130.3,-7.9,-14.5,-10.0,continúa,unidad_responsable,06 Hacienda y Crédito Público,019 Diseño y aplicación de la política económica,210 Unidad de Crédito Público y Asuntos Internacionales de Hacienda,,210,,,,
14,63.2,55.5,-7.7,-10.8,-16.3,continúa,unidad_responsable,14 Trabajo y Previsión Social,031 Implementación de la política laboral,100 Secretaría,,100,,,,
20,21.6,13.8,-7.7,-8.8,-38.8,continúa,unidad_responsable,20 Bienestar,041 Articulación de la Política de Bienestar,146 Delegación de Programas para el Desarrollo Sonora,,146,,,,
05,478.7,471.1,-7.6,-30.5,-6.1,continúa,unidad_responsable,05 Relaciones Exteriores,001 Actividades de apoyo administrativo,613 Dirección General de Bienes Inmuebles y Recursos Materiales,,613,,,,
10,126.0,118.6,-7.4,-13.5,-10.2,continúa,unidad_responsable,10 Economía,"020 Promoción, regulación e información geológica para el desarrollo de la actividad minera",610 Dirección General de Minas,,610,,,,
14,104.3,96.9,-7.4,-12.4,-11.4,continúa,unidad_responsable,14 Trabajo y Previsión Social,031 Implementación de la política laboral,600 Unidad de Trabajo Digno,,600,,,,
20,24.0,16.6,-7.4,-8.5,-33.9,continúa,unidad_responsable,20 Bienestar,041 Articulación de la Política de Bienestar,135 Delegación de Programas para el Desarrollo México,,135,,,,
14,36.4,29.2,-7.2,-8.9,-23.4,continúa,unidad_responsable,14 Trabajo y Previsión Social,023 Fortalecimiento productivo mediante capacitación y normatividad,610 Dirección General de Capacitación Laboral,,610,,,,
08,7.1,0.0,-7.1,-7.5,-100.0,desaparece,unidad_responsable,08 Agricultura y Desarrollo Rural,001 Diseño y Aplicación de la Política Agropecuaria,212 Dirección General de Organización para la Productividad,,212,,,,
08,6.9,0.0,-6.9,-7.3,-100.0,desaparece,unidad_responsable,08 Agricultura y Desarrollo Rural,001 Diseño y Aplicación de la Política Agropecuaria,315 Dirección General de Valor Agregado y Mercados,,315,,,,
11,70.3,63.5,-6.8,-10.2,-13.8,continúa,unidad_responsable,11 Educación Pública,026 Diseño de la Política Educativa y Regulación de los Servicios,"415 Dirección General de Acreditación, Incorporación y Revalidación",,415,,,,
12,38.8,32.1,-6.8,-8.6,-21.2,continúa,unidad_responsable,12 Salud,001 Actividades de apoyo administrativo,171 Secretariado Técnico del Consejo Nacional de Salud para el Bienestar,,171,,,,
45,6.8,0.0,-6.8,-7.1,-100.0,desaparece,unidad_responsable,45 Comisión Reguladora de Energía,002 Regulación y permisos de Hidrocarburos,220 Unidad de Planeación y Vinculación,,220,,,,
10,130.9,124.1,-6.7,-13.0,-9.5,continúa,unidad_responsable,10 Economía,"023 Negociación, administración y defensa de Tratados y Acuerdos Internacionales de comercio e Inversión",500 Subsecretaría de Comercio Exterior,,500,,,,
11,61.2,54.6,-6.7,-9.6,-15.0,continúa,unidad_responsable,11 Educación Pública,026 Diseño de la Política Educativa y Regulación de los Servicios,113 Dirección General de Profesiones,,113,,,,
21,142.4,135.9,-6.5,-13.4,-9.0,continúa,unidad_responsable,21 Turismo,050 Servicios de conservación y mantenimiento a los CIP's,"W3S FONATUR Infraestructura, S.A. de C.V.",,W3S,,,,
45,6.4,0.0,-6.4,-6.7,-100.0,desaparece,unidad_responsable,45 Comisión Reguladora de Energía,002 Regulación y permisos de Hidrocarburos,200 Presidencia,,200,,,,
11,21.9,15.5,-6.4,-7.4,-32.3,continúa,unidad_responsable,11 Educación Pública,001 Actividades de apoyo administrativo,715 Dirección General del Sistema de Administración de la Nómina Educativa Federalizada,,715,,,,
20,25.8,19.5,-6.3,-7.6,-27.9,continúa,unidad_responsable,20 Bienestar,041 Articulación de la Política de Bienestar,151 Delegación de Programas para el Desarrollo Yucatán,,151,,,,
08,6.2,0.0,-6.2,-6.5,-100.0,desaparece,unidad_responsable,08 Agricultura y Desarrollo Rural,001 Diseño y Aplicación de la Política Agropecuaria,312 Dirección General de Gestión de Riesgos,,312,,,,
08,6.2,0.0,-6.2,-6.5,-100.0,desaparece,unidad_responsable,08 Agricultura y Desarrollo Rural,001 Diseño y Aplicación de la Política Agropecuaria,"314 Dirección General de Políticas, Prospección y Cambio Climático",,314,,,,
08,63.2,57.1,-6.1,-9.2,-13.9,continúa,unidad_responsable,08 Agricultura y Desarrollo Rural,001 Actividades de apoyo a la función pública y buen gobierno,IZI Comisión Nacional de las Zonas Áridas,,IZI,,,,
20,25.9,19.9,-6.0,-7.3,-26.8,continúa,unidad_responsable,20 Bienestar,041 Articulación de la Política de Bienestar,121 Delegación de Programas para el Desarrollo Aguascalientes,,121,,,,
08,5.8,0.0,-5.8,-6.1,-100.0,desaparece,unidad_responsable,08 Agricultura y Desarrollo Rural,001 Diseño y Aplicación de la Política Agropecuaria,411 Dirección General de Integración Económica,,411,,,,
18,5.7,0.0,-5.7,-6.0,-100.0,desaparece,unidad_responsable,18 Energía,003 Coordinación de la política energética en hidrocarburos,520 Unidad de Políticas de Exploración y Extracción de Hidrocarburos,,520,,,,
11,45.4,39.7,-5.7,-7.9,-16.5,continúa,unidad_responsable,11 Educación Pública,001 Actividades de apoyo a la función pública y buen gobierno,MGC Patronato de Obras e Instalaciones del Instituto Politécnico Nacional,,MGC,,,,
08,5.4,0.0,-5.4,-5.7,-100.0,desaparece,unidad_responsable,08 Agricultura y Desarrollo Rural,001 Diseño y Aplicación de la Política Agropecuaria,"108 Dirección General de Supervisión, Evaluación y Rendición de Cuentas",,108,,,,
04,148.5,143.1,-5.4,-12.5,-8.1,continúa,unidad_responsable,04 Gobernación,001 Actividades de apoyo a la función pública y buen gobierno,EZQ Consejo Nacional para Prevenir la Discriminación,,EZQ,,,,
49,115.1,109.7,-5.4,-10.9,-9.0,continúa,unidad_responsable,49 Fiscalía General de la República,002 Investigar y perseguir los delitos del orden federal,261 Unidad de Laboratorios Criminalísticos,,261,,,,
13,630.5,625.1,-5.4,-35.6,-5.4,continúa,unidad_responsable,13 Marina,018 Emplear el Poder Naval de la Federación para salvaguardar la soberanía y seguridad nacionales,118 Unidad de Inteligencia Naval,,118,,,,
08,5.3,0.0,-5.3,-5.6,-100.0,desaparece,unidad_responsable,08 Agricultura y Desarrollo Rural,001 Diseño y Aplicación de la Política Agropecuaria,410 Dirección General de Fortalecimiento a la Agricultura Familiar,,410,,,,
16,58.9,53.6,-5.3,-8.1,-13.1,continúa,unidad_responsable,16 Medio Ambiente y Recursos Naturales,"016 Regulación, gestión y supervisión socioambiental",600 Subsecretaría de Regulación Ambiental,,600,,,,
14,447.6,442.4,-5.2,-26.7,-5.7,continúa,unidad_responsable,14 Trabajo y Previsión Social,041 Servicios de conciliación laboral y registros laborales,PBE Centro Federal de Conciliación y Registro Laboral,,PBE,,,,
08,5.0,0.0,-5.0,-5.3,-100.0,desaparece,unidad_responsable,08 Agricultura y Desarrollo Rural,001 Diseño y Aplicación de la Política Agropecuaria,"413 Dirección General de Investigación, Desarrollo Tecnológico y Extensionismo",,413,,,,
49,53.5,48.5,-5.0,-7.6,-13.5,continúa,unidad_responsable,49 Fiscalía General de la República,001 Actividades de apoyo administrativo,840 Unidad Especializada en el Sistema Institucional de Evaluación de Resultados,,840,,,,
18,4.9,0.0,-4.9,-5.1,-100.0,desaparece,unidad_responsable,18 Energía,001 Conducción de la política energética,115 Dirección General de Coordinación,,115,,,,
15,66.7,61.9,-4.8,-8.0,-11.4,continúa,unidad_responsable,"15 Desarrollo Agrario, Territorial y Urbano","034 Política de ordenamiento agrario, territorial y urbano",120 Dirección General de Coordinación de Oficinas de Representación,,120,,,,
12,23.7,18.9,-4.8,-5.9,-23.8,continúa,unidad_responsable,12 Salud,001 Actividades de apoyo administrativo,614 Dirección General de Evaluación del Desempeño,,614,,,,
08,41.7,37.0,-4.7,-6.7,-15.3,continúa,unidad_responsable,08 Agricultura y Desarrollo Rural,021 Aplicación de la Política Agropecuaria,100 Secretaría,,100,,,,
20,77.5,72.8,-4.6,-8.3,-10.3,continúa,unidad_responsable,20 Bienestar,041 Articulación de la Política de Bienestar,100 Secretaría,,100,,,,
49,24.6,20.0,-4.6,-5.8,-22.4,continúa,unidad_responsable,49 Fiscalía General de la República,002 Investigar y perseguir los delitos del orden federal,310 Fiscalía Especial de Supervisión de Procesos,,310,,,,
20,28.0,23.5,-4.6,-5.9,-20.1,continúa,unidad_responsable,20 Bienestar,041 Articulación de la Política de Bienestar,130 Delegación de Programas para el Desarrollo Durango,,130,,,,
20,20.5,16.0,-4.6,-5.5,-25.8,continúa,unidad_responsable,20 Bienestar,041 Articulación de la Política de Bienestar,122 Delegación de Programas para el Desarrollo Baja California,,122,,,,
49,25.8,21.3,-4.5,-5.7,-21.2,continúa,unidad_responsable,49 Fiscalía General de la República,009 Investigar y perseguir los delitos cometidos en materia de derechos humanos,640 Fiscalía Especial en Investigación del Delito de Tortura,,640,,,,
16,4.5,0.0,-4.5,-4.7,-100.0,desaparece,unidad_responsable,16 Medio Ambiente y Recursos Naturales,"002 Planeación, Seguimiento y Evaluación de la Política Ambiental y de Recursos Naturales",414 Dirección General de Políticas para la Acción Climática,,414,,,,
49,61.3,56.8,-4.5,-7.4,-11.6,continúa,unidad_responsable,49 Fiscalía General de la República,013 Promover la formación profesional y capacitación del capital humano,814 Unidad de Servicio Profesional de Carrera,,814,,,,
46,4.4,0.0,-4.4,-4.6,-100.0,desaparece,unidad_responsable,46 Comisión Nacional de Hidrocarburos,001 Promoción y regulación de Hidrocarburos,200 Presidencia,,200,,,,
04,58.8,54.4,-4.4,-7.2,-11.7,continúa,unidad_responsable,04 Gobernación,002 Servicios migratorios,T00 Coordinación para la Atención Integral de la Migración en la Frontera Sur,,T00,,,,
49,11.4,7.0,-4.4,-4.9,-41.1,continúa,unidad_responsable,49 Fiscalía General de la República,002 Investigar y perseguir los delitos del orden federal,263 Unidad de Especialidades Periciales Documentales,,263,,,,
08,4.2,0.0,-4.2,-4.4,-100.0,desaparece,unidad_responsable,08 Agricultura y Desarrollo Rural,001 Diseño y Aplicación de la Política Agropecuaria,214 Dirección General de la Autosuficiencia Alimentaria,,214,,,,
10,52.4,48.2,-4.2,-6.7,-12.3,continúa,unidad_responsable,10 Economía,"023 Negociación, administración y defensa de Tratados y Acuerdos Internacionales de comercio e Inversión",510 Dirección General de Planeación y Estrategias de Negociación,,510,,,,
14,88.9,84.7,-4.2,-8.5,-9.1,continúa,unidad_responsable,14 Trabajo y Previsión Social,001 Actividades de apoyo administrativo,510 Dirección General de Recursos Humanos,,510,,,,
14,26.8,22.6,-4.2,-5.5,-19.4,continúa,unidad_responsable,14 Trabajo y Previsión Social,031 Implementación de la política laboral,630 Dirección General de Previsión Social,,630,,,,
05,154.2,150.0,-4.2,-11.6,-7.2,continúa,unidad_responsable,05 Relaciones Exteriores,016 Política de promoción y defensa de los intereses de México en el ámbito multilateral,311 Dirección General de Organismos y Mecanismos Regionales Americanos,,311,,,,
48,143.8,139.8,-4.0,-10.9,-7.2,continúa,unidad_responsable,48 Cultura,001 Actividades de apoyo a la función pública y buen gobierno,"MHL Televisión Metropolitana, S.A. de C.V.",,MHL,,,,
10,178.1,174.1,-4.0,-12.5,-6.7,continúa,unidad_responsable,10 Economía,001 Actividades de apoyo a la función pública y buen gobierno,K2H Centro Nacional de Metrología,,K2H,,,,
16,17.6,13.6,-3.9,-4.8,-26.0,continúa,unidad_responsable,16 Medio Ambiente y Recursos Naturales,001 Actividades de apoyo administrativo,500 Unidad de Administración y Finanzas,,500,,,,
10,68.5,64.7,-3.9,-7.2,-10.0,continúa,unidad_responsable,10 Economía,"010 Supervisión, vigilancia y actualización del marco normativo y operativo para las unidades económicas.",192 Dirección General de Normatividad Mercantil,,192,,,,
11,62.2,58.5,-3.7,-6.7,-10.2,continúa,unidad_responsable,11 Educación Pública,026 Diseño de la Política Educativa y Regulación de los Servicios,"111 Unidad de Actualización Normativa, Legalidad y Regulación",,111,,,,
16,60.2,56.5,-3.7,-6.5,-10.4,continúa,unidad_responsable,16 Medio Ambiente y Recursos Naturales,"014 Inspección, vigilancia y regulación del medio ambiente y recursos naturales",417 Dirección General de Vida Silvestre,,417,,,,
20,30.6,27.0,-3.5,-5.0,-15.6,continúa,unidad_responsable,20 Bienestar,041 Articulación de la Política de Bienestar,136 Delegación de Programas para el Desarrollo Michoacán,,136,,,,
15,12.7,9.2,-3.5,-4.1,-31.0,continúa,unidad_responsable,"15 Desarrollo Agrario, Territorial y Urbano","034 Política de ordenamiento agrario, territorial y urbano",113 Dirección General de Planeación y Desarrollo Institucional,,113,,,,
20,16.4,12.9,-3.5,-4.3,-24.8,continúa,unidad_responsable,20 Bienestar,041 Articulación de la Política de Bienestar,145 Delegación de Programas para el Desarrollo Sinaloa,,145,,,,
20,15.3,11.9,-3.4,-4.2,-26.0,continúa,unidad_responsable,20 Bienestar,041 Articulación de la Política de Bienestar,125 Delegación de Programas para el Desarrollo Coahuila,,125,,,,
49,22.0,18.7,-3.3,-4.4,-18.9,continúa,unidad_responsable,49 Fiscalía General de la República,012 Supervisar y vigilar la aplicación del marco legal en la investigación y persecución del delito del orden federal,910 Fiscalía Especial de Delitos cometidos por personas Servidoras Públicas de la Institución,,910,,,,
49,40.1,36.8,-3.3,-5.2,-12.4,continúa,unidad_responsable,49 Fiscalía General de la República,009 Investigar y perseguir los delitos cometidos en materia de derechos humanos,613 Unidad de Servicios a la Comunidad,,613,,,,
32,34.8,31.5,-3.3,-4.9,-13.6,continúa,unidad_responsable,32 Tribunal Federal de Justicia Administrativa,001 Impartición de Justicia Fiscal y Administrativa,"219 Segunda Sala Regional del Noroeste III, con sede en la Ciudad de Culiacán, Estado de Sinaloa",,219,,,,
49,11.7,8.5,-3.1,-3.7,-30.1,continúa,unidad_responsable,49 Fiscalía General de la República,002 Investigar y perseguir los delitos del orden federal,264 Unidad de Especialidades Médico Forenses,,264,,,,
49,12.4,9.3,-3.1,-3.7,-28.3,continúa,unidad_responsable,49 Fiscalía General de la República,002 Investigar y perseguir los delitos del orden federal,265 Unidad de Ingenierías Forenses,,265,,,,
06,92.3,89.3,-3.1,-7.5,-7.7,continúa,unidad_responsable,06 Hacienda y Crédito Público,017 Diseño de la política de ingresos,114 Unidad de Coordinación con Entidades Federativas,,114,,,,
10,64.2,61.2,-3.0,-6.1,-9.0,continúa,unidad_responsable,10 Economía,024 Articulación de las políticas y programas del sector Economía,440 Unidad de Desarrollo Productivo,,440,,,,
06,81.5,78.5,-3.0,-6.9,-8.1,continúa,unidad_responsable,06 Hacienda y Crédito Público,019 Diseño y aplicación de la política económica,100 Secretaría,,100,,,,
11,93.7,90.7,-2.9,-7.4,-7.6,continúa,unidad_responsable,11 Educación Pública,026 Diseño de la Política Educativa y Regulación de los Servicios,100 Secretaría,,100,,,,
49,105.5,102.6,-2.9,-7.9,-7.2,continúa,unidad_responsable,49 Fiscalía General de la República,002 Investigar y perseguir los delitos del orden federal,334 Fiscalía Federal en el Estado de Jalisco,,334,,,,
16,58.7,55.8,-2.9,-5.7,-9.2,continúa,unidad_responsable,16 Medio Ambiente y Recursos Naturales,"016 Regulación, gestión y supervisión socioambiental",617 Dirección General de Impacto y Riesgo Ambiental,,617,,,,
20,20.8,18.0,-2.8,-3.8,-17.6,continúa,unidad_responsable,20 Bienestar,041 Articulación de la Política de Bienestar,133 Delegación de Programas para el Desarrollo Hidalgo,,133,,,,
08,36.2,33.4,-2.8,-4.6,-12.0,continúa,unidad_responsable,08 Agricultura y Desarrollo Rural,001 Actividades de apoyo a la función pública y buen gobierno,"I9H Instituto Nacional para el Desarrollo de Capacidades del Sector Rural, A.C.",,I9H,,,,
48,46.9,44.1,-2.8,-5.0,-10.3,continúa,unidad_responsable,48 Cultura,064 Servicios cinematográficos,L9Y Fideicomiso para la Cineteca Nacional,,L9Y,,,,
14,93.7,91.0,-2.8,-7.3,-7.4,continúa,unidad_responsable,14 Trabajo y Previsión Social,001 Actividades de apoyo administrativo,500 Unidad de Administración y Finanzas,,500,,,,
49,34.7,32.0,-2.7,-4.4,-12.1,continúa,unidad_responsable,49 Fiscalía General de la República,002 Investigar y perseguir los delitos del orden federal,326 Fiscalía Federal en el Estado de Colima,,326,,,,
20,28.7,26.0,-2.7,-4.1,-13.6,continúa,unidad_responsable,20 Bienestar,041 Articulación de la Política de Bienestar,150 Delegación de Programas para el Desarrollo Veracruz,,150,,,,
21,63.6,60.9,-2.7,-5.8,-8.6,continúa,unidad_responsable,21 Turismo,043 Articulación de la política de turismo,100 Secretaría,,100,,,,
12,44.9,42.2,-2.7,-4.9,-10.3,continúa,unidad_responsable,12 Salud,001 Actividades de apoyo administrativo,170 Unidad Coordinadora de Vinculación y Participación Social,,170,,,,
14,32.0,29.3,-2.7,-4.2,-12.6,continúa,unidad_responsable,14 Trabajo y Previsión Social,031 Implementación de la política laboral,300 Subsecretaría de Empleo y Productividad Laboral,,300,,,,
16,26.2,23.5,-2.7,-3.9,-14.3,continúa,unidad_responsable,16 Medio Ambiente y Recursos Naturales,036 Articulación de la Política Ambiental y de Recursos Naturales,100 Secretaría,,100,,,,
20,20.6,18.0,-2.6,-3.6,-16.7,continúa,unidad_responsable,20 Bienestar,041 Articulación de la Política de Bienestar,128 Delegación de Programas para el Desarrollo Chihuahua,,128,,,,
32,59.8,57.2,-2.6,-5.4,-8.7,continúa,unidad_responsable,32 Tribunal Federal de Justicia Administrativa,001 Actividades de apoyo administrativo,410 Dirección General de Recursos Humanos,,410,,,,
06,129.4,126.8,-2.6,-8.8,-6.5,continúa,unidad_responsable,06 Hacienda y Crédito Público,001 Actividades de apoyo administrativo,716 Dirección General de Tecnologías y Seguridad de la Información,,716,,,,
08,2.5,0.0,-2.5,-2.7,-100.0,desaparece,unidad_responsable,08 Agricultura y Desarrollo Rural,001 Diseño y Aplicación de la Política Agropecuaria,109 Dirección General de Normalización Agroalimentaria,,109,,,,
49,73.5,71.0,-2.5,-6.1,-7.9,continúa,unidad_responsable,49 Fiscalía General de la República,002 Investigar y perseguir los delitos del orden federal,327 Fiscalía Federal en el Estado de Chiapas,,327,,,,
21,29.3,26.7,-2.5,-3.9,-12.8,continúa,unidad_responsable,21 Turismo,043 Articulación de la política de turismo,"800 Unidad de Innovación, Sustentabilidad y Profesionalización Turística",,800,,,,
05,58.1,55.7,-2.4,-5.1,-8.5,continúa,unidad_responsable,05 Relaciones Exteriores,005 Atención y servicios integrales de protección y asistencia consular,J00 Instituto de Mexicanas y Mexicanos en el Exterior,,J00,,,,
20,17.3,15.0,-2.3,-3.2,-17.5,continúa,unidad_responsable,20 Bienestar,041 Articulación de la Política de Bienestar,123 Delegación de Programas para el Desarrollo Baja California Sur,,123,,,,
20,21.9,19.6,-2.3,-3.4,-14.7,continúa,unidad_responsable,20 Bienestar,041 Articulación de la Política de Bienestar,140 Delegación de Programas para el Desarrollo Oaxaca,,140,,,,
12,19.2,16.9,-2.3,-3.2,-16.1,continúa,unidad_responsable,12 Salud,027 Rectoría del Sistema Nacional de Salud,600 Subsecretaría de Integración Sectorial y Coordinación de Servicios de Atención Médica,,600,,,,
20,19.1,16.8,-2.3,-3.2,-16.1,continúa,unidad_responsable,20 Bienestar,041 Articulación de la Política de Bienestar,149 Delegación de Programas para el Desarrollo Tlaxcala,,149,,,,
11,57.8,55.5,-2.3,-5.0,-8.3,continúa,unidad_responsable,11 Educación Pública,026 Diseño de la Política Educativa y Regulación de los Servicios,300 Subsecretaría de Educación Básica,,300,,,,
18,2.2,0.0,-2.2,-2.3,-100.0,desaparece,unidad_responsable,18 Energía,002 Coordinación de la política energética en electricidad,318 Dirección General de Seguimiento y Coordinación de la Industria Eléctrica,,318,,,,
11,15.4,13.2,-2.2,-2.9,-18.2,continúa,unidad_responsable,11 Educación Pública,026 Diseño de la Política Educativa y Regulación de los Servicios,412 Dirección General de Coordinación y Desarrollo Sectorial,,412,,,,
20,18.6,16.4,-2.2,-3.1,-15.8,continúa,unidad_responsable,20 Bienestar,041 Articulación de la Política de Bienestar,148 Delegación de Programas para el Desarrollo Tamaulipas,,148,,,,
05,162.1,160.0,-2.1,-9.9,-5.8,continúa,unidad_responsable,05 Relaciones Exteriores,005 Atención y servicios integrales de protección y asistencia consular,151 Dirección General de Protección Consular y Planeación Estratégica,,151,,,,
48,29.1,27.1,-2.1,-3.5,-11.4,continúa,unidad_responsable,48 Cultura,001 Actividades de apoyo administrativo,"L8P Estudios Churubusco Azteca, S.A.",,L8P,,,,
27,22.8,20.8,-2.0,-3.1,-12.8,continúa,unidad_responsable,27 Anticorrupción y Buen Gobierno,045 Política de Buen Gobierno,100 Secretaría,,100,,,,
16,52.2,50.2,-2.0,-4.5,-8.2,continúa,unidad_responsable,16 Medio Ambiente y Recursos Naturales,001 Actividades de apoyo administrativo,511 Dirección General de Programación y Presupuesto,,511,,,,
21,73.1,71.1,-2.0,-5.5,-7.1,continúa,unidad_responsable,21 Turismo,001 Actividades de apoyo administrativo,510 Dirección General de Administración,,510,,,,
12,27.6,25.7,-2.0,-3.3,-11.3,continúa,unidad_responsable,12 Salud,001 Actividades de apoyo administrativo,Q00 Centro Nacional de Trasplantes,,Q00,,,,
20,15.0,13.1,-1.9,-2.6,-16.8,continúa,unidad_responsable,20 Bienestar,041 Articulación de la Política de Bienestar,143 Delegación de Programas para el Desarrollo Quintana Roo,,143,,,,
32,32.2,30.3,-1.9,-3.5,-10.2,continúa,unidad_responsable,32 Tribunal Federal de Justicia Administrativa,001 Impartición de Justicia Fiscal y Administrativa,"304 Segunda Sala Regional del Norte Centro II, con sede en Torreón, Coah.",,304,,,,
14,31.9,30.0,-1.9,-3.4,-10.3,continúa,unidad_responsable,14 Trabajo y Previsión Social,001 Actividades de apoyo administrativo,511 Dirección General de Programación y Presupuesto,,511,,,,
18,1.8,0.0,-1.8,-1.9,-100.0,desaparece,unidad_responsable,18 Energía,001 Conducción de la política energética,116 Dirección General de Relación con Inversionistas y Promoción,,116,,,,
16,48.8,46.9,-1.8,-4.2,-8.2,continúa,unidad_responsable,16 Medio Ambiente y Recursos Naturales,"016 Regulación, gestión y supervisión socioambiental",618 Dirección General de Gestión Integral de Materiales y Actividades Riesgosas,,618,,,,
20,23.9,22.1,-1.7,-2.9,-11.6,continúa,unidad_responsable,20 Bienestar,041 Articulación de la Política de Bienestar,138 Delegación de Programas para el Desarrollo Nayarit,,138,,,,
16,42.8,41.0,-1.7,-3.8,-8.4,continúa,unidad_responsable,16 Medio Ambiente y Recursos Naturales,"016 Regulación, gestión y supervisión socioambiental","615 Dirección General de Industria, Energías Limpias y Gestión de la Calidad del Aire",,615,,,,
06,80.2,78.5,-1.7,-5.5,-6.6,continúa,unidad_responsable,06 Hacienda y Crédito Público,018 Diseño y conducción de la política de gasto público,400 Subsecretaría de Egresos,,400,,,,
06,90.9,89.2,-1.7,-6.0,-6.3,continúa,unidad_responsable,06 Hacienda y Crédito Público,019 Diseño y aplicación de la política económica,200 Subsecretaría de Hacienda y Crédito Público,,200,,,,
49,54.3,52.6,-1.7,-4.3,-7.5,continúa,unidad_responsable,49 Fiscalía General de la República,002 Investigar y perseguir los delitos del orden federal,332 Fiscalía Federal en el Estado de Guerrero,,332,,,,
06,45.0,43.3,-1.7,-3.8,-8.1,continúa,unidad_responsable,06 Hacienda y Crédito Público,006 Servicios de administración de los recursos y valores federales,614 Subtesorería de Planeación Financiera y Administración de la Liquidez,,614,,,,
10,76.5,74.8,-1.6,-5.3,-6.6,continúa,unidad_responsable,10 Economía,021 Atención de trámites y servicios del Ramo Economía en las entidades federativas,532 Dirección General de Coordinación Territorial de los Centros de Fomento Económico para el Bienestar,,532,,,,
16,26.1,24.5,-1.6,-2.9,-10.4,continúa,unidad_responsable,16 Medio Ambiente y Recursos Naturales,036 Articulación de la Política Ambiental y de Recursos Naturales,111 Coordinación General de Comunicación Social,,111,,,,
48,76.5,74.9,-1.6,-5.2,-6.5,continúa,unidad_responsable,48 Cultura,001 Actividades de apoyo a la función pública y buen gobierno,MDB Instituto Nacional de Lenguas Indígenas,,MDB,,,,
20,19.5,18.0,-1.6,-2.5,-12.2,continúa,unidad_responsable,20 Bienestar,041 Articulación de la Política de Bienestar,137 Delegación de Programas para el Desarrollo Morelos,,137,,,,
10,66.1,64.5,-1.6,-4.7,-6.8,continúa,unidad_responsable,10 Economía,024 Articulación de las políticas y programas del sector Economía,"470 Unidad de Prospectiva, Planeación y Evaluación",,470,,,,
14,26.0,24.5,-1.5,-2.7,-10.1,continúa,unidad_responsable,14 Trabajo y Previsión Social,031 Implementación de la política laboral,668 Oficina de Representación Federal del Trabajo en Veracruz,,668,,,,
16,43.4,41.9,-1.5,-3.6,-7.9,continúa,unidad_responsable,16 Medio Ambiente y Recursos Naturales,"016 Regulación, gestión y supervisión socioambiental",616 Dirección General de Zona Federal Marítimo Terrestre y Ambientes Costeros,,616,,,,
16,28.3,26.8,-1.5,-2.8,-9.6,continúa,unidad_responsable,16 Medio Ambiente y Recursos Naturales,036 Articulación de la Política Ambiental y de Recursos Naturales,"116 Unidad Coordinadora de Proyectos Prioritarios, Vinculación Social y Derechos Humanos",,116,,,,
16,14.6,13.2,-1.5,-2.2,-14.1,continúa,unidad_responsable,16 Medio Ambiente y Recursos Naturales,"010 Investigación y capacitación en cambio climático, sustentabilidad y crecimiento Verde",115 Centro de Educación y Capacitación para el Desarrollo Sustentable,,115,,,,
49,48.3,46.9,-1.5,-3.8,-7.4,continúa,unidad_responsable,49 Fiscalía General de la República,002 Investigar y perseguir los delitos del orden federal,337 Fiscalía Federal en el Estado de Morelos,,337,,,,
06,104.3,102.9,-1.4,-6.4,-5.9,continúa,unidad_responsable,06 Hacienda y Crédito Público,"087 Servicios de administración, restauración y difusión del acervo patrimonial y documental de la SHCP",715 Dirección General de la Conservaduría de Palacio Nacional y Patrimonio Cultural,,715,,,,
15,4.0,2.6,-1.4,-1.6,-37.7,continúa,unidad_responsable,"15 Desarrollo Agrario, Territorial y Urbano","034 Política de ordenamiento agrario, territorial y urbano",139 Oficina de Representación en Nuevo León,,139,,,,
15,3.6,2.2,-1.4,-1.6,-41.3,continúa,unidad_responsable,"15 Desarrollo Agrario, Territorial y Urbano","034 Política de ordenamiento agrario, territorial y urbano",130 Oficina de Representación en Durango,,130,,,,
14,30.1,28.8,-1.4,-2.8,-9.0,continúa,unidad_responsable,14 Trabajo y Previsión Social,031 Implementación de la política laboral,653 Oficina de Representación Federal del Trabajo en México,,653,,,,
12,33.4,32.0,-1.4,-3.0,-8.5,continúa,unidad_responsable,12 Salud,001 Actividades de apoyo administrativo,V00 Comisión Nacional de Bioética,,V00,,,,
06,49.7,48.4,-1.4,-3.7,-7.2,continúa,unidad_responsable,06 Hacienda y Crédito Público,020 Asesoría jurídica y representación judicial y administrativa de la SHCP,500 Procuraduría Fiscal de la Federación,,500,,,,
10,231.8,230.4,-1.4,-12.5,-5.1,continúa,unidad_responsable,10 Economía,001 Actividades de apoyo a la función pública y buen gobierno,LAU Servicio Geológico Mexicano,,LAU,,,,
15,6.7,5.3,-1.4,-1.7,-23.9,continúa,unidad_responsable,"15 Desarrollo Agrario, Territorial y Urbano","034 Política de ordenamiento agrario, territorial y urbano",141 Oficina de Representación en Puebla,,141,,,,
15,7.3,6.0,-1.3,-1.7,-22.2,continúa,unidad_responsable,"15 Desarrollo Agrario, Territorial y Urbano","034 Política de ordenamiento agrario, territorial y urbano",146 Oficina de Representación en Sonora,,146,,,,
15,7.3,6.0,-1.3,-1.7,-22.1,continúa,unidad_responsable,"15 Desarrollo Agrario, Territorial y Urbano","034 Política de ordenamiento agrario, territorial y urbano",145 Oficina de Representación en Sinaloa,,145,,,,
10,46.9,45.5,-1.3,-3.6,-7.3,continúa,unidad_responsable,10 Economía,"010 Supervisión, vigilancia y actualización del marco normativo y operativo para las unidades económicas.",191 Dirección General de Normas,,191,,,,
10,23.3,22.0,-1.3,-2.4,-10.0,continúa,unidad_responsable,10 Economía,"020 Promoción, regulación e información geológica para el desarrollo de la actividad minera",611 Dirección General de Desarrollo Minero,,611,,,,
20,21.0,19.7,-1.3,-2.3,-10.5,continúa,unidad_responsable,20 Bienestar,041 Articulación de la Política de Bienestar,147 Delegación de Programas para el Desarrollo Tabasco,,147,,,,
10,103.0,101.7,-1.3,-6.2,-5.8,continúa,unidad_responsable,10 Economía,"025 Política de desarrollo e innovación de los sectores industrial, comercial y de servicios",416 Unidad de Prácticas Comerciales Internacionales,,416,,,,
49,16.9,15.6,-1.3,-2.1,-11.7,continúa,unidad_responsable,49 Fiscalía General de la República,008 Representar jurídicamente a la Fiscalía General de la República,112 Unidad de Normatividad,,112,,,,
49,13.8,12.5,-1.3,-1.9,-13.3,continúa,unidad_responsable,49 Fiscalía General de la República,012 Supervisar y vigilar la aplicación del marco legal en la investigación y persecución del delito del orden federal,901 Unidad de Visita y Evaluación Técnico Jurídica,,901,,,,
10,49.2,48.0,-1.2,-3.6,-7.0,continúa,unidad_responsable,10 Economía,019 Promoción del comercio exterior y atracción de inversión extranjera directa,531 Dirección General de Inversión Extranjera,,531,,,,
15,5.1,3.9,-1.2,-1.5,-27.4,continúa,unidad_responsable,"15 Desarrollo Agrario, Territorial y Urbano","034 Política de ordenamiento agrario, territorial y urbano",132 Oficina de Representación en Guerrero,,132,,,,
08,17.5,16.3,-1.2,-2.1,-11.2,continúa,unidad_responsable,08 Agricultura y Desarrollo Rural,021 Aplicación de la Política Agropecuaria,AFU Comité Nacional para el Desarrollo Sustentable de la Caña de Azúcar,,AFU,,,,
20,18.7,17.5,-1.2,-2.1,-10.8,continúa,unidad_responsable,20 Bienestar,041 Articulación de la Política de Bienestar,126 Delegación de Programas para el Desarrollo Colima,,126,,,,
14,41.7,40.5,-1.2,-3.2,-7.2,continúa,unidad_responsable,14 Trabajo y Previsión Social,031 Implementación de la política laboral,671 Oficina de Representación Federal del Trabajo en la Ciudad de México,,671,,,,
16,41.1,40.0,-1.1,-3.1,-7.2,continúa,unidad_responsable,16 Medio Ambiente y Recursos Naturales,036 Articulación de la Política Ambiental y de Recursos Naturales,112 Unidad Coordinadora de Asuntos Jurídicos,,112,,,,
49,18.5,17.3,-1.1,-2.0,-10.4,continúa,unidad_responsable,49 Fiscalía General de la República,002 Investigar y perseguir los delitos del orden federal,254 Unidad de Investigación Policial,,254,,,,
15,5.6,4.5,-1.1,-1.4,-23.5,continúa,unidad_responsable,"15 Desarrollo Agrario, Territorial y Urbano","034 Política de ordenamiento agrario, territorial y urbano",137 Oficina de Representación en Morelos,,137,,,,
14,10.6,9.5,-1.1,-1.6,-14.5,continúa,unidad_responsable,14 Trabajo y Previsión Social,031 Implementación de la política laboral,161 Dirección General de Políticas Públicas y Órganos de Gobierno,,161,,,,
20,5.0,4.0,-1.1,-1.3,-24.8,continúa,unidad_responsable,20 Bienestar,041 Articulación de la Política de Bienestar,212 Dirección General para el Bienestar de las Personas con Discapacidad,,212,,,,
15,11.7,10.7,-1.1,-1.6,-13.2,continúa,unidad_responsable,"15 Desarrollo Agrario, Territorial y Urbano","034 Política de ordenamiento agrario, territorial y urbano",133 Oficina de Representación en Hidalgo,,133,,,,
15,9.2,8.2,-1.1,-1.5,-15.4,continúa,unidad_responsable,"15 Desarrollo Agrario, Territorial y Urbano","034 Política de ordenamiento agrario, territorial y urbano",514 Dirección General de Ordenamiento Metropolitano y Regional,,514,,,,
15,7.7,6.6,-1.1,-1.4,-17.7,continúa,unidad_responsable,"15 Desarrollo Agrario, Territorial y Urbano","034 Política de ordenamiento agrario, territorial y urbano",151 Oficina de Representación en Yucatán,,151,,,,
15,4.3,3.3,-1.0,-1.2,-27.1,continúa,unidad_responsable,"15 Desarrollo Agrario, Territorial y Urbano","034 Política de ordenamiento agrario, territorial y urbano",128 Oficina de Representación en Chihuahua,,128,,,,
15,3.4,2.4,-1.0,-1.2,-32.4,continúa,unidad_responsable,"15 Desarrollo Agrario, Territorial y Urbano","034 Política de ordenamiento agrario, territorial y urbano",143 Oficina de Representación en Quintana Roo,,143,,,,
15,3.4,2.4,-1.0,-1.1,-32.1,continúa,unidad_responsable,"15 Desarrollo Agrario, Territorial y Urbano","034 Política de ordenamiento agrario, territorial y urbano",138 Oficina de Representación en Nayarit,,138,,,,
15,8.6,7.7,-1.0,-1.4,-15.3,continúa,unidad_responsable,"15 Desarrollo Agrario, Territorial y Urbano","034 Política de ordenamiento agrario, territorial y urbano",136 Oficina de Representación en Michoacán,,136,,,,
20,9.2,8.2,-1.0,-1.4,-14.7,continúa,unidad_responsable,20 Bienestar,041 Articulación de la Política de Bienestar,711 Dirección General de Planeación y Análisis,,711,,,,
21,19.2,18.2,-1.0,-1.9,-9.4,continúa,unidad_responsable,21 Turismo,043 Articulación de la política de turismo,112 Dirección General de Asuntos Jurídicos,,112,,,,
20,13.9,12.9,-1.0,-1.6,-11.2,continúa,unidad_responsable,20 Bienestar,041 Articulación de la Política de Bienestar,144 Delegación de Programas para el Desarrollo San Luis Potosí,,144,,,,
10,75.2,74.3,-1.0,-4.6,-5.8,continúa,unidad_responsable,10 Economía,024 Articulación de las políticas y programas del sector Economía,100 Secretaría,,100,,,,
11,1.0,0.1,-1.0,-1.0,-95.1,continúa,unidad_responsable,11 Educación Pública,026 Diseño de la Política Educativa y Regulación de los Servicios,170 Unidad de Promoción de Equidad y Excelencia Educativa,,170,,,,
36,28.1,27.2,-1.0,-2.3,-7.8,continúa,unidad_responsable,36 Seguridad y Protección Ciudadana,047 Articulación de la política  en materia de seguridad nacional y pública,121 Dirección General de Análisis Criminal,,121,,,,
15,5.1,4.1,-0.9,-1.2,-22.1,continúa,unidad_responsable,"15 Desarrollo Agrario, Territorial y Urbano","034 Política de ordenamiento agrario, territorial y urbano",144 Oficina de Representación en San Luis Potosí,,144,,,,
16,23.8,22.9,-0.9,-2.0,-8.2,continúa,unidad_responsable,16 Medio Ambiente y Recursos Naturales,036 Articulación de la Política Ambiental y de Recursos Naturales,122 Oficina de Representación en Baja California,,122,,,,
36,28.5,27.6,-0.9,-2.3,-7.5,continúa,unidad_responsable,36 Seguridad y Protección Ciudadana,047 Articulación de la política  en materia de seguridad nacional y pública,122 Dirección General de Política Criminal,,122,,,,
11,0.9,0.0,-0.9,-0.9,-99.8,continúa,unidad_responsable,11 Educación Pública,026 Diseño de la Política Educativa y Regulación de los Servicios,"112 Dirección General de Actualización Normativa, Cultura de la Legalidad y Transparencia",,112,,,,
36,51.0,50.1,-0.9,-3.3,-6.2,continúa,unidad_responsable,36 Seguridad y Protección Ciudadana,022 Regulación de los servicios de seguridad privada para coadyuvar a la prevención del delito,223 Dirección General de Seguridad Privada,,223,,,,
32,8.5,7.6,-0.9,-1.3,-14.4,continúa,unidad_responsable,32 Tribunal Federal de Justicia Administrativa,001 Actividades de apoyo administrativo,400 Secretaría Operativa de Administración,,400,,,,
14,15.3,14.4,-0.9,-1.6,-10.0,continúa,unidad_responsable,14 Trabajo y Previsión Social,031 Implementación de la política laboral,657 Oficina de Representación Federal del Trabajo en Nuevo León,,657,,,,
06,41.6,40.7,-0.9,-2.9,-6.6,continúa,unidad_responsable,06 Hacienda y Crédito Público,020 Asesoría jurídica y representación judicial y administrativa de la SHCP,512 Subprocuraduría Fiscal Federal de Asuntos Financieros,,512,,,,
10,30.6,29.7,-0.9,-2.3,-7.3,continúa,unidad_responsable,10 Economía,"025 Política de desarrollo e innovación de los sectores industrial, comercial y de servicios",400 Subsecretaría de Industria y Comercio,,400,,,,
06,26.2,25.3,-0.9,-2.1,-7.7,continúa,unidad_responsable,06 Hacienda y Crédito Público,018 Diseño y conducción de la política de gasto público,418 Unidad de Asuntos Jurídicos de Egresos,,418,,,,
14,14.7,13.8,-0.9,-1.6,-10.1,continúa,unidad_responsable,14 Trabajo y Previsión Social,031 Implementación de la política laboral,650 Oficina de Representación Federal del Trabajo en Guerrero,,650,,,,
15,13.6,12.7,-0.8,-1.5,-10.4,continúa,unidad_responsable,"15 Desarrollo Agrario, Territorial y Urbano","034 Política de ordenamiento agrario, territorial y urbano",140 Oficina de Representación en Oaxaca,,140,,,,
11,0.9,0.1,-0.8,-0.9,-90.6,continúa,unidad_responsable,11 Educación Pública,026 Diseño de la Política Educativa y Regulación de los Servicios,417 Dirección General de Gestión Sectorial y Enlace Interinstitucional,,417,,,,
14,22.0,21.2,-0.8,-1.8,-8.0,continúa,unidad_responsable,14 Trabajo y Previsión Social,031 Implementación de la política laboral,119 Dirección General de Investigación y Estadísticas del Trabajo,,119,,,,
27,0.8,0.0,-0.8,-0.8,-100.0,desaparece,unidad_responsable,27 Función Pública,006 Combate a la impunidad,300 Coordinación General de Combate a la Impunidad,,300,,,,
21,18.9,18.1,-0.8,-1.7,-8.5,continúa,unidad_responsable,21 Turismo,001 Actividades de apoyo administrativo,500 Unidad de Administración y Finanzas,,500,,,,
15,4.7,3.9,-0.8,-1.0,-20.3,continúa,unidad_responsable,"15 Desarrollo Agrario, Territorial y Urbano","034 Política de ordenamiento agrario, territorial y urbano",134 Oficina de Representación en Jalisco,,134,,,,
12,77.6,76.9,-0.8,-4.5,-5.5,continúa,unidad_responsable,12 Salud,001 Actividades de apoyo administrativo,E00 Administración del Patrimonio de la Beneficencia Pública,,E00,,,,
14,21.9,21.2,-0.8,-1.8,-7.9,continúa,unidad_responsable,14 Trabajo y Previsión Social,031 Implementación de la política laboral,644 Oficina de Representación Federal del Trabajo en Coahuila,,644,,,,
14,13.6,12.8,-0.7,-1.4,-9.8,continúa,unidad_responsable,14 Trabajo y Previsión Social,031 Implementación de la política laboral,647 Oficina de Representación Federal del Trabajo en Chihuahua,,647,,,,
14,11.0,10.3,-0.7,-1.3,-10.9,continúa,unidad_responsable,14 Trabajo y Previsión Social,031 Implementación de la política laboral,646 Oficina de Representación Federal del Trabajo en Chiapas,,646,,,,
32,42.2,41.5,-0.7,-2.7,-6.2,continúa,unidad_responsable,32 Tribunal Federal de Justicia Administrativa,001 Impartición de Justicia Fiscal y Administrativa,"120 Sala Regional del Pacífico, con sede en Acapulco, Gro.",,120,,,,
11,0.9,0.2,-0.7,-0.7,-77.3,continúa,unidad_responsable,11 Educación Pública,026 Diseño de la Política Educativa y Regulación de los Servicios,172 Dirección General de Desarrollo Humano Integral,,172,,,,
14,15.2,14.5,-0.7,-1.4,-9.0,continúa,unidad_responsable,14 Trabajo y Previsión Social,031 Implementación de la política laboral,664 Oficina de Representación Federal del Trabajo en Sonora,,664,,,,
16,18.7,18.0,-0.7,-1.6,-8.2,continúa,unidad_responsable,16 Medio Ambiente y Recursos Naturales,"014 Inspección, vigilancia y regulación del medio ambiente y recursos naturales",416 Dirección General de Conservación y Gestión de Mares y Costas,,416,,,,
36,24.1,23.4,-0.7,-1.9,-7.4,continúa,unidad_responsable,36 Seguridad y Protección Ciudadana,047 Articulación de la política  en materia de seguridad nacional y pública,124 Dirección General de Coordinación Estratégica,,124,,,,
16,24.6,23.9,-0.7,-1.9,-7.3,continúa,unidad_responsable,16 Medio Ambiente y Recursos Naturales,001 Actividades de apoyo administrativo,513 Dirección General de Informática y Telecomunicaciones,,513,,,,
08,11.3,10.7,-0.7,-1.2,-10.3,continúa,unidad_responsable,08 Agricultura y Desarrollo Rural,021 Aplicación de la Política Agropecuaria,200 Subsecretaría de Agricultura y Desarrollo Rural,,200,,,,
14,19.2,18.5,-0.7,-1.6,-7.9,continúa,unidad_responsable,14 Trabajo y Previsión Social,031 Implementación de la política laboral,666 Oficina de Representación Federal del Trabajo en Tamaulipas,,666,,,,
36,24.6,24.0,-0.7,-1.8,-7.2,continúa,unidad_responsable,36 Seguridad y Protección Ciudadana,047 Articulación de la política  en materia de seguridad nacional y pública,123 Dirección General de Vinculación Interinstitucional,,123,,,,
16,16.3,15.7,-0.7,-1.4,-8.4,continúa,unidad_responsable,16 Medio Ambiente y Recursos Naturales,"014 Inspección, vigilancia y regulación del medio ambiente y recursos naturales",415 Dirección General de Restauración Ambiental,,415,,,,
14,11.1,10.5,-0.6,-1.1,-9.8,continúa,unidad_responsable,14 Trabajo y Previsión Social,031 Implementación de la política laboral,643 Oficina de Representación Federal del Trabajo en Campeche,,643,,,,
14,8.0,7.3,-0.6,-1.0,-11.9,continúa,unidad_responsable,14 Trabajo y Previsión Social,031 Implementación de la política laboral,645 Oficina de Representación Federal del Trabajo en Colima,,645,,,,
21,10.4,9.8,-0.6,-1.1,-10.1,continúa,unidad_responsable,21 Turismo,043 Articulación de la política de turismo,712 Dirección General de Seguimiento y Evaluación,,712,,,,
15,6.5,5.9,-0.6,-0.9,-13.3,continúa,unidad_responsable,"15 Desarrollo Agrario, Territorial y Urbano","034 Política de ordenamiento agrario, territorial y urbano",150 Oficina de Representación en Veracruz,,150,,,,
14,10.4,9.8,-0.6,-1.1,-10.0,continúa,unidad_responsable,14 Trabajo y Previsión Social,031 Implementación de la política laboral,670 Oficina de Representación Federal del Trabajo en Zacatecas,,670,,,,
14,14.3,13.7,-0.6,-1.3,-8.5,continúa,unidad_responsable,14 Trabajo y Previsión Social,031 Implementación de la política laboral,649 Oficina de Representación Federal del Trabajo en Guanajuato,,649,,,,
15,5.9,5.3,-0.6,-0.9,-14.2,continúa,unidad_responsable,"15 Desarrollo Agrario, Territorial y Urbano","034 Política de ordenamiento agrario, territorial y urbano",147 Oficina de Representación en Tabasco,,147,,,,
14,30.6,30.0,-0.6,-2.1,-6.4,continúa,unidad_responsable,14 Trabajo y Previsión Social,031 Implementación de la política laboral,620 Dirección General de Inspección Federal del Trabajo,,620,,,,
14,14.9,14.3,-0.6,-1.3,-8.4,continúa,unidad_responsable,14 Trabajo y Previsión Social,031 Implementación de la política laboral,641 Oficina de Representación Federal del Trabajo en Baja California,,641,,,,
49,42.5,42.0,-0.6,-2.6,-5.9,continúa,unidad_responsable,49 Fiscalía General de la República,002 Investigar y perseguir los delitos del orden federal,370 Fiscalía Especial de Amparo,,370,,,,
49,33.7,33.1,-0.6,-2.2,-6.2,continúa,unidad_responsable,49 Fiscalía General de la República,002 Investigar y perseguir los delitos del orden federal,351 Fiscalía Federal en el Estado de Yucatán,,351,,,,
14,11.3,10.7,-0.6,-1.1,-9.5,continúa,unidad_responsable,14 Trabajo y Previsión Social,031 Implementación de la política laboral,655 Oficina de Representación Federal del Trabajo en Morelos,,655,,,,
36,19.9,19.4,-0.6,-1.5,-7.3,continúa,unidad_responsable,36 Seguridad y Protección Ciudadana,047 Articulación de la política  en materia de seguridad nacional y pública,133 Dirección General de Transparencia y Archivos,,133,,,,
14,9.9,9.3,-0.6,-1.0,-10.0,continúa,unidad_responsable,14 Trabajo y Previsión Social,031 Implementación de la política laboral,661 Oficina de Representación Federal del Trabajo en Quintana Roo,,661,,,,
15,5.5,4.9,-0.6,-0.8,-14.3,continúa,unidad_responsable,"15 Desarrollo Agrario, Territorial y Urbano","034 Política de ordenamiento agrario, territorial y urbano",123 Oficina de Representación en Baja California Sur,,123,,,,
15,3.0,2.5,-0.6,-0.7,-22.2,continúa,unidad_responsable,"15 Desarrollo Agrario, Territorial y Urbano","034 Política de ordenamiento agrario, territorial y urbano",131 Oficina de Representación en Guanajuato,,131,,,,
14,10.2,9.6,-0.5,-1.0,-9.7,continúa,unidad_responsable,14 Trabajo y Previsión Social,031 Implementación de la política laboral,665 Oficina de Representación Federal del Trabajo en Tabasco,,665,,,,
15,5.2,4.6,-0.5,-0.8,-14.5,continúa,unidad_responsable,"15 Desarrollo Agrario, Territorial y Urbano","034 Política de ordenamiento agrario, territorial y urbano",148 Oficina de Representación en Tamaulipas,,148,,,,
36,27.3,26.8,-0.5,-1.8,-6.4,continúa,unidad_responsable,36 Seguridad y Protección Ciudadana,047 Articulación de la política  en materia de seguridad nacional y pública,182 Dirección General de Coordinación con Entidades Federativas Zona 2,,182,,,,
16,18.2,17.7,-0.5,-1.4,-7.3,continúa,unidad_responsable,16 Medio Ambiente y Recursos Naturales,036 Articulación de la Política Ambiental y de Recursos Naturales,114 Unidad Coordinadora de Oficinas de Representación y Gestión Territorial,,114,,,,
10,27.6,27.1,-0.5,-1.8,-6.3,continúa,unidad_responsable,10 Economía,"020 Promoción, regulación e información geológica para el desarrollo de la actividad minera",600 Unidad de Coordinación de Actividades Extractivas,,600,,,,
14,8.2,7.7,-0.5,-0.9,-10.4,continúa,unidad_responsable,14 Trabajo y Previsión Social,031 Implementación de la política laboral,642 Oficina de Representación Federal del Trabajo en Baja California Sur,,642,,,,
20,25.4,24.9,-0.5,-1.7,-6.5,continúa,unidad_responsable,20 Bienestar,041 Articulación de la Política de Bienestar,210 Dirección General para la Validación de Beneficiarios,,210,,,,
14,15.4,14.9,-0.5,-1.2,-7.7,continúa,unidad_responsable,14 Trabajo y Previsión Social,031 Implementación de la política laboral,663 Oficina de Representación Federal del Trabajo en Sinaloa,,663,,,,
16,22.0,21.5,-0.5,-1.6,-6.7,continúa,unidad_responsable,16 Medio Ambiente y Recursos Naturales,036 Articulación de la Política Ambiental y de Recursos Naturales,127 Oficina de Representación en Chiapas,,127,,,,
14,22.5,22.0,-0.5,-1.6,-6.6,continúa,unidad_responsable,14 Trabajo y Previsión Social,031 Implementación de la política laboral,652 Oficina de Representación Federal del Trabajo en Jalisco,,652,,,,
15,7.8,7.3,-0.5,-0.9,-10.5,continúa,unidad_responsable,"15 Desarrollo Agrario, Territorial y Urbano","034 Política de ordenamiento agrario, territorial y urbano",127 Oficina de Representación en Chiapas,,127,,,,
15,5.7,5.2,-0.5,-0.8,-12.6,continúa,unidad_responsable,"15 Desarrollo Agrario, Territorial y Urbano","034 Política de ordenamiento agrario, territorial y urbano",149 Oficina de Representación en Tlaxcala,,149,,,,
15,4.9,4.5,-0.5,-0.7,-13.8,continúa,unidad_responsable,"15 Desarrollo Agrario, Territorial y Urbano","034 Política de ordenamiento agrario, territorial y urbano",135 Oficina de Representación en el Estado de México,,135,,,,
15,2.3,1.8,-0.5,-0.6,-24.4,continúa,unidad_responsable,"15 Desarrollo Agrario, Territorial y Urbano","034 Política de ordenamiento agrario, territorial y urbano",152 Oficina de Representación en Zacatecas,,152,,,,
36,21.9,21.4,-0.5,-1.5,-6.6,continúa,unidad_responsable,36 Seguridad y Protección Ciudadana,047 Articulación de la política  en materia de seguridad nacional y pública,171 Dirección General de Planeación y Prospectiva,,171,,,,
16,16.0,15.6,-0.5,-1.2,-7.3,continúa,unidad_responsable,16 Medio Ambiente y Recursos Naturales,036 Articulación de la Política Ambiental y de Recursos Naturales,141 Oficina de Representación en Puebla,,141,,,,
14,14.4,13.9,-0.5,-1.1,-7.6,continúa,unidad_responsable,14 Trabajo y Previsión Social,031 Implementación de la política laboral,651 Oficina de Representación Federal del Trabajo en Hidalgo,,651,,,,
36,19.6,19.2,-0.4,-1.4,-6.7,continúa,unidad_responsable,36 Seguridad y Protección Ciudadana,047 Articulación de la política  en materia de seguridad nacional y pública,131 Dirección General de lo Consultivo y Derechos Humanos,,131,,,,
15,3.6,3.1,-0.4,-0.6,-16.3,continúa,unidad_responsable,"15 Desarrollo Agrario, Territorial y Urbano","034 Política de ordenamiento agrario, territorial y urbano",122 Oficina de Representación en Baja California,,122,,,,
16,11.2,10.8,-0.4,-1.0,-8.1,continúa,unidad_responsable,16 Medio Ambiente y Recursos Naturales,036 Articulación de la Política Ambiental y de Recursos Naturales,133 Oficina de Representación en Hidalgo,,133,,,,
49,80.7,80.3,-0.4,-4.3,-5.1,continúa,unidad_responsable,49 Fiscalía General de la República,002 Investigar y perseguir los delitos del orden federal,350 Fiscalía Federal en el Estado de Veracruz de Ignacio de la Llave,,350,,,,
14,13.2,12.8,-0.4,-1.0,-7.5,continúa,unidad_responsable,14 Trabajo y Previsión Social,031 Implementación de la política laboral,660 Oficina de Representación Federal del Trabajo en Querétaro,,660,,,,
49,48.7,48.3,-0.4,-2.7,-5.4,continúa,unidad_responsable,49 Fiscalía General de la República,002 Investigar y perseguir los delitos del orden federal,330 Fiscalía Federal en el Estado de Durango,,330,,,,
05,21.5,21.1,-0.4,-1.4,-6.3,continúa,unidad_responsable,05 Relaciones Exteriores,005 Atención y servicios integrales de protección y asistencia consular,I00 Instituto Matías Romero,,I00,,,,
49,42.5,42.1,-0.4,-2.4,-5.5,continúa,unidad_responsable,49 Fiscalía General de la República,002 Investigar y perseguir los delitos del orden federal,343 Fiscalía Federal en el Estado de Quintana Roo,,343,,,,
49,41.8,41.4,-0.4,-2.4,-5.5,continúa,unidad_responsable,49 Fiscalía General de la República,002 Investigar y perseguir los delitos del orden federal,344 Fiscalía Federal en el Estado de San Luis Potosí,,344,,,,
14,12.7,12.3,-0.4,-1.0,-7.5,continúa,unidad_responsable,14 Trabajo y Previsión Social,031 Implementación de la política laboral,654 Oficina de Representación Federal del Trabajo en Michoacán,,654,,,,
15,5.3,4.9,-0.4,-0.6,-11.4,continúa,unidad_responsable,"15 Desarrollo Agrario, Territorial y Urbano","034 Política de ordenamiento agrario, territorial y urbano",142 Oficina de Representación en Querétaro,,142,,,,
15,4.7,4.4,-0.4,-0.6,-12.1,continúa,unidad_responsable,"15 Desarrollo Agrario, Territorial y Urbano","034 Política de ordenamiento agrario, territorial y urbano",126 Oficina de Representación en Colima,,126,,,,
10,56.3,55.9,-0.4,-3.1,-5.2,continúa,unidad_responsable,10 Economía,001 Actividades de apoyo administrativo,"712 Dirección General de Programación, Presupuesto y Contabilidad",,712,,,,
15,4.5,4.1,-0.4,-0.6,-12.5,continúa,unidad_responsable,"15 Desarrollo Agrario, Territorial y Urbano","034 Política de ordenamiento agrario, territorial y urbano",124 Oficina de Representación en Campeche,,124,,,,
14,9.5,9.2,-0.4,-0.8,-8.2,continúa,unidad_responsable,14 Trabajo y Previsión Social,031 Implementación de la política laboral,648 Oficina de Representación Federal del Trabajo en Durango,,648,,,,
14,10.2,9.8,-0.4,-0.9,-8.0,continúa,unidad_responsable,14 Trabajo y Previsión Social,031 Implementación de la política laboral,667 Oficina de Representación Federal del Trabajo en Tlaxcala,,667,,,,
14,28.3,27.9,-0.4,-1.7,-5.8,continúa,unidad_responsable,14 Trabajo y Previsión Social,031 Implementación de la política laboral,117 Dirección General de Asuntos Jurídicos,,117,,,,
15,4.5,4.1,-0.3,-0.6,-12.1,continúa,unidad_responsable,"15 Desarrollo Agrario, Territorial y Urbano","034 Política de ordenamiento agrario, territorial y urbano",121 Oficina de Representación en Aguascalientes,,121,,,,
21,16.9,16.5,-0.3,-1.2,-6.5,continúa,unidad_responsable,21 Turismo,043 Articulación de la política de turismo,700 Unidad de Información y Política Turística,,700,,,,
14,9.2,8.9,-0.3,-0.8,-8.1,continúa,unidad_responsable,14 Trabajo y Previsión Social,031 Implementación de la política laboral,640 Oficina de Representación Federal del Trabajo en Aguascalientes,,640,,,,
14,11.0,10.6,-0.3,-0.9,-7.5,continúa,unidad_responsable,14 Trabajo y Previsión Social,031 Implementación de la política laboral,658 Oficina de Representación Federal del Trabajo en Oaxaca,,658,,,,
08,0.3,0.0,-0.3,-0.3,-100.0,desaparece,unidad_responsable,08 Agricultura y Desarrollo Rural,001 Diseño y Aplicación de la Política Agropecuaria,612 Dirección General de Operación,,612,,,,
16,16.6,16.3,-0.3,-1.1,-6.5,continúa,unidad_responsable,16 Medio Ambiente y Recursos Naturales,036 Articulación de la Política Ambiental y de Recursos Naturales,125 Oficina de Representación en Coahuila,,125,,,,
20,16.5,16.2,-0.3,-1.1,-6.5,continúa,unidad_responsable,20 Bienestar,041 Articulación de la Política de Bienestar,134 Delegación de Programas para el Desarrollo Jalisco,,134,,,,
16,11.0,10.7,-0.3,-0.8,-7.3,continúa,unidad_responsable,16 Medio Ambiente y Recursos Naturales,"010 Investigación y capacitación en cambio climático, sustentabilidad y crecimiento Verde",131 Oficina de Representación en Guanajuato,,131,,,,
20,21.7,21.4,-0.3,-1.4,-5.9,continúa,unidad_responsable,20 Bienestar,041 Articulación de la Política de Bienestar,152 Delegación de Programas para el Desarrollo Zacatecas,,152,,,,
13,31.1,30.8,-0.3,-1.8,-5.5,continúa,unidad_responsable,13 Marina,023 Programa para el fortalecimiento de derechos humanos e igualdad de género,114 Unidad de Promoción y Protección de los Derechos Humanos,,114,,,,
14,16.7,16.4,-0.3,-1.1,-6.3,continúa,unidad_responsable,14 Trabajo y Previsión Social,031 Implementación de la política laboral,659 Oficina de Representación Federal del Trabajo en Puebla,,659,,,,
21,17.6,17.3,-0.3,-1.1,-6.2,continúa,unidad_responsable,21 Turismo,043 Articulación de la política de turismo,416 Dirección General de Profesionalización y Competitividad Turística,,416,,,,
11,5.6,5.3,-0.3,-0.6,-9.4,continúa,unidad_responsable,11 Educación Pública,026 Diseño de la Política Educativa y Regulación de los Servicios,"413 Dirección General de Concertación, Gestión y Seguimiento de Instrucciones Presidenciales",,413,,,,
16,15.4,15.1,-0.3,-1.0,-6.3,continúa,unidad_responsable,16 Medio Ambiente y Recursos Naturales,036 Articulación de la Política Ambiental y de Recursos Naturales,146 Oficina de Representación en Sonora,,146,,,,
20,15.0,14.8,-0.3,-1.0,-6.3,continúa,unidad_responsable,20 Bienestar,041 Articulación de la Política de Bienestar,139 Delegación de Programas para el Desarrollo Nuevo León,,139,,,,
21,16.4,16.2,-0.3,-1.1,-6.2,continúa,unidad_responsable,21 Turismo,020 Regulación y certificación de estándares de calidad turística,400 Subsecretaría de Turismo,,400,,,,
36,5.2,5.0,-0.3,-0.5,-9.5,continúa,unidad_responsable,36 Seguridad y Protección Ciudadana,047 Articulación de la política  en materia de seguridad nacional y pública,"220 Unidad de Política Policial, Penitenciaria y Seguridad Privada",,220,,,,
16,20.3,20.0,-0.3,-1.2,-5.9,continúa,unidad_responsable,16 Medio Ambiente y Recursos Naturales,036 Articulación de la Política Ambiental y de Recursos Naturales,128 Oficina de Representación en Chihuahua,,128,,,,
15,58.8,58.6,-0.3,-3.1,-5.0,continúa,unidad_responsable,"15 Desarrollo Agrario, Territorial y Urbano",001 Actividades de apoyo administrativo,413 Dirección General de Capital Humano y Desarrollo Organizacional,,413,,,,
36,17.8,17.6,-0.2,-1.1,-5.9,continúa,unidad_responsable,36 Seguridad y Protección Ciudadana,047 Articulación de la política  en materia de seguridad nacional y pública,132 Dirección General de lo Contencioso y Procedimientos Constitucionales,,132,,,,
15,2.1,1.8,-0.2,-0.3,-15.8,continúa,unidad_responsable,"15 Desarrollo Agrario, Territorial y Urbano","034 Política de ordenamiento agrario, territorial y urbano",125 Oficina de Representación en Coahuila,,125,,,,
21,10.1,9.8,-0.2,-0.7,-6.8,continúa,unidad_responsable,21 Turismo,025 Fomento y promoción de destinos turísticos,415 Dirección General de Sustentabilidad Turística,,415,,,,
08,0.2,0.0,-0.2,-0.2,-100.0,desaparece,unidad_responsable,08 Agricultura y Desarrollo Rural,001 Diseño y Aplicación de la Política Agropecuaria,611 Dirección General de Administración de Riesgos de Precios,,611,,,,
49,19.4,19.1,-0.2,-1.1,-5.7,continúa,unidad_responsable,49 Fiscalía General de la República,009 Investigar y perseguir los delitos cometidos en materia de derechos humanos,630 Fiscalía Especial para la Atención de Delitos Cometidos Contra la Libertad de Expresión,,630,,,,
21,12.7,12.5,-0.2,-0.8,-6.1,continúa,unidad_responsable,21 Turismo,020 Regulación y certificación de estándares de calidad turística,412 Dirección General de Certificación Turística,,412,,,,
20,18.5,18.3,-0.2,-1.1,-5.6,continúa,unidad_responsable,20 Bienestar,041 Articulación de la Política de Bienestar,124 Delegación de Programas para el Desarrollo Campeche,,124,,,,
05,15.4,15.2,-0.2,-0.9,-5.8,continúa,unidad_responsable,05 Relaciones Exteriores,015 Articulación de la política exterior,141 Dirección General de Diplomacia Cultural,,141,,,,
06,45.2,45.0,-0.2,-2.4,-5.0,continúa,unidad_responsable,06 Hacienda y Crédito Público,001 Regulación del sector financiero,"214 Unidad de Seguros, Pensiones y Seguridad Social",,214,,,,
16,23.3,23.1,-0.2,-1.3,-5.3,continúa,unidad_responsable,16 Medio Ambiente y Recursos Naturales,036 Articulación de la Política Ambiental y de Recursos Naturales,140 Oficina de Representación en Oaxaca,,140,,,,
21,22.5,22.3,-0.2,-1.3,-5.3,continúa,unidad_responsable,21 Turismo,001 Actividades de apoyo administrativo,512 Dirección General de Programación y Presupuesto,,512,,,,
14,9.3,9.2,-0.2,-0.6,-6.3,continúa,unidad_responsable,14 Trabajo y Previsión Social,031 Implementación de la política laboral,656 Oficina de Representación Federal del Trabajo en Nayarit,,656,,,,
14,10.2,10.1,-0.2,-0.6,-6.0,continúa,unidad_responsable,14 Trabajo y Previsión Social,031 Implementación de la política laboral,669 Oficina de Representación Federal del Trabajo en Yucatán,,669,,,,
21,15.7,15.6,-0.1,-0.9,-5.5,continúa,unidad_responsable,21 Turismo,020 Regulación y certificación de estándares de calidad turística,414 Dirección General de Normalización y Verificación,,414,,,,
16,12.0,11.9,-0.1,-0.7,-5.7,continúa,unidad_responsable,16 Medio Ambiente y Recursos Naturales,036 Articulación de la Política Ambiental y de Recursos Naturales,152 Oficina de Representación en Zacatecas,,152,,,,
16,13.6,13.5,-0.1,-0.8,-5.6,continúa,unidad_responsable,16 Medio Ambiente y Recursos Naturales,036 Articulación de la Política Ambiental y de Recursos Naturales,137 Oficina de Representación en Morelos,,137,,,,
16,11.8,11.7,-0.1,-0.7,-5.7,continúa,unidad_responsable,16 Medio Ambiente y Recursos Naturales,036 Articulación de la Política Ambiental y de Recursos Naturales,149 Oficina de Representación en Tlaxcala,,149,,,,
49,21.0,20.8,-0.1,-1.1,-5.2,continúa,unidad_responsable,49 Fiscalía General de la República,002 Investigar y perseguir los delitos del orden federal,259 Unidad de Operaciones Especiales,,259,,,,
11,7.7,7.6,-0.1,-0.5,-6.1,continúa,unidad_responsable,11 Educación Pública,027 Servicios de atención al deporte,G00 Comisión de Apelación y Arbitraje del Deporte,,G00,,,,
49,29.2,29.1,-0.1,-1.5,-5.0,continúa,unidad_responsable,49 Fiscalía General de la República,002 Investigar y perseguir los delitos del orden federal,320 Unidad Especializada en el Sistema de Coordinación Regional,,320,,,,
21,15.2,15.1,-0.1,-0.8,-5.3,continúa,unidad_responsable,21 Turismo,043 Articulación de la política de turismo,711 Dirección General de Integración de Información Sectorial,,711,,,,
16,19.0,18.9,-0.1,-1.0,-5.1,continúa,unidad_responsable,16 Medio Ambiente y Recursos Naturales,036 Articulación de la Política Ambiental y de Recursos Naturales,145 Oficina de Representación en Sinaloa,,145,,,,
10,10.5,10.4,-0.1,-0.6,-5.5,continúa,unidad_responsable,10 Economía,"023 Negociación, administración y defensa de Tratados y Acuerdos Internacionales de comercio e Inversión","514 Dirección General de Seguimiento, Administración y Supervisión del Cumplimiento de Tratados Comerciales",,514,,,,
06,114.5,114.4,-0.1,-5.6,-4.7,continúa,unidad_responsable,06 Hacienda y Crédito Público,020 Asesoría jurídica y representación judicial y administrativa de la SHCP,511 Subprocuraduría Fiscal Federal de Amparos,,511,,,,
16,21.5,21.4,-0.1,-1.1,-5.0,continúa,unidad_responsable,16 Medio Ambiente y Recursos Naturales,036 Articulación de la Política Ambiental y de Recursos Naturales,124 Oficina de Representación en Campeche,,124,,,,
16,13.3,13.2,-0.1,-0.7,-5.2,continúa,unidad_responsable,16 Medio Ambiente y Recursos Naturales,036 Articulación de la Política Ambiental y de Recursos Naturales,121 Oficina de Representación en Aguascalientes,,121,,,,
10,85.8,85.7,-0.1,-4.2,-4.7,continúa,unidad_responsable,10 Economía,019 Promoción del comercio exterior y atracción de inversión extranjera directa,530 Unidad de Inteligencia Económica Global,,530,,,,
08,25.5,25.5,-0.1,-1.3,-4.9,continúa,unidad_responsable,08 Agricultura y Desarrollo Rural,001 Actividades de apoyo administrativo,500 Unidad de Administración y Finanzas,,500,,,,
49,10.0,9.9,-0.1,-0.6,-5.3,continúa,unidad_responsable,49 Fiscalía General de la República,002 Investigar y perseguir los delitos del orden federal,257 Unidad de Asuntos Policiales Internacionales e INTERPOL,,257,,,,
21,19.8,19.7,-0.1,-1.0,-4.9,continúa,unidad_responsable,21 Turismo,025 Fomento y promoción de destinos turísticos,413 Dirección General de Desarrollo Regional y Fomento Turístico,,413,,,,
21,13.6,13.5,-0.1,-0.7,-5.1,continúa,unidad_responsable,21 Turismo,025 Fomento y promoción de destinos turísticos,811 Dirección General de Gestión Social de Destinos,,811,,,,
08,0.1,0.0,-0.1,-0.1,-100.0,desaparece,unidad_responsable,08 Agricultura y Desarrollo Rural,001 Diseño y Aplicación de la Política Agropecuaria,610 Dirección General de Comercialización,,610,,,,
14,12.4,12.3,-0.1,-0.7,-5.1,continúa,unidad_responsable,14 Trabajo y Previsión Social,031 Implementación de la política laboral,662 Oficina de Representación Federal del Trabajo en San Luis Potosí,,662,,,,
08,0.1,0.0,-0.1,-0.1,-100.0,desaparece,unidad_responsable,08 Agricultura y Desarrollo Rural,001 Diseño y Aplicación de la Política Agropecuaria,711 Dirección General de Sustentabilidad de Tierras de Uso Ganadero,,711,,,,
21,8.5,8.5,-0.1,-0.5,-5.3,continúa,unidad_responsable,21 Turismo,025 Fomento y promoción de destinos turísticos,411 Dirección General de Inversión Turística,,411,,,,
21,12.0,12.0,-0.1,-0.6,-5.1,continúa,unidad_responsable,21 Turismo,043 Articulación de la política de turismo,710 Dirección General de Planeación,,710,,,,
15,32.0,31.9,-0.1,-1.6,-4.7,continúa,unidad_responsable,"15 Desarrollo Agrario, Territorial y Urbano","034 Política de ordenamiento agrario, territorial y urbano",512 Dirección General de Infraestructura y Equipamiento,,512,,,,
05,11.5,11.4,-0.1,-0.6,-5.0,continúa,unidad_responsable,05 Relaciones Exteriores,001 Actividades de apoyo administrativo,617 Dirección General de Coordinación Interinstitucional,,617,,,,
36,15.5,15.5,-0.0,-0.8,-4.9,continúa,unidad_responsable,36 Seguridad y Protección Ciudadana,047 Articulación de la política  en materia de seguridad nacional y pública,172 Dirección General de Integración y Evaluación Institucional,,172,,,,
21,15.9,15.9,-0.0,-0.8,-4.8,continúa,unidad_responsable,21 Turismo,025 Fomento y promoción de destinos turísticos,810 Dirección General de Innovación del Producto Turístico,,810,,,,
21,14.2,14.1,-0.0,-0.7,-4.9,continúa,unidad_responsable,21 Turismo,001 Actividades de apoyo administrativo,513 Dirección General de Tecnologías de la Información y Comunicación,,513,,,,
15,0.0,0.0,-0.0,-0.0,-100.0,desaparece,unidad_responsable,"15 Desarrollo Agrario, Territorial y Urbano",005 Política de Desarrollo Urbano y Ordenamiento del Territorio,212 Dirección General de Ordenamiento Territorial,,212,,,,
16,14.6,14.6,-0.0,-0.7,-4.8,continúa,unidad_responsable,16 Medio Ambiente y Recursos Naturales,036 Articulación de la Política Ambiental y de Recursos Naturales,142 Oficina de Representación en Querétaro,,142,,,,
13,38.0,37.9,-0.0,-1.8,-4.6,continúa,unidad_responsable,13 Marina,030 Articulación de Políticas y Programas del Sector Marítimo y Portuario,400 Coordinación General de Puertos y Marina Mercante,,400,,,,
16,20.1,20.1,-0.0,-1.0,-4.7,continúa,unidad_responsable,16 Medio Ambiente y Recursos Naturales,036 Articulación de la Política Ambiental y de Recursos Naturales,138 Oficina de Representación en Nayarit,,138,,,,
16,15.1,15.1,-0.0,-0.7,-4.7,continúa,unidad_responsable,16 Medio Ambiente y Recursos Naturales,036 Articulación de la Política Ambiental y de Recursos Naturales,144 Oficina de Representación en San Luis Potosí,,144,,,,
08,0.0,0.0,-0.0,-0.0,-100.0,desaparece,unidad_responsable,08 Agricultura y Desarrollo Rural,001 Diseño y Aplicación de la Política Agropecuaria,710 Dirección General de Repoblamiento Ganadero,,710,,,,
16,13.2,13.2,-0.0,-0.6,-4.6,continúa,unidad_responsable,16 Medio Ambiente y Recursos Naturales,036 Articulación de la Política Ambiental y de Recursos Naturales,147 Oficina de Representación en Tabasco,,147,,,,
49,4.7,4.6,-0.0,-0.2,-4.7,continúa,unidad_responsable,49 Fiscalía General de la República,009 Investigar y perseguir los delitos cometidos en materia de derechos humanos,650 Fiscalía Especial de Investigación de Delitos relacionados con Personas Migrantes y Refugiadas,,650,,,,
49,33.1,33.1,-0.0,-1.6,-4.6,continúa,unidad_responsable,49 Fiscalía General de la República,002 Investigar y perseguir los delitos del orden federal,352 Fiscalía Federal en el Estado de Zacatecas,,352,,,,
10,9.7,9.7,-0.0,-0.5,-4.6,continúa,unidad_responsable,10 Economía,"010 Supervisión, vigilancia y actualización del marco normativo y operativo para las unidades económicas.","190 Unidad de Normatividad, Competitividad y Competencia",,190,,,,
47,399.4,399.4,-0.0,-19.2,-4.6,continúa,unidad_responsable,47 Entidades no Sectorizadas,001 Actividades de apoyo a la función pública y buen gobierno,AYN Comisión Nacional para la Mejora Continua de la Educación,,AYN,,,,
49,205.6,205.6,-0.0,-9.9,-4.6,continúa,unidad_responsable,49 Fiscalía General de la República,"011 Investigar, perseguir y prevenir delitos del orden electoral",700 Fiscalía Especializada en materia de Delitos Electorales,,700,,,,
49,37.1,37.1,-0.0,-1.8,-4.6,continúa,unidad_responsable,49 Fiscalía General de la República,006 Investigar y perseguir los delitos federales de carácter especial y en asuntos internacionales,572 Unidad de Procedimientos Internacionales,,572,,,,
49,12.2,12.2,-0.0,-0.6,-4.6,continúa,unidad_responsable,49 Fiscalía General de la República,003 Investigar y perseguir los delitos relativos a la Delincuencia Organizada,416 Unidad de Control de Procesos en Delincuencia Organizada,,416,,,,
49,19.4,19.4,-0.0,-0.9,-4.6,continúa,unidad_responsable,49 Fiscalía General de la República,003 Investigar y perseguir los delitos relativos a la Delincuencia Organizada,"430 Fiscalía Especial en Investigación de Terrorismo, Acopio y Tráfico de Armas",,430,,,,
49,47.6,47.6,0.0,-2.3,-4.6,continúa,unidad_responsable,49 Fiscalía General de la República,003 Investigar y perseguir los delitos relativos a la Delincuencia Organizada,420 Fiscalía Especial en Investigación de Delitos contra la Salud,,420,,,,
49,19.5,19.5,0.0,-0.9,-4.6,continúa,unidad_responsable,49 Fiscalía General de la República,003 Investigar y perseguir los delitos relativos a la Delincuencia Organizada,"460 Fiscalía Especial en Investigación de Tráfico de Menores, Personas y Órganos, y Contra la Biodiversidad",,460,,,,
01,9602.7,9602.7,0.0,-460.9,-4.6,continúa,unidad_responsable,01 Poder Legislativo,001 Actividades derivadas del trabajo legislativo,100 H. Cámara de Diputados,,100,,,,
49,35.8,35.8,0.0,-1.7,-4.6,continúa,unidad_responsable,49 Fiscalía General de la República,006 Investigar y perseguir los delitos federales de carácter especial y en asuntos internacionales,540 Fiscalía Especial en Investigación de Delitos Cometidos por personas Servidoras Públicas y Contra la Administración de Justicia,,540,,,,
49,27.7,27.7,0.0,-1.3,-4.6,continúa,unidad_responsable,49 Fiscalía General de la República,003 Investigar y perseguir los delitos relativos a la Delincuencia Organizada,450 Fiscalía Especial en Investigación de Delitos en materia de Secuestro,,450,,,,
49,60.9,60.9,0.0,-2.9,-4.6,continúa,unidad_responsable,49 Fiscalía General de la República,003 Investigar y perseguir los delitos relativos a la Delincuencia Organizada,"440 Fiscalía Especial en Investigación de Operaciones con Recursos de Procedencia Ilícita, Falsificación y Alteración de Moneda y Fiscales",,440,,,,
49,30.7,30.7,0.0,-1.5,-4.6,continúa,unidad_responsable,49 Fiscalía General de la República,006 Investigar y perseguir los delitos federales de carácter especial y en asuntos internacionales,550 Fiscalía Especial en Investigación de Delitos contra los Derechos de Autor y la Propiedad Industrial,,550,,,,
49,123.7,123.7,0.0,-5.9,-4.6,continúa,unidad_responsable,49 Fiscalía General de la República,006 Investigar y perseguir los delitos federales de carácter especial y en asuntos internacionales,570 Fiscalía Especial para Asuntos Internacionales,,570,,,,
49,19.4,19.4,0.0,-0.9,-4.6,continúa,unidad_responsable,49 Fiscalía General de la República,006 Investigar y perseguir los delitos federales de carácter especial y en asuntos internacionales,530 Fiscalía Especial en Investigación de Delitos contra el Ambiente y Previstos en Leyes Especiales,,530,,,,
49,650.6,650.6,0.0,-31.2,-4.6,continúa,unidad_responsable,49 Fiscalía General de la República,003 Investigar y perseguir los delitos relativos a la Delincuencia Organizada,400 Fiscalía Especializada en materia de Delincuencia Organizada,,400,,,,
47,253.8,253.8,0.0,-12.2,-4.6,continúa,unidad_responsable,47 Entidades no Sectorizadas,053 Política en materia de gestión documental,EZN Archivo General de la Nación,,EZN,,,,
49,15.0,15.0,0.0,-0.7,-4.6,continúa,unidad_responsable,49 Fiscalía General de la República,003 Investigar y perseguir los delitos relativos a la Delincuencia Organizada,"470 Fiscalía Especial en Investigación de Delitos en materia de Hidrocarburos, Derechos de Autor, Asalto y Robo de Vehículos",,470,,,,
49,55.7,55.7,0.0,-2.7,-4.6,continúa,unidad_responsable,49 Fiscalía General de la República,006 Investigar y perseguir los delitos federales de carácter especial y en asuntos internacionales,571 Unidad de Cooperación Internacional,,571,,,,
10,2.5,2.5,0.0,-0.1,-4.4,continúa,unidad_responsable,10 Economía,"025 Política de desarrollo e innovación de los sectores industrial, comercial y de servicios",540 Unidad de Fomento y Crecimiento Económico,,540,,,,
49,55.8,55.8,0.0,-2.7,-4.6,continúa,unidad_responsable,49 Fiscalía General de la República,002 Investigar y perseguir los delitos del orden federal,325 Fiscalía Federal en el Estado de Coahuila de Zaragoza,,325,,,,
20,18.5,18.5,0.0,-0.9,-4.5,continúa,unidad_responsable,20 Bienestar,041 Articulación de la Política de Bienestar,142 Delegación de Programas para el Desarrollo Querétaro,,142,,,,
02,0.4,0.4,0.0,0.0,0.3,continúa,unidad_responsable,02 Oficina de la Presidencia de la República,"002 Asesoría, coordinación, difusión y apoyo técnico de las actividades de la Presidencia de la República",138 Subjefatura de la Oficina de la Presidencia,,138,,,,
06,44.5,44.5,0.0,-2.1,-4.5,continúa,unidad_responsable,06 Hacienda y Crédito Público,006 Servicios de administración de los recursos y valores federales,613 Dirección General de Asuntos Jurídicos,,613,,,,
02,0.2,0.2,0.0,0.0,4.1,continúa,unidad_responsable,02 Oficina de la Presidencia de la República,"002 Asesoría, coordinación, difusión y apoyo técnico de las actividades de la Presidencia de la República",139 Subjefatura de Asuntos Internacionales e Interlocución con Sectores Productivos,,139,,,,
13,30.1,30.1,0.0,-1.4,-4.5,continúa,unidad_responsable,13 Marina,"037 Servicios de impulso al turismo de bajo impacto ambiental del ""Centro Turístico Islas Marías""","N9W Turística Integral Islas Marías, S.A. de C.V.",,N9W,,,,
08,22.4,22.4,0.0,-1.0,-4.5,continúa,unidad_responsable,08 Agricultura y Desarrollo Rural,021 Aplicación de la Política Agropecuaria,112 Dirección General de Enlace Legislativo,,112,,,,
36,38.2,38.2,0.0,-1.8,-4.5,continúa,unidad_responsable,36 Seguridad y Protección Ciudadana,047 Articulación de la política  en materia de seguridad nacional y pública,181 Dirección General de Coordinación con Entidades Federativas Zona 1,,181,,,,
49,33.6,33.6,0.0,-1.6,-4.5,continúa,unidad_responsable,49 Fiscalía General de la República,012 Supervisar y vigilar la aplicación del marco legal en la investigación y persecución del delito del orden federal,"920 Fiscalía Especial de Reacción Inmediata, Inspección y Determinación",,920,,,,
06,57.2,57.3,0.0,-2.7,-4.5,continúa,unidad_responsable,06 Hacienda y Crédito Público,018 Diseño y conducción de la política de gasto público,410 Unidad de Inversiones,,410,,,,
15,4.2,4.3,0.0,-0.2,-3.9,continúa,unidad_responsable,"15 Desarrollo Agrario, Territorial y Urbano","034 Política de ordenamiento agrario, territorial y urbano",129 Oficina de Representación en la Ciudad de México,,129,,,,
16,31.6,31.6,0.0,-1.5,-4.5,continúa,unidad_responsable,16 Medio Ambiente y Recursos Naturales,"010 Investigación y capacitación en cambio climático, sustentabilidad y crecimiento Verde",136 Oficina de Representación en Michoacán,,136,,,,
02,0.3,0.3,0.0,0.0,6.2,continúa,unidad_responsable,02 Oficina de la Presidencia de la República,"002 Asesoría, coordinación, difusión y apoyo técnico de las actividades de la Presidencia de la República",114 Subjefatura de Innovación y Análisis,,114,,,,
15,8.0,8.1,0.0,-0.3,-4.1,continúa,unidad_responsable,"15 Desarrollo Agrario, Territorial y Urbano","034 Política de ordenamiento agrario, territorial y urbano",513 Dirección General de Política Territorial y Movilidad,,513,,,,
02,0.3,0.4,0.0,0.0,7.1,continúa,unidad_responsable,02 Oficina de la Presidencia de la República,"002 Asesoría, coordinación, difusión y apoyo técnico de las actividades de la Presidencia de la República",129 Jefatura de la Oficina de la Presidencia,,129,,,,
15,40.2,40.3,0.0,-1.9,-4.5,continúa,unidad_responsable,"15 Desarrollo Agrario, Territorial y Urbano","034 Política de ordenamiento agrario, territorial y urbano",100 Secretaría,,100,,,,
49,69.2,69.3,0.0,-3.3,-4.5,continúa,unidad_responsable,49 Fiscalía General de la República,002 Investigar y perseguir los delitos del orden federal,336 Fiscalía Federal en el Estado de Michoacán de Ocampo,,336,,,,
49,129.1,129.1,0.1,-6.1,-4.5,continúa,unidad_responsable,49 Fiscalía General de la República,009 Investigar y perseguir los delitos cometidos en materia de derechos humanos,100 Oficina del Fiscal General,,100,,,,
16,20.0,20.0,0.1,-0.9,-4.3,continúa,unidad_responsable,16 Medio Ambiente y Recursos Naturales,036 Articulación de la Política Ambiental y de Recursos Naturales,143 Oficina de Representación en Quintana Roo,,143,,,,
21,9.1,9.1,0.1,-0.4,-3.9,continúa,unidad_responsable,21 Turismo,043 Articulación de la política de turismo,812 Dirección General de Política Turística,,812,,,,
36,5.0,5.1,0.1,-0.2,-3.3,continúa,unidad_responsable,36 Seguridad y Protección Ciudadana,047 Articulación de la política  en materia de seguridad nacional y pública,120 Unidad de Análisis Estratégicos y Vinculación Interinstitucional,,120,,,,
20,24.3,24.4,0.1,-1.1,-4.3,continúa,unidad_responsable,20 Bienestar,041 Articulación de la Política de Bienestar,110 Dirección General de Comunicación Social,,110,,,,
49,28.7,28.8,0.1,-1.3,-4.3,continúa,unidad_responsable,49 Fiscalía General de la República,002 Investigar y perseguir los delitos del orden federal,321 Fiscalía Federal en el Estado de Aguascalientes,,321,,,,
16,18.0,18.1,0.1,-0.8,-4.2,continúa,unidad_responsable,16 Medio Ambiente y Recursos Naturales,036 Articulación de la Política Ambiental y de Recursos Naturales,151 Oficina de Representación en Yucatán,,151,,,,
16,13.9,13.9,0.1,-0.6,-4.0,continúa,unidad_responsable,16 Medio Ambiente y Recursos Naturales,036 Articulación de la Política Ambiental y de Recursos Naturales,126 Oficina de Representación en Colima,,126,,,,
10,49.7,49.8,0.1,-2.3,-4.4,continúa,unidad_responsable,10 Economía,001 Actividades de apoyo administrativo,713 Dirección General de Tecnologías de la Información,,713,,,,
10,16.6,16.7,0.1,-0.7,-4.0,continúa,unidad_responsable,10 Economía,"023 Negociación, administración y defensa de Tratados y Acuerdos Internacionales de comercio e Inversión",520 Unidad de Negociaciones Comerciales Internacionales,,520,,,,
06,50.9,51.0,0.1,-2.3,-4.4,continúa,unidad_responsable,06 Hacienda y Crédito Público,001 Regulación del sector financiero,212 Unidad de Banca de Desarrollo,,212,,,,
04,3.3,3.4,0.1,-0.0,-1.1,continúa,unidad_responsable,04 Gobernación,005 Planeación y conducción de la Política Interior,216 Unidad de Política Interior y Análisis de Información,,216,,,,
49,37.5,37.6,0.1,-1.7,-4.2,continúa,unidad_responsable,49 Fiscalía General de la República,006 Investigar y perseguir los delitos federales de carácter especial y en asuntos internacionales,510 Fiscalía Especial en Investigación de Asuntos Relevantes,,510,,,,
10,17.9,18.1,0.1,-0.7,-3.8,continúa,unidad_responsable,10 Economía,"025 Política de desarrollo e innovación de los sectores industrial, comercial y de servicios",423 Dirección General de Competitividad y Competencia,,423,,,,
10,8.8,8.9,0.2,-0.3,-2.9,continúa,unidad_responsable,10 Economía,"023 Negociación, administración y defensa de Tratados y Acuerdos Internacionales de comercio e Inversión",521 Dirección General de Comercio Internacional de Servicios e Inversión,,521,,,,
32,32.0,32.2,0.2,-1.4,-4.1,continúa,unidad_responsable,32 Tribunal Federal de Justicia Administrativa,001 Impartición de Justicia Fiscal y Administrativa,"208 Tercera Sala Especializada en Materia de Comercio Exterior y Quinta Sala Auxiliar, con Sede en la Cd. de Xalapa, Edo. de Veracruz",,208,,,,
49,46.5,46.6,0.2,-2.1,-4.3,continúa,unidad_responsable,49 Fiscalía General de la República,006 Investigar y perseguir los delitos federales de carácter especial y en asuntos internacionales,520 Fiscalía Especial en Investigación de Delitos Fiscales y del Sistema Financiero,,520,,,,
15,12.6,12.8,0.2,-0.4,-3.4,continúa,unidad_responsable,"15 Desarrollo Agrario, Territorial y Urbano",001 Actividades de apoyo administrativo,400 Unidad de Administración y Finanzas,,400,,,,
16,18.5,18.6,0.2,-0.7,-3.7,continúa,unidad_responsable,16 Medio Ambiente y Recursos Naturales,036 Articulación de la Política Ambiental y de Recursos Naturales,123 Oficina de Representación en Baja California Sur,,123,,,,
06,55.4,55.6,0.2,-2.5,-4.3,continúa,unidad_responsable,06 Hacienda y Crédito Público,020 Asesoría jurídica y representación judicial y administrativa de la SHCP,510 Subprocuraduría Fiscal Federal de Legislación y Consulta,,510,,,,
06,39.0,39.2,0.2,-1.7,-4.1,continúa,unidad_responsable,06 Hacienda y Crédito Público,018 Diseño y conducción de la política de gasto público,419 Unidad de Política y Estrategia para Resultados,,419,,,,
16,27.5,27.7,0.2,-1.1,-3.9,continúa,unidad_responsable,16 Medio Ambiente y Recursos Naturales,036 Articulación de la Política Ambiental y de Recursos Naturales,135 Oficina de Representación en México,,135,,,,
08,0.0,0.2,0.2,0.2,inf,aparece,unidad_responsable,08 Agricultura y Desarrollo Rural,021 Aplicación de la Política Agropecuaria,231 Dirección General de Precios y Ordenamiento Comercial,,231,,,,
10,14.9,15.1,0.2,-0.5,-3.3,continúa,unidad_responsable,10 Economía,"023 Negociación, administración y defensa de Tratados y Acuerdos Internacionales de comercio e Inversión",522 Dirección General de Disciplinas de Comercio Internacional,,522,,,,
16,13.4,13.6,0.2,-0.4,-3.1,continúa,unidad_responsable,16 Medio Ambiente y Recursos Naturales,036 Articulación de la Política Ambiental y de Recursos Naturales,139 Oficina de Representación en Nuevo León,,139,,,,
04,7.4,7.6,0.2,-0.1,-1.8,continúa,unidad_responsable,04 Gobernación,013 Articulación de la política para la consolidación del sistema de justicia penal y la reconciliación social,921 Dirección General para el Fortalecimiento de los Tribunales Superiores y las Procuradurías Estatales,,921,,,,
04,7.4,7.6,0.2,-0.1,-1.8,continúa,unidad_responsable,04 Gobernación,013 Articulación de la política para la consolidación del sistema de justicia penal y la reconciliación social,922 Dirección General para la Reconciliación y Justicia,,922,,,,
04,6.4,6.7,0.2,-0.1,-1.4,continúa,unidad_responsable,04 Gobernación,057 Defensa jurídica de la Secretaría de Gobernación y compilación jurídica nacional y testamentaria ciudadana,133 Dirección General de Procedimientos Constitucionales,,133,,,,
02,2.0,2.2,0.2,0.1,6.2,continúa,unidad_responsable,02 Oficina de la Presidencia de la República,"002 Asesoría, coordinación, difusión y apoyo técnico de las actividades de la Presidencia de la República",142 Coordinación General de Programas para el Desarrollo,,142,,,,
04,6.7,6.9,0.2,-0.1,-1.3,continúa,unidad_responsable,04 Gobernación,"009 Conducción a la política del Gobierno Federal para la democracia participativa, religiosa y fomento a la construcción de paz",542 Dirección General de Prevención Social y la Reconstrucción del Tejido Social,,542,,,,
05,46.4,46.6,0.2,-2.0,-4.1,continúa,unidad_responsable,05 Relaciones Exteriores,015 Articulación de la política exterior,412 Dirección General para Asia-Pacífico,,412,,,,
35,4.9,5.2,0.2,0.0,0.1,continúa,unidad_responsable,35 Comisión Nacional de los Derechos Humanos,002 Actividades relacionadas a la Igualdad de Género Institucional.,126 Unidad Técnica para la Igualdad de Género,,126,,,,
32,30.8,31.1,0.2,-1.2,-3.8,continúa,unidad_responsable,32 Tribunal Federal de Justicia Administrativa,001 Impartición de Justicia Fiscal y Administrativa,"207 Segunda Sala Regional de Oriente, con sede en el municipio de San Andrés Cholula, Estado de Puebla",,207,,,,
04,7.0,7.2,0.2,-0.1,-1.3,continúa,unidad_responsable,04 Gobernación,"009 Conducción a la política del Gobierno Federal para la democracia participativa, religiosa y fomento a la construcción de paz",516 Dirección General de Vinculación con Organizaciones de la Sociedad Civil y Desarrollo Democrático,,516,,,,
04,7.0,7.2,0.2,-0.1,-1.3,continúa,unidad_responsable,04 Gobernación,"009 Conducción a la política del Gobierno Federal para la democracia participativa, religiosa y fomento a la construcción de paz",521 Dirección General de Participación y Consultas,,521,,,,
04,6.9,7.2,0.2,-0.1,-1.2,continúa,unidad_responsable,04 Gobernación,"009 Conducción a la política del Gobierno Federal para la democracia participativa, religiosa y fomento a la construcción de paz","522 Dirección General de Capacitación, Cultura y Construcción de Ciudadanía",,522,,,,
36,4.2,4.4,0.2,0.0,1.1,continúa,unidad_responsable,36 Seguridad y Protección Ciudadana,048 Plataforma México,"210 Unidad de Información, Infraestructura Informática y Vinculación Tecnológica",,210,,,,
04,7.2,7.4,0.3,-0.1,-1.2,continúa,unidad_responsable,04 Gobernación,"009 Conducción a la política del Gobierno Federal para la democracia participativa, religiosa y fomento a la construcción de paz","515 Dirección General de Fomento Cívico, Identidad Nacional y Vinculación Democrática",,515,,,,
05,73.9,74.1,0.3,-3.3,-4.2,continúa,unidad_responsable,05 Relaciones Exteriores,015 Articulación de la política exterior,111 Dirección General de Protocolo,,111,,,,
05,4.3,4.5,0.3,0.1,1.2,continúa,unidad_responsable,05 Relaciones Exteriores,015 Articulación de la política exterior,131 Dirección General de Prospectiva,,131,,,,
06,36.5,36.8,0.3,-1.5,-3.9,continúa,unidad_responsable,06 Hacienda y Crédito Público,001 Actividades de apoyo administrativo,700 Unidad de Administración y Finanzas,,700,,,,
05,4.6,4.8,0.3,0.1,1.2,continúa,unidad_responsable,05 Relaciones Exteriores,015 Articulación de la política exterior,142 Dirección General de Diplomacia Turística,,142,,,,
04,8.6,8.9,0.3,-0.1,-1.4,continúa,unidad_responsable,04 Gobernación,"009 Conducción a la política del Gobierno Federal para la democracia participativa, religiosa y fomento a la construcción de paz","540 Unidad de Asuntos Religiosos, Prevención Social y la Reconstrucción del Tejido Social",,540,,,,
05,4.4,4.6,0.3,0.1,1.8,continúa,unidad_responsable,05 Relaciones Exteriores,016 Política de promoción y defensa de los intereses de México en el ámbito multilateral,814 Dirección General de Impulso Económico Global,,814,,,,
05,4.3,4.6,0.3,0.1,1.9,continúa,unidad_responsable,05 Relaciones Exteriores,015 Articulación de la política exterior,313 Dirección General para América del Sur,,313,,,,
10,27.3,27.6,0.3,-1.0,-3.6,continúa,unidad_responsable,10 Economía,"025 Política de desarrollo e innovación de los sectores industrial, comercial y de servicios",415 Dirección General de Industrias Pesadas y de Alta Tecnología,,415,,,,
05,4.7,5.0,0.3,0.1,1.3,continúa,unidad_responsable,05 Relaciones Exteriores,015 Articulación de la política exterior,140 Dirección Ejecutiva de Diplomacia Cultural y Turística,,140,,,,
04,9.9,10.2,0.3,-0.2,-1.7,continúa,unidad_responsable,04 Gobernación,008 Articulación de la política para el fortalecimiento de las instituciones democráticas,232 Dirección General de Estudios Legislativos,,232,,,,
04,8.7,9.0,0.3,-0.1,-1.3,continúa,unidad_responsable,04 Gobernación,"009 Conducción a la política del Gobierno Federal para la democracia participativa, religiosa y fomento a la construcción de paz","520 Unidad de Participación Social, Consultas y Construcción de Ciudadanía",,520,,,,
16,26.1,26.4,0.3,-1.0,-3.5,continúa,unidad_responsable,16 Medio Ambiente y Recursos Naturales,036 Articulación de la Política Ambiental y de Recursos Naturales,134 Oficina de Representación en Jalisco,,134,,,,
10,18.3,18.6,0.3,-0.6,-3.0,continúa,unidad_responsable,10 Economía,"025 Política de desarrollo e innovación de los sectores industrial, comercial y de servicios",432 Dirección General de Contenido Nacional y Fomento en el Sector Energético,,432,,,,
18,26.8,27.1,0.3,-1.0,-3.5,continúa,unidad_responsable,18 Energía,001 Actividades de apoyo administrativo,411 Dirección General de Programación y Presupuesto,,411,,,,
10,29.0,29.3,0.3,-1.1,-3.6,continúa,unidad_responsable,10 Economía,"025 Política de desarrollo e innovación de los sectores industrial, comercial y de servicios",412 Dirección General de Industrias Ligeras,,412,,,,
16,28.5,28.8,0.3,-1.1,-3.5,continúa,unidad_responsable,16 Medio Ambiente y Recursos Naturales,036 Articulación de la Política Ambiental y de Recursos Naturales,130 Oficina de Representación en Durango,,130,,,,
36,6.2,6.5,0.3,0.0,0.3,continúa,unidad_responsable,36 Seguridad y Protección Ciudadana,047 Articulación de la política  en materia de seguridad nacional y pública,180 Unidad de Políticas y Estrategias para la Construcción de Paz con Entidades Federativas y Regiones,,180,,,,
06,99.0,99.3,0.3,-4.4,-4.3,continúa,unidad_responsable,06 Hacienda y Crédito Público,019 Diseño y aplicación de la política económica,211 Unidad de Planeación Económica de la Hacienda Pública,,211,,,,
35,7.0,7.3,0.3,-0.0,-0.2,continúa,unidad_responsable,35 Comisión Nacional de los Derechos Humanos,001 Actividades de apoyo administrativo,112 Coordinación General de Administración y Finanzas,,112,,,,
10,17.4,17.8,0.3,-0.5,-2.8,continúa,unidad_responsable,10 Economía,"023 Negociación, administración y defensa de Tratados y Acuerdos Internacionales de comercio e Inversión",515 Dirección General de Acceso a Mercados de Bienes,,515,,,,
05,4.7,5.0,0.3,0.1,2.0,continúa,unidad_responsable,05 Relaciones Exteriores,015 Articulación de la política exterior,130 Dirección Ejecutiva de Estrategia y Diplomacia Pública,,130,,,,
54,0.0,0.3,0.3,0.3,inf,aparece,unidad_responsable,54 Mujeres,059 Política de fortalecimiento de la Igualdad Sustantiva entre Mujeres y Hombres,110 Unidad de Asuntos Jurídicos,,110,,,,
04,9.9,10.2,0.3,-0.1,-1.4,continúa,unidad_responsable,04 Gobernación,057 Defensa jurídica de la Secretaría de Gobernación y compilación jurídica nacional y testamentaria ciudadana,132 Dirección General de lo Contencioso,,132,,,,
10,84.1,84.5,0.3,-3.7,-4.2,continúa,unidad_responsable,10 Economía,001 Actividades de apoyo administrativo,711 Dirección General de Recursos Materiales y Archivo,,711,,,,
04,11.0,11.3,0.3,-0.2,-1.5,continúa,unidad_responsable,04 Gobernación,"009 Conducción a la política del Gobierno Federal para la democracia participativa, religiosa y fomento a la construcción de paz","500 Subsecretaría de Construcción de Paz, Participación Social y Asuntos Religiosos",,500,,,,
04,12.5,12.8,0.4,-0.2,-1.8,continúa,unidad_responsable,04 Gobernación,013 Articulación de la política para la consolidación del sistema de justicia penal y la reconciliación social,920 Unidad de Apoyo al Sistema de Justicia,,920,,,,
49,38.4,38.8,0.4,-1.5,-3.6,continúa,unidad_responsable,49 Fiscalía General de la República,002 Investigar y perseguir los delitos del orden federal,324 Fiscalía Federal en el Estado de Campeche,,324,,,,
37,30.5,30.9,0.4,-1.1,-3.4,continúa,unidad_responsable,37 Consejería Jurídica del Ejecutivo Federal,050 Política en materia de asesoramiento jurídico a la Presidenta de la Republica y al Gobierno Federal,100 Consejería Jurídica del Ejecutivo Federal,,100,,,,
04,13.2,13.6,0.4,-0.3,-1.8,continúa,unidad_responsable,04 Gobernación,005 Planeación y conducción de la Política Interior,901 Comisión para el Diálogo con los Pueblos Indígenas de México,,901,,,,
04,11.5,11.9,0.4,-0.2,-1.4,continúa,unidad_responsable,04 Gobernación,006 Articulación de la política en materia de comunicación social del Gobierno de México,272 Dirección General de Normatividad de Comunicación,,272,,,,
13,99.9,100.3,0.4,-4.4,-4.2,continúa,unidad_responsable,13 Marina,001 Actividades de apoyo a la función pública y buen gobierno,AYH Corredor Interoceánico del Istmo de Tehuantepec,,AYH,,,,
04,11.8,12.2,0.4,-0.2,-1.4,continúa,unidad_responsable,04 Gobernación,005 Planeación y conducción de la Política Interior,212 Unidad para la Atención de las Organizaciones Sociales,,212,,,,
06,59.1,59.5,0.4,-2.4,-3.9,continúa,unidad_responsable,06 Hacienda y Crédito Público,001 Regulación del sector financiero,"213 Unidad de Banca, Valores y Ahorro",,213,,,,
04,11.7,12.1,0.4,-0.1,-1.2,continúa,unidad_responsable,04 Gobernación,005 Planeación y conducción de la Política Interior,217 Dirección General de Análisis y Prospectiva para la Política Interior,,217,,,,
36,4.8,5.2,0.4,0.2,4.0,continúa,unidad_responsable,36 Seguridad y Protección Ciudadana,047 Articulación de la política  en materia de seguridad nacional y pública,130 Unidad General de Asuntos Jurídicos y Transparencia,,130,,,,
11,62.0,62.4,0.5,-2.5,-3.9,continúa,unidad_responsable,11 Educación Pública,001 Actividades de apoyo a la función pública y buen gobierno,L9T Fideicomiso de los Sistemas Normalizado de Competencia Laboral y de Certificación de Competencia Laboral,,L9T,,,,
37,40.7,41.1,0.5,-1.5,-3.5,continúa,unidad_responsable,37 Consejería Jurídica del Ejecutivo Federal,050 Política en materia de asesoramiento jurídico a la Presidenta de la Republica y al Gobierno Federal,114 Consejería Adjunta de Control Constitucional y de lo Contencioso,,114,,,,
27,50.5,50.9,0.5,-2.0,-3.7,continúa,unidad_responsable,27 Anticorrupción y Buen Gobierno,044 Política anticorrupción,411 Dirección General de Planeación,,411,,,,
04,14.0,14.5,0.5,-0.2,-1.4,continúa,unidad_responsable,04 Gobernación,006 Articulación de la política en materia de comunicación social del Gobierno de México,273 Dirección General de Medios Impresos,,273,,,,
36,14.9,15.4,0.5,-0.2,-1.5,continúa,unidad_responsable,36 Seguridad y Protección Ciudadana,047 Articulación de la política  en materia de seguridad nacional y pública,151 Dirección General de Planeación Estratégica para la Prevención,,151,,,,
36,21.9,22.4,0.5,-0.6,-2.5,continúa,unidad_responsable,36 Seguridad y Protección Ciudadana,047 Articulación de la política  en materia de seguridad nacional y pública,152 Dirección General de Implementación y Evaluación de Políticas para la Prevención,,152,,,,
13,44.9,45.4,0.5,-1.7,-3.5,continúa,unidad_responsable,13 Marina,030 Articulación de Políticas y Programas del Sector Marítimo y Portuario,412 Dirección General de Marina Mercante,,412,,,,
13,13.8,14.3,0.5,-0.2,-1.2,continúa,unidad_responsable,13 Marina,001 Fortalecimiento de las capacidades de auxilio a la población civil mediante el Plan Marina,123 Unidad Naval de Protección Civil,,123,,,,
10,31.4,31.9,0.5,-1.0,-3.1,continúa,unidad_responsable,10 Economía,001 Actividades de apoyo administrativo,700 Unidad de Administración y Finanzas,,700,,,,
13,13.3,13.8,0.5,-0.1,-1.1,continúa,unidad_responsable,13 Marina,018 Emplear el Poder Naval de la Federación para salvaguardar la soberanía y seguridad nacionales,112 Junta Naval,,112,,,,
48,34.8,35.3,0.5,-1.2,-3.2,continúa,unidad_responsable,48 Cultura,001 Actividades de apoyo administrativo,J00 Instituto Nacional de Estudios Históricos de las Revoluciones de México,,J00,,,,
05,10.7,11.2,0.5,0.0,0.1,continúa,unidad_responsable,05 Relaciones Exteriores,016 Política de promoción y defensa de los intereses de México en el ámbito multilateral,813 Dirección General de Vinculación con las Organizaciones de la Sociedad Civil,,813,,,,
36,17.4,17.9,0.5,-0.3,-1.7,continúa,unidad_responsable,36 Seguridad y Protección Ciudadana,005 Coordinación del Sistema Nacional de Protección Civil y prevención de amenazas y desastres derivadas de alertas de riesgos,"163 Dirección General de Vinculación, Innovación y Normativa en Protección Civil",,163,,,,
10,14.5,15.0,0.5,-0.2,-1.0,continúa,unidad_responsable,10 Economía,024 Articulación de las políticas y programas del sector Economía,534 Dirección General de Financiamiento y Apoyo,,534,,,,
16,39.9,40.5,0.5,-1.4,-3.3,continúa,unidad_responsable,16 Medio Ambiente y Recursos Naturales,036 Articulación de la Política Ambiental y de Recursos Naturales,150 Oficina de Representación en Veracruz,,150,,,,
16,24.9,25.5,0.6,-0.6,-2.4,continúa,unidad_responsable,16 Medio Ambiente y Recursos Naturales,036 Articulación de la Política Ambiental y de Recursos Naturales,148 Oficina de Representación en Tamaulipas,,148,,,,
13,13.9,14.4,0.6,-0.1,-0.6,continúa,unidad_responsable,13 Marina,036 Servicios de operación de infraestructura marítimo-portuaria,"J2I Administración del Sistema Portuario Nacional Acapulco, S.A. de C.V.",,J2I,,,,
49,36.9,37.5,0.6,-1.2,-3.1,continúa,unidad_responsable,49 Fiscalía General de la República,002 Investigar y perseguir los delitos del orden federal,323 Fiscalía Federal en el Estado de Baja California Sur,,323,,,,
04,18.4,19.0,0.6,-0.3,-1.6,continúa,unidad_responsable,04 Gobernación,008 Articulación de la política para el fortalecimiento de las instituciones democráticas,231 Dirección General de Información Legislativa,,231,,,,
36,10.5,11.1,0.6,0.1,0.8,continúa,unidad_responsable,36 Seguridad y Protección Ciudadana,047 Articulación de la política  en materia de seguridad nacional y pública,200 Subsecretaría de Inteligencia e Investigación Policial,,200,,,,
32,33.9,34.5,0.6,-1.0,-2.9,continúa,unidad_responsable,32 Tribunal Federal de Justicia Administrativa,001 Impartición de Justicia Fiscal y Administrativa,"225 Sala Regional del Centro IV, con sede en la Ciudad de Silao de la Victoria, Estado de Guanajuato",,225,,,,
27,57.2,57.8,0.6,-2.1,-3.6,continúa,unidad_responsable,27 Anticorrupción y Buen Gobierno,044 Política anticorrupción,510 Dirección General de Seguimiento Patrimonial,,510,,,,
32,35.7,36.4,0.6,-1.1,-3.0,continúa,unidad_responsable,32 Tribunal Federal de Justicia Administrativa,001 Impartición de Justicia Fiscal y Administrativa,"122 Sala Regional del Pacífico-Centro, con sede en la ciudad de Morelia, Estado de Michoacán",,122,,,,
04,17.7,18.3,0.6,-0.2,-1.3,continúa,unidad_responsable,04 Gobernación,"009 Conducción a la política del Gobierno Federal para la democracia participativa, religiosa y fomento a la construcción de paz",541 Dirección General de Asuntos Religiosos,,541,,,,
49,45.4,46.0,0.6,-1.6,-3.3,continúa,unidad_responsable,49 Fiscalía General de la República,002 Investigar y perseguir los delitos del orden federal,347 Fiscalía Federal en el Estado de Tabasco,,347,,,,
32,35.9,36.5,0.6,-1.1,-2.9,continúa,unidad_responsable,32 Tribunal Federal de Justicia Administrativa,001 Impartición de Justicia Fiscal y Administrativa,"301 Sala Regional del Golfo, con sede en Jalapa, Ver.",,301,,,,
32,20.5,21.1,0.6,-0.3,-1.6,continúa,unidad_responsable,32 Tribunal Federal de Justicia Administrativa,001 Impartición de Justicia Fiscal y Administrativa,"311 Tercera Sala Regional de Oriente, con sede en el municipio de San Andrés Cholula, Estado de Puebla",,311,,,,
13,17.3,18.0,0.6,-0.2,-1.0,continúa,unidad_responsable,13 Marina,018 Emplear el Poder Naval de la Federación para salvaguardar la soberanía y seguridad nacionales,111 Junta de Almirantes,,111,,,,
15,33.4,34.0,0.7,-0.9,-2.7,continúa,unidad_responsable,"15 Desarrollo Agrario, Territorial y Urbano","034 Política de ordenamiento agrario, territorial y urbano","500 Subsecretaría de Ordenamiento Territorial, Urbano y Vivienda",,500,,,,
04,20.5,21.1,0.7,-0.3,-1.5,continúa,unidad_responsable,04 Gobernación,057 Defensa jurídica de la Secretaría de Gobernación y compilación jurídica nacional y testamentaria ciudadana,131 Dirección General de lo Consultivo y de Contratos y Convenios,,131,,,,
05,7.1,7.8,0.7,0.3,4.5,continúa,unidad_responsable,05 Relaciones Exteriores,015 Articulación de la política exterior,152 Dirección General de Asuntos Especiales,,152,,,,
36,14.2,14.9,0.7,0.0,0.0,continúa,unidad_responsable,36 Seguridad y Protección Ciudadana,005 Coordinación del Sistema Nacional de Protección Civil y prevención de amenazas y desastres derivadas de alertas de riesgos,162 Dirección General para la Gestión de Riesgos,,162,,,,
20,18.4,19.1,0.7,-0.2,-1.0,continúa,unidad_responsable,20 Bienestar,041 Articulación de la Política de Bienestar,131 Delegación de Programas para el Desarrollo Guanajuato,,131,,,,
49,57.1,57.8,0.7,-2.0,-3.4,continúa,unidad_responsable,49 Fiscalía General de la República,002 Investigar y perseguir los delitos del orden federal,340 Fiscalía Federal en el Estado de Oaxaca,,340,,,,
15,40.4,41.1,0.7,-1.2,-2.9,continúa,unidad_responsable,"15 Desarrollo Agrario, Territorial y Urbano","034 Política de ordenamiento agrario, territorial y urbano",210 Dirección General de Terrenos Nacionales,,210,,,,
32,32.2,32.9,0.7,-0.8,-2.5,continúa,unidad_responsable,32 Tribunal Federal de Justicia Administrativa,001 Impartición de Justicia Fiscal y Administrativa,"215 Sala Regional de Tabasco, con sede en la Ciudad de Villahermosa, Estado de Tabasco",,215,,,,
35,13.8,14.5,0.7,0.0,0.3,continúa,unidad_responsable,35 Comisión Nacional de los Derechos Humanos,024 Atender asuntos relativos a la aplicación del Mecanismo Independiente de Monitoreo Nacional de la Convención sobre los Derechos de las Personas con Discapacidad,127 Dirección Ejecutiva del Mecanismo Independiente de Monitoreo Nacional de la Convención sobre los Derechos de las Personas con Discapacidad,,127,,,,
49,30.0,30.7,0.7,-0.7,-2.3,continúa,unidad_responsable,49 Fiscalía General de la República,002 Investigar y perseguir los delitos del orden federal,380 Fiscalía Especial de Investigación y Litigación de Casos Complejos,,380,,,,
37,20.4,21.1,0.7,-0.3,-1.2,continúa,unidad_responsable,37 Consejería Jurídica del Ejecutivo Federal,050 Política en materia de asesoramiento jurídico a la Presidenta de la Republica y al Gobierno Federal,112 Consejería Adjunta de Consulta y Estudios Constitucionales,,112,,,,
32,33.3,34.0,0.7,-0.9,-2.5,continúa,unidad_responsable,32 Tribunal Federal de Justicia Administrativa,001 Impartición de Justicia Fiscal y Administrativa,"211 Sala Regional del Norte-Centro IV, con sede en la Ciudad de Zacatecas, Estado de Zacatecas",,211,,,,
36,11.6,12.4,0.7,0.2,1.6,continúa,unidad_responsable,36 Seguridad y Protección Ciudadana,047 Articulación de la política  en materia de seguridad nacional y pública,111 Dirección General de Comunicación Social,,111,,,,
04,25.1,25.9,0.8,-0.4,-1.6,continúa,unidad_responsable,04 Gobernación,005 Planeación y conducción de la Política Interior,"223 Dirección General de Registro, Seguimiento y Administración del Territorio Insular",,223,,,,
04,25.1,25.9,0.8,-0.4,-1.5,continúa,unidad_responsable,04 Gobernación,005 Planeación y conducción de la Política Interior,221 Dirección General Regional Centro y Noreste,,221,,,,
04,25.1,25.9,0.8,-0.4,-1.5,continúa,unidad_responsable,04 Gobernación,005 Planeación y conducción de la Política Interior,222 Dirección General Regional Noroeste y Occidente,,222,,,,
05,72.9,73.7,0.8,-2.7,-3.5,continúa,unidad_responsable,05 Relaciones Exteriores,001 Actividades de apoyo administrativo,600 Unidad de Administración y Finanzas,,600,,,,
37,24.5,25.3,0.8,-0.4,-1.4,continúa,unidad_responsable,37 Consejería Jurídica del Ejecutivo Federal,050 Política en materia de asesoramiento jurídico a la Presidenta de la Republica y al Gobierno Federal,113 Consejería Adjunta de Legislación y Estudios Normativos,,113,,,,
32,28.9,29.7,0.8,-0.6,-1.9,continúa,unidad_responsable,32 Tribunal Federal de Justicia Administrativa,001 Impartición de Justicia Fiscal y Administrativa,"213 Sala Regional de Morelos, con sede en la Ciudad de Cuernavaca, Estado de Morelos",,213,,,,
05,26.2,27.0,0.8,-0.4,-1.6,continúa,unidad_responsable,05 Relaciones Exteriores,015 Articulación de la política exterior,"413 Dirección Genera para África, Asia Central y Medio Oriente",,413,,,,
48,12.3,13.2,0.8,0.2,1.8,continúa,unidad_responsable,48 Cultura,001 Actividades de apoyo administrativo,220 Dirección General de la Fonoteca Nacional,,220,,,,
04,25.4,26.2,0.8,-0.4,-1.5,continúa,unidad_responsable,04 Gobernación,005 Planeación y conducción de la Política Interior,220 Dirección General Regional Sureste,,220,,,,
20,16.3,17.1,0.9,0.1,0.4,continúa,unidad_responsable,20 Bienestar,041 Articulación de la Política de Bienestar,200 Subsecretaría de Bienestar,,200,,,,
36,18.3,19.1,0.9,-0.0,-0.1,continúa,unidad_responsable,36 Seguridad y Protección Ciudadana,047 Articulación de la política  en materia de seguridad nacional y pública,231 Secretaría Técnica de las Conferencias Nacionales de Secretarios de Seguridad Pública y del Sistema Penitenciario,,231,,,,
06,1506.8,1507.7,0.9,-71.5,-4.5,continúa,unidad_responsable,06 Hacienda y Crédito Público,001 Actividades de apoyo a la función pública y buen gobierno,B00 Comisión Nacional Bancaria y de Valores,,B00,,,,
04,28.1,29.0,0.9,-0.5,-1.6,continúa,unidad_responsable,04 Gobernación,008 Articulación de la política para el fortalecimiento de las instituciones democráticas,230 Unidad de Enlace,,230,,,,
49,79.1,80.1,0.9,-2.9,-3.5,continúa,unidad_responsable,49 Fiscalía General de la República,002 Investigar y perseguir los delitos del orden federal,348 Fiscalía Federal en el Estado de Tamaulipas,,348,,,,
06,86.9,87.8,0.9,-3.3,-3.6,continúa,unidad_responsable,06 Hacienda y Crédito Público,020 Asesoría jurídica y representación judicial y administrativa de la SHCP,513 Subprocuraduría Fiscal Federal de Investigaciones,,513,,,,
32,35.2,36.1,0.9,-0.8,-2.1,continúa,unidad_responsable,32 Tribunal Federal de Justicia Administrativa,001 Impartición de Justicia Fiscal y Administrativa,"116 Primera Sala Regional de Oriente, con sede en el municipio de San Andrés Cholula, Estado de Puebla",,116,,,,
04,38.6,39.5,0.9,-0.9,-2.3,continúa,unidad_responsable,04 Gobernación,005 Planeación y conducción de la Política Interior,219 Dirección General de Evaluación de Escenarios de Gobernabilidad,,219,,,,
27,78.5,79.4,0.9,-2.8,-3.4,continúa,unidad_responsable,27 Anticorrupción y Buen Gobierno,044 Política anticorrupción,410 Unidad de Planeación,,410,,,,
49,11.0,12.0,0.9,0.4,3.6,continúa,unidad_responsable,49 Fiscalía General de la República,009 Investigar y perseguir los delitos cometidos en materia de derechos humanos,"611 Unidad de Seguimiento a Quejas, Conciliaciones y Recomendaciones de la Comisión Nacional de los Derechos Humanos",,611,,,,
13,40.1,41.1,0.9,-1.0,-2.3,continúa,unidad_responsable,13 Marina,018 Emplear el Poder Naval de la Federación para salvaguardar la soberanía y seguridad nacionales,200 Subsecretaría,,200,,,,
08,79.7,80.6,1.0,-2.9,-3.4,continúa,unidad_responsable,08 Agricultura y Desarrollo Rural,001 Actividades de apoyo administrativo,"510 Dirección General de Programación, Presupuesto y Finanzas",,510,,,,
32,34.6,35.6,1.0,-0.6,-1.8,continúa,unidad_responsable,32 Tribunal Federal de Justicia Administrativa,001 Impartición de Justicia Fiscal y Administrativa,"302 Sala Regional del Centro I, con sede en Aguascalientes, Ags.",,302,,,,
32,30.0,31.1,1.0,-0.4,-1.3,continúa,unidad_responsable,32 Tribunal Federal de Justicia Administrativa,001 Impartición de Justicia Fiscal y Administrativa,"310 Tercera Sala Regional del Occidente, con sede en la ciudad de Guadalajara, Estado de Jalisco",,310,,,,
32,29.8,30.8,1.0,-0.4,-1.3,continúa,unidad_responsable,32 Tribunal Federal de Justicia Administrativa,001 Impartición de Justicia Fiscal y Administrativa,"205 Segunda Sala Regional de Occidente, con sede en Guadalajara, Jal.",,205,,,,
04,27.9,29.0,1.0,-0.3,-1.0,continúa,unidad_responsable,04 Gobernación,010 Política para la protección y defensa de los derechos humanos,911 Unidad para la Defensa de los Derechos Humanos,,911,,,,
04,33.5,34.6,1.1,-0.6,-1.6,continúa,unidad_responsable,04 Gobernación,005 Planeación y conducción de la Política Interior,"510 Unidad de Estrategias para la Vinculación, Desarrollo Democrático y Fomento Cívico",,510,,,,
18,12.9,14.0,1.1,0.5,3.4,continúa,unidad_responsable,18 Energía,001 Actividades de apoyo administrativo,T0U Litio para México,,T0U,,,,
13,42.7,43.8,1.1,-1.0,-2.1,continúa,unidad_responsable,13 Marina,030 Articulación de Políticas y Programas del Sector Marítimo y Portuario,411 Dirección General de Puertos,,411,,,,
32,28.4,29.5,1.1,-0.3,-0.9,continúa,unidad_responsable,32 Tribunal Federal de Justicia Administrativa,001 Impartición de Justicia Fiscal y Administrativa,"212 Sala Regional de Hidalgo, con sede en la Ciudad de Pachuca, Estado de Hidalgo",,212,,,,
10,57.7,58.8,1.1,-1.7,-2.8,continúa,unidad_responsable,10 Economía,"023 Negociación, administración y defensa de Tratados y Acuerdos Internacionales de comercio e Inversión",443 Dirección General de Facilitación Comercial y de Comercio Exterior,,443,,,,
05,58.6,59.7,1.1,-1.7,-2.8,continúa,unidad_responsable,05 Relaciones Exteriores,015 Articulación de la política exterior,121 Consultoría Jurídica,,121,,,,
20,8.5,9.6,1.1,0.7,8.0,continúa,unidad_responsable,20 Bienestar,041 Articulación de la Política de Bienestar,215 Dirección General de Operación Integral de Programas,,215,,,,
10,188.0,189.1,1.1,-7.9,-4.0,continúa,unidad_responsable,10 Economía,001 Actividades de apoyo administrativo,710 Dirección General de Recursos Humanos,,710,,,,
20,11.4,12.6,1.1,0.6,4.9,continúa,unidad_responsable,20 Bienestar,041 Articulación de la Política de Bienestar,710 Dirección General de Monitoreo y Evaluación para el Desarrollo,,710,,,,
35,26.8,27.9,1.1,-0.1,-0.5,continúa,unidad_responsable,35 Comisión Nacional de los Derechos Humanos,019 Establecer y dirigir la estrategia institucional de la Comisión Nacional de los Derechos Humanos,100 Presidencia,,100,,,,
35,26.0,27.1,1.1,-0.1,-0.4,continúa,unidad_responsable,35 Comisión Nacional de los Derechos Humanos,019 Establecer y dirigir la estrategia institucional de la Comisión Nacional de los Derechos Humanos,110 Dirección General de Planeación y Estrategia Institucional,,110,,,,
32,36.6,37.7,1.1,-0.6,-1.6,continúa,unidad_responsable,32 Tribunal Federal de Justicia Administrativa,001 Impartición de Justicia Fiscal y Administrativa,"209 Segunda Sala Regional del Noroeste I, con sede en la ciudad de Tijuana, Estado de Baja California",,209,,,,
06,67.7,68.8,1.2,-2.1,-3.0,continúa,unidad_responsable,06 Hacienda y Crédito Público,018 Diseño y conducción de la política de gasto público,412 Unidad de Contabilidad Gubernamental,,412,,,,
37,33.6,34.7,1.2,-0.4,-1.3,continúa,unidad_responsable,37 Consejería Jurídica del Ejecutivo Federal,001 Actividades de apoyo administrativo,109 Unidad de Administración y Finanzas,,109,,,,
49,81.4,82.6,1.2,-2.7,-3.2,continúa,unidad_responsable,49 Fiscalía General de la República,002 Investigar y perseguir los delitos del orden federal,339 Fiscalía Federal en el Estado de Nuevo León,,339,,,,
05,19.3,20.5,1.2,0.3,1.3,continúa,unidad_responsable,05 Relaciones Exteriores,016 Política de promoción y defensa de los intereses de México en el ámbito multilateral,810 Dirección General para Temas Globales,,810,,,,
06,84.4,85.6,1.2,-2.9,-3.2,continúa,unidad_responsable,06 Hacienda y Crédito Público,006 Servicios de administración de los recursos y valores federales,600 Tesorería de la Federación,,600,,,,
16,1001.1,1002.3,1.2,-46.8,-4.5,continúa,unidad_responsable,16 Medio Ambiente y Recursos Naturales,001 Actividades de apoyo administrativo,F00 Comisión Nacional de Áreas Naturales Protegidas,,F00,,,,
32,8.8,10.0,1.2,0.8,8.5,continúa,unidad_responsable,32 Tribunal Federal de Justicia Administrativa,001 Actividades de apoyo administrativo,414 Dirección General de Delegaciones Administrativas,,414,,,,
20,19.9,21.1,1.2,0.3,1.3,continúa,unidad_responsable,20 Bienestar,001 Actividades de apoyo administrativo,400 Unidad de Administración y Finanzas,,400,,,,
15,60.4,61.6,1.2,-1.7,-2.7,continúa,unidad_responsable,"15 Desarrollo Agrario, Territorial y Urbano","034 Política de ordenamiento agrario, territorial y urbano",200 Subsecretaría de Ordenamiento Agrario e Inventarios de la Propiedad,,200,,,,
49,47.2,48.4,1.2,-1.0,-2.1,continúa,unidad_responsable,49 Fiscalía General de la República,002 Investigar y perseguir los delitos del orden federal,342 Fiscalía Federal en el Estado de Querétaro,,342,,,,
02,11.0,12.2,1.2,0.7,6.1,continúa,unidad_responsable,02 Oficina de la Presidencia de la República,"002 Asesoría, coordinación, difusión y apoyo técnico de las actividades de la Presidencia de la República",128 Coordinación de Asesores del Presidente,,128,,,,
04,26.2,27.5,1.3,-0.0,-0.0,continúa,unidad_responsable,04 Gobernación,010 Política para la protección y defensa de los derechos humanos,913 Dirección General de Política Pública de Derechos Humanos,,913,,,,
07,86.8,88.1,1.3,-2.9,-3.2,continúa,unidad_responsable,07 Defensa Nacional,016 Programa de igualdad entre mujeres y hombres SDN,139 Dirección General de Derechos Humanos,,139,,,,
32,35.7,37.0,1.3,-0.4,-1.0,continúa,unidad_responsable,32 Tribunal Federal de Justicia Administrativa,001 Impartición de Justicia Fiscal y Administrativa,"117 Tercera Sala Regional del Noreste, con sede en San Pedro Garza García, Nuevo León",,117,,,,
04,38.2,39.6,1.3,-0.5,-1.2,continúa,unidad_responsable,04 Gobernación,010 Política para la protección y defensa de los derechos humanos,"900 Subsecretaría de Derechos Humanos, Población y Migración",,900,,,,
05,17.0,18.3,1.3,0.5,3.0,continúa,unidad_responsable,05 Relaciones Exteriores,015 Articulación de la política exterior,103 Dirección General de Coordinación Política,,103,,,,
13,57.2,58.5,1.4,-1.4,-2.3,continúa,unidad_responsable,13 Marina,001 Actividades de apoyo administrativo,300 Oficialía Mayor,,300,,,,
16,53.9,55.3,1.4,-1.2,-2.2,continúa,unidad_responsable,16 Medio Ambiente y Recursos Naturales,036 Articulación de la Política Ambiental y de Recursos Naturales,132 Oficina de Representación en Guerrero,,132,,,,
05,21.4,22.8,1.4,0.3,1.5,continúa,unidad_responsable,05 Relaciones Exteriores,015 Articulación de la política exterior,"314 Secciones Mexicanas de las Comisiones Internacionales de Límites y Aguas entre México y Guatemala, y entre México y Belize",,314,,,,
32,35.6,37.0,1.4,-0.3,-0.8,continúa,unidad_responsable,32 Tribunal Federal de Justicia Administrativa,001 Impartición de Justicia Fiscal y Administrativa,"119 Primera Sala Regional Peninsular, con sede en Mérida, Yuc.",,119,,,,
48,21.7,23.1,1.5,0.4,1.8,continúa,unidad_responsable,48 Cultura,001 Actividades de apoyo administrativo,110 Unidad de Asuntos Jurídicos,,110,,,,
20,14.0,15.4,1.5,0.8,5.5,continúa,unidad_responsable,20 Bienestar,041 Articulación de la Política de Bienestar,700 Unidad de Planeación y Evaluación de Programas para el Desarrollo,,700,,,,
32,39.9,41.4,1.5,-0.4,-1.0,continúa,unidad_responsable,32 Tribunal Federal de Justicia Administrativa,001 Impartición de Justicia Fiscal y Administrativa,"118 Primera Sala Regional del Sureste, con sede en Oaxaca, Oax.",,118,,,,
49,47.2,48.7,1.5,-0.8,-1.6,continúa,unidad_responsable,49 Fiscalía General de la República,002 Investigar y perseguir los delitos del orden federal,333 Fiscalía Federal en el Estado de Hidalgo,,333,,,,
20,54.9,56.4,1.5,-1.1,-1.9,continúa,unidad_responsable,20 Bienestar,041 Articulación de la Política de Bienestar,712 Dirección General de Padrones de Beneficiarios,,712,,,,
35,26.3,27.9,1.5,0.3,1.0,continúa,unidad_responsable,35 Comisión Nacional de los Derechos Humanos,001 Actividades de apoyo administrativo,122 Dirección General de Finanzas,,122,,,,
49,86.1,87.6,1.6,-2.5,-2.8,continúa,unidad_responsable,49 Fiscalía General de la República,002 Investigar y perseguir los delitos del orden federal,360 Fiscalía Especial de Seguimiento y Control,,360,,,,
32,35.2,36.8,1.6,-0.1,-0.3,continúa,unidad_responsable,32 Tribunal Federal de Justicia Administrativa,001 Impartición de Justicia Fiscal y Administrativa,"206 Sala Regional del Norte Centro I, con sede en Chihuahua, Chih.",,206,,,,
32,48.9,50.5,1.6,-0.7,-1.5,continúa,unidad_responsable,32 Tribunal Federal de Justicia Administrativa,001 Actividades de apoyo administrativo,412 Dirección General de Recursos Materiales y Servicios Generales,,412,,,,
08,38.6,40.3,1.6,-0.2,-0.6,continúa,unidad_responsable,08 Agricultura y Desarrollo Rural,021 Aplicación de la Política Agropecuaria,"110 Unidad de Asuntos Jurídicos, Derechos Humanos y Normalización",,110,,,,
20,19.9,21.5,1.6,0.7,3.3,continúa,unidad_responsable,20 Bienestar,041 Articulación de la Política de Bienestar,500 Unidad del Abogado General y Comisionado para la Transparencia,,500,,,,
36,6.1,7.7,1.6,1.4,21.3,continúa,unidad_responsable,36 Seguridad y Protección Ciudadana,005 Coordinación del Sistema Nacional de Protección Civil y prevención de amenazas y desastres derivadas de alertas de riesgos,160 Coordinación Nacional de Protección Civil,,160,,,,
35,37.9,39.5,1.6,-0.2,-0.4,continúa,unidad_responsable,35 Comisión Nacional de los Derechos Humanos,017 Ejecutar el programa de comunicación social,107 Dirección General de Difusión de los Derechos Humanos,,107,,,,
49,58.6,60.3,1.6,-1.2,-1.9,continúa,unidad_responsable,49 Fiscalía General de la República,002 Investigar y perseguir los delitos del orden federal,331 Fiscalía Federal en el Estado de Guanajuato,,331,,,,
32,39.5,41.2,1.7,-0.2,-0.5,continúa,unidad_responsable,32 Tribunal Federal de Justicia Administrativa,001 Impartición de Justicia Fiscal y Administrativa,"201 Segunda Sala Regional Norte-Este del Estado de México, con sede en Tlalnepantla, Estado de México",,201,,,,
10,106.6,108.3,1.7,-3.4,-3.0,continúa,unidad_responsable,10 Economía,024 Articulación de las políticas y programas del sector Economía,110 Unidad de Apoyo Jurídico,,110,,,,
04,53.9,55.6,1.7,-0.8,-1.5,continúa,unidad_responsable,04 Gobernación,057 Defensa jurídica de la Secretaría de Gobernación y compilación jurídica nacional y testamentaria ciudadana,130 Unidad General de Asuntos Jurídicos,,130,,,,
04,55.2,56.9,1.7,-0.9,-1.6,continúa,unidad_responsable,04 Gobernación,005 Planeación y conducción de la Política Interior,200 Subsecretaría de Gobernación,,200,,,,
13,55.8,57.5,1.8,-0.9,-1.6,continúa,unidad_responsable,13 Marina,018 Emplear el Poder Naval de la Federación para salvaguardar la soberanía y seguridad nacionales,117 Unidad Jurídica,,117,,,,
32,35.9,37.6,1.8,0.0,0.1,continúa,unidad_responsable,32 Tribunal Federal de Justicia Administrativa,001 Impartición de Justicia Fiscal y Administrativa,"203 Segunda Sala Regional del Noreste, con sede en San Pedro Garza García, Nuevo León",,203,,,,
32,35.5,37.3,1.8,0.1,0.2,continúa,unidad_responsable,32 Tribunal Federal de Justicia Administrativa,001 Impartición de Justicia Fiscal y Administrativa,"306 Sala Regional del Golfo-Norte, con sede en Ciudad Victoria, Estado de Tamps.",,306,,,,
13,55.6,57.4,1.8,-0.9,-1.5,continúa,unidad_responsable,13 Marina,030 Articulación de Políticas y Programas del Sector Marítimo y Portuario,413 Dirección General de Fomento y Administración Portuaria,,413,,,,
36,5.1,6.9,1.8,1.6,29.0,continúa,unidad_responsable,36 Seguridad y Protección Ciudadana,047 Articulación de la política  en materia de seguridad nacional y pública,170 Unidad de Planeación y Evaluación Institucional,,170,,,,
49,70.9,72.7,1.8,-1.6,-2.1,continúa,unidad_responsable,49 Fiscalía General de la República,002 Investigar y perseguir los delitos del orden federal,328 Fiscalía Federal en el Estado de Chihuahua,,328,,,,
32,32.4,34.3,1.8,0.3,0.9,continúa,unidad_responsable,32 Tribunal Federal de Justicia Administrativa,001 Impartición de Justicia Fiscal y Administrativa,"307 Sala Regional de Chiapas, con sede en la Ciudad de Tuxtla Gutiérrez, Estado de Chiapas",,307,,,,
32,32.1,34.0,1.9,0.3,0.9,continúa,unidad_responsable,32 Tribunal Federal de Justicia Administrativa,001 Impartición de Justicia Fiscal y Administrativa,"214 Sala Regional de San Luis Potosí, con sede en la Ciudad de San Luis Potosí, Estado de San Luis Potosí",,214,,,,
10,69.3,71.2,1.9,-1.5,-2.0,continúa,unidad_responsable,10 Economía,"025 Política de desarrollo e innovación de los sectores industrial, comercial y de servicios","410 Dirección General de Innovación, Servicios y Comercio Interior",,410,,,,
05,28.3,30.2,1.9,0.5,1.7,continúa,unidad_responsable,05 Relaciones Exteriores,015 Articulación de la política exterior,310 Dirección General para Centroamérica y el Caribe,,310,,,,
48,22.7,24.7,2.0,0.9,3.7,continúa,unidad_responsable,48 Cultura,001 Actividades de apoyo administrativo,120 Dirección General de Asuntos Internacionales,,120,,,,
47,128.8,130.8,2.0,-4.2,-3.1,continúa,unidad_responsable,47 Entidades no Sectorizadas,001 Actividades de apoyo a la función pública y buen gobierno,AYM Secretaría Ejecutiva del Sistema Nacional Anticorrupción,,AYM,,,,
18,15.6,17.6,2.0,1.2,7.4,continúa,unidad_responsable,18 Energía,001 Actividades de apoyo administrativo,"412 Dirección General de Desarrollo de Sistemas, Infraestructura y Comunicaciones",,412,,,,
35,35.5,37.5,2.0,0.3,0.7,continúa,unidad_responsable,35 Comisión Nacional de los Derechos Humanos,008 Operar el Mecanismo Nacional de Prevención de la Tortura,119 Dirección Ejecutiva del Mecanismo Nacional de Prevención de la Tortura,,119,,,,
04,65.1,67.2,2.1,-1.1,-1.6,continúa,unidad_responsable,04 Gobernación,005 Planeación y conducción de la Política Interior,100 Secretaría,,100,,,,
04,44.8,46.8,2.1,-0.1,-0.2,continúa,unidad_responsable,04 Gobernación,002 Servicios migratorios,"940 Unidad de Política Migratoria, Registro e Identidad de Personas",,940,,,,
06,68.6,70.6,2.1,-1.2,-1.7,continúa,unidad_responsable,06 Hacienda y Crédito Público,001 Actividades de apoyo administrativo,710 Dirección General de Recursos Financieros,,710,,,,
05,121.6,123.7,2.1,-3.8,-2.9,continúa,unidad_responsable,05 Relaciones Exteriores,015 Articulación de la política exterior,100 Secretaría,,100,,,,
49,24.4,26.5,2.1,0.9,3.7,continúa,unidad_responsable,49 Fiscalía General de la República,009 Investigar y perseguir los delitos cometidos en materia de derechos humanos,620 Fiscalía Especial en Investigación de los Delitos de Desaparición Forzada,,620,,,,
05,19.6,21.8,2.1,1.2,5.8,continúa,unidad_responsable,05 Relaciones Exteriores,016 Política de promoción y defensa de los intereses de México en el ámbito multilateral,812 Dirección General de Derechos Humanos y Democracia,,812,,,,
32,30.4,32.6,2.2,0.7,2.2,continúa,unidad_responsable,32 Tribunal Federal de Justicia Administrativa,001 Impartición de Justicia Fiscal y Administrativa,"217 Sala Regional Sur del Estado de México, con sede en la Ciudad de Toluca, Estado de México",,217,,,,
05,48.5,50.7,2.2,-0.1,-0.2,continúa,unidad_responsable,05 Relaciones Exteriores,015 Articulación de la política exterior,112 Dirección General de Comunicación Social,,112,,,,
32,34.1,36.4,2.3,0.6,1.7,continúa,unidad_responsable,32 Tribunal Federal de Justicia Administrativa,001 Impartición de Justicia Fiscal y Administrativa,"111 Sala Regional del Noroeste II, con sede en Ciudad Obregón, Son.",,111,,,,
49,29.8,32.1,2.3,0.8,2.7,continúa,unidad_responsable,49 Fiscalía General de la República,002 Investigar y perseguir los delitos del orden federal,349 Fiscalía Federal en el Estado de Tlaxcala,,349,,,,
05,124.5,126.8,2.3,-3.7,-2.8,continúa,unidad_responsable,05 Relaciones Exteriores,001 Actividades de apoyo administrativo,614 Dirección General de Tecnologías de Información e Innovación,,614,,,,
32,35.2,37.5,2.3,0.6,1.7,continúa,unidad_responsable,32 Tribunal Federal de Justicia Administrativa,001 Impartición de Justicia Fiscal y Administrativa,"115 Sala Regional del Centro III, con sede en Celaya, Gto.",,115,,,,
11,136.9,139.2,2.3,-4.2,-3.0,continúa,unidad_responsable,11 Educación Pública,001 Actividades de apoyo a la función pública y buen gobierno,MAR Fondo de Cultura Económica,,MAR,,,,
35,45.2,47.6,2.4,0.2,0.5,continúa,unidad_responsable,35 Comisión Nacional de los Derechos Humanos,001 Apoyo a la función pública y buen gobierno,113 Órgano Interno de Control,,113,,,,
04,69.9,72.4,2.4,-0.9,-1.3,continúa,unidad_responsable,04 Gobernación,007 Planeación demográfica del país,G00 Secretaría Técnica del Consejo Nacional de Población,,G00,,,,
48,29.2,31.6,2.5,1.1,3.4,continúa,unidad_responsable,48 Cultura,064 Servicios cinematográficos,"L3N Centro de Capacitación Cinematográfica, A.C.",,L3N,,,,
36,33.6,36.1,2.5,0.8,2.4,continúa,unidad_responsable,36 Seguridad y Protección Ciudadana,047 Articulación de la política  en materia de seguridad nacional y pública,222 Dirección General de Política y Desarrollo Policial,,222,,,,
05,51.2,53.7,2.5,0.0,0.0,continúa,unidad_responsable,05 Relaciones Exteriores,015 Articulación de la política exterior,153 Secciones Mexicanas de la Comisión Internacional de Límites y Aguas entre México y Estados Unidos,,153,,,,
32,42.5,45.0,2.5,0.5,1.0,continúa,unidad_responsable,32 Tribunal Federal de Justicia Administrativa,001 Impartición de Justicia Fiscal y Administrativa,"113 Primera Sala Regional del Noreste, con sede en San Pedro Garza García, Nuevo León",,113,,,,
04,82.3,84.8,2.5,-1.4,-1.7,continúa,unidad_responsable,04 Gobernación,001 Actividades de apoyo administrativo,800 Unidad de Administración y Finanzas,,800,,,,
32,43.1,45.6,2.5,0.5,1.1,continúa,unidad_responsable,32 Tribunal Federal de Justicia Administrativa,001 Impartición de Justicia Fiscal y Administrativa,"204 Sala Regional del Noroeste I, con sede en Tijuana, B. C.",,204,,,,
20,42.6,45.1,2.6,0.5,1.2,continúa,unidad_responsable,20 Bienestar,001 Actividades de apoyo administrativo,410 Dirección General de Programación y Presupuesto,,410,,,,
09,143.8,146.4,2.6,-4.3,-2.9,continúa,unidad_responsable,"09 Infraestructura, Comunicaciones y Transportes",008 Supervisión y verificación de concesiones en telecomunicaciones,J4Q Organismo Promotor de Inversiones en Telecomunicaciones,,J4Q,,,,
04,30.2,32.8,2.6,1.1,3.5,continúa,unidad_responsable,04 Gobernación,005 Planeación y conducción de la Política Interior,A00 Instituto Nacional para el Federalismo y el Desarrollo Municipal,,A00,,,,
20,20.4,23.0,2.6,1.6,7.6,continúa,unidad_responsable,20 Bienestar,001 Actividades de apoyo administrativo,414 Dirección General de Procesos y Estructuras Organizacionales,,414,,,,
32,34.9,37.5,2.6,1.0,2.6,continúa,unidad_responsable,32 Tribunal Federal de Justicia Administrativa,001 Impartición de Justicia Fiscal y Administrativa,"308 Sala Regional del Caribe, con sede en Cancún, Quintana Roo",,308,,,,
32,39.1,41.8,2.7,0.8,2.0,continúa,unidad_responsable,32 Tribunal Federal de Justicia Administrativa,001 Impartición de Justicia Fiscal y Administrativa,"114 Primera Sala Regional de Occidente, con sede en Guadalajara, Jal.",,114,,,,
48,100.0,102.8,2.8,-2.0,-1.9,continúa,unidad_responsable,48 Cultura,001 Actividades de apoyo a la función pública y buen gobierno,"L6U Compañía Operadora del Centro Cultural y Turístico de Tijuana, S.A. de C.V.",,L6U,,,,
38,0.0,2.8,2.8,2.8,inf,aparece,unidad_responsable,"38 Ciencia, Humanidades, Tecnología e Innovación",001 Actividades de apoyo administrativo,500 Unidad de Administración y Finanzas,,500,,,,
18,12.6,15.4,2.8,2.2,16.9,continúa,unidad_responsable,18 Energía,039 Articulación de la política nuclear y eléctrica,316 Unidad del Sistema Eléctrico Nacional y Política Nuclear,,316,,,,
35,56.7,59.6,2.9,0.1,0.2,continúa,unidad_responsable,35 Comisión Nacional de los Derechos Humanos,"036 Promover, fortalecer e impulsar los vínculos de colaboración interinstitucional; así como, diseñar y ejecutar los programas de educación y capacitación en materia de Derechos Humanos, considerando los Tratados y Convenciones Internacionales que obligan al Estado mexicano.",106 Secretaría Ejecutiva,,106,,,,
32,18.0,20.8,2.9,2.0,10.7,continúa,unidad_responsable,32 Tribunal Federal de Justicia Administrativa,001 Actividades de apoyo administrativo,413 Dirección General de Archivos,,413,,,,
13,99.0,101.9,2.9,-1.9,-1.8,continúa,unidad_responsable,13 Marina,"037 Servicios de impulso al turismo de bajo impacto ambiental del ""Centro Turístico Islas Marías""",218 Unidad de la Gubernatura del Archipiélago Islas Marías,,218,,,,
48,32.3,35.2,2.9,1.3,4.0,continúa,unidad_responsable,48 Cultura,001 Actividades de apoyo administrativo,400 Unidad de Administración y Finanzas,,400,,,,
20,22.2,25.1,2.9,1.9,8.0,continúa,unidad_responsable,20 Bienestar,041 Articulación de la Política de Bienestar,111 Dirección General de Desarrollo Regional,,111,,,,
32,19.7,22.8,3.1,2.1,10.2,continúa,unidad_responsable,32 Tribunal Federal de Justicia Administrativa,001 Actividades de apoyo administrativo,411 Dirección General de Programación y Presupuesto,,411,,,,
35,52.9,55.9,3.1,0.5,0.9,continúa,unidad_responsable,35 Comisión Nacional de los Derechos Humanos,"018 Investigación, estudios formación y profesionalización en materia de derechos humanos.",108 Centro Nacional de Derechos Humanos,,108,,,,
18,10.5,13.6,3.1,2.6,23.6,continúa,unidad_responsable,18 Energía,039 Articulación de la política nuclear y eléctrica,311 Dirección General de Generación y Transmisión de Energía Eléctrica,,311,,,,
32,33.2,36.4,3.2,1.6,4.6,continúa,unidad_responsable,32 Tribunal Federal de Justicia Administrativa,001 Impartición de Justicia Fiscal y Administrativa,"218 Segunda Sala Especializada en Materia de Comercio Exterior, con sede en el Municipio de San Pedro Garza García, en el Estado de Nuevo León",,218,,,,
49,227.8,231.0,3.2,-7.7,-3.2,continúa,unidad_responsable,49 Fiscalía General de la República,006 Investigar y perseguir los delitos federales de carácter especial y en asuntos internacionales,180 Fiscalía Especializada en materia de Combate a la Corrupción,,180,,,,
18,6.0,9.2,3.3,3.0,47.8,continúa,unidad_responsable,18 Energía,039 Articulación de la política nuclear y eléctrica,317 Dirección General de Confiabilidad y Seguridad del Sector Eléctrico,,317,,,,
04,139.5,142.8,3.3,-3.4,-2.3,continúa,unidad_responsable,04 Gobernación,006 Articulación de la política en materia de comunicación social del Gobierno de México,"271 Dirección General de Radio, Televisión y Cinematografía",,271,,,,
35,60.1,63.5,3.3,0.4,0.7,continúa,unidad_responsable,35 Comisión Nacional de los Derechos Humanos,"002 Atender al público en general en oficinas centrales y foráneas; así como, investigar expedientes de presuntas violaciones a los Derechos Humanos.",109 Dirección General de Quejas y Orientación,,109,,,,
32,36.1,39.5,3.4,1.7,4.4,continúa,unidad_responsable,32 Tribunal Federal de Justicia Administrativa,001 Impartición de Justicia Fiscal y Administrativa,"202 Sala Regional del Centro II, con sede en Querétaro, Qro.",,202,,,,
16,0.0,3.4,3.4,3.4,inf,aparece,unidad_responsable,16 Medio Ambiente y Recursos Naturales,036 Articulación de la Política Ambiental y de Recursos Naturales,811 Dirección General de Políticas para la Acción Climática,,811,,,,
35,66.1,69.5,3.4,0.3,0.4,continúa,unidad_responsable,35 Comisión Nacional de los Derechos Humanos,"015 Promover, fortalecer e impulsar los vínculos de colaboración interinstitucional; así como, diseñar y ejecutar los programas de educación y capacitación en materia de Derechos Humanos.",105 Secretaría Técnica del Consejo Consultivo,,105,,,,
31,57.8,61.3,3.4,0.7,1.1,continúa,unidad_responsable,31 Tribunales Agrarios,001 Actividades de apoyo a la función pública y buen gobierno,300 Unidad de Administración y Finanzas,,300,,,,
06,222.6,226.1,3.4,-7.2,-3.1,continúa,unidad_responsable,06 Hacienda y Crédito Público,001 Actividades de apoyo administrativo,"712 Dirección General de Recursos Materiales, Obra Pública y Servicios Generales",,712,,,,
05,21.4,24.9,3.5,2.4,10.8,continúa,unidad_responsable,05 Relaciones Exteriores,005 Atención y servicios integrales de protección y asistencia consular,154 Dirección General de Servicios Consulares,,154,,,,
48,331.3,334.8,3.5,-12.4,-3.6,continúa,unidad_responsable,48 Cultura,001 Actividades de apoyo administrativo,310 Dirección General de Vinculación Cultural,,310,,,,
02,31.3,34.9,3.6,2.1,6.4,continúa,unidad_responsable,02 Oficina de la Presidencia de la República,"002 Asesoría, coordinación, difusión y apoyo técnico de las actividades de la Presidencia de la República",127 Secretaría Técnica del Gabinete,,127,,,,
38,103.5,107.1,3.6,-1.3,-1.2,continúa,unidad_responsable,"38 Ciencia, Humanidades, Tecnología e Innovación",001 Actividades de apoyo administrativo,91O Fondo para el Desarrollo de Recursos Humanos,,91O,,,,
20,27.7,31.4,3.8,2.5,8.5,continúa,unidad_responsable,20 Bienestar,041 Articulación de la Política de Bienestar,510 Dirección General de Asuntos Contenciosos,,510,,,,
04,117.6,121.4,3.8,-1.8,-1.5,continúa,unidad_responsable,04 Gobernación,001 Actividades de apoyo administrativo,813 Dirección General de Tecnologías de la Información y Comunicaciones,,813,,,,
49,98.1,101.9,3.8,-0.9,-0.9,continúa,unidad_responsable,49 Fiscalía General de la República,001 Actividades de apoyo administrativo,820 Unidad Especializada de Presupuesto y Tesorería,,820,,,,
18,8.9,12.8,3.8,3.4,36.2,continúa,unidad_responsable,18 Energía,037 Articulación de la política energética,213 Dirección General de Desarrollo Tecnológico y Acceso a la Energía,,213,,,,
36,21.4,25.2,3.8,2.8,12.5,continúa,unidad_responsable,36 Seguridad y Protección Ciudadana,047 Articulación de la política  en materia de seguridad nacional y pública,221 Dirección General de Política y Desarrollo Penitenciario,,221,,,,
15,98.5,102.4,3.9,-0.9,-0.8,continúa,unidad_responsable,"15 Desarrollo Agrario, Territorial y Urbano","034 Política de ordenamiento agrario, territorial y urbano",214 Dirección General de Inventarios y Modernización Registral y Catastral,,214,,,,
13,103.9,107.8,3.9,-1.1,-1.0,continúa,unidad_responsable,13 Marina,001 Actividades de apoyo a la función pública y buen gobierno,110 Inspección y Contraloría General de Marina,,110,,,,
04,72.9,76.8,3.9,0.4,0.5,continúa,unidad_responsable,04 Gobernación,"011 Coordinación con las instancias que integran el Sistema Nacional de Protección Integral de Niñas, Niños y Adolescentes","P00 Secretaría Ejecutiva del Sistema Nacional de Protección Integral de Niñas, Niños y Adolescentes",,P00,,,,
48,135.6,139.5,3.9,-2.6,-1.8,continúa,unidad_responsable,48 Cultura,001 Actividades de apoyo a la función pública y buen gobierno,VZG Fondo Nacional para el Fomento de las Artesanías,,VZG,,,,
35,74.7,78.7,4.0,0.4,0.5,continúa,unidad_responsable,35 Comisión Nacional de los Derechos Humanos,"002 Atender al público en general en oficinas centrales y foráneas; así como, investigar expedientes de presuntas violaciones a los Derechos Humanos.",115 Coordinación General de Seguimiento de Recomendaciones y Asuntos Jurídicos,,115,,,,
48,73.2,77.2,4.0,0.5,0.6,continúa,unidad_responsable,48 Cultura,001 Actividades de apoyo administrativo,I00 Instituto Nacional del Derecho de Autor,,I00,,,,
20,29.6,33.6,4.1,2.6,8.5,continúa,unidad_responsable,20 Bienestar,041 Articulación de la Política de Bienestar,214 Dirección General de Seguimiento y Evaluación,,214,,,,
49,157.6,161.7,4.1,-3.5,-2.1,continúa,unidad_responsable,49 Fiscalía General de la República,003 Investigar y perseguir los delitos relativos a la Delincuencia Organizada,418 Unidad de Cuerpo Técnico de Control,,418,,,,
20,32.1,36.2,4.1,2.5,7.5,continúa,unidad_responsable,20 Bienestar,041 Articulación de la Política de Bienestar,"211 Dirección General para el Bienestar de las Niñas, Niños y Adolescentes",,211,,,,
49,116.0,120.0,4.1,-1.5,-1.2,continúa,unidad_responsable,49 Fiscalía General de la República,001 Actividades de apoyo a la función pública y buen gobierno,170 Órgano Interno de Control,,170,,,,
05,30.9,35.0,4.1,2.6,8.1,continúa,unidad_responsable,05 Relaciones Exteriores,015 Articulación de la política exterior,123 Dirección General del Acervo Histórico Diplomático,,123,,,,
09,653.4,657.5,4.1,-27.2,-4.0,continúa,unidad_responsable,"09 Infraestructura, Comunicaciones y Transportes","006 Supervisión, inspección y verificación del transporte terrestre y aéreo",E00 Agencia Federal de Aviación Civil,,E00,,,,
18,69.9,74.0,4.1,0.8,1.1,continúa,unidad_responsable,18 Energía,001 Actividades de apoyo administrativo,410 Dirección General de Recursos Humanos,,410,,,,
18,8.7,13.0,4.3,3.9,42.5,continúa,unidad_responsable,18 Energía,037 Articulación de la política energética,212 Dirección General de Eficiencia y Sustentabilidad Energética,,212,,,,
38,124.8,129.2,4.4,-1.6,-1.2,continúa,unidad_responsable,"38 Ciencia, Humanidades, Tecnología e Innovación",001 Actividades de apoyo a la función pública y buen gobierno,"90K Centro de Investigación y Desarrollo Tecnológico en Electroquímica, S.C.",,90K,,,,
05,43.1,47.5,4.4,2.4,5.2,continúa,unidad_responsable,05 Relaciones Exteriores,015 Articulación de la política exterior,124 Dirección General de Asuntos Jurídicos,,124,,,,
35,84.2,88.7,4.4,0.4,0.5,continúa,unidad_responsable,35 Comisión Nacional de los Derechos Humanos,"002 Atender al público en general en oficinas centrales y foráneas; así como, investigar expedientes de presuntas violaciones a los Derechos Humanos.",120 Coordinación General de Especialidades Científicas y Técnicas,,120,,,,
47,186.9,191.3,4.5,-4.5,-2.3,continúa,unidad_responsable,47 Entidades no Sectorizadas,001 Actividades de apoyo a la función pública y buen gobierno,MDL Instituto Mexicano de la Radio,,MDL,,,,
38,130.7,135.2,4.6,-1.7,-1.2,continúa,unidad_responsable,"38 Ciencia, Humanidades, Tecnología e Innovación",001 Actividades de apoyo a la función pública y buen gobierno,"91K El Colegio de San Luis, A.C.",,91K,,,,
48,83.3,87.9,4.6,0.6,0.7,continúa,unidad_responsable,48 Cultura,001 Actividades de apoyo administrativo,350 Dirección General de Sitios y Monumentos del Patrimonio Cultural,,350,,,,
48,51.4,56.1,4.7,2.2,4.2,continúa,unidad_responsable,48 Cultura,001 Actividades de apoyo administrativo,130 Dirección General de Comunicación Social,,130,,,,
35,44.9,49.7,4.8,2.7,5.7,continúa,unidad_responsable,35 Comisión Nacional de los Derechos Humanos,001 Actividades de apoyo administrativo,124 Dirección General de Recursos Humanos,,124,,,,
48,71.3,76.1,4.9,1.5,2.0,continúa,unidad_responsable,48 Cultura,001 Actividades de apoyo administrativo,420 Dirección General de Tecnologías de la Información y Comunicaciones,,420,,,,
08,0.0,5.0,5.0,5.0,inf,aparece,unidad_responsable,08 Agricultura y Desarrollo Rural,021 Aplicación de la Política Agropecuaria,241 Dirección General de Innovación,,241,,,,
18,31.0,36.1,5.1,3.7,11.3,continúa,unidad_responsable,18 Energía,037 Articulación de la política energética,120 Unidad de Asuntos Jurídicos,,120,,,,
18,11.3,16.4,5.2,4.6,39.2,continúa,unidad_responsable,18 Energía,037 Articulación de la política energética,210 Dirección General de Planeación e Integración Energética,,210,,,,
13,184.8,190.1,5.2,-3.7,-1.9,continúa,unidad_responsable,13 Marina,018 Emplear el Poder Naval de la Federación para salvaguardar la soberanía y seguridad nacionales,100 Secretaría,,100,,,,
04,162.7,167.9,5.2,-2.6,-1.5,continúa,unidad_responsable,04 Gobernación,001 Actividades de apoyo administrativo,810 Dirección General de Recursos Humanos,,810,,,,
49,94.9,100.2,5.3,0.7,0.7,continúa,unidad_responsable,49 Fiscalía General de la República,002 Investigar y perseguir los delitos del orden federal,335 Fiscalía Federal en el Estado de México,,335,,,,
18,0.0,5.3,5.3,5.3,inf,aparece,unidad_responsable,18 Energía,037 Articulación de la política energética,"130 Unidad de Estrategia, Vinculación Interinstitucional y Seguimiento de Proyectos e Inversiones",,130,,,,
36,73.9,79.2,5.3,1.7,2.3,continúa,unidad_responsable,36 Seguridad y Protección Ciudadana,047 Articulación de la política  en materia de seguridad nacional y pública,C00 Coordinación Nacional Antisecuestro y Delitos de Alto Impacto,,C00,,,,
38,0.0,5.3,5.3,5.3,inf,aparece,unidad_responsable,"38 Ciencia, Humanidades, Tecnología e Innovación","051 Diseño y evaluación de políticas en ciencia, tecnología e innovación",400 Unidad de Políticas Transversales,,400,,,,
35,96.4,101.7,5.3,0.7,0.7,continúa,unidad_responsable,35 Comisión Nacional de los Derechos Humanos,023 Supervisar la observancia e incidencia de los Derechos Humanos en los centros penitenciarios en la República Mexicana.,103 Tercera Visitaduría General,,103,,,,
18,8.8,14.1,5.4,4.9,53.7,continúa,unidad_responsable,18 Energía,037 Articulación de la política energética,114 Unidad de Enlace Legislativo,,114,,,,
49,155.5,160.9,5.4,-2.1,-1.3,continúa,unidad_responsable,49 Fiscalía General de la República,002 Investigar y perseguir los delitos del orden federal,329 Fiscalía Federal en la Ciudad de México,,329,,,,
06,163.5,169.0,5.4,-2.4,-1.4,continúa,unidad_responsable,06 Hacienda y Crédito Público,002 Detección y prevención de ilícitos financieros,110 Unidad de Inteligencia Financiera,,110,,,,
04,284.8,290.2,5.4,-8.2,-2.8,continúa,unidad_responsable,04 Gobernación,004 Servicios de registro e Identificación de Población,941 Dirección General del Registro Nacional de Población e Identidad,,941,,,,
04,180.9,186.4,5.5,-3.2,-1.7,continúa,unidad_responsable,04 Gobernación,001 Actividades de apoyo administrativo,811 Dirección General de Programación y Presupuesto,,811,,,,
08,0.0,5.5,5.5,5.5,inf,aparece,unidad_responsable,08 Agricultura y Desarrollo Rural,021 Aplicación de la Política Agropecuaria,"810 Dirección General de Evaluación, Políticas y Programas",,810,,,,
38,159.9,165.5,5.6,-2.1,-1.2,continúa,unidad_responsable,"38 Ciencia, Humanidades, Tecnología e Innovación",001 Actividades de apoyo a la función pública y buen gobierno,"91W Instituto Potosino de Investigación Científica y Tecnológica, A.C.",,91W,,,,
49,87.9,93.6,5.6,1.4,1.5,continúa,unidad_responsable,49 Fiscalía General de la República,002 Investigar y perseguir los delitos del orden federal,322 Fiscalía Federal en el Estado de Baja California,,322,,,,
38,161.7,167.3,5.7,-2.1,-1.2,continúa,unidad_responsable,"38 Ciencia, Humanidades, Tecnología e Innovación",001 Actividades de apoyo a la función pública y buen gobierno,"91I El Colegio de Michoacán, A.C.",,91I,,,,
08,0.0,5.7,5.7,5.7,inf,aparece,unidad_responsable,08 Agricultura y Desarrollo Rural,021 Aplicación de la Política Agropecuaria,245 Coordinación General de Sustentabilidad y Resiliencia Climática,,245,,,,
18,0.0,5.9,5.9,5.9,inf,aparece,unidad_responsable,18 Energía,039 Articulación de la política nuclear y eléctrica,319 Dirección General de Evaluación Financiera de la Unidad del Sistema Eléctrico Nacional y Política Nuclear,,319,,,,
35,109.8,115.6,5.9,0.6,0.5,continúa,unidad_responsable,35 Comisión Nacional de los Derechos Humanos,022 Protección y defensa de los Derechos Humanos de las personas indígenas y afrodescendientes privadas de la libertad.,104 Cuarta Visitaduría General,,104,,,,
18,9.4,15.3,5.9,5.5,55.4,continúa,unidad_responsable,18 Energía,039 Articulación de la política nuclear y eléctrica,315 Dirección General de Análisis y Evaluación del Mercado Eléctrico Mayorista,,315,,,,
48,94.9,100.9,6.0,1.4,1.4,continúa,unidad_responsable,48 Cultura,001 Actividades de apoyo administrativo,230 Dirección General de Promoción y Festivales Culturales,,230,,,,
49,44.9,50.9,6.0,3.8,8.1,continúa,unidad_responsable,49 Fiscalía General de la República,002 Investigar y perseguir los delitos del orden federal,341 Fiscalía Federal en el Estado de Puebla,,341,,,,
08,0.0,6.0,6.0,6.0,inf,aparece,unidad_responsable,08 Agricultura y Desarrollo Rural,021 Aplicación de la Política Agropecuaria,232 Dirección General de Financiamiento y Gestión de Riesgos,,232,,,,
02,51.7,57.7,6.0,3.5,6.5,continúa,unidad_responsable,02 Oficina de la Presidencia de la República,"002 Asesoría, coordinación, difusión y apoyo técnico de las actividades de la Presidencia de la República",115 Coordinación General de Comunicación Social y Vocería del Gobierno de la República,,115,,,,
06,222.6,228.6,6.1,-4.6,-2.0,continúa,unidad_responsable,06 Hacienda y Crédito Público,001 Actividades de apoyo administrativo,711 Dirección General de Recursos Humanos,,711,,,,
32,35.5,41.6,6.1,4.4,11.8,continúa,unidad_responsable,32 Tribunal Federal de Justicia Administrativa,001 Impartición de Justicia Fiscal y Administrativa,"112 Primera Sala Regional del Norte Centro II, con sede en Torreón, Coah.",,112,,,,
49,36.9,43.1,6.2,4.4,11.4,continúa,unidad_responsable,49 Fiscalía General de la República,002 Investigar y perseguir los delitos del orden federal,338 Fiscalía Federal en el Estado de Nayarit,,338,,,,
38,0.0,6.2,6.2,6.2,inf,aparece,unidad_responsable,"38 Ciencia, Humanidades, Tecnología e Innovación","051 Diseño y evaluación de políticas en ciencia, tecnología e innovación",600 Unidad de Asuntos Jurídicos,,600,,,,
13,4078.9,4085.1,6.2,-189.6,-4.4,continúa,unidad_responsable,13 Marina,001 Actividades de apoyo administrativo,311 Dirección General de Recursos Humanos,,311,,,,
35,132.9,139.2,6.3,-0.1,-0.1,continúa,unidad_responsable,35 Comisión Nacional de los Derechos Humanos,"035 Proteger y observar la defensa, respeto y remedio de los derechos humanos de las personas o grupos de personas con mayores riesgos de vulnerabilidad ante abusos de las empresas públicas y privadas.",102 Segunda Visitaduría General,,102,,,,
05,103.4,109.7,6.3,1.3,1.2,continúa,unidad_responsable,05 Relaciones Exteriores,001 Actividades de apoyo administrativo,"612 Dirección General de Programación, Organización y Presupuesto",,612,,,,
36,27.9,34.4,6.5,5.2,17.8,continúa,unidad_responsable,36 Seguridad y Protección Ciudadana,047 Articulación de la política  en materia de seguridad nacional y pública,100 Secretaría,,100,,,,
08,0.0,6.6,6.6,6.6,inf,aparece,unidad_responsable,08 Agricultura y Desarrollo Rural,021 Aplicación de la Política Agropecuaria,222 Dirección General de Producción para el Bienestar,,222,,,,
35,111.4,118.0,6.6,1.3,1.1,continúa,unidad_responsable,35 Comisión Nacional de los Derechos Humanos,"026 Atender asuntos relacionados con los Derechos Humanos Económicos, Sociales, Culturales y Ambientales",117 Sexta Visitaduría General,,117,,,,
35,129.4,136.1,6.7,0.5,0.4,continúa,unidad_responsable,35 Comisión Nacional de los Derechos Humanos,033 Proteger y defender el respeto de los Derechos Humanos de víctimas y posibles víctimas de la trata de personas.,116 Quinta Visitaduría General,,116,,,,
36,73.7,80.6,6.9,3.4,4.4,continúa,unidad_responsable,36 Seguridad y Protección Ciudadana,005 Coordinación del Sistema Nacional de Protección Civil y prevención de amenazas y desastres derivadas de alertas de riesgos,E00 Centro Nacional de Prevención de Desastres,,E00,,,,
49,71.3,78.2,6.9,3.5,4.7,continúa,unidad_responsable,49 Fiscalía General de la República,009 Investigar y perseguir los delitos cometidos en materia de derechos humanos,"160 Fiscalía Especializada en Delitos de Violencia Contra las Mujeres, Grupos en Situación de Vulnerabilidad y Trata de Personas",,160,,,,
08,0.0,7.0,7.0,7.0,inf,aparece,unidad_responsable,08 Agricultura y Desarrollo Rural,021 Aplicación de la Política Agropecuaria,233 Dirección General de Agregación de Valor y Comercialización,,233,,,,
38,200.1,207.1,7.0,-2.6,-1.2,continúa,unidad_responsable,"38 Ciencia, Humanidades, Tecnología e Innovación",001 Actividades de apoyo a la función pública y buen gobierno,"90S Centro de Investigaciones en Óptica, A.C.",,90S,,,,
32,45.4,52.5,7.1,4.9,10.3,continúa,unidad_responsable,32 Tribunal Federal de Justicia Administrativa,001 Impartición de Justicia Fiscal y Administrativa,"121 Primera Sala Regional Norte-Este del Estado de México, con sede en Tlalnepantla, Estado de México",,121,,,,
38,205.4,212.6,7.2,-2.7,-1.2,continúa,unidad_responsable,"38 Ciencia, Humanidades, Tecnología e Innovación",001 Actividades de apoyo a la función pública y buen gobierno,"90C Centro de Investigación en Matemáticas, A.C.",,90C,,,,
38,209.9,217.2,7.3,-2.7,-1.2,continúa,unidad_responsable,"38 Ciencia, Humanidades, Tecnología e Innovación",001 Actividades de apoyo a la función pública y buen gobierno,"90G CIATEC, A.C. ""Centro de Innovación Aplicada en Tecnologías Competitivas""",,90G,,,,
48,80.1,87.5,7.4,3.5,4.2,continúa,unidad_responsable,48 Cultura,001 Actividades de apoyo administrativo,F00 Radio Educación,,F00,,,,
38,211.3,218.6,7.4,-2.7,-1.2,continúa,unidad_responsable,"38 Ciencia, Humanidades, Tecnología e Innovación",001 Actividades de apoyo a la función pública y buen gobierno,90U Centro de Investigación en Química Aplicada,,90U,,,,
38,0.0,7.4,7.4,7.4,inf,aparece,unidad_responsable,"38 Ciencia, Humanidades, Tecnología e Innovación","051 Diseño y evaluación de políticas en ciencia, tecnología e innovación",110 Secretaría Ejecutiva de la CIBIOGEM,,110,,,,
38,212.1,219.6,7.4,-2.8,-1.2,continúa,unidad_responsable,"38 Ciencia, Humanidades, Tecnología e Innovación",001 Actividades de apoyo a la función pública y buen gobierno,"91S Instituto de Investigaciones ""Dr. José María Luis Mora""",,91S,,,,
04,164.2,171.7,7.4,-0.4,-0.3,continúa,unidad_responsable,04 Gobernación,001 Actividades de apoyo administrativo,812 Dirección General de Recursos Materiales y Servicios Generales,,812,,,,
02,72.2,79.7,7.5,4.0,5.3,continúa,unidad_responsable,02 Oficina de la Presidencia de la República,004 Apoyo a las actividades de ayudantía y logística de la Oficina de la Presidencia de la República,140 Coordinación General de Política y Gobierno,,140,,,,
18,23.6,31.2,7.6,6.4,26.1,continúa,unidad_responsable,18 Energía,038 Articulación de la política de hidrocarburos,532 Dirección General de Petrolíferos,,532,,,,
32,39.0,46.6,7.6,5.7,14.0,continúa,unidad_responsable,32 Tribunal Federal de Justicia Administrativa,001 Impartición de Justicia Fiscal y Administrativa,"303 Primera Sala Regional del Noroeste III, con sede en la Ciudad de Culiacán, Estado de Sinaloa",,303,,,,
35,169.6,177.4,7.8,-0.4,-0.2,continúa,unidad_responsable,35 Comisión Nacional de los Derechos Humanos,"002 Atender al público en general en oficinas centrales y foráneas; así como, investigar expedientes de presuntas violaciones a los Derechos Humanos.",121 Dirección General de Oficinas Foráneas,,121,,,,
02,70.9,78.7,7.8,4.4,6.0,continúa,unidad_responsable,02 Oficina de la Presidencia de la República,"002 Asesoría, coordinación, difusión y apoyo técnico de las actividades de la Presidencia de la República",112 Secretaría Particular del Presidente,,112,,,,
18,23.9,31.7,7.8,6.7,26.7,continúa,unidad_responsable,18 Energía,037 Articulación de la política energética,112 Dirección General de Comunicación Social,,112,,,,
04,148.3,156.1,7.9,0.8,0.5,continúa,unidad_responsable,04 Gobernación,010 Política para la protección y defensa de los derechos humanos,914 Dirección General de Estrategias para la Atención de Derechos Humanos,,914,,,,
18,19.7,27.5,7.9,6.9,33.7,continúa,unidad_responsable,18 Energía,039 Articulación de la política nuclear y eléctrica,"314 Dirección General de Distribución, Usos Finales de Energía Eléctrica y Vinculación Social",,314,,,,
05,495.3,503.5,8.2,-15.5,-3.0,continúa,unidad_responsable,05 Relaciones Exteriores,015 Articulación de la política exterior,300 Subsecretaría para América Latina y el Caribe,,300,,,,
36,288.3,296.5,8.3,-5.6,-1.8,continúa,unidad_responsable,36 Seguridad y Protección Ciudadana,048 Plataforma México,"212 Dirección General de Gestión de Servicios, Ciberseguridad y Desarrollo Tecnológico",,212,,,,
12,240.4,248.8,8.4,-3.1,-1.2,continúa,unidad_responsable,12 Salud,001 Actividades de apoyo a la función pública y buen gobierno,NCH Instituto Nacional de Medicina Genómica,,NCH,,,,
48,147.4,155.9,8.5,1.4,0.9,continúa,unidad_responsable,48 Cultura,001 Actividades de apoyo administrativo,"340 Dirección General de Culturas Populares, Indígenas y Urbanas",,340,,,,
08,0.0,8.9,8.9,8.9,inf,aparece,unidad_responsable,08 Agricultura y Desarrollo Rural,021 Aplicación de la Política Agropecuaria,235 Coordinación General de Eficiencia Hídrica Agroalimentaria,,235,,,,
08,0.0,9.2,9.2,9.2,inf,aparece,unidad_responsable,08 Agricultura y Desarrollo Rural,021 Aplicación de la Política Agropecuaria,246 Dirección General de Sustentabilidad,,246,,,,
07,150.1,159.3,9.2,2.0,1.3,continúa,unidad_responsable,07 Defensa Nacional,010 Programa de justicia militar,135 Tribunal Superior Militar,,135,,,,
49,144.8,154.1,9.3,2.4,1.6,continúa,unidad_responsable,49 Fiscalía General de la República,001 Actividades de apoyo administrativo,190 Instituto Nacional de Ciencias Penales,,190,,,,
18,24.6,33.9,9.4,8.2,31.8,continúa,unidad_responsable,18 Energía,037 Articulación de la política energética,"117 Dirección General de Impacto Social, Consulta Previa y Ocupación Superficial",,117,,,,
36,9.7,19.1,9.4,9.0,88.3,continúa,unidad_responsable,36 Seguridad y Protección Ciudadana,047 Articulación de la política  en materia de seguridad nacional y pública,150 Unidad de Prevención de la Violencia y el Delito,,150,,,,
04,32.3,42.1,9.9,8.3,24.7,continúa,unidad_responsable,04 Gobernación,006 Articulación de la política en materia de comunicación social del Gobierno de México,Q00 Centro de Producción de Programas Informativos y Especiales,,Q00,,,,
38,216.6,226.6,10.0,-0.4,-0.2,continúa,unidad_responsable,"38 Ciencia, Humanidades, Tecnología e Innovación",001 Actividades de apoyo a la función pública y buen gobierno,"90I Centro de Investigación y Asistencia en Tecnología y Diseño del Estado de Jalisco, A.C.",,90I,,,,
13,600.7,610.7,10.0,-18.8,-3.0,continúa,unidad_responsable,13 Marina,018 Emplear el Poder Naval de la Federación para salvaguardar la soberanía y seguridad nacionales,119 Unidad de Operaciones Especiales de la Armada de México,,119,,,,
14,313.6,323.8,10.1,-4.9,-1.5,continúa,unidad_responsable,14 Trabajo y Previsión Social,043 Programa de Apoyo al Empleo (PAE),310 Unidad del Servicio Nacional de Empleo,,310,,,,
27,0.0,10.4,10.4,10.4,inf,aparece,unidad_responsable,27 Anticorrupción y Buen Gobierno,044 Política anticorrupción,400 Subsecretaría Anticorrupción,,400,,,,
38,298.1,308.5,10.4,-3.9,-1.2,continúa,unidad_responsable,"38 Ciencia, Humanidades, Tecnología e Innovación",001 Actividades de apoyo a la función pública y buen gobierno,"90Q Centro de Investigación Científica de Yucatán, A.C.",,90Q,,,,
12,565.7,576.2,10.6,-16.6,-2.8,continúa,unidad_responsable,12 Salud,001 Actividades de apoyo administrativo,K00 Centro Nacional para la Prevención y Control del VIH/SIDA y Hepatitis,,K00,,,,
35,27.3,37.9,10.6,9.3,32.5,continúa,unidad_responsable,35 Comisión Nacional de los Derechos Humanos,001 Actividades de apoyo administrativo,123 Dirección General de Tecnologías de la Información y Comunicaciones,,123,,,,
11,1.8,12.4,10.6,10.5,572.7,continúa,unidad_responsable,11 Educación Pública,023 Servicios de Educación Superior y Posgrado,MGJ Universidad de las Lenguas Indígenas de México,,MGJ,,,,
49,217.3,228.0,10.6,0.2,0.1,continúa,unidad_responsable,49 Fiscalía General de la República,012 Supervisar y vigilar la aplicación del marco legal en la investigación y persecución del delito del orden federal,900 Fiscalía Especializada de Asuntos Internos,,900,,,,
38,0.0,10.8,10.8,10.8,inf,aparece,unidad_responsable,"38 Ciencia, Humanidades, Tecnología e Innovación","051 Diseño y evaluación de políticas en ciencia, tecnología e innovación",420 Dirección General de Planeación y Evaluación,,420,,,,
18,8.5,19.5,11.0,10.6,119.1,continúa,unidad_responsable,18 Energía,038 Articulación de la política de hidrocarburos,530 Unidad de Políticas de Transformación Industrial,,530,,,,
38,315.2,326.2,11.0,-4.1,-1.2,continúa,unidad_responsable,"38 Ciencia, Humanidades, Tecnología e Innovación",001 Actividades de apoyo a la función pública y buen gobierno,"90Y CIATEQ, A.C. Centro de Tecnología Avanzada",,90Y,,,,
07,204.4,215.5,11.1,1.3,0.6,continúa,unidad_responsable,07 Defensa Nacional,010 Programa de justicia militar,136 Fiscalía General de Justicia Militar,,136,,,,
12,0.0,11.1,11.1,11.1,inf,aparece,unidad_responsable,12 Salud,001 Actividades de apoyo administrativo,615 Unidad de Análisis Económico e Investigación en Salud,,615,,,,
35,200.7,212.0,11.3,1.7,0.8,continúa,unidad_responsable,35 Comisión Nacional de los Derechos Humanos,032 Atender asuntos relacionados con las personas jóvenes y mayores.,101 Primera Visitaduría General,,101,,,,
38,0.0,11.3,11.3,11.3,inf,aparece,unidad_responsable,"38 Ciencia, Humanidades, Tecnología e Innovación","051 Diseño y evaluación de políticas en ciencia, tecnología e innovación",610 Dirección General de Consulta y Estudios Normativos,,610,,,,
49,27.8,39.3,11.4,10.1,34.5,continúa,unidad_responsable,49 Fiscalía General de la República,013 Promover la formación profesional y capacitación del capital humano,812 Unidad de Planeación y Desarrollo para la Formación de los Recursos Humanos,,812,,,,
48,123.6,135.0,11.5,5.6,4.3,continúa,unidad_responsable,48 Cultura,001 Actividades de apoyo administrativo,100 Oficina del C. Secretario,,100,,,,
49,101.1,112.9,11.7,6.9,6.5,continúa,unidad_responsable,49 Fiscalía General de la República,002 Investigar y perseguir los delitos del orden federal,345 Fiscalía Federal en el Estado de Sinaloa,,345,,,,
38,0.0,11.8,11.8,11.8,inf,aparece,unidad_responsable,"38 Ciencia, Humanidades, Tecnología e Innovación","051 Diseño y evaluación de políticas en ciencia, tecnología e innovación",620 Dirección General de Estrategias y Procedimientos Judiciales,,620,,,,
16,0.0,11.8,11.8,11.8,inf,aparece,unidad_responsable,16 Medio Ambiente y Recursos Naturales,036 Articulación de la Política Ambiental y de Recursos Naturales,810 Coordinación Ejecutiva de Vinculación Institucional,,810,,,,
48,200.2,212.2,11.9,2.3,1.1,continúa,unidad_responsable,48 Cultura,001 Actividades de apoyo administrativo,320 Dirección General de Bibliotecas,,320,,,,
38,342.5,354.4,12.0,-4.5,-1.2,continúa,unidad_responsable,"38 Ciencia, Humanidades, Tecnología e Innovación",001 Actividades de apoyo a la función pública y buen gobierno,90W Centro de Investigaciones y Estudios Superiores en Antropología Social,,90W,,,,
49,126.0,138.0,12.0,6.0,4.5,continúa,unidad_responsable,49 Fiscalía General de la República,004 Promover la solución de controversias en materia penal federal mediante la aplicación de mecanismos alternativos,150 Órgano Especializado de Mecanismos Alternativos de Solución de Controversias,,150,,,,
18,1.9,13.9,12.0,12.0,613.0,continúa,unidad_responsable,18 Energía,037 Articulación de la política energética,121 Dirección General de lo Consultivo,,121,,,,
38,345.1,357.2,12.1,-4.5,-1.2,continúa,unidad_responsable,"38 Ciencia, Humanidades, Tecnología e Innovación",001 Actividades de apoyo a la función pública y buen gobierno,9ZU Centro de Ingeniería y Desarrollo Industrial,,9ZU,,,,
18,0.0,12.2,12.2,12.2,inf,aparece,unidad_responsable,18 Energía,001 Actividades de apoyo administrativo,554 Dirección General de Planes de Exploración y Programas de Evaluación,,554,,,,
18,20.1,32.4,12.3,11.3,53.6,continúa,unidad_responsable,18 Energía,038 Articulación de la política de hidrocarburos,531 Dirección General de Gas Natural y Petroquímicos,,531,,,,
14,305.7,318.0,12.3,-2.3,-0.7,continúa,unidad_responsable,14 Trabajo y Previsión Social,100 Subsidios a las Entidades Federativas para la implementación de la Reforma al Sistema de Justicia Laboral,113 Unidad de Enlace para la Reforma al Sistema de Justicia Laboral,,113,,,,
36,89.3,101.8,12.5,8.2,8.7,continúa,unidad_responsable,36 Seguridad y Protección Ciudadana,001 Actividades de apoyo administrativo,143 Dirección General de Programación y Presupuesto,,143,,,,
16,0.0,12.6,12.6,12.6,inf,aparece,unidad_responsable,16 Medio Ambiente y Recursos Naturales,"016 Regulación, gestión y supervisión socioambiental",812 Dirección General de Fomento y Desempeño Urbano Ambiental Sostenible,,812,,,,
27,0.0,12.7,12.7,12.7,inf,aparece,unidad_responsable,27 Anticorrupción y Buen Gobierno,044 Política anticorrupción,431 Dirección General de Auditoría Gubernamental,,431,,,,
49,25.4,38.3,13.0,11.8,44.3,continúa,unidad_responsable,49 Fiscalía General de la República,001 Actividades de apoyo administrativo,860 Unidad de Planeación y Coordinación Interinstitucional,,860,,,,
18,21.8,35.2,13.4,12.3,54.0,continúa,unidad_responsable,18 Energía,039 Articulación de la política nuclear y eléctrica,300 Subsecretaría de Electricidad,,300,,,,
31,620.9,634.5,13.7,-16.1,-2.5,continúa,unidad_responsable,31 Tribunales Agrarios,001 Actividades de apoyo administrativo,200 Tribunales Unitarios Agrarios,,200,,,,
38,397.9,411.8,13.9,-5.2,-1.2,continúa,unidad_responsable,"38 Ciencia, Humanidades, Tecnología e Innovación",001 Actividades de apoyo a la función pública y buen gobierno,"91U Instituto Nacional de Astrofísica, Óptica y Electrónica",,91U,,,,
08,109.1,123.2,14.1,8.9,7.7,continúa,unidad_responsable,08 Agricultura y Desarrollo Rural,001 Actividades de apoyo administrativo,D00 Colegio Superior Agropecuario del Estado de Guerrero,,D00,,,,
14,32.0,46.2,14.3,12.8,38.1,continúa,unidad_responsable,14 Trabajo y Previsión Social,041 Servicios de conciliación laboral y registros laborales,120 Dirección General de Concertación Social,,120,,,,
35,82.0,96.3,14.3,10.4,12.1,continúa,unidad_responsable,35 Comisión Nacional de los Derechos Humanos,001 Actividades de apoyo administrativo,125 Dirección General de Recursos Materiales y Servicios Generales,,125,,,,
38,418.1,432.7,14.6,-5.4,-1.2,continúa,unidad_responsable,"38 Ciencia, Humanidades, Tecnología e Innovación",001 Actividades de apoyo a la función pública y buen gobierno,"90M Centro de Investigación y Docencia Económicas, A.C.",,90M,,,,
48,195.1,210.2,15.2,5.8,2.8,continúa,unidad_responsable,48 Cultura,001 Actividades de apoyo administrativo,210 Dirección General del Centro Nacional de las Artes,,210,,,,
48,314.2,329.4,15.2,0.1,0.0,continúa,unidad_responsable,48 Cultura,001 Actividades de apoyo a la función pública y buen gobierno,MDC Instituto Mexicano de Cinematografía,,MDC,,,,
11,196.3,211.7,15.3,5.9,2.9,continúa,unidad_responsable,11 Educación Pública,001 Actividades de apoyo a la función pública y buen gobierno,MDE Instituto Nacional de la Infraestructura Física Educativa,,MDE,,,,
38,0.0,15.4,15.4,15.4,inf,aparece,unidad_responsable,"38 Ciencia, Humanidades, Tecnología e Innovación","051 Diseño y evaluación de políticas en ciencia, tecnología e innovación",410 Dirección General de Cooperación Institucional y Sectorial,,410,,,,
05,1372.6,1388.6,16.0,-49.9,-3.5,continúa,unidad_responsable,05 Relaciones Exteriores,016 Política de promoción y defensa de los intereses de México en el ámbito multilateral,150 Jefatura de Unidad para América del Norte,,150,,,,
49,1066.7,1082.8,16.0,-35.2,-3.1,continúa,unidad_responsable,49 Fiscalía General de la República,002 Investigar y perseguir los delitos del orden federal,"850 Unidad Especializada de Infraestructura Tecnológica, Comunicaciones y Sistemas",,850,,,,
18,31.1,47.1,16.1,14.6,44.7,continúa,unidad_responsable,18 Energía,001 Actividades de apoyo administrativo,400 Unidad de Administración y Finanzas,,400,,,,
38,0.0,16.3,16.3,16.3,inf,aparece,unidad_responsable,"38 Ciencia, Humanidades, Tecnología e Innovación","051 Diseño y evaluación de políticas en ciencia, tecnología e innovación",230 Dirección General de Promoción e Incidencia de la Ciencia y las Humanidades,,230,,,,
27,0.0,16.4,16.4,16.4,inf,aparece,unidad_responsable,27 Anticorrupción y Buen Gobierno,001 Actividades de apoyo administrativo,810 Dirección General de Presupuesto y Recursos Financieros,,810,,,,
38,0.0,16.7,16.7,16.7,inf,aparece,unidad_responsable,"38 Ciencia, Humanidades, Tecnología e Innovación","051 Diseño y evaluación de políticas en ciencia, tecnología e innovación",320 Dirección General de Programas Prioritarios,,320,,,,
12,485.2,502.2,17.0,-6.3,-1.2,continúa,unidad_responsable,12 Salud,001 Actividades de apoyo a la función pública y buen gobierno,M7F Instituto Nacional de Psiquiatría Ramón de la Fuente Muñiz,,M7F,,,,
04,282.6,299.6,17.0,3.4,1.2,continúa,unidad_responsable,04 Gobernación,006 Articulación de la política en materia de comunicación social del Gobierno de México,270 Unidad de Normatividad de Medios de Comunicación,,270,,,,
16,0.0,17.2,17.2,17.2,inf,aparece,unidad_responsable,16 Medio Ambiente y Recursos Naturales,036 Articulación de la Política Ambiental y de Recursos Naturales,"120 Dirección General de Planeación, Evaluación y Estadística Ambiental",,120,,,,
13,1001.5,1018.8,17.2,-30.8,-2.9,continúa,unidad_responsable,13 Marina,022 Administración y Operación de Capitanías de Puerto y Asuntos Marítimos,219 Unidad de Capitanías de Puerto y Asuntos Marítimos,,219,,,,
49,62.2,79.5,17.3,14.4,22.0,continúa,unidad_responsable,49 Fiscalía General de la República,008 Representar jurídicamente a la Fiscalía General de la República,110 Unidad Especializada en Asuntos Jurídicos,,110,,,,
27,15.2,33.0,17.7,17.0,106.4,continúa,unidad_responsable,27 Anticorrupción y Buen Gobierno,045 Política de Buen Gobierno,700 Unidad Técnica de Apoyo,,700,,,,
38,508.3,526.1,17.8,-6.6,-1.2,continúa,unidad_responsable,"38 Ciencia, Humanidades, Tecnología e Innovación",001 Actividades de apoyo a la función pública y buen gobierno,"90O Centro de Investigaciones Biológicas del Noroeste, S.C.",,90O,,,,
05,285.1,302.9,17.8,4.2,1.4,continúa,unidad_responsable,05 Relaciones Exteriores,001 Actividades de apoyo administrativo,610 Dirección General del Servicio Exterior y de Recursos Humanos,,610,,,,
08,0.0,18.1,18.1,18.1,inf,aparece,unidad_responsable,08 Agricultura y Desarrollo Rural,021 Aplicación de la Política Agropecuaria,250 Coordinación General de Operación Territorial,,250,,,,
18,22.1,40.8,18.7,17.7,76.4,continúa,unidad_responsable,18 Energía,037 Articulación de la política energética,200 Subsecretaría de Planeación y Transición Energética,,200,,,,
38,0.0,18.8,18.8,18.8,inf,aparece,unidad_responsable,"38 Ciencia, Humanidades, Tecnología e Innovación","051 Diseño y evaluación de políticas en ciencia, tecnología e innovación","310 Dirección General de Desarrollo, Transferencia de Tecnología e Innovación",,310,,,,
12,538.7,557.5,18.9,-7.0,-1.2,continúa,unidad_responsable,12 Salud,001 Actividades de apoyo a la función pública y buen gobierno,NDY Instituto Nacional de Salud Pública,,NDY,,,,
12,83.4,102.5,19.1,15.1,17.3,continúa,unidad_responsable,12 Salud,001 Actividades de apoyo administrativo,NCE Instituto Nacional de Geriatría,,NCE,,,,
08,0.0,19.3,19.3,19.3,inf,aparece,unidad_responsable,08 Agricultura y Desarrollo Rural,021 Aplicación de la Política Agropecuaria,226 Dirección General de Producción Agrícola,,226,,,,
06,221.1,240.6,19.5,8.9,3.8,continúa,unidad_responsable,06 Hacienda y Crédito Público,001 Actividades de apoyo a la función pública y buen gobierno,C00 Comisión Nacional de Seguros y Fianzas,,C00,,,,
38,67.8,87.4,19.6,16.4,23.0,continúa,unidad_responsable,"38 Ciencia, Humanidades, Tecnología e Innovación",001 Actividades de apoyo a la función pública y buen gobierno,"90A Centro de Investigación en Ciencias de Información Geoespacial, A.C.",,90A,,,,
05,443.6,463.9,20.4,-0.9,-0.2,continúa,unidad_responsable,05 Relaciones Exteriores,016 Política de promoción y defensa de los intereses de México en el ámbito multilateral,800 Subsecretaría para Asuntos Multilaterales y Derechos Humanos,,800,,,,
08,0.0,20.7,20.7,20.7,inf,aparece,unidad_responsable,08 Agricultura y Desarrollo Rural,021 Aplicación de la Política Agropecuaria,268 Oficina de Representación en la Ciudad de México,,268,,,,
38,599.4,620.4,21.0,-7.8,-1.2,continúa,unidad_responsable,"38 Ciencia, Humanidades, Tecnología e Innovación",001 Actividades de apoyo a la función pública y buen gobierno,"9ZW Centro de Investigación Científica y de Educación Superior de Ensenada, Baja California",,9ZW,,,,
49,88.5,109.6,21.1,16.9,18.2,continúa,unidad_responsable,49 Fiscalía General de la República,001 Actividades de apoyo administrativo,140 Unidad de Comunicación Social,,140,,,,
38,0.0,21.3,21.3,21.3,inf,aparece,unidad_responsable,"38 Ciencia, Humanidades, Tecnología e Innovación","051 Diseño y evaluación de políticas en ciencia, tecnología e innovación",210 Dirección General de Investigación Científica y Humanística,,210,,,,
07,665.5,686.8,21.4,-10.6,-1.5,continúa,unidad_responsable,07 Defensa Nacional,"001 Defensa de la Integridad, la Independencia, la Soberanía del Territorio Nacional",128 Comandancia IX Región Militar,,128,,,,
09,0.0,21.4,21.4,21.4,inf,aparece,unidad_responsable,"09 Infraestructura, Comunicaciones y Transportes",001 Actividades de apoyo administrativo,119 Dirección General de Vinculación Institucional,,119,,,,
38,0.0,21.6,21.6,21.6,inf,aparece,unidad_responsable,"38 Ciencia, Humanidades, Tecnología e Innovación",001 Actividades de apoyo administrativo,530 Dirección General de Presupuesto y Recursos Financieros,,530,,,,
20,511.6,533.7,22.0,-2.5,-0.5,continúa,unidad_responsable,20 Bienestar,041 Articulación de la Política de Bienestar,115 Unidad de Vinculación Interinstitucional,,115,,,,
05,1275.3,1297.6,22.2,-39.0,-2.9,continúa,unidad_responsable,05 Relaciones Exteriores,015 Articulación de la política exterior,400 Subsecretaría de Relaciones Exteriores,,400,,,,
18,0.0,22.7,22.7,22.7,inf,aparece,unidad_responsable,18 Energía,038 Articulación de la política de hidrocarburos,"533 Dirección General de Permisos de Importación y Exportación de Hidrocarburos, Petroquímicos y Petrolíferos",,533,,,,
15,0.0,22.9,22.9,22.9,inf,aparece,unidad_responsable,"15 Desarrollo Agrario, Territorial y Urbano","034 Política de ordenamiento agrario, territorial y urbano",516 Dirección General de Gestión Integral de Riesgos de Desastres y Cambio Climático,,516,,,,
49,66.7,89.8,23.1,19.9,28.5,continúa,unidad_responsable,49 Fiscalía General de la República,002 Investigar y perseguir los delitos del orden federal,831 Unidad de Registro de Aseguramientos Ministeriales y Destino Final,,831,,,,
49,407.5,431.1,23.6,4.0,0.9,continúa,unidad_responsable,49 Fiscalía General de la República,006 Investigar y perseguir los delitos federales de carácter especial y en asuntos internacionales,500 Fiscalía Especializada de Control Competencial,,500,,,,
38,0.0,24.6,24.6,24.6,inf,aparece,unidad_responsable,"38 Ciencia, Humanidades, Tecnología e Innovación","051 Diseño y evaluación de políticas en ciencia, tecnología e innovación",330 Dirección General de Centros Públicos de Investigación y Laboratorios Nacionales,,330,,,,
27,0.0,25.0,25.0,25.0,inf,aparece,unidad_responsable,27 Anticorrupción y Buen Gobierno,001 Actividades de apoyo administrativo,T00 Transparencia para el Pueblo,,T00,,,,
11,857.4,883.2,25.7,-15.4,-1.7,continúa,unidad_responsable,11 Educación Pública,026 Diseño de la Política Educativa y Regulación de los Servicios,515 Dirección General de Educación Superior para el Magisterio,,515,,,,
05,282.5,309.1,26.5,13.0,4.4,continúa,unidad_responsable,05 Relaciones Exteriores,005 Atención y servicios integrales de protección y asistencia consular,611 Dirección General de Oficinas de Pasaportes,,611,,,,
13,2013.4,2040.1,26.7,-70.0,-3.3,continúa,unidad_responsable,13 Marina,022 Administración y Operación de Capitanías de Puerto y Asuntos Marítimos,313 Universidad Naval,,313,,,,
06,200.7,229.4,28.7,19.1,9.1,continúa,unidad_responsable,06 Hacienda y Crédito Público,001 Actividades de apoyo a la función pública y buen gobierno,D00 Comisión Nacional del Sistema de Ahorro para el Retiro,,D00,,,,
12,828.7,857.7,29.0,-10.8,-1.2,continúa,unidad_responsable,12 Salud,001 Actividades de apoyo a la función pública y buen gobierno,"M7K Centros de Integración Juvenil, A.C.",,M7K,,,,
38,356.1,385.3,29.1,12.1,3.2,continúa,unidad_responsable,"38 Ciencia, Humanidades, Tecnología e Innovación",001 Actividades de apoyo a la función pública y buen gobierno,"91C El Colegio de la Frontera Norte, A.C.",,91C,,,,
36,155.2,184.9,29.6,22.2,13.6,continúa,unidad_responsable,36 Seguridad y Protección Ciudadana,001 Actividades de apoyo administrativo,141 Dirección General de Recursos Humanos,,141,,,,
07,957.7,987.6,29.9,-16.0,-1.6,continúa,unidad_responsable,07 Defensa Nacional,"001 Defensa de la Integridad, la Independencia, la Soberanía del Territorio Nacional",130 Comandancia XI Región Militar,,130,,,,
38,213.9,244.1,30.3,20.0,8.9,continúa,unidad_responsable,"38 Ciencia, Humanidades, Tecnología e Innovación",001 Actividades de apoyo a la función pública y buen gobierno,"90E Centro de Investigación en Materiales Avanzados, S.C.",,90E,,,,
48,708.5,739.0,30.4,-3.6,-0.5,continúa,unidad_responsable,48 Cultura,001 Actividades de apoyo administrativo,300 Subsecretaría de Diversidad Cultural y Fomento a la Lectura,,300,,,,
18,47.4,78.1,30.8,28.5,57.4,continúa,unidad_responsable,18 Energía,037 Articulación de la política energética,100 Secretaría,,100,,,,
49,80.4,111.6,31.2,27.3,32.4,continúa,unidad_responsable,49 Fiscalía General de la República,002 Investigar y perseguir los delitos del orden federal,346 Fiscalía Federal en el Estado de Sonora,,346,,,,
32,0.0,31.2,31.2,31.2,inf,aparece,unidad_responsable,32 Tribunal Federal de Justicia Administrativa,001 Impartición de Justicia Fiscal y Administrativa,"312 Tercera Sala Regional del Norte-Centro II, con sede en la Ciudad de Torreón, Estado de Coahuila",,312,,,,
11,1042.9,1074.2,31.3,-18.8,-1.7,continúa,unidad_responsable,11 Educación Pública,026 Diseño de la Política Educativa y Regulación de los Servicios,500 Subsecretaría de Educación Superior,,500,,,,
38,0.0,31.3,31.3,31.3,inf,aparece,unidad_responsable,"38 Ciencia, Humanidades, Tecnología e Innovación",001 Actividades de apoyo administrativo,510 Dirección General de Recursos Humanos y Organización,,510,,,,
16,321.8,353.5,31.6,16.2,4.8,continúa,unidad_responsable,16 Medio Ambiente y Recursos Naturales,001 Actividades de apoyo administrativo,G00 Agencia Nacional de Seguridad Industrial y de Protección al Medio Ambiente del Sector Hidrocarburos,,G00,,,,
32,1745.5,1777.6,32.1,-51.7,-2.8,continúa,unidad_responsable,32 Tribunal Federal de Justicia Administrativa,025 Proyectos de inmuebles (oficinas administrativas),110 Tribunal Federal de Justicia Administrativa con sede en la Ciudad de México,,110,,,,
08,0.0,32.4,32.4,32.4,inf,aparece,unidad_responsable,08 Agricultura y Desarrollo Rural,021 Aplicación de la Política Agropecuaria,262 Oficina de Representación en Baja California Sur,,262,,,,
13,1511.2,1543.6,32.4,-40.1,-2.5,continúa,unidad_responsable,13 Marina,018 Emplear el Poder Naval de la Federación para salvaguardar la soberanía y seguridad nacionales,116 Cuartel General del Alto Mando,,116,,,,
27,0.0,32.8,32.8,32.8,inf,aparece,unidad_responsable,27 Anticorrupción y Buen Gobierno,001 Actividades de apoyo a la función pública y buen gobierno,900 Órgano Interno de Control de la Secretaría,,900,,,,
38,0.0,33.7,33.7,33.7,inf,aparece,unidad_responsable,"38 Ciencia, Humanidades, Tecnología e Innovación",001 Actividades de apoyo administrativo,520 Dirección General de Recursos Materiales y Servicios Generales,,520,,,,
36,143.5,177.3,33.8,26.9,17.9,continúa,unidad_responsable,36 Seguridad y Protección Ciudadana,048 Plataforma México,211 Centro Nacional de Información Plataforma México,,211,,,,
08,0.0,36.1,36.1,36.1,inf,aparece,unidad_responsable,08 Agricultura y Desarrollo Rural,021 Aplicación de la Política Agropecuaria,281 Oficina de Representación en Querétaro,,281,,,,
08,0.0,37.3,37.3,37.3,inf,aparece,unidad_responsable,08 Agricultura y Desarrollo Rural,021 Aplicación de la Política Agropecuaria,276 Oficina de Representación en Morelos,,276,,,,
08,0.0,37.3,37.3,37.3,inf,aparece,unidad_responsable,08 Agricultura y Desarrollo Rural,021 Aplicación de la Política Agropecuaria,282 Oficina de Representación en Quintana Roo,,282,,,,
07,2033.9,2073.1,39.2,-58.4,-2.7,continúa,unidad_responsable,07 Defensa Nacional,"025 Investigación, desarrollo tecnológico, producción y mantenimiento de armamento, municiones, explosivos, vehículos y equipos militares y sus accesorios",112 Dirección General de Industria Militar,,112,,,,
09,50.1,89.8,39.7,37.3,71.0,continúa,unidad_responsable,"09 Infraestructura, Comunicaciones y Transportes","007 Supervisión, regulación, inspección, verificación y servicios administrativos de construcción y conservación de carreteras",212 Dirección General de Servicios Técnicos,,212,,,,
04,598.3,638.1,39.8,11.1,1.8,continúa,unidad_responsable,04 Gobernación,010 Política para la protección y defensa de los derechos humanos,915 Dirección General para la Protección de Personas Defensoras de Derechos Humanos y Periodistas,,915,,,,
08,0.0,40.4,40.4,40.4,inf,aparece,unidad_responsable,08 Agricultura y Desarrollo Rural,021 Aplicación de la Política Agropecuaria,263 Oficina de Representación en Campeche,,263,,,,
07,876.0,916.7,40.7,-1.4,-0.1,continúa,unidad_responsable,07 Defensa Nacional,"001 Defensa de la Integridad, la Independencia, la Soberanía del Territorio Nacional",122 Comandancia III Región Militar,,122,,,,
04,365.5,407.5,41.9,24.4,6.4,continúa,unidad_responsable,04 Gobernación,003 Servicios de impartición de justicia laboral para los trabajadores al servicio del Estado,F00 Tribunal Federal de Conciliación y Arbitraje,,F00,,,,
08,0.0,42.6,42.6,42.6,inf,aparece,unidad_responsable,08 Agricultura y Desarrollo Rural,021 Aplicación de la Política Agropecuaria,260 Oficina de Representación en Aguascalientes,,260,,,,
36,1395.2,1438.4,43.2,-23.8,-1.6,continúa,unidad_responsable,36 Seguridad y Protección Ciudadana,001 Actividades de apoyo administrativo,G00 Secretariado Ejecutivo del Sistema Nacional de Seguridad Pública,,G00,,,,
38,397.4,441.2,43.8,24.7,5.9,continúa,unidad_responsable,"38 Ciencia, Humanidades, Tecnología e Innovación",001 Actividades de apoyo a la función pública y buen gobierno,91E El Colegio de la Frontera Sur,,91E,,,,
07,729.0,773.1,44.1,9.1,1.2,continúa,unidad_responsable,07 Defensa Nacional,001 Actividades de apoyo administrativo,140 Dirección General de Informática,,140,,,,
55,0.0,44.7,44.7,44.7,inf,aparece,unidad_responsable,55 Agencia de Transformación Digital y Telecomunicaciones,001 Actividades de apoyo administrativo,B00 Comisión Nacional de Mejora Regulatoria,,B00,,,,
12,1283.3,1328.2,44.9,-16.7,-1.2,continúa,unidad_responsable,12 Salud,001 Actividades de apoyo a la función pública y buen gobierno,NCK Instituto Nacional de Neurología y Neurocirugía Manuel Velasco Suárez,,NCK,,,,
36,64.6,109.9,45.2,42.1,62.2,continúa,unidad_responsable,36 Seguridad y Protección Ciudadana,005 Coordinación del Sistema Nacional de Protección Civil y prevención de amenazas y desastres derivadas de alertas de riesgos,161 Dirección General de Protección Civil,,161,,,,
54,0.0,46.1,46.1,46.1,inf,aparece,unidad_responsable,54 Mujeres,059 Política de fortalecimiento de la Igualdad Sustantiva entre Mujeres y Hombres,120 Dirección General de Comunicación Social,,120,,,,
27,0.0,46.3,46.3,46.3,inf,aparece,unidad_responsable,27 Anticorrupción y Buen Gobierno,045 Política de Buen Gobierno,840 Dirección General de Tecnologías de la Información y Comunicaciones,,840,,,,
48,508.2,554.6,46.4,22.0,4.1,continúa,unidad_responsable,48 Cultura,001 Actividades de apoyo administrativo,410 Dirección General de Administración,,410,,,,
07,1013.9,1060.4,46.5,-2.1,-0.2,continúa,unidad_responsable,07 Defensa Nacional,026 Producción de vestuario y equipo militar,113 Dirección General de Fábricas de Vestuario y Equipo,,113,,,,
55,0.0,46.8,46.8,46.8,inf,aparece,unidad_responsable,55 Agencia de Transformación Digital y Telecomunicaciones,001 Actividades de apoyo administrativo,JZN Agencia Espacial Mexicana,,JZN,,,,
08,0.0,49.8,49.8,49.8,inf,aparece,unidad_responsable,08 Agricultura y Desarrollo Rural,021 Aplicación de la Política Agropecuaria,265 Oficina de Representación en Colima,,265,,,,
11,1677.0,1727.3,50.3,-30.2,-1.7,continúa,unidad_responsable,11 Educación Pública,001 Actividades de apoyo a la función pública y buen gobierno,L5X Colegio Nacional de Educación Profesional Técnica,,L5X,,,,
08,0.0,50.8,50.8,50.8,inf,aparece,unidad_responsable,08 Agricultura y Desarrollo Rural,021 Aplicación de la Política Agropecuaria,288 Oficina de Representación en Tlaxcala,,288,,,,
08,0.0,50.9,50.9,50.9,inf,aparece,unidad_responsable,08 Agricultura y Desarrollo Rural,021 Aplicación de la Política Agropecuaria,264 Oficina de Representación en Coahuila,,264,,,,
38,0.0,51.2,51.2,51.2,inf,aparece,unidad_responsable,"38 Ciencia, Humanidades, Tecnología e Innovación","051 Diseño y evaluación de políticas en ciencia, tecnología e innovación",340 Dirección General de Sistemas Nacionales de Información Científica,,340,,,,
38,305.9,357.7,51.9,37.2,11.6,continúa,unidad_responsable,"38 Ciencia, Humanidades, Tecnología e Innovación",001 Actividades de apoyo a la función pública y buen gobierno,"91Q Instituto de Ecología, A.C.",,91Q,,,,
11,304.0,356.3,52.3,37.7,11.8,continúa,unidad_responsable,11 Educación Pública,001 Actividades de apoyo a la función pública y buen gobierno,K00 Universidad Abierta y a Distancia de México,,K00,,,,
47,1118.9,1171.5,52.5,-1.2,-0.1,continúa,unidad_responsable,47 Entidades no Sectorizadas,001 Actividades de apoyo Administrativo,AYJ Comisión Ejecutiva de Atención a Víctimas,,AYJ,,,,
10,1083.5,1136.4,52.9,0.9,0.1,continúa,unidad_responsable,10 Economía,001 Actividades de apoyo a la función pública y buen gobierno,LAT Procuraduría Federal del Consumidor,,LAT,,,,
12,0.0,53.4,53.4,53.4,inf,aparece,unidad_responsable,12 Salud,001 Actividades de apoyo administrativo,618 Dirección General de Modernización del Sector Salud,,618,,,,
27,0.0,53.7,53.7,53.7,inf,aparece,unidad_responsable,27 Anticorrupción y Buen Gobierno,045 Política de Buen Gobierno,250 Unidad de Innovación de la Gestión Pública,,250,,,,
18,107.0,161.3,54.2,49.1,43.7,continúa,unidad_responsable,18 Energía,001 Actividades de apoyo administrativo,A00 Comisión Nacional de Seguridad Nuclear y Salvaguardias,,A00,,,,
08,0.0,54.4,54.4,54.4,inf,aparece,unidad_responsable,08 Agricultura y Desarrollo Rural,021 Aplicación de la Política Agropecuaria,277 Oficina de Representación en Nayarit,,277,,,,
08,0.0,54.6,54.6,54.6,inf,aparece,unidad_responsable,08 Agricultura y Desarrollo Rural,021 Aplicación de la Política Agropecuaria,278 Oficina de Representación en Nuevo León,,278,,,,
27,7.7,62.5,54.7,54.4,671.1,continúa,unidad_responsable,27 Anticorrupción y Buen Gobierno,044 Política anticorrupción,500 Unidad de Combate a la Impunidad,,500,,,,
08,0.0,57.0,57.0,57.0,inf,aparece,unidad_responsable,08 Agricultura y Desarrollo Rural,021 Aplicación de la Política Agropecuaria,292 Oficina de Representación en la Región Lagunera,,292,,,,
38,417.4,475.3,57.9,37.9,8.7,continúa,unidad_responsable,"38 Ciencia, Humanidades, Tecnología e Innovación",001 Actividades de apoyo a la función pública y buen gobierno,"9ZY Centro de Investigación en Alimentación y Desarrollo, A.C.",,9ZY,,,,
49,106.2,165.0,58.8,53.7,48.3,continúa,unidad_responsable,49 Fiscalía General de la República,002 Investigar y perseguir los delitos del orden federal,200 Agencia de Investigación Criminal,,200,,,,
08,0.0,60.6,60.6,60.6,inf,aparece,unidad_responsable,08 Agricultura y Desarrollo Rural,021 Aplicación de la Política Agropecuaria,261 Oficina de Representación en Baja California,,261,,,,
04,47.9,109.2,61.3,59.1,117.7,continúa,unidad_responsable,04 Gobernación,001 Servicios de atención a refugiados en el país,N00 Coordinación General de la Comisión Mexicana de Ayuda a Refugiados,,N00,,,,
04,0.0,62.9,62.9,62.9,inf,aparece,unidad_responsable,04 Gobernación,005 Planeación y conducción de la Política Interior,501 Dirección General de Juegos y Sorteos,,501,,,,
21,857.9,922.2,64.2,23.1,2.6,continúa,unidad_responsable,21 Turismo,001 Actividades de apoyo a la función pública y buen gobierno,W3N Fondo Nacional de Fomento al Turismo,,W3N,,,,
27,0.0,64.3,64.3,64.3,inf,aparece,unidad_responsable,27 Anticorrupción y Buen Gobierno,044 Política anticorrupción,520 Dirección General de Investigación,,520,,,,
27,0.0,65.1,65.1,65.1,inf,aparece,unidad_responsable,27 Anticorrupción y Buen Gobierno,001 Actividades de apoyo administrativo,830 Dirección General de Recursos Materiales y Servicios Generales,,830,,,,
47,335.9,401.2,65.3,49.2,14.0,continúa,unidad_responsable,47 Entidades no Sectorizadas,001 Actividades de apoyo Administrativo,AYL Sistema Público de Radiodifusión del Estado Mexicano,,AYL,,,,
11,361.8,427.9,66.1,48.7,12.8,continúa,unidad_responsable,11 Educación Pública,001 Actividades de apoyo a la función pública y buen gobierno,L3P Centro de Enseñanza Técnica Industrial,,L3P,,,,
06,0.0,66.3,66.3,66.3,inf,aparece,unidad_responsable,06 Hacienda y Crédito Público,017 Diseño de la política de ingresos,312 Unidad de Legislación Tributaria,,312,,,,
12,1905.3,1972.0,66.7,-24.8,-1.2,continúa,unidad_responsable,12 Salud,001 Actividades de apoyo a la función pública y buen gobierno,NDF Instituto Nacional de Rehabilitación Luis Guillermo Ibarra Ibarra,,NDF,,,,
07,1079.1,1146.2,67.1,15.3,1.4,continúa,unidad_responsable,07 Defensa Nacional,"001 Defensa de la Integridad, la Independencia, la Soberanía del Territorio Nacional",123 Comandancia IV Región Militar,,123,,,,
48,625.6,692.8,67.3,37.2,5.7,continúa,unidad_responsable,48 Cultura,001 Actividades de apoyo administrativo,200 Subsecretaría de Desarrollo Cultural,,200,,,,
08,0.0,69.0,69.0,69.0,inf,aparece,unidad_responsable,08 Agricultura y Desarrollo Rural,001 Actividades de apoyo administrativo,811 Dirección General del Servicio de Información Agroalimentaria y Pesquera,,811,,,,
22,952.4,1022.1,69.7,23.9,2.4,continúa,unidad_responsable,22 Instituto Nacional Electoral,011 Tecnologías de información y comunicaciones,109 Unidad de Servicios de Informática,,109,,,,
11,2332.6,2402.6,70.0,-42.0,-1.7,continúa,unidad_responsable,11 Educación Pública,001 Actividades de apoyo a la función pública y buen gobierno,L5N Colegio de Bachilleres,,L5N,,,,
08,0.0,71.0,71.0,71.0,inf,aparece,unidad_responsable,08 Agricultura y Desarrollo Rural,021 Aplicación de la Política Agropecuaria,286 Oficina de Representación en Tabasco,,286,,,,
06,0.0,71.2,71.2,71.2,inf,aparece,unidad_responsable,06 Hacienda y Crédito Público,017 Diseño de la política de ingresos,311 Unidad de Política de Ingresos Tributarios,,311,,,,
08,0.0,72.0,72.0,72.0,inf,aparece,unidad_responsable,08 Agricultura y Desarrollo Rural,021 Aplicación de la Política Agropecuaria,283 Oficina de Representación en San Luis Potosí,,283,,,,
27,741.0,813.5,72.5,36.9,4.8,continúa,unidad_responsable,27 Anticorrupción y Buen Gobierno,001 Actividades de apoyo a la función pública y buen gobierno,600 Unidad de Asuntos Jurídicos,,600,,,,
08,0.0,72.8,72.8,72.8,inf,aparece,unidad_responsable,08 Agricultura y Desarrollo Rural,021 Aplicación de la Política Agropecuaria,285 Oficina de Representación en Sonora,,285,,,,
12,1187.6,1260.4,72.8,15.8,1.3,continúa,unidad_responsable,12 Salud,001 Actividades de apoyo a la función pública y buen gobierno,NDE Instituto Nacional de Perinatología Isidro Espinosa de los Reyes,,NDE,,,,
49,1863.6,1937.6,74.0,-15.5,-0.8,continúa,unidad_responsable,49 Fiscalía General de la República,002 Investigar y perseguir los delitos del orden federal,300 Fiscalía Especializada de Control Regional,,300,,,,
18,97.8,171.9,74.0,69.4,67.6,continúa,unidad_responsable,18 Energía,001 Actividades de apoyo administrativo,E00 Comisión Nacional para el Uso Eficiente de la Energía,,E00,,,,
18,0.0,75.0,75.0,75.0,inf,aparece,unidad_responsable,18 Energía,038 Articulación de la política de hidrocarburos,543 Dirección General de Desarrollo de Argumentación Técnica para la Implementación de la Política Regulatoria del Sector Hidrocarburos,,543,,,,
27,0.0,75.2,75.2,75.2,inf,aparece,unidad_responsable,27 Anticorrupción y Buen Gobierno,045 Política de Buen Gobierno,240 Unidad de Participación Social y Responsabilidad Compartida,,240,,,,
08,0.0,76.8,76.8,76.8,inf,aparece,unidad_responsable,08 Agricultura y Desarrollo Rural,021 Aplicación de la Política Agropecuaria,227 Dirección General de Producción Ganadera,,227,,,,
08,0.0,78.0,78.0,78.0,inf,aparece,unidad_responsable,08 Agricultura y Desarrollo Rural,021 Aplicación de la Política Agropecuaria,269 Oficina de Representación en Durango,,269,,,,
08,0.0,78.2,78.2,78.2,inf,aparece,unidad_responsable,08 Agricultura y Desarrollo Rural,021 Aplicación de la Política Agropecuaria,272 Oficina de Representación en Hidalgo,,272,,,,
12,2615.3,2695.0,79.7,-45.9,-1.7,continúa,unidad_responsable,12 Salud,001 Actividades de apoyo administrativo,"L00 Centro Nacional de Equidad de Género, Salud Sexual y Reproductiva",,L00,,,,
49,399.5,481.8,82.2,63.1,15.1,continúa,unidad_responsable,49 Fiscalía General de la República,009 Investigar y perseguir los delitos cometidos en materia de derechos humanos,600 Fiscalía Especializada en materia de Derechos Humanos,,600,,,,
08,0.0,86.1,86.1,86.1,inf,aparece,unidad_responsable,08 Agricultura y Desarrollo Rural,021 Aplicación de la Política Agropecuaria,291 Oficina de Representación en Zacatecas,,291,,,,
08,0.0,86.2,86.2,86.2,inf,aparece,unidad_responsable,08 Agricultura y Desarrollo Rural,021 Aplicación de la Política Agropecuaria,270 Oficina de Representación en Guanajuato,,270,,,,
08,0.0,86.4,86.4,86.4,inf,aparece,unidad_responsable,08 Agricultura y Desarrollo Rural,021 Aplicación de la Política Agropecuaria,290 Oficina de Representación en Yucatán,,290,,,,
49,794.0,883.0,89.0,50.9,6.1,continúa,unidad_responsable,49 Fiscalía General de la República,001 Actividades de apoyo administrativo,811 Unidad de Recursos Humanos,,811,,,,
06,0.0,89.3,89.3,89.3,inf,aparece,unidad_responsable,06 Hacienda y Crédito Público,017 Diseño de la política de ingresos,310 Unidad de Política de Ingresos no Tributarios y sobre Hidrocarburos,,310,,,,
11,3014.9,3105.4,90.4,-54.3,-1.7,continúa,unidad_responsable,11 Educación Pública,001 Actividades de apoyo administrativo,MEY Organismo Coordinador de las Universidades para el Bienestar Benito Juárez García,,MEY,,,,
08,0.0,91.4,91.4,91.4,inf,aparece,unidad_responsable,08 Agricultura y Desarrollo Rural,021 Aplicación de la Política Agropecuaria,267 Oficina de Representación en Chihuahua,,267,,,,
27,0.0,92.3,92.3,92.3,inf,aparece,unidad_responsable,27 Anticorrupción y Buen Gobierno,044 Política anticorrupción,430 Unidad de Auditoría y Control Gubernamental,,430,,,,
08,0.0,94.0,94.0,94.0,inf,aparece,unidad_responsable,08 Agricultura y Desarrollo Rural,021 Aplicación de la Política Agropecuaria,284 Oficina de Representación en Sinaloa,,284,,,,
11,722.1,819.3,97.3,62.6,8.3,continúa,unidad_responsable,11 Educación Pública,001 Actividades de apoyo a la función pública y buen gobierno,"L8K El Colegio de México, A.C.",,L8K,,,,
08,0.0,98.4,98.4,98.4,inf,aparece,unidad_responsable,08 Agricultura y Desarrollo Rural,021 Aplicación de la Política Agropecuaria,273 Oficina de Representación en Jalisco,,273,,,,
54,0.0,101.9,101.9,101.9,inf,aparece,unidad_responsable,54 Mujeres,059 Política de fortalecimiento de la Igualdad Sustantiva entre Mujeres y Hombres,100 Secretaría,,100,,,,
08,0.0,102.6,102.6,102.6,inf,aparece,unidad_responsable,08 Agricultura y Desarrollo Rural,021 Aplicación de la Política Agropecuaria,271 Oficina de Representación en Guerrero,,271,,,,
11,5547.9,5650.7,102.8,-163.5,-2.8,continúa,unidad_responsable,11 Educación Pública,026 Diseño de la Política Educativa y Regulación de los Servicios,514 Dirección General de Universidades Tecnológicas y Politécnicas,,514,,,,
06,115.8,218.8,103.0,97.5,80.3,continúa,unidad_responsable,06 Hacienda y Crédito Público,001 Actividades de apoyo administrativo,A00 Instituto de Administración y Avalúos de Bienes Nacionales,,A00,,,,
49,2443.9,2548.4,104.4,-12.9,-0.5,continúa,unidad_responsable,49 Fiscalía General de la República,001 Actividades de apoyo administrativo,"830 Unidad Especializada de Recursos, Servicios e Infraestructura Inmobiliaria",,830,,,,
08,0.0,104.5,104.5,104.5,inf,aparece,unidad_responsable,08 Agricultura y Desarrollo Rural,021 Aplicación de la Política Agropecuaria,280 Oficina de Representación en Puebla,,280,,,,
08,0.0,110.4,110.4,110.4,inf,aparece,unidad_responsable,08 Agricultura y Desarrollo Rural,021 Aplicación de la Política Agropecuaria,279 Oficina de Representación en Oaxaca,,279,,,,
07,0.0,111.5,111.5,111.5,inf,aparece,unidad_responsable,07 Defensa Nacional,016 Servicios de dirección de la Aerolínea del Estado Mexicano,"HZK Aerolínea del Estado Mexicano, S.A. de C.V.",,HZK,,,,
49,805.5,917.3,111.7,73.1,8.7,continúa,unidad_responsable,49 Fiscalía General de la República,001 Actividades de apoyo administrativo,800 Oficialía Mayor,,800,,,,
04,1102.0,1214.7,112.7,59.8,5.2,continúa,unidad_responsable,04 Gobernación,"012 Determinación, ejecución y seguimiento a las acciones de búsqueda de Personas Desaparecidas y No Localizadas",X00 Comisión Nacional de Búsqueda de Personas,,X00,,,,
08,0.0,114.7,114.7,114.7,inf,aparece,unidad_responsable,08 Agricultura y Desarrollo Rural,021 Aplicación de la Política Agropecuaria,274 Oficina de Representación en el Estado de México,,274,,,,
08,0.0,116.4,116.4,116.4,inf,aparece,unidad_responsable,08 Agricultura y Desarrollo Rural,021 Aplicación de la Política Agropecuaria,287 Oficina de Representación en Tamaulipas,,287,,,,
06,11138.9,11261.4,122.5,-412.2,-3.5,continúa,unidad_responsable,06 Hacienda y Crédito Público,001 Actividades de apoyo a la función pública y buen gobierno,E00 Servicio de Administración Tributaria,,E00,,,,
08,0.0,124.0,124.0,124.0,inf,aparece,unidad_responsable,08 Agricultura y Desarrollo Rural,021 Aplicación de la Política Agropecuaria,275 Oficina de Representación en Michoacán,,275,,,,
18,0.0,128.6,128.6,128.6,inf,aparece,unidad_responsable,18 Energía,017 Regulación y permisos de electricidad e hidrocarburos,F00 Comisión Nacional de Energía,,F00,,,,
27,0.0,130.8,130.8,130.8,inf,aparece,unidad_responsable,27 Anticorrupción y Buen Gobierno,045 Política de Buen Gobierno,230 Unidad de Contrataciones Públicas,,230,,,,
15,283.5,422.6,139.1,125.5,42.2,continúa,unidad_responsable,"15 Desarrollo Agrario, Territorial y Urbano",001 Actividades de apoyo administrativo,QDV Instituto Nacional del Suelo Sustentable,,QDV,,,,
12,5010.7,5150.4,139.7,-100.8,-1.9,continúa,unidad_responsable,12 Salud,001 Actividades de apoyo a la función pública y buen gobierno,NHK Sistema Nacional para el Desarrollo Integral de la Familia,,NHK,,,,
18,284.9,427.1,142.2,128.5,43.1,continúa,unidad_responsable,18 Energía,001 Actividades de apoyo administrativo,T0K Instituto Nacional de Electricidad y Energías Limpias,,T0K,,,,
08,2035.8,2181.0,145.3,47.5,2.2,continúa,unidad_responsable,08 Agricultura y Desarrollo Rural,001 Actividades de apoyo administrativo,I00 Comisión Nacional de Acuacultura y Pesca,,I00,,,,
08,0.0,148.2,148.2,148.2,inf,aparece,unidad_responsable,08 Agricultura y Desarrollo Rural,021 Aplicación de la Política Agropecuaria,230 Coordinación General de Comercialización y Financiamiento,,230,,,,
08,0.0,149.2,149.2,149.2,inf,aparece,unidad_responsable,08 Agricultura y Desarrollo Rural,021 Aplicación de la Política Agropecuaria,289 Oficina de Representación en Veracruz,,289,,,,
06,133.3,292.0,158.7,152.3,109.0,continúa,unidad_responsable,06 Hacienda y Crédito Público,018 Diseño y conducción de la política de gasto público,"411 Unidad de Diseño Presupuestario, Control y Seguimiento del Gasto",,411,,,,
11,989.2,1148.3,159.1,111.7,10.8,continúa,unidad_responsable,11 Educación Pública,001 Actividades de apoyo a la función pública y buen gobierno,A00 Universidad Pedagógica Nacional,,A00,,,,
38,0.0,163.0,163.0,163.0,inf,aparece,unidad_responsable,"38 Ciencia, Humanidades, Tecnología e Innovación",001 Actividades de apoyo a la función pública y buen gobierno,100 Secretaría,,100,,,,
07,1668.9,1835.5,166.6,86.5,4.9,continúa,unidad_responsable,07 Defensa Nacional,"001 Defensa de la Integridad, la Independencia, la Soberanía del Territorio Nacional",121 Comandancia II Región Militar,,121,,,,
49,1398.6,1568.3,169.7,102.6,7.0,continúa,unidad_responsable,49 Fiscalía General de la República,002 Investigar y perseguir los delitos del orden federal,260 Centro Federal Pericial Forense,,260,,,,
12,2434.2,2604.2,170.0,53.2,2.1,continúa,unidad_responsable,12 Salud,001 Actividades de apoyo a la función pública y buen gobierno,NCZ Instituto Nacional de Pediatría,,NCZ,,,,
04,2576.9,2747.7,170.8,47.1,1.7,continúa,unidad_responsable,04 Gobernación,005 Planeación y conducción de la Política Interior,211 Unidad de Gobierno,,211,,,,
12,4657.4,4836.6,179.3,-44.3,-0.9,continúa,unidad_responsable,12 Salud,001 Actividades de apoyo administrativo,R00 Centro Nacional para la Salud de la Infancia y la Adolescencia,,R00,,,,
08,0.0,189.4,189.4,189.4,inf,aparece,unidad_responsable,08 Agricultura y Desarrollo Rural,021 Aplicación de la Política Agropecuaria,266 Oficina de Representación en Chiapas,,266,,,,
11,1153.1,1343.7,190.6,135.3,11.2,continúa,unidad_responsable,11 Educación Pública,001 Actividades de apoyo a la función pública y buen gobierno,MGH Universidad Autónoma Agraria Antonio Narro,,MGH,,,,
08,1615.0,1806.7,191.6,114.1,6.7,continúa,unidad_responsable,08 Agricultura y Desarrollo Rural,001 Actividades de apoyo a la función pública y buen gobierno,IZC Colegio de Postgraduados,,IZC,,,,
47,4856.1,5051.9,195.8,-37.3,-0.7,continúa,unidad_responsable,47 Entidades no Sectorizadas,001 Actividades de apoyo a la función pública y buen gobierno,AYB Instituto Nacional de los Pueblos Indígenas,,AYB,,,,
07,1885.8,2085.1,199.3,108.8,5.5,continúa,unidad_responsable,07 Defensa Nacional,"001 Defensa de la Integridad, la Independencia, la Soberanía del Territorio Nacional",124 Comandancia V Región Militar,,124,,,,
48,4402.0,4613.4,211.4,0.1,0.0,continúa,unidad_responsable,48 Cultura,001 Actividades de apoyo a la función pública y buen gobierno,D00 Instituto Nacional de Antropología e Historia,,D00,,,,
13,778.5,992.3,213.8,176.5,21.6,continúa,unidad_responsable,13 Marina,"019 Adquisición, construcción, reparación y mantenimiento de unidades navales",216 Dirección General de Servicios Generales e Hidrográficos,,216,,,,
13,12138.8,12367.8,228.9,-353.7,-2.8,continúa,unidad_responsable,13 Marina,018 Emplear el Poder Naval de la Federación para salvaguardar la soberanía y seguridad nacionales,"115 Fuerzas, Regiones, Zonas y Sectores Navales",,115,,,,
12,1645.3,1874.7,229.4,150.4,8.7,continúa,unidad_responsable,12 Salud,001 Actividades de apoyo a la función pública y buen gobierno,"NBB Hospital General ""Dr. Manuel Gea González""",,NBB,,,,
03,2745.8,2981.4,235.6,103.8,3.6,continúa,unidad_responsable,03 Poder Judicial,001 Otras Actividades,210 Sala Superior,,210,,,,
12,2024.8,2263.3,238.5,141.3,6.7,continúa,unidad_responsable,12 Salud,001 Actividades de apoyo a la función pública y buen gobierno,NBG Hospital Infantil de México Federico Gómez,,NBG,,,,
55,0.0,242.3,242.3,242.3,inf,aparece,unidad_responsable,55 Agencia de Transformación Digital y Telecomunicaciones,"060 Definición, articulación y coordinación de las Políticas de Transformación Digital y Telecomunicaciones","120 Dirección General Jurídica, Cumplimiento Normativo y Gobernanza Tecnológica",,120,,,,
07,1822.5,2065.6,243.1,155.6,8.1,continúa,unidad_responsable,07 Defensa Nacional,"001 Defensa de la Integridad, la Independencia, la Soberanía del Territorio Nacional",127 Comandancia VIII Región Militar,,127,,,,
07,6677.0,6926.2,249.2,-71.3,-1.0,continúa,unidad_responsable,07 Defensa Nacional,016 Programa de igualdad entre mujeres y hombres SDN,116 Dirección General de Sanidad,,116,,,,
12,1972.2,2233.0,260.8,166.1,8.0,continúa,unidad_responsable,12 Salud,001 Actividades de apoyo a la función pública y buen gobierno,NBV Instituto Nacional de Cancerología,,NBV,,,,
04,1700.1,1961.2,261.1,179.5,10.1,continúa,unidad_responsable,04 Gobernación,002 Servicios migratorios,K00 Instituto Nacional de Migración,,K00,,,,
07,2667.4,2930.3,262.9,134.9,4.8,continúa,unidad_responsable,07 Defensa Nacional,"001 Defensa de la Integridad, la Independencia, la Soberanía del Territorio Nacional",126 Comandancia VII Región Militar,,126,,,,
13,0.0,269.9,269.9,269.9,inf,aparece,unidad_responsable,13 Marina,001 Actividades de apoyo administrativo,"KDN Aeropuerto Internacional de la Ciudad de México, S.A. de C.V.",,KDN,,,,
12,1810.5,2081.7,271.3,184.4,9.7,continúa,unidad_responsable,12 Salud,001 Actividades de apoyo a la función pública y buen gobierno,NCA Instituto Nacional de Cardiología Ignacio Chávez,,NCA,,,,
08,0.0,271.3,271.3,271.3,inf,aparece,unidad_responsable,08 Agricultura y Desarrollo Rural,021 Aplicación de la Política Agropecuaria,225 Coordinación General de Producción Agrícola y Ganadera,,225,,,,
38,0.0,275.0,275.0,275.0,inf,aparece,unidad_responsable,"38 Ciencia, Humanidades, Tecnología e Innovación","051 Diseño y evaluación de políticas en ciencia, tecnología e innovación","300 Subsecretaría de Desarrollo Tecnológico, Vinculación e Innovación",,300,,,,
16,273.9,553.7,279.7,266.6,92.9,continúa,unidad_responsable,16 Medio Ambiente y Recursos Naturales,001 Actividades de apoyo administrativo,"512 Dirección General de Recursos Materiales, Inmuebles y Servicios",,512,,,,
49,282.5,567.5,285.0,271.5,91.7,continúa,unidad_responsable,49 Fiscalía General de la República,001 Actividades de apoyo administrativo,870 Unidad de Seguridad Institucional,,870,,,,
07,2617.7,2902.9,285.2,159.5,5.8,continúa,unidad_responsable,07 Defensa Nacional,"003 Investigación y desarrollo militar en coordinación con universidades públicas, instituciones públicas de educación superior y/o demás centros públicos de investigación superior",115 Dirección General de Educación Militar y Rectoría de la Universidad del Ejército y Fuerza Aérea,,115,,,,
12,2259.5,2560.4,300.9,192.5,8.1,continúa,unidad_responsable,12 Salud,001 Actividades de apoyo a la función pública y buen gobierno,NAW Hospital Juárez de México,,NAW,,,,
54,0.0,327.6,327.6,327.6,inf,aparece,unidad_responsable,54 Mujeres,001 Actividades de apoyo a la función pública y buen gobierno,400 Unidad de Administración y Finanzas,,400,,,,
12,2414.5,2747.9,333.3,217.5,8.6,continúa,unidad_responsable,12 Salud,001 Actividades de apoyo a la función pública y buen gobierno,NCG Instituto Nacional de Ciencias Médicas y Nutrición Salvador Zubirán,,NCG,,,,
13,1318.8,1663.0,344.2,280.9,20.3,continúa,unidad_responsable,13 Marina,"019 Adquisición, construcción, reparación y mantenimiento de unidades navales",113 Estado Mayor General de la Armada,,113,,,,
07,2320.9,2665.4,344.6,233.2,9.6,continúa,unidad_responsable,07 Defensa Nacional,"001 Defensa de la Integridad, la Independencia, la Soberanía del Territorio Nacional",131 Comandancia XII Región Militar,,131,,,,
07,2908.2,3256.3,348.1,208.5,6.8,continúa,unidad_responsable,07 Defensa Nacional,013 Fortalecimiento de las capacidades de auxilio a la población civil mediante el Plan DN-III-E,125 Comandancia VI Región Militar,,125,,,,
54,0.0,352.5,352.5,352.5,inf,aparece,unidad_responsable,54 Mujeres,012 Programa para la Prevención y Detección de las Violencias Femenicidas y la Atención de las Causas,130 Coordinación General de Vinculación y Seguimiento,,130,,,,
08,3423.4,3782.6,359.2,194.8,5.4,continúa,unidad_responsable,08 Agricultura y Desarrollo Rural,001 Actividades de apoyo a la función pública y buen gobierno,A1I Universidad Autónoma Chapingo,,A1I,,,,
19,9135.9,9504.2,368.3,-70.2,-0.7,continúa,unidad_responsable,19 Aportaciones a Seguridad Social,"004 Cuota correspondiente de los Haberes, Haberes de Retiro y Pensiones",HXA Instituto de Seguridad Social para las Fuerzas Armadas Mexicanas,,HXA,,,,
12,4791.9,5176.7,384.8,154.8,3.1,continúa,unidad_responsable,12 Salud,001 Actividades de apoyo a la función pública y buen gobierno,"NBD Hospital General de México ""Dr. Eduardo Liceaga""",,NBD,,,,
38,0.0,413.2,413.2,413.2,inf,aparece,unidad_responsable,"38 Ciencia, Humanidades, Tecnología e Innovación","051 Diseño y evaluación de políticas en ciencia, tecnología e innovación",200 Subsecretaría de Ciencia y Humanidades,,200,,,,
18,165.3,589.1,423.8,415.9,240.1,continúa,unidad_responsable,18 Energía,037 Articulación de la política energética,111 Dirección General de Asuntos Internacionales,,111,,,,
54,0.0,436.5,436.5,436.5,inf,aparece,unidad_responsable,54 Mujeres,319 Programa de Atención Integral para el Bienestar de las Mujeres,200 Subsecretaría de Igualdad Sustantiva,,200,,,,
11,2644.3,3100.1,455.8,328.9,11.9,continúa,unidad_responsable,11 Educación Pública,001 Actividades de apoyo a la función pública y buen gobierno,L4J Centro de Investigación y de Estudios Avanzados del Instituto Politécnico Nacional,,L4J,,,,
13,0.0,523.3,523.3,523.3,inf,aparece,unidad_responsable,13 Marina,021 Infraestructura marítimo-portuaria,"J3F Administración del Sistema Portuario Nacional Coatzacoalcos, S.A. de C.V.",,J3F,,,,
07,9203.3,9757.6,554.3,112.5,1.2,continúa,unidad_responsable,07 Defensa Nacional,017 Programa de Becas para los hijos del Personal de las Fuerzas Armadas en activo,111 Jefatura del Estado Mayor de la Defensa Nacional,,111,,,,
48,3386.4,3943.0,556.6,394.1,11.1,continúa,unidad_responsable,48 Cultura,001 Actividades de apoyo a la función pública y buen gobierno,E00 Instituto Nacional de Bellas Artes y Literatura,,E00,,,,
07,650.5,1255.2,604.7,573.5,84.1,continúa,unidad_responsable,07 Defensa Nacional,002 Operación y desarrollo de la Fuerza Aérea Mexicana,146 Comandancia del Ejército Mexicano,,146,,,,
07,18856.6,19482.2,625.6,-279.5,-1.4,continúa,unidad_responsable,07 Defensa Nacional,006 Fideicomiso de apoyo a deudos de militares fallecidos o a militares que hayan adquirido una incapacidad en 1/a. categoría en actos del servicio considerados de alto riesgo,120 Comandancia I Región Militar,,120,,,,
13,656.8,1316.6,659.9,628.3,91.3,continúa,unidad_responsable,13 Marina,"019 Adquisición, construcción, reparación y mantenimiento de unidades navales",220 Dirección General de Obras y Dragado,,220,,,,
12,1771.1,2497.2,726.1,641.1,34.5,continúa,unidad_responsable,12 Salud,001 Actividades de apoyo a la función pública y buen gobierno,NCD Instituto Nacional de Enfermedades Respiratorias Ismael Cosío Villegas,,NCD,,,,
13,1601.6,2357.0,755.4,678.5,40.4,continúa,unidad_responsable,13 Marina,022 Administración y Operación de Capitanías de Puerto y Asuntos Marítimos,211 Dirección General de Construcciones Navales,,211,,,,
13,29.7,800.5,770.8,769.3,2470.8,continúa,unidad_responsable,13 Marina,001 Actividades de apoyo a la función pública y buen gobierno,"J3C Administración del Sistema Portuario Nacional Puerto Chiapas, S.A. de C.V.",,J3C,,,,
13,0.0,776.0,776.0,776.0,inf,aparece,unidad_responsable,13 Marina,021 Infraestructura marítimo-portuaria,"J3G Administración del Sistema Portuario Nacional Salina Cruz, S.A. de C.V.",,J3G,,,,
12,3712.6,4503.4,790.8,612.6,15.7,continúa,unidad_responsable,12 Salud,001 Actividades de apoyo administrativo,160 Comisión Coordinadora de Institutos Nacionales de Salud y Hospitales de Alta Especialidad,,160,,,,
18,310.5,1154.1,843.5,828.6,254.6,continúa,unidad_responsable,18 Energía,013 Investigación y desarrollo en materia nuclear y eléctrica,211 Dirección General de Energías Renovables,,211,,,,
54,0.0,876.1,876.1,876.1,inf,aparece,unidad_responsable,54 Mujeres,059 Política de fortalecimiento de la Igualdad Sustantiva entre Mujeres y Hombres,300 Subsecretaría del Derecho a una Vida Libre de Violencias,,300,,,,
09,3017.3,3913.1,895.9,751.1,23.8,continúa,unidad_responsable,"09 Infraestructura, Comunicaciones y Transportes",001 Actividades de apoyo a la función pública y buen gobierno,C00 Servicios a la Navegación en el Espacio Aéreo Mexicano,,C00,,,,
14,24205.0,25173.0,968.0,-193.8,-0.8,continúa,unidad_responsable,14 Trabajo y Previsión Social,280 Jóvenes Construyendo el Futuro,320 Unidad del Programa Jóvenes Construyendo el Futuro,,320,,,,
11,25000.0,26000.0,1000.0,-200.0,-0.8,continúa,unidad_responsable,11 Educación Pública,282 La Escuela es Nuestra,180 Dirección General La Escuela es Nuestra,,180,,,,
38,0.0,1050.0,1050.0,1050.0,inf,aparece,unidad_responsable,"38 Ciencia, Humanidades, Tecnología e Innovación",023 Servicios de Educación Superior y Posgrado,92M Universidad Nacional Rosario Castellanos,,92M,,,,
25,53424.5,54484.9,1060.4,-1504.0,-2.7,continúa,unidad_responsable,"25 Previsiones y Aportaciones para los Sistemas de Educación Básica, Normal, Tecnológica y de Adultos",001 Actividades de apoyo a la función pública y buen gobierno,C00 Autoridad Educativa Federal en la Ciudad de México,,C00,,,,
36,2760.0,3863.4,1103.4,970.9,33.6,continúa,unidad_responsable,36 Seguridad y Protección Ciudadana,049 Política de inteligencia para la Seguridad Nacional,F00 Centro Nacional de Inteligencia,,F00,,,,
07,2275.5,3441.9,1166.4,1057.2,44.3,continúa,unidad_responsable,07 Defensa Nacional,"017 Servicios de dirección la infraestructura aeroportuaria, ferroviaria y de servicios auxiliares","H0C Grupo Aeroportuario, Ferroviario, de Servicios Auxiliares y Conexos, Olmeca-Maya-Mexica, S.A. de C.V.",,H0C,,,,
11,9867.2,11187.6,1320.5,846.8,8.2,continúa,unidad_responsable,11 Educación Pública,001 Actividades de apoyo administrativo,700 Unidad de Administración y Finanzas,,700,,,,
15,32117.6,33474.9,1357.4,-184.3,-0.5,continúa,unidad_responsable,"15 Desarrollo Agrario, Territorial y Urbano",001 Actividades de apoyo a la función pública y buen gobierno,QCW Comisión Nacional de Vivienda,,QCW,,,,
06,1940.9,3468.1,1527.2,1434.0,70.5,continúa,unidad_responsable,06 Hacienda y Crédito Público,001 Actividades de apoyo a la función pública y buen gobierno,H00 Agencia Nacional de Aduanas de México,,H00,,,,
36,25242.8,26789.9,1547.1,335.4,1.3,continúa,unidad_responsable,36 Seguridad y Protección Ciudadana,001 Actividades de apoyo administrativo,D00 Prevención y Reinserción Social,,D00,,,,
20,39100.0,40664.0,1564.0,-312.8,-0.8,continúa,unidad_responsable,20 Bienestar,287 Sembrando Vida,311 Dirección General de Seguimiento y Logística para el Desarrollo Rural y Productivo,,311,,,,
06,0.0,1586.6,1586.6,1586.6,inf,aparece,unidad_responsable,06 Hacienda y Crédito Público,001 Inclusión financiera para el bienestar,KCZ Financiera para el Bienestar,,KCZ,,,,
03,0.0,1856.6,1856.6,1856.6,inf,aparece,unidad_responsable,03 Poder Judicial,001 Otras Actividades,300 Tribunal de Disciplina Judicial,,300,,,,
23,165753.8,167652.2,1898.4,-6057.8,-3.5,continúa,unidad_responsable,23 Provisiones Salariales y Económicas,032 Provisiones Salariales y Económicas,"411 Unidad de Diseño Presupuestario, Control y Seguimiento del Gasto",,411,,,,
07,3720.7,5667.5,1946.8,1768.2,45.3,continúa,unidad_responsable,07 Defensa Nacional,016 Programa de igualdad entre mujeres y hombres SDN,117 Dirección General de Ingenieros,,117,,,,
11,8128.1,10090.8,1962.7,1572.6,18.5,continúa,unidad_responsable,11 Educación Pública,001 Actividades de apoyo a la función pública y buen gobierno,A2M Universidad Autónoma Metropolitana,,A2M,,,,
36,1437.1,3472.5,2035.4,1966.4,130.6,continúa,unidad_responsable,36 Seguridad y Protección Ciudadana,001 Actividades de apoyo administrativo,"142 Dirección General de Recursos Materiales, Servicios y Obra Pública",,142,,,,
07,6594.2,8801.8,2207.6,1891.1,27.4,continúa,unidad_responsable,07 Defensa Nacional,002 Operación y desarrollo de la Fuerza Aérea Mexicana,132 Comandancia de la Fuerza Aérea Mexicana,,132,,,,
07,17712.8,19978.4,2265.6,1415.4,7.6,continúa,unidad_responsable,07 Defensa Nacional,015 Operación y desarrollo de los cuerpos de seguridad de las Fuerzas Armadas,145 Cuerpo de Policía Militar,,145,,,,
11,20034.6,22385.2,2350.5,1388.9,6.6,continúa,unidad_responsable,11 Educación Pública,"007 Investigación en ciencia, humanidades, tecnología e innovación",M00 Tecnológico Nacional de México,,M00,,,,
25,28243.5,30697.5,2454.0,1098.3,3.7,continúa,unidad_responsable,"25 Previsiones y Aportaciones para los Sistemas de Educación Básica, Normal, Tecnológica y de Adultos",003 Previsiones salariales y económicas del Fondo de Aportaciones para la Educación Tecnológica y de Adultos,700 Unidad de Administración y Finanzas,,700,,,,
36,2151.7,4721.3,2569.6,2466.3,109.4,continúa,unidad_responsable,36 Seguridad y Protección Ciudadana,001 Actividades de apoyo administrativo,B00 Servicio de Protección Federal,,B00,,,,
11,19170.8,22472.4,3301.6,2381.4,11.9,continúa,unidad_responsable,11 Educación Pública,001 Actividades de apoyo administrativo,B00 Instituto Politécnico Nacional,,B00,,,,
55,0.0,3519.0,3519.0,3519.0,inf,aparece,unidad_responsable,55 Agencia de Transformación Digital y Telecomunicaciones,001 Actividades de apoyo a la función pública y buen gobierno,J9E Servicio Postal Mexicano,,J9E,,,,
09,23679.5,27755.4,4075.8,2939.2,11.8,continúa,unidad_responsable,"09 Infraestructura, Comunicaciones y Transportes","007 Supervisión, regulación, inspección, verificación y servicios administrativos de construcción y conservación de carreteras",211 Dirección General de Conservación de Carreteras,,211,,,,
19,432350.4,438605.3,6254.9,-14498.0,-3.2,continúa,unidad_responsable,19 Aportaciones a Seguridad Social,005 Cuota Social Seguro de Salud ISSSTE,GYN Instituto de Seguridad y Servicios Sociales de los Trabajadores del Estado,,GYN,,,,
11,45058.3,53748.5,8690.2,6527.4,13.8,continúa,unidad_responsable,11 Educación Pública,"007 Investigación en ciencia, humanidades, tecnología e innovación",A3Q Universidad Nacional Autónoma de México,,A3Q,,,,
08,2560.8,15664.1,13103.2,12980.3,483.7,continúa,unidad_responsable,08 Agricultura y Desarrollo Rural,290 Acopio para el Bienestar,"VSS Alimentación para el Bienestar, S.A. de C.V.",,VSS,,,,
GYN,525615.4,539020.8,13405.4,-11824.2,-2.1,continúa,unidad_responsable,GYN Instituto de Seguridad y Servicios Sociales de los Trabajadores del Estado,020 Pagos de funeral,GYN Instituto de Seguridad y Servicios Sociales de los Trabajadores del Estado,,GYN,,,,
36,2192.3,18215.9,16023.7,15918.4,692.9,continúa,unidad_responsable,36 Seguridad y Protección Ciudadana,001 Actividades de apoyo administrativo,140 Unidad de Administración y Finanzas,,140,,,,
08,0.0,17479.4,17479.4,17479.4,inf,aparece,unidad_responsable,08 Agricultura y Desarrollo Rural,021 Aplicación de la Política Agropecuaria,220 Coordinación General de Bienestar para el Campo,,220,,,,
08,0.0,18216.5,18216.5,18216.5,inf,aparece,unidad_responsable,08 Agricultura y Desarrollo Rural,021 Aplicación de la Política Agropecuaria,237 Dirección General de Eficiencia Hídrica en el Temporal,,237,,,,
TVV,583951.1,602567.5,18616.4,-9413.3,-1.5,continúa,unidad_responsable,TVV Comisión Federal de Electricidad,022 Pago de Pensiones y Jubilaciones,TVV Comisión Federal de Electricidad,,TVV,,,,
09,5029.6,24575.1,19545.6,19304.2,366.2,continúa,unidad_responsable,"09 Infraestructura, Comunicaciones y Transportes",009 Derecho de Vía,210 Dirección General de Carreteras,,210,,,,
07,0.0,23492.8,23492.8,23492.8,inf,aparece,unidad_responsable,07 Defensa Nacional,001 Actividades de apoyo administrativo,148 Comandancia de la Guardia Nacional,,148,,,,
30,45800.0,70855.7,25055.7,22857.3,47.6,continúa,unidad_responsable,30 Adeudos de Ejercicios Fiscales Anteriores,001 Adeudos de Ejercicios Fiscales Anteriores (ADEFAS),"411 Unidad de Diseño Presupuestario, Control y Seguimiento del Gasto",,411,,,,
38,0.0,25318.4,25318.4,25318.4,inf,aparece,unidad_responsable,"38 Ciencia, Humanidades, Tecnología e Innovación","051 Diseño y evaluación de políticas en ciencia, tecnología e innovación",220 Dirección General de Becas y Apoyos a la Comunidad Científica y Humanística,,220,,,,
19,915276.7,963347.6,48070.9,4137.6,0.4,continúa,unidad_responsable,19 Aportaciones a Seguridad Social,003 Seguro de Salud para la Familia,GYR Instituto Mexicano del Seguro Social,,GYR,,,,
11,132278.5,186134.9,53856.4,47507.0,34.3,continúa,unidad_responsable,11 Educación Pública,001 Actividades de apoyo a la función pública y buen gobierno,O00 Coordinación Nacional de Becas para el Bienestar Benito Juárez,,O00,,,,
03,0.0,74224.4,74224.4,74224.4,inf,aparece,unidad_responsable,03 Poder Judicial,001 Otras Actividades,120 Órgano de Administración Judicial,,120,,,,
19,42970.2,130061.7,87091.5,85028.9,188.8,continúa,unidad_responsable,19 Aportaciones a Seguridad Social,012 Previsiones para el Pago de las Pensiones de los Jubilados de Ferrocarriles Nacionales de México,"411 Unidad de Diseño Presupuestario, Control y Seguimiento del Gasto",,411,,,,
09,48.3,92524.6,92476.3,92474.0,182707.3,continúa,unidad_responsable,"09 Infraestructura, Comunicaciones y Transportes",001 Actividades de apoyo administrativo,D00 Agencia Reguladora del Transporte Ferroviario,,D00,,,,
20,532574.1,627055.0,94480.9,68917.4,12.3,continúa,unidad_responsable,20 Bienestar,317 Salud Casa por Casa,201 Unidad para la Atención de Grupos Prioritarios,,201,,,,
TYY,612145.9,708200.9,96055.0,66672.0,10.4,continúa,unidad_responsable,TYY Petróleos Mexicanos,021 Aportaciones para pago de pensiones y jubilaciones,TYY Petróleos Mexicanos,,TYY,,,,
28,1340210.9,1456045.9,115835.0,51504.9,3.7,continúa,unidad_responsable,28 Participaciones a Entidades Federativas y Municipios,004 Fondo de Compensación del Impuesto sobre Automóviles Nuevos,114 Unidad de Coordinación con Entidades Federativas,,114,,,,
GYR,1469410.4,1590308.7,120898.3,50366.6,3.3,continúa,unidad_responsable,GYR Instituto Mexicano del Seguro Social,016 Pago de subsidios a los asegurados,GYR Instituto Mexicano del Seguro Social,,GYR,,,,
18,136235.3,263519.1,127283.8,120744.5,84.6,continúa,unidad_responsable,18 Energía,038 Articulación de la política de hidrocarburos,500 Subsecretaría de Hidrocarburos,,500,,,,
24,1149551.6,1297681.1,148129.5,92951.0,7.7,continúa,unidad_responsable,24 Deuda Pública,009 Organismos financieros internacionales,210 Unidad de Crédito Público y Asuntos Internacionales de Hacienda,,210,,,,
56,0.0,172492.4,172492.4,172492.4,inf,aparece,unidad_responsable,56 Servicios de Salud del Instituto Mexicano del Seguro Social para el Bienestar,001 Actividades de apoyo a la función pública y buen gobierno,AYO Servicios de Salud del Instituto Mexicano del Seguro Social para el Bienestar (IMSS-BIENESTAR),,AYO,,,,
33,0.0,1041892.9,1041892.9,1041892.9,inf,aparece,unidad_responsable,33 Aportaciones Federales para Entidades Federativas y Municipios,016 FONE Fondo de Compensación,"411 Unidad de Diseño Presupuestario, Control y Seguimiento del Gasto",,411,,,,
,40476.1,22837.2,-17638.8,-19581.7,-46.2,continúa,subfuncion,,,,,,1,3,6,3 Coordinación de la Política de Gobierno
,52451.9,35553.4,-16898.5,-19416.2,-35.3,continúa,subfuncion,,,,,,4,3,2,3 Saneamiento del Sistema Financiero
,158106.1,146386.1,-11720.0,-19309.1,-11.7,continúa,subfuncion,,,,,,3,5,3,5 Transporte
,35951.5,28214.1,-7737.4,-9463.1,-25.1,continúa,subfuncion,,,,,,1,7,1,7 Asuntos de Orden Público y de Seguridad Interior
,23996.1,18643.8,-5352.3,-6504.1,-25.9,continúa,subfuncion,,,,,,2,3,1,3 Salud
,10244.1,5399.8,-4844.3,-5336.0,-49.7,continúa,subfuncion,,,,,,2,1,2,1 Protección Ambiental
,3984.1,590.3,-3393.8,-3585.0,-85.9,continúa,subfuncion,,,,,,1,8,5,8 Otros Servicios Generales
,18851.6,16212.8,-2638.8,-3543.7,-17.9,continúa,subfuncion,,,,,,2,3,3,3 Salud
,3721.8,1237.3,-2484.5,-2663.1,-68.3,continúa,subfuncion,,,,,,2,2,1,2 Vivienda y Servicios a la Comunidad
,5735.6,4029.0,-1706.6,-1981.9,-33.0,continúa,subfuncion,,,,,,3,6,1,6 Comunicaciones
,19194.3,17560.2,-1634.0,-2555.4,-12.7,continúa,subfuncion,,,,,,2,2,3,2 Vivienda y Servicios a la Comunidad
,6312.6,5033.5,-1279.0,-1582.0,-23.9,continúa,subfuncion,,,,,,1,3,4,3 Coordinación de la Política de Gobierno
,3416.1,2431.4,-984.7,-1148.6,-32.1,continúa,subfuncion,,,,,,3,5,6,5 Transporte
,971.8,0.0,-971.8,-1018.5,-100.0,desaparece,subfuncion,,,,,,1,8,4,8 Otros Servicios Generales
,18341.9,17852.7,-489.2,-1369.6,-7.1,continúa,subfuncion,,,,,,2,3,5,3 Salud
,12245.3,11807.5,-437.8,-1025.6,-8.0,continúa,subfuncion,,,,,,1,8,2,8 Otros Servicios Generales
,3239.2,2822.6,-416.6,-572.1,-16.9,continúa,subfuncion,,,,,,1,1,2,1 Legislación
,1818.5,1512.1,-306.4,-393.7,-20.7,continúa,subfuncion,,,,,,3,8,4,"8 Ciencia, Tecnología e Innovación"
,34303.9,34177.5,-126.5,-1773.1,-4.9,continúa,subfuncion,,,,,,1,6,2,6 Seguridad Nacional
,14830.4,14706.5,-123.9,-835.8,-5.4,continúa,subfuncion,,,,,,1,1,1,1 Legislación
,867.6,800.5,-67.2,-108.8,-12.0,continúa,subfuncion,,,,,,1,3,1,3 Coordinación de la Política de Gobierno
,2619.3,2562.1,-57.3,-183.0,-6.7,continúa,subfuncion,,,,,,2,4,1,"4 Recreación, Cultura y Otras Manifestaciones Sociales"
,1430.8,1382.2,-48.7,-117.3,-7.8,continúa,subfuncion,,,,,,3,8,2,"8 Ciencia, Tecnología e Innovación"
,977.6,947.7,-29.9,-76.8,-7.5,continúa,subfuncion,,,,,,1,3,9,3 Coordinación de la Política de Gobierno
,1009.1,995.9,-13.1,-61.6,-5.8,continúa,subfuncion,,,,,,2,6,6,6 Protección Social
,2577.7,2565.3,-12.4,-136.1,-5.0,continúa,subfuncion,,,,,,3,2,2,"2 Agropecuaria, Silvicultura, Pesca y Caza"
,176.9,167.7,-9.2,-17.7,-9.6,continúa,subfuncion,,,,,,3,4,1,"4 Minería, Manufacturas y Construcción"
,9294.2,9294.2,-0.0,-446.1,-4.6,continúa,subfuncion,,,,,,1,4,1,4 Relaciones Exteriores
,0.0,0.0,0.0,0.0,41.4,continúa,subfuncion,,,,,,4,3,3,3 Saneamiento del Sistema Financiero
,0.0,0.0,0.0,0.0,172.6,continúa,subfuncion,,,,,,4,3,4,3 Saneamiento del Sistema Financiero
,1001.1,1002.3,1.2,-46.8,-4.5,continúa,subfuncion,,,,,,2,1,5,1 Protección Ambiental
,149.6,153.1,3.5,-3.7,-2.3,continúa,subfuncion,,,,,,1,3,5,3 Coordinación de la Política de Gobierno
,1873.3,1893.1,19.8,-70.1,-3.6,continúa,subfuncion,,,,,,3,7,1,7 Turismo
,107.0,161.3,54.2,49.1,43.7,continúa,subfuncion,,,,,,3,3,3,3 Combustibles y Energía
,176.0,231.1,55.0,46.6,25.2,continúa,subfuncion,,,,,,1,7,2,7 Asuntos de Orden Público y de Seguridad Interior
,5640.5,5699.8,59.3,-211.5,-3.6,continúa,subfuncion,,,,,,2,5,5,5 Educación
,997.7,1098.3,100.6,52.8,5.0,continúa,subfuncion,,,,,,1,8,3,8 Otros Servicios Generales
,115.8,218.8,103.0,97.5,80.3,continúa,subfuncion,,,,,,1,3,3,3 Coordinación de la Política de Gobierno
,2217.0,2361.5,144.5,38.0,1.6,continúa,subfuncion,,,,,,3,2,3,"2 Agropecuaria, Silvicultura, Pesca y Caza"
,4040.7,4203.6,162.9,-31.1,-0.7,continúa,subfuncion,,,,,,3,9,1,9 Otras Industrias y Otros Asuntos Económicos
,3260.1,3434.6,174.5,18.0,0.5,continúa,subfuncion,,,,,,2,1,6,1 Protección Ambiental
,4843.9,5038.9,195.0,-37.5,-0.7,continúa,subfuncion,,,,,,2,6,7,6 Protección Social
,4230.5,4450.7,220.2,17.1,0.4,continúa,subfuncion,,,,,,1,3,2,3 Coordinación de la Política de Gobierno
,151771.4,152047.2,275.8,-7009.2,-4.4,continúa,subfuncion,,,,,,2,5,2,5 Educación
,5040.9,5361.9,321.0,79.0,1.5,continúa,subfuncion,,,,,,1,2,4,2 Justicia
,2206.2,2534.3,328.0,222.1,9.6,continúa,subfuncion,,,,,,1,3,7,3 Coordinación de la Política de Gobierno
,61833.7,62269.9,436.2,-2531.9,-3.9,continúa,subfuncion,,,,,,3,2,1,"2 Agropecuaria, Silvicultura, Pesca y Caza"
,11396.6,11867.7,471.1,-75.9,-0.6,continúa,subfuncion,,,,,,1,7,4,7 Asuntos de Orden Público y de Seguridad Interior
,6239.6,6738.8,499.2,199.7,3.1,continúa,subfuncion,,,,,,3,1,1,"1 Asuntos Económicos, Comerciales y Laborales en General"
,2357.0,2879.0,522.1,409.0,16.6,continúa,subfuncion,,,,,,2,7,1,7 Otros Asuntos Sociales
,26837.3,27543.4,706.1,-582.1,-2.1,continúa,subfuncion,,,,,,3,1,2,"1 Asuntos Económicos, Comerciales y Laborales en General"
,21227.7,21987.0,759.2,-259.7,-1.2,continúa,subfuncion,,,,,,1,2,2,2 Justicia
,18914.3,19676.8,762.5,-145.4,-0.7,continúa,subfuncion,,,,,,3,9,3,9 Otras Industrias y Otros Asuntos Económicos
,4941.8,5740.7,798.9,561.7,10.8,continúa,subfuncion,,,,,,3,5,4,5 Transporte
,20299.8,21114.3,814.4,-159.9,-0.8,continúa,subfuncion,,,,,,2,6,3,6 Protección Social
,2852.1,3836.6,984.5,847.6,28.4,continúa,subfuncion,,,,,,3,8,3,"8 Ciencia, Tecnología e Innovación"
,91237.7,92273.8,1036.1,-3343.3,-3.5,continúa,subfuncion,,,,,,1,2,1,2 Justicia
,54830.9,55872.5,1041.7,-1590.2,-2.8,continúa,subfuncion,,,,,,2,5,6,5 Educación
,2760.0,3863.4,1103.4,970.9,33.6,continúa,subfuncion,,,,,,1,6,3,6 Seguridad Nacional
,57252.4,58401.0,1148.6,-1599.5,-2.7,continúa,subfuncion,,,,,,1,5,2,5 Asuntos Financieros y Hacendarios
,32129.2,33472.3,1343.2,-199.0,-0.6,continúa,subfuncion,,,,,,2,2,5,2 Vivienda y Servicios a la Comunidad
,9430.3,10819.5,1389.3,936.6,9.5,continúa,subfuncion,,,,,,2,5,4,5 Educación
,25242.8,26789.9,1547.1,335.4,1.3,continúa,subfuncion,,,,,,1,2,3,2 Justicia
,927.9,2519.3,1591.4,1546.9,159.1,continúa,subfuncion,,,,,,3,3,4,3 Combustibles y Energía
,16910.7,18579.3,1668.6,856.9,4.8,continúa,subfuncion,,,,,,2,4,2,"4 Recreación, Cultura y Otras Manifestaciones Sociales"
,4674.2,6587.8,1913.6,1689.3,34.5,continúa,subfuncion,,,,,,3,2,5,"2 Agropecuaria, Silvicultura, Pesca y Caza"
,332.0,2380.0,2048.0,2032.0,584.0,continúa,subfuncion,,,,,,3,5,2,5 Transporte
,2916.7,5349.8,2433.1,2293.1,75.0,continúa,subfuncion,,,,,,1,5,1,5 Asuntos Financieros y Hacendarios
,53260.0,56980.7,3720.7,1164.2,2.1,continúa,subfuncion,,,,,,3,8,1,"8 Ciencia, Tecnología e Innovación"
,96411.8,100483.3,4071.5,-556.2,-0.6,continúa,subfuncion,,,,,,1,6,1,6 Seguridad Nacional
,3003.6,7138.4,4134.7,3990.6,126.8,continúa,subfuncion,,,,,,2,1,3,1 Protección Ambiental
,37641.7,42072.7,4431.0,2624.2,6.7,continúa,subfuncion,,,,,,2,6,1,6 Protección Social
,159807.9,170612.8,10804.9,3134.1,1.9,continúa,subfuncion,,,,,,2,5,3,5 Educación
,37119.5,53527.7,16408.2,14626.4,37.6,continúa,subfuncion,,,,,,3,5,1,5 Transporte
,609170.6,627391.4,18220.8,-11019.4,-1.7,continúa,subfuncion,,,,,,3,3,5,3 Combustibles y Energía
,5578.4,23819.4,18241.1,17973.3,307.4,continúa,subfuncion,,,,,,1,7,3,7 Asuntos de Orden Público y de Seguridad Interior
,247693.9,266447.6,18753.7,6864.4,2.6,continúa,subfuncion,,,,,,2,6,9,6 Protección Social
,10043.7,34880.8,24837.2,24355.1,231.4,continúa,subfuncion,,,,,,2,3,4,3 Salud
,45800.0,70855.7,25055.7,22857.3,47.6,continúa,subfuncion,,,,,,4,4,1,4 Adeudos de Ejercicios Fiscales Anteriores
,170873.2,198869.1,27996.0,19794.0,11.1,continúa,subfuncion,,,,,,4,1,2,1 Transacciones de la Deuda Pública / Costo Financiero de la Deuda
,317871.6,346633.0,28761.4,13503.6,4.1,continúa,subfuncion,,,,,,2,2,7,2 Vivienda y Servicios a la Comunidad
,817293.8,886712.0,69418.2,30188.1,3.5,continúa,subfuncion,,,,,,2,3,2,3 Salud
,690468.9,766810.6,76341.7,43199.2,6.0,continúa,subfuncion,,,,,,2,5,1,5 Educación
,602889.6,699616.3,96726.7,67788.0,10.7,continúa,subfuncion,,,,,,2,6,8,6 Protección Social
,2657844.7,2758176.3,100331.6,-27245.0,-1.0,continúa,subfuncion,,,,,,2,6,2,6 Protección Social
,1340210.9,1456045.9,115835.0,51504.9,3.7,continúa,subfuncion,,,,,,4,2,2,"2 Transferencias, Participaciones y Aportaciones entre diferentes Niveles y Ordenes de Gobierno"
,978678.4,1098811.9,120133.5,73157.0,7.1,continúa,subfuncion,,,,,,4,1,1,1 Transacciones de la Deuda Pública / Costo Financiero de la Deuda
,763060.6,984734.5,221673.9,185047.0,23.1,continúa,subfuncion,,,,,,3,3,2,3 Combustibles y Energía
