archivo_origen,anio,mes,entidad,sexo,modalidad,sector,personas
issste_derechohabientes__Padrón_de_Derechohabientes_Activos__julio__2__agregado.csv,2026,7,Ciudad de Mexico,M,Todos Los Seguros Prestaciones y Servicios,Organismo Descentralizado,98137
issste_derechohabientes__Padrón_de_Derechohabientes_Activos__julio__2__agregado.csv,2026,7,Mexico,M,Todos Los Seguros Prestaciones y Servicios,Organismo Descentralizado,96346
issste_derechohabientes__Padrón_de_Derechohabientes_Activos__julio__2__agregado.csv,2026,7,Ciudad de Mexico,M,Todos Los Seguros Prestaciones y Servicios,Organo Desconcentrado,94178
issste_derechohabientes__Padrón_de_Derechohabientes_Activos__julio__2__agregado.csv,2026,7,Ciudad de Mexico,H,Todos Los Seguros Prestaciones y Servicios,Organismo Descentralizado,83224
issste_derechohabientes__Padrón_de_Derechohabientes_Activos__julio__2__agregado.csv,2026,7,Veracruz,M,Todos Los Seguros Prestaciones y Servicios,Organismo Descentralizado,68540
issste_derechohabientes__Padrón_de_Derechohabientes_Activos__julio__2__agregado.csv,2026,7,Oaxaca,M,Todos Los Seguros Prestaciones y Servicios,Organismo Descentralizado,65700
issste_derechohabientes__Padrón_de_Derechohabientes_Activos__julio__2__agregado.csv,2026,7,Mexico,H,Todos Los Seguros Prestaciones y Servicios,Organismo Descentralizado,61953
issste_derechohabientes__Padrón_de_Derechohabientes_Activos__julio__2__agregado.csv,2026,7,Ciudad de Mexico,H,Todos Los Seguros Prestaciones y Servicios,Organo Desconcentrado,54289
issste_derechohabientes__Padrón_de_Derechohabientes_Activos__julio__2__agregado.csv,2026,7,Guerrero,M,Todos Los Seguros Prestaciones y Servicios,Organismo Descentralizado,53744
issste_derechohabientes__Padrón_de_Derechohabientes_Activos__julio__2__agregado.csv,2026,7,Ciudad de Mexico,M,Todos Los Seguros Prestaciones y Servicios,Gobierno Estatal,50168
issste_derechohabientes__Padrón_de_Derechohabientes_Activos__julio__2__agregado.csv,2026,7,Jalisco,M,Todos Los Seguros Prestaciones y Servicios,Organismo Descentralizado,49819
issste_derechohabientes__Padrón_de_Derechohabientes_Activos__julio__2__agregado.csv,2026,7,Ciudad de Mexico,H,Todos Los Seguros Prestaciones y Servicios,Gobierno Estatal,49074
issste_derechohabientes__Padrón_de_Derechohabientes_Activos__julio__2__agregado.csv,2026,7,Puebla,M,Todos Los Seguros Prestaciones y Servicios,Organismo Descentralizado,48891
issste_derechohabientes__Padrón_de_Derechohabientes_Activos__julio__2__agregado.csv,2026,7,Oaxaca,H,Todos Los Seguros Prestaciones y Servicios,Organismo Descentralizado,45190
issste_derechohabientes__Padrón_de_Derechohabientes_Activos__julio__2__agregado.csv,2026,7,Chiapas,M,Todos Los Seguros Prestaciones y Servicios,Organismo Descentralizado,44564
issste_derechohabientes__Padrón_de_Derechohabientes_Activos__julio__2__agregado.csv,2026,7,Michoacan,M,Todos Los Seguros Prestaciones y Servicios,Organismo Descentralizado,44178
issste_derechohabientes__Padrón_de_Derechohabientes_Activos__julio__2__agregado.csv,2026,7,Hidalgo,M,Todos Los Seguros Prestaciones y Servicios,Organismo Descentralizado,44098
issste_derechohabientes__Padrón_de_Derechohabientes_Activos__julio__2__agregado.csv,2026,7,Guanajuato,M,Todos Los Seguros Prestaciones y Servicios,Organismo Descentralizado,39953
issste_derechohabientes__Padrón_de_Derechohabientes_Activos__julio__2__agregado.csv,2026,7,Veracruz,H,Todos Los Seguros Prestaciones y Servicios,Organismo Descentralizado,39239
issste_derechohabientes__Padrón_de_Derechohabientes_Activos__julio__2__agregado.csv,2026,7,Chiapas,H,Todos Los Seguros Prestaciones y Servicios,Organismo Descentralizado,37650
issste_derechohabientes__Padrón_de_Derechohabientes_Activos__julio__2__agregado.csv,2026,7,Mexico,M,Todos Los Seguros Prestaciones y Servicios,Organo Desconcentrado,35792
issste_derechohabientes__Padrón_de_Derechohabientes_Activos__julio__2__agregado.csv,2026,7,Guerrero,H,Todos Los Seguros Prestaciones y Servicios,Organismo Descentralizado,34820
issste_derechohabientes__Padrón_de_Derechohabientes_Activos__julio__2__agregado.csv,2026,7,Ciudad de Mexico,M,Todos Los Seguros Prestaciones y Servicios,Dependencia Federal,34327
issste_derechohabientes__Padrón_de_Derechohabientes_Activos__julio__2__agregado.csv,2026,7,Tamaulipas,M,Todos Los Seguros Prestaciones y Servicios,Organismo Descentralizado,31740
issste_derechohabientes__Padrón_de_Derechohabientes_Activos__julio__2__agregado.csv,2026,7,Nuevo Leon,M,Todos Los Seguros Prestaciones y Servicios,Organismo Descentralizado,31602
issste_derechohabientes__Padrón_de_Derechohabientes_Activos__julio__2__agregado.csv,2026,7,Michoacan,H,Todos Los Seguros Prestaciones y Servicios,Organismo Descentralizado,31419
issste_derechohabientes__Padrón_de_Derechohabientes_Activos__julio__2__agregado.csv,2026,7,Sinaloa,M,Todos Los Seguros Prestaciones y Servicios,Organismo Descentralizado,30182
issste_derechohabientes__Padrón_de_Derechohabientes_Activos__julio__2__agregado.csv,2026,7,Ciudad de Mexico,H,Todos Los Seguros Prestaciones y Servicios,Dependencia Federal,29992
issste_derechohabientes__Padrón_de_Derechohabientes_Activos__julio__2__agregado.csv,2026,7,Chihuahua,M,Todos Los Seguros Prestaciones y Servicios,Organismo Descentralizado,29984
issste_derechohabientes__Padrón_de_Derechohabientes_Activos__julio__2__agregado.csv,2026,7,Jalisco,H,Todos Los Seguros Prestaciones y Servicios,Organismo Descentralizado,28701
issste_derechohabientes__Padrón_de_Derechohabientes_Activos__julio__2__agregado.csv,2026,7,Coahuila,M,Todos Los Seguros Prestaciones y Servicios,Organismo Descentralizado,28653
issste_derechohabientes__Padrón_de_Derechohabientes_Activos__julio__2__agregado.csv,2026,7,San Luis Potosi,M,Todos Los Seguros Prestaciones y Servicios,Organismo Descentralizado,28481
issste_derechohabientes__Padrón_de_Derechohabientes_Activos__julio__2__agregado.csv,2026,7,Mexico,H,Todos Los Seguros Prestaciones y Servicios,Organo Desconcentrado,27017
issste_derechohabientes__Padrón_de_Derechohabientes_Activos__julio__2__agregado.csv,2026,7,Hidalgo,H,Todos Los Seguros Prestaciones y Servicios,Organismo Descentralizado,26123
issste_derechohabientes__Padrón_de_Derechohabientes_Activos__julio__2__agregado.csv,2026,7,Sonora,M,Todos Los Seguros Prestaciones y Servicios,Organismo Descentralizado,24781
issste_derechohabientes__Padrón_de_Derechohabientes_Activos__julio__2__agregado.csv,2026,7,Morelos,M,Todos Los Seguros Prestaciones y Servicios,Organismo Descentralizado,24552
issste_derechohabientes__Padrón_de_Derechohabientes_Activos__julio__2__agregado.csv,2026,7,Baja California,M,Todos Los Seguros Prestaciones y Servicios,Organismo Descentralizado,24397
issste_derechohabientes__Padrón_de_Derechohabientes_Activos__julio__2__agregado.csv,2026,7,Puebla,H,Todos Los Seguros Prestaciones y Servicios,Organismo Descentralizado,23317
issste_derechohabientes__Padrón_de_Derechohabientes_Activos__julio__2__agregado.csv,2026,7,Entidad Desconocida,M,Todos Los Seguros Prestaciones y Servicios,Organismo Descentralizado,22323
issste_derechohabientes__Padrón_de_Derechohabientes_Activos__julio__2__agregado.csv,2026,7,Tabasco,M,Todos Los Seguros Prestaciones y Servicios,Organismo Descentralizado,21226
issste_derechohabientes__Padrón_de_Derechohabientes_Activos__julio__2__agregado.csv,2026,7,Queretaro,M,Todos Los Seguros Prestaciones y Servicios,Organismo Descentralizado,20759
issste_derechohabientes__Padrón_de_Derechohabientes_Activos__julio__2__agregado.csv,2026,7,Yucatan,M,Todos Los Seguros Prestaciones y Servicios,Organismo Descentralizado,19130
issste_derechohabientes__Padrón_de_Derechohabientes_Activos__julio__2__agregado.csv,2026,7,Durango,M,Todos Los Seguros Prestaciones y Servicios,Organismo Descentralizado,19022
issste_derechohabientes__Padrón_de_Derechohabientes_Activos__julio__2__agregado.csv,2026,7,Entidad Desconocida,H,Todos Los Seguros Prestaciones y Servicios,Organismo Descentralizado,18934
issste_derechohabientes__Padrón_de_Derechohabientes_Activos__julio__2__agregado.csv,2026,7,Quintana Roo,M,Todos Los Seguros Prestaciones y Servicios,Organismo Descentralizado,18563
issste_derechohabientes__Padrón_de_Derechohabientes_Activos__julio__2__agregado.csv,2026,7,Tamaulipas,H,Todos Los Seguros Prestaciones y Servicios,Organismo Descentralizado,18462
issste_derechohabientes__Padrón_de_Derechohabientes_Activos__julio__2__agregado.csv,2026,7,Tlaxcala,M,Todos Los Seguros Prestaciones y Servicios,Organismo Descentralizado,18250
issste_derechohabientes__Padrón_de_Derechohabientes_Activos__julio__2__agregado.csv,2026,7,Guanajuato,H,Todos Los Seguros Prestaciones y Servicios,Organismo Descentralizado,17796
issste_derechohabientes__Padrón_de_Derechohabientes_Activos__julio__2__agregado.csv,2026,7,Mexico,H,Todos Los Seguros Prestaciones y Servicios,Gobierno Estatal,17634
issste_derechohabientes__Padrón_de_Derechohabientes_Activos__julio__2__agregado.csv,2026,7,Zacatecas,M,Todos Los Seguros Prestaciones y Servicios,Organismo Descentralizado,17343
issste_derechohabientes__Padrón_de_Derechohabientes_Activos__julio__2__agregado.csv,2026,7,Sinaloa,H,Todos Los Seguros Prestaciones y Servicios,Organismo Descentralizado,16660
issste_derechohabientes__Padrón_de_Derechohabientes_Activos__julio__2__agregado.csv,2026,7,San Luis Potosi,H,Todos Los Seguros Prestaciones y Servicios,Organismo Descentralizado,16172
issste_derechohabientes__Padrón_de_Derechohabientes_Activos__julio__2__agregado.csv,2026,7,Mexico,H,Todos Los Seguros Prestaciones y Servicios,Dependencia Federal,16043
issste_derechohabientes__Padrón_de_Derechohabientes_Activos__julio__2__agregado.csv,2026,7,Chihuahua,H,Todos Los Seguros Prestaciones y Servicios,Organismo Descentralizado,15971
issste_derechohabientes__Padrón_de_Derechohabientes_Activos__julio__2__agregado.csv,2026,7,Aguascalientes,M,Todos Los Seguros Prestaciones y Servicios,Organismo Descentralizado,15510
issste_derechohabientes__Padrón_de_Derechohabientes_Activos__julio__2__agregado.csv,2026,7,Coahuila,H,Todos Los Seguros Prestaciones y Servicios,Organismo Descentralizado,15433
issste_derechohabientes__Padrón_de_Derechohabientes_Activos__julio__2__agregado.csv,2026,7,Nuevo Leon,H,Todos Los Seguros Prestaciones y Servicios,Organismo Descentralizado,15310
issste_derechohabientes__Padrón_de_Derechohabientes_Activos__julio__2__agregado.csv,2026,7,Nayarit,M,Todos Los Seguros Prestaciones y Servicios,Organismo Descentralizado,15245
issste_derechohabientes__Padrón_de_Derechohabientes_Activos__julio__2__agregado.csv,2026,7,Sonora,H,Todos Los Seguros Prestaciones y Servicios,Organismo Descentralizado,14869
issste_derechohabientes__Padrón_de_Derechohabientes_Activos__julio__2__agregado.csv,2026,7,Durango,H,Todos Los Seguros Prestaciones y Servicios,Organismo Descentralizado,14678
issste_derechohabientes__Padrón_de_Derechohabientes_Activos__julio__2__agregado.csv,2026,7,Quintana Roo,H,Todos Los Seguros Prestaciones y Servicios,Organismo Descentralizado,14268
issste_derechohabientes__Padrón_de_Derechohabientes_Activos__julio__2__agregado.csv,2026,7,Mexico,M,Todos Los Seguros Prestaciones y Servicios,Dependencia Federal,13991
issste_derechohabientes__Padrón_de_Derechohabientes_Activos__julio__2__agregado.csv,2026,7,Morelos,H,Todos Los Seguros Prestaciones y Servicios,Organismo Descentralizado,13899
issste_derechohabientes__Padrón_de_Derechohabientes_Activos__julio__2__agregado.csv,2026,7,Mexico,M,Todos Los Seguros Prestaciones y Servicios,Gobierno Estatal,13816
issste_derechohabientes__Padrón_de_Derechohabientes_Activos__julio__2__agregado.csv,2026,7,Baja California,H,Todos Los Seguros Prestaciones y Servicios,Organismo Descentralizado,13338
issste_derechohabientes__Padrón_de_Derechohabientes_Activos__julio__2__agregado.csv,2026,7,Baja California Sur,M,Todos Los Seguros Prestaciones y Servicios,Organismo Descentralizado,13236
issste_derechohabientes__Padrón_de_Derechohabientes_Activos__julio__2__agregado.csv,2026,7,Yucatan,H,Todos Los Seguros Prestaciones y Servicios,Organismo Descentralizado,12883
issste_derechohabientes__Padrón_de_Derechohabientes_Activos__julio__2__agregado.csv,2026,7,Tabasco,H,Todos Los Seguros Prestaciones y Servicios,Organismo Descentralizado,12476
issste_derechohabientes__Padrón_de_Derechohabientes_Activos__julio__2__agregado.csv,2026,7,Zacatecas,H,Todos Los Seguros Prestaciones y Servicios,Organismo Descentralizado,11592
issste_derechohabientes__Padrón_de_Derechohabientes_Activos__julio__2__agregado.csv,2026,7,Ciudad de Mexico,H,Servicio Medico del Seguro de Salud y Sar,Gobierno Estatal,10939
issste_derechohabientes__Padrón_de_Derechohabientes_Activos__julio__2__agregado.csv,2026,7,Colima,M,Todos Los Seguros Prestaciones y Servicios,Organismo Descentralizado,10277
issste_derechohabientes__Padrón_de_Derechohabientes_Activos__julio__2__agregado.csv,2026,7,Campeche,M,Todos Los Seguros Prestaciones y Servicios,Organismo Descentralizado,10227
issste_derechohabientes__Padrón_de_Derechohabientes_Activos__julio__2__agregado.csv,2026,7,Tlaxcala,H,Todos Los Seguros Prestaciones y Servicios,Organismo Descentralizado,10211
issste_derechohabientes__Padrón_de_Derechohabientes_Activos__julio__2__agregado.csv,2026,7,Ciudad de Mexico,M,Todos Los Seguros Prestaciones y Servicios,Poderes Legislativo y Judicial,9665
issste_derechohabientes__Padrón_de_Derechohabientes_Activos__julio__2__agregado.csv,2026,7,Queretaro,H,Todos Los Seguros Prestaciones y Servicios,Organismo Descentralizado,9461
issste_derechohabientes__Padrón_de_Derechohabientes_Activos__julio__2__agregado.csv,2026,7,Baja California Sur,H,Todos Los Seguros Prestaciones y Servicios,Organismo Descentralizado,9433
issste_derechohabientes__Padrón_de_Derechohabientes_Activos__julio__2__agregado.csv,2026,7,Ciudad de Mexico,H,Todos Los Seguros Prestaciones y Servicios,Poderes Legislativo y Judicial,9402
issste_derechohabientes__Padrón_de_Derechohabientes_Activos__julio__2__agregado.csv,2026,7,Ciudad de Mexico,M,Todos Los Seguros Prestaciones y Servicios,Organismo Autonomo,9012
issste_derechohabientes__Padrón_de_Derechohabientes_Activos__julio__2__agregado.csv,2026,7,Nayarit,H,Todos Los Seguros Prestaciones y Servicios,Organismo Descentralizado,8680
issste_derechohabientes__Padrón_de_Derechohabientes_Activos__julio__2__agregado.csv,2026,7,Ciudad de Mexico,H,Todos Los Seguros Prestaciones y Servicios,Organismo Autonomo,8654
issste_derechohabientes__Padrón_de_Derechohabientes_Activos__julio__2__agregado.csv,2026,7,Guanajuato,M,Seguro de Salud (solo Servicio Medico),Gobierno Estatal,8111
issste_derechohabientes__Padrón_de_Derechohabientes_Activos__julio__2__agregado.csv,2026,7,Aguascalientes,H,Todos Los Seguros Prestaciones y Servicios,Organismo Descentralizado,8040
issste_derechohabientes__Padrón_de_Derechohabientes_Activos__julio__2__agregado.csv,2026,7,Campeche,H,Todos Los Seguros Prestaciones y Servicios,Organismo Descentralizado,7784
issste_derechohabientes__Padrón_de_Derechohabientes_Activos__julio__2__agregado.csv,2026,7,Baja California Sur,H,Todos Los Seguros Prestaciones y Servicios,Municipio,7607
issste_derechohabientes__Padrón_de_Derechohabientes_Activos__julio__2__agregado.csv,2026,7,Ciudad de Mexico,M,Servicio Medico del Seguro de Salud y Sar,Gobierno Estatal,7343
issste_derechohabientes__Padrón_de_Derechohabientes_Activos__julio__2__agregado.csv,2026,7,Hidalgo,H,Todos Los Seguros Prestaciones y Servicios,Gobierno Estatal,6790
issste_derechohabientes__Padrón_de_Derechohabientes_Activos__julio__2__agregado.csv,2026,7,Colima,H,Todos Los Seguros Prestaciones y Servicios,Organismo Descentralizado,5957
issste_derechohabientes__Padrón_de_Derechohabientes_Activos__julio__2__agregado.csv,2026,7,Hidalgo,M,Todos Los Seguros Prestaciones y Servicios,Gobierno Estatal,5568
issste_derechohabientes__Padrón_de_Derechohabientes_Activos__julio__2__agregado.csv,2026,7,Veracruz,M,Todos Los Seguros Prestaciones y Servicios,Organo Desconcentrado,5382
issste_derechohabientes__Padrón_de_Derechohabientes_Activos__julio__2__agregado.csv,2026,7,Baja California Sur,M,Todos Los Seguros Prestaciones y Servicios,Municipio,5371
issste_derechohabientes__Padrón_de_Derechohabientes_Activos__julio__2__agregado.csv,2026,7,Veracruz,H,Todos Los Seguros Prestaciones y Servicios,Organo Desconcentrado,5343
issste_derechohabientes__Padrón_de_Derechohabientes_Activos__julio__2__agregado.csv,2026,7,Veracruz,H,Todos Los Seguros Prestaciones y Servicios,Dependencia Federal,5305
issste_derechohabientes__Padrón_de_Derechohabientes_Activos__julio__2__agregado.csv,2026,7,Entidad Desconocida,H,Todos Los Seguros Prestaciones y Servicios,Dependencia Federal,5208
issste_derechohabientes__Padrón_de_Derechohabientes_Activos__julio__2__agregado.csv,2026,7,Mexico,H,Todos Los Seguros Prestaciones y Servicios,Organismo Autonomo,5172
issste_derechohabientes__Padrón_de_Derechohabientes_Activos__julio__2__agregado.csv,2026,7,Entidad Desconocida,M,Todos Los Seguros Prestaciones y Servicios,Dependencia Federal,5133
issste_derechohabientes__Padrón_de_Derechohabientes_Activos__julio__2__agregado.csv,2026,7,Veracruz,M,Todos Los Seguros Prestaciones y Servicios,Dependencia Federal,5097
issste_derechohabientes__Padrón_de_Derechohabientes_Activos__julio__2__agregado.csv,2026,7,Ciudad de Mexico,H,Todos Los Segs. Prest. y Servs. Con Subrog. del Seg.de Salud,Organismo Descentralizado,4929
issste_derechohabientes__Padrón_de_Derechohabientes_Activos__julio__2__agregado.csv,2026,7,Mexico,H,Todos Los Seguros Prestaciones y Servicios,Poderes Legislativo y Judicial,4863
issste_derechohabientes__Padrón_de_Derechohabientes_Activos__julio__2__agregado.csv,2026,7,Guanajuato,H,Seguro de Salud (solo Servicio Medico),Gobierno Estatal,4782
issste_derechohabientes__Padrón_de_Derechohabientes_Activos__julio__2__agregado.csv,2026,7,Tamaulipas,H,Todos Los Seguros Prestaciones y Servicios,Organo Desconcentrado,4469
issste_derechohabientes__Padrón_de_Derechohabientes_Activos__julio__2__agregado.csv,2026,7,Tamaulipas,M,Todos Los Seguros Prestaciones y Servicios,Organo Desconcentrado,4435
issste_derechohabientes__Padrón_de_Derechohabientes_Activos__julio__2__agregado.csv,2026,7,Ciudad de Mexico,M,Todos Los Seguros Prestaciones y Servicios,Poder Judicial,4352
issste_derechohabientes__Padrón_de_Derechohabientes_Activos__julio__2__agregado.csv,2026,7,Mexico,M,Todos Los Seguros Prestaciones y Servicios,Organismo Autonomo,4315
issste_derechohabientes__Padrón_de_Derechohabientes_Activos__julio__2__agregado.csv,2026,7,Morelos,M,Todos Los Seguros Prestaciones y Servicios,Organo Desconcentrado,4141
issste_derechohabientes__Padrón_de_Derechohabientes_Activos__julio__2__agregado.csv,2026,7,Entidad Desconocida,H,Todos Los Seguros Prestaciones y Servicios,Gobierno Estatal,4091
issste_derechohabientes__Padrón_de_Derechohabientes_Activos__julio__2__agregado.csv,2026,7,Mexico,M,Todos Los Seguros Prestaciones y Servicios,Poderes Legislativo y Judicial,4079
issste_derechohabientes__Padrón_de_Derechohabientes_Activos__julio__2__agregado.csv,2026,7,Guerrero,H,Todos Los Seguros Prestaciones y Servicios,Organismo Autonomo,4079
issste_derechohabientes__Padrón_de_Derechohabientes_Activos__julio__2__agregado.csv,2026,7,Entidad Desconocida,H,Todos Los Seguros Prestaciones y Servicios,Organo Desconcentrado,4041
issste_derechohabientes__Padrón_de_Derechohabientes_Activos__julio__2__agregado.csv,2026,7,Quintana Roo,H,Todos Los Seguros Prestaciones y Servicios,Gobierno Estatal,4029
issste_derechohabientes__Padrón_de_Derechohabientes_Activos__julio__2__agregado.csv,2026,7,Tamaulipas,H,Todos Los Seguros Prestaciones y Servicios,Dependencia Federal,4011
issste_derechohabientes__Padrón_de_Derechohabientes_Activos__julio__2__agregado.csv,2026,7,Quintana Roo,H,Todos Los Seguros Prestaciones y Servicios,Municipio,3973
issste_derechohabientes__Padrón_de_Derechohabientes_Activos__julio__2__agregado.csv,2026,7,Michoacan,H,Servicio Medico del Seguro de Salud y Sar,Gobierno Estatal,3941
issste_derechohabientes__Padrón_de_Derechohabientes_Activos__julio__2__agregado.csv,2026,7,Ciudad de Mexico,M,Todos Los Segs. Prest. y Servs. Con Subrog. del Seg.de Salud,Organismo Descentralizado,3932
issste_derechohabientes__Padrón_de_Derechohabientes_Activos__julio__2__agregado.csv,2026,7,San Luis Potosi,H,Todos Los Seguros Prestaciones y Servicios,Organismo Autonomo,3787
issste_derechohabientes__Padrón_de_Derechohabientes_Activos__julio__2__agregado.csv,2026,7,Veracruz,H,Todos Los Seguros Prestaciones y Servicios,Gobierno Estatal,3721
issste_derechohabientes__Padrón_de_Derechohabientes_Activos__julio__2__agregado.csv,2026,7,Oaxaca,H,Todos Los Seguros Prestaciones y Servicios,Dependencia Federal,3695
issste_derechohabientes__Padrón_de_Derechohabientes_Activos__julio__2__agregado.csv,2026,7,San Luis Potosi,M,Todos Los Seguros Prestaciones y Servicios,Organismo Autonomo,3677
issste_derechohabientes__Padrón_de_Derechohabientes_Activos__julio__2__agregado.csv,2026,7,Quintana Roo,M,Todos Los Seguros Prestaciones y Servicios,Gobierno Estatal,3624
issste_derechohabientes__Padrón_de_Derechohabientes_Activos__julio__2__agregado.csv,2026,7,Tamaulipas,M,Todos Los Seguros Prestaciones y Servicios,Dependencia Federal,3605
issste_derechohabientes__Padrón_de_Derechohabientes_Activos__julio__2__agregado.csv,2026,7,Michoacan,M,Todos Los Seguros Prestaciones y Servicios,Organo Desconcentrado,3602
issste_derechohabientes__Padrón_de_Derechohabientes_Activos__julio__2__agregado.csv,2026,7,Coahuila,M,Todos Los Seguros Prestaciones y Servicios,Organo Desconcentrado,3581
issste_derechohabientes__Padrón_de_Derechohabientes_Activos__julio__2__agregado.csv,2026,7,Ciudad de Mexico,H,Todos Los Seguros Prestaciones y Servicios,Poder Judicial,3525
issste_derechohabientes__Padrón_de_Derechohabientes_Activos__julio__2__agregado.csv,2026,7,Michoacan,M,Servicio Medico del Seguro de Salud y Sar,Gobierno Estatal,3501
issste_derechohabientes__Padrón_de_Derechohabientes_Activos__julio__2__agregado.csv,2026,7,Sonora,M,Todos Los Seguros Prestaciones y Servicios,Organo Desconcentrado,3422
issste_derechohabientes__Padrón_de_Derechohabientes_Activos__julio__2__agregado.csv,2026,7,Entidad Desconocida,M,Todos Los Seguros Prestaciones y Servicios,Organo Desconcentrado,3418
issste_derechohabientes__Padrón_de_Derechohabientes_Activos__julio__2__agregado.csv,2026,7,Sinaloa,M,Todos Los Seguros Prestaciones y Servicios,Organo Desconcentrado,3408
issste_derechohabientes__Padrón_de_Derechohabientes_Activos__julio__2__agregado.csv,2026,7,Sinaloa,H,Todos Los Seguros Prestaciones y Servicios,Organo Desconcentrado,3395
issste_derechohabientes__Padrón_de_Derechohabientes_Activos__julio__2__agregado.csv,2026,7,Guerrero,M,Todos Los Seguros Prestaciones y Servicios,Organismo Autonomo,3378
issste_derechohabientes__Padrón_de_Derechohabientes_Activos__julio__2__agregado.csv,2026,7,Mexico,H,Servicio Medico del Seguro de Salud y Sar,Gobierno Estatal,3374
issste_derechohabientes__Padrón_de_Derechohabientes_Activos__julio__2__agregado.csv,2026,7,Mexico,H,Todos Los Segs. Prest. y Servs. Con Subrog. del Seg.de Salud,Organismo Descentralizado,3358
issste_derechohabientes__Padrón_de_Derechohabientes_Activos__julio__2__agregado.csv,2026,7,Chihuahua,M,Todos Los Seguros Prestaciones y Servicios,Organo Desconcentrado,3334
issste_derechohabientes__Padrón_de_Derechohabientes_Activos__julio__2__agregado.csv,2026,7,Chiapas,H,Todos Los Seguros Prestaciones y Servicios,Organismo Autonomo,3325
issste_derechohabientes__Padrón_de_Derechohabientes_Activos__julio__2__agregado.csv,2026,7,Chiapas,H,Todos Los Seguros Prestaciones y Servicios,Dependencia Federal,3308
issste_derechohabientes__Padrón_de_Derechohabientes_Activos__julio__2__agregado.csv,2026,7,Guerrero,M,Todos Los Seguros Prestaciones y Servicios,Organo Desconcentrado,3306
issste_derechohabientes__Padrón_de_Derechohabientes_Activos__julio__2__agregado.csv,2026,7,Jalisco,M,Todos Los Seguros Prestaciones y Servicios,Dependencia Federal,3260
issste_derechohabientes__Padrón_de_Derechohabientes_Activos__julio__2__agregado.csv,2026,7,Michoacan,H,Todos Los Seguros Prestaciones y Servicios,Organo Desconcentrado,3257
issste_derechohabientes__Padrón_de_Derechohabientes_Activos__julio__2__agregado.csv,2026,7,Morelos,H,Todos Los Seguros Prestaciones y Servicios,Organo Desconcentrado,3231
issste_derechohabientes__Padrón_de_Derechohabientes_Activos__julio__2__agregado.csv,2026,7,Chiapas,H,Todos Los Seguros Prestaciones y Servicios,Organo Desconcentrado,3214
issste_derechohabientes__Padrón_de_Derechohabientes_Activos__julio__2__agregado.csv,2026,7,Oaxaca,M,Todos Los Seguros Prestaciones y Servicios,Organo Desconcentrado,3194
issste_derechohabientes__Padrón_de_Derechohabientes_Activos__julio__2__agregado.csv,2026,7,Aguascalientes,M,Todos Los Seguros Prestaciones y Servicios,Organismo Autonomo,3161
issste_derechohabientes__Padrón_de_Derechohabientes_Activos__julio__2__agregado.csv,2026,7,Coahuila,H,Todos Los Seguros Prestaciones y Servicios,Organo Desconcentrado,3143
issste_derechohabientes__Padrón_de_Derechohabientes_Activos__julio__2__agregado.csv,2026,7,Sinaloa,M,Servicio Medico del Seguro de Salud y Sar,Gobierno Estatal,3139
issste_derechohabientes__Padrón_de_Derechohabientes_Activos__julio__2__agregado.csv,2026,7,Sonora,H,Todos Los Seguros Prestaciones y Servicios,Organo Desconcentrado,3102
issste_derechohabientes__Padrón_de_Derechohabientes_Activos__julio__2__agregado.csv,2026,7,Oaxaca,H,Todos Los Seguros Prestaciones y Servicios,Organo Desconcentrado,3092
issste_derechohabientes__Padrón_de_Derechohabientes_Activos__julio__2__agregado.csv,2026,7,Zacatecas,H,Todos Los Seguros Prestaciones y Servicios,Organismo Autonomo,3039
issste_derechohabientes__Padrón_de_Derechohabientes_Activos__julio__2__agregado.csv,2026,7,Quintana Roo,M,Todos Los Seguros Prestaciones y Servicios,Municipio,3015
issste_derechohabientes__Padrón_de_Derechohabientes_Activos__julio__2__agregado.csv,2026,7,Aguascalientes,H,Todos Los Seguros Prestaciones y Servicios,Organismo Autonomo,3011
issste_derechohabientes__Padrón_de_Derechohabientes_Activos__julio__2__agregado.csv,2026,7,Chihuahua,H,Todos Los Seguros Prestaciones y Servicios,Organo Desconcentrado,3009
issste_derechohabientes__Padrón_de_Derechohabientes_Activos__julio__2__agregado.csv,2026,7,Puebla,H,Todos Los Seguros Prestaciones y Servicios,Dependencia Federal,2968
issste_derechohabientes__Padrón_de_Derechohabientes_Activos__julio__2__agregado.csv,2026,7,Jalisco,H,Todos Los Seguros Prestaciones y Servicios,Dependencia Federal,2952
issste_derechohabientes__Padrón_de_Derechohabientes_Activos__julio__2__agregado.csv,2026,7,Guerrero,H,Todos Los Seguros Prestaciones y Servicios,Organo Desconcentrado,2944
issste_derechohabientes__Padrón_de_Derechohabientes_Activos__julio__2__agregado.csv,2026,7,Hidalgo,M,Todos Los Seguros Prestaciones y Servicios,Organo Desconcentrado,2937
issste_derechohabientes__Padrón_de_Derechohabientes_Activos__julio__2__agregado.csv,2026,7,Sonora,M,Todos Los Seguros Prestaciones y Servicios,Dependencia Federal,2917
issste_derechohabientes__Padrón_de_Derechohabientes_Activos__julio__2__agregado.csv,2026,7,Michoacan,H,Todos Los Seguros Prestaciones y Servicios,Dependencia Federal,2892
issste_derechohabientes__Padrón_de_Derechohabientes_Activos__julio__2__agregado.csv,2026,7,Baja California,M,Todos Los Seguros Prestaciones y Servicios,Organo Desconcentrado,2884
issste_derechohabientes__Padrón_de_Derechohabientes_Activos__julio__2__agregado.csv,2026,7,Jalisco,M,Todos Los Seguros Prestaciones y Servicios,Organo Desconcentrado,2857
issste_derechohabientes__Padrón_de_Derechohabientes_Activos__julio__2__agregado.csv,2026,7,Chiapas,M,Todos Los Seguros Prestaciones y Servicios,Organo Desconcentrado,2841
issste_derechohabientes__Padrón_de_Derechohabientes_Activos__julio__2__agregado.csv,2026,7,Guerrero,H,Todos Los Seguros Prestaciones y Servicios,Dependencia Federal,2838
issste_derechohabientes__Padrón_de_Derechohabientes_Activos__julio__2__agregado.csv,2026,7,Guanajuato,M,Todos Los Seguros Prestaciones y Servicios,Organo Desconcentrado,2790
issste_derechohabientes__Padrón_de_Derechohabientes_Activos__julio__2__agregado.csv,2026,7,Guanajuato,M,Todos Los Seguros Prestaciones y Servicios,Dependencia Federal,2769
issste_derechohabientes__Padrón_de_Derechohabientes_Activos__julio__2__agregado.csv,2026,7,Sonora,H,Todos Los Seguros Prestaciones y Servicios,Dependencia Federal,2745
issste_derechohabientes__Padrón_de_Derechohabientes_Activos__julio__2__agregado.csv,2026,7,Baja California,H,Todos Los Seguros Prestaciones y Servicios,Organo Desconcentrado,2727
issste_derechohabientes__Padrón_de_Derechohabientes_Activos__julio__2__agregado.csv,2026,7,Sinaloa,H,Servicio Medico del Seguro de Salud y Sar,Gobierno Estatal,2724
issste_derechohabientes__Padrón_de_Derechohabientes_Activos__julio__2__agregado.csv,2026,7,Oaxaca,M,Todos Los Seguros Prestaciones y Servicios,Dependencia Federal,2696
issste_derechohabientes__Padrón_de_Derechohabientes_Activos__julio__2__agregado.csv,2026,7,Michoacan,M,Todos Los Seguros Prestaciones y Servicios,Dependencia Federal,2693
issste_derechohabientes__Padrón_de_Derechohabientes_Activos__julio__2__agregado.csv,2026,7,Chihuahua,M,Todos Los Seguros Prestaciones y Servicios,Dependencia Federal,2678
issste_derechohabientes__Padrón_de_Derechohabientes_Activos__julio__2__agregado.csv,2026,7,Zacatecas,M,Todos Los Seguros Prestaciones y Servicios,Organismo Autonomo,2664
issste_derechohabientes__Padrón_de_Derechohabientes_Activos__julio__2__agregado.csv,2026,7,Chiapas,M,Todos Los Seguros Prestaciones y Servicios,Organismo Autonomo,2657
issste_derechohabientes__Padrón_de_Derechohabientes_Activos__julio__2__agregado.csv,2026,7,Puebla,M,Todos Los Seguros Prestaciones y Servicios,Dependencia Federal,2623
issste_derechohabientes__Padrón_de_Derechohabientes_Activos__julio__2__agregado.csv,2026,7,Hidalgo,H,Todos Los Seguros Prestaciones y Servicios,Organo Desconcentrado,2622
issste_derechohabientes__Padrón_de_Derechohabientes_Activos__julio__2__agregado.csv,2026,7,Baja California,M,Todos Los Seguros Prestaciones y Servicios,Dependencia Federal,2561
issste_derechohabientes__Padrón_de_Derechohabientes_Activos__julio__2__agregado.csv,2026,7,Durango,H,Todos Los Seguros Prestaciones y Servicios,Organismo Autonomo,2558
issste_derechohabientes__Padrón_de_Derechohabientes_Activos__julio__2__agregado.csv,2026,7,Chiapas,M,Todos Los Seguros Prestaciones y Servicios,Dependencia Federal,2554
issste_derechohabientes__Padrón_de_Derechohabientes_Activos__julio__2__agregado.csv,2026,7,Tamaulipas,M,Seguro de Salud (solo Servicio Medico),Gobierno Estatal,2544
issste_derechohabientes__Padrón_de_Derechohabientes_Activos__julio__2__agregado.csv,2026,7,Puebla,M,Todos Los Seguros Prestaciones y Servicios,Organo Desconcentrado,2541
issste_derechohabientes__Padrón_de_Derechohabientes_Activos__julio__2__agregado.csv,2026,7,Hidalgo,H,Todos Los Seguros Prestaciones y Servicios,Dependencia Federal,2540
issste_derechohabientes__Padrón_de_Derechohabientes_Activos__julio__2__agregado.csv,2026,7,Sinaloa,M,Todos Los Seguros Prestaciones y Servicios,Dependencia Federal,2538
issste_derechohabientes__Padrón_de_Derechohabientes_Activos__julio__2__agregado.csv,2026,7,Durango,M,Todos Los Seguros Prestaciones y Servicios,Organo Desconcentrado,2528
issste_derechohabientes__Padrón_de_Derechohabientes_Activos__julio__2__agregado.csv,2026,7,Sinaloa,H,Todos Los Seguros Prestaciones y Servicios,Dependencia Federal,2512
issste_derechohabientes__Padrón_de_Derechohabientes_Activos__julio__2__agregado.csv,2026,7,Chihuahua,H,Todos Los Seguros Prestaciones y Servicios,Dependencia Federal,2511
issste_derechohabientes__Padrón_de_Derechohabientes_Activos__julio__2__agregado.csv,2026,7,Baja California Sur,H,Todos Los Seguros Prestaciones y Servicios,Gobierno Estatal,2510
issste_derechohabientes__Padrón_de_Derechohabientes_Activos__julio__2__agregado.csv,2026,7,Jalisco,H,Todos Los Seguros Prestaciones y Servicios,Organo Desconcentrado,2456
issste_derechohabientes__Padrón_de_Derechohabientes_Activos__julio__2__agregado.csv,2026,7,Entidad Desconocida,M,Todos Los Seguros Prestaciones y Servicios,Gobierno Estatal,2442
issste_derechohabientes__Padrón_de_Derechohabientes_Activos__julio__2__agregado.csv,2026,7,Yucatan,H,Todos Los Seguros Prestaciones y Servicios,Organo Desconcentrado,2437
issste_derechohabientes__Padrón_de_Derechohabientes_Activos__julio__2__agregado.csv,2026,7,Guanajuato,H,Todos Los Seguros Prestaciones y Servicios,Organo Desconcentrado,2433
issste_derechohabientes__Padrón_de_Derechohabientes_Activos__julio__2__agregado.csv,2026,7,Puebla,H,Todos Los Seguros Prestaciones y Servicios,Organo Desconcentrado,2413
issste_derechohabientes__Padrón_de_Derechohabientes_Activos__julio__2__agregado.csv,2026,7,Nayarit,M,Todos Los Seguros Prestaciones y Servicios,Organo Desconcentrado,2389
issste_derechohabientes__Padrón_de_Derechohabientes_Activos__julio__2__agregado.csv,2026,7,Baja California Sur,M,Todos Los Seguros Prestaciones y Servicios,Gobierno Estatal,2351
issste_derechohabientes__Padrón_de_Derechohabientes_Activos__julio__2__agregado.csv,2026,7,Durango,H,Todos Los Seguros Prestaciones y Servicios,Dependencia Federal,2335
issste_derechohabientes__Padrón_de_Derechohabientes_Activos__julio__2__agregado.csv,2026,7,Hidalgo,M,Todos Los Seguros Prestaciones y Servicios,Dependencia Federal,2313
issste_derechohabientes__Padrón_de_Derechohabientes_Activos__julio__2__agregado.csv,2026,7,Guanajuato,H,Todos Los Seguros Prestaciones y Servicios,Dependencia Federal,2309
issste_derechohabientes__Padrón_de_Derechohabientes_Activos__julio__2__agregado.csv,2026,7,Durango,M,Todos Los Seguros Prestaciones y Servicios,Organismo Autonomo,2285
issste_derechohabientes__Padrón_de_Derechohabientes_Activos__julio__2__agregado.csv,2026,7,Baja California,H,Todos Los Seguros Prestaciones y Servicios,Dependencia Federal,2275
issste_derechohabientes__Padrón_de_Derechohabientes_Activos__julio__2__agregado.csv,2026,7,Guerrero,M,Todos Los Seguros Prestaciones y Servicios,Dependencia Federal,2265
issste_derechohabientes__Padrón_de_Derechohabientes_Activos__julio__2__agregado.csv,2026,7,Coahuila,H,Todos Los Seguros Prestaciones y Servicios,Dependencia Federal,2253
issste_derechohabientes__Padrón_de_Derechohabientes_Activos__julio__2__agregado.csv,2026,7,Tamaulipas,H,Seguro de Salud (solo Servicio Medico),Gobierno Estatal,2249
issste_derechohabientes__Padrón_de_Derechohabientes_Activos__julio__2__agregado.csv,2026,7,Durango,H,Todos Los Seguros Prestaciones y Servicios,Organo Desconcentrado,2230
issste_derechohabientes__Padrón_de_Derechohabientes_Activos__julio__2__agregado.csv,2026,7,Coahuila,M,Todos Los Seguros Prestaciones y Servicios,Dependencia Federal,2179
issste_derechohabientes__Padrón_de_Derechohabientes_Activos__julio__2__agregado.csv,2026,7,Mexico,M,Todos Los Segs. Prest. y Servs. Con Subrog. del Seg.de Salud,Organismo Descentralizado,2177
issste_derechohabientes__Padrón_de_Derechohabientes_Activos__julio__2__agregado.csv,2026,7,Ciudad de Mexico,H,Solo Serv. Med. a Pens. Directos Con Cargo a Otras Entid.,Organismo Descentralizado,2159
issste_derechohabientes__Padrón_de_Derechohabientes_Activos__julio__2__agregado.csv,2026,7,Durango,M,Todos Los Seguros Prestaciones y Servicios,Dependencia Federal,2139
issste_derechohabientes__Padrón_de_Derechohabientes_Activos__julio__2__agregado.csv,2026,7,Queretaro,M,Todos Los Seguros Prestaciones y Servicios,Organo Desconcentrado,2129
issste_derechohabientes__Padrón_de_Derechohabientes_Activos__julio__2__agregado.csv,2026,7,Nuevo Leon,M,Todos Los Seguros Prestaciones y Servicios,Dependencia Federal,2111
issste_derechohabientes__Padrón_de_Derechohabientes_Activos__julio__2__agregado.csv,2026,7,Nuevo Leon,M,Todos Los Seguros Prestaciones y Servicios,Organo Desconcentrado,2094
issste_derechohabientes__Padrón_de_Derechohabientes_Activos__julio__2__agregado.csv,2026,7,San Luis Potosi,M,Todos Los Seguros Prestaciones y Servicios,Organo Desconcentrado,2087
issste_derechohabientes__Padrón_de_Derechohabientes_Activos__julio__2__agregado.csv,2026,7,Quintana Roo,H,Todos Los Seguros Prestaciones y Servicios,Organo Desconcentrado,2041
issste_derechohabientes__Padrón_de_Derechohabientes_Activos__julio__2__agregado.csv,2026,7,Nuevo Leon,H,Todos Los Seguros Prestaciones y Servicios,Dependencia Federal,2022
issste_derechohabientes__Padrón_de_Derechohabientes_Activos__julio__2__agregado.csv,2026,7,Morelos,H,Todos Los Seguros Prestaciones y Servicios,Dependencia Federal,2004
issste_derechohabientes__Padrón_de_Derechohabientes_Activos__julio__2__agregado.csv,2026,7,Queretaro,H,Todos Los Seguros Prestaciones y Servicios,Organo Desconcentrado,1975
issste_derechohabientes__Padrón_de_Derechohabientes_Activos__julio__2__agregado.csv,2026,7,San Luis Potosi,M,Todos Los Seguros Prestaciones y Servicios,Dependencia Federal,1969
issste_derechohabientes__Padrón_de_Derechohabientes_Activos__julio__2__agregado.csv,2026,7,San Luis Potosi,H,Todos Los Seguros Prestaciones y Servicios,Dependencia Federal,1964
issste_derechohabientes__Padrón_de_Derechohabientes_Activos__julio__2__agregado.csv,2026,7,Guerrero,H,Seguro de Salud (solo Servicio Medico),Gobierno Estatal,1951
issste_derechohabientes__Padrón_de_Derechohabientes_Activos__julio__2__agregado.csv,2026,7,Yucatan,M,Todos Los Seguros Prestaciones y Servicios,Organo Desconcentrado,1951
issste_derechohabientes__Padrón_de_Derechohabientes_Activos__julio__2__agregado.csv,2026,7,Yucatan,H,Todos Los Seguros Prestaciones y Servicios,Dependencia Federal,1950
issste_derechohabientes__Padrón_de_Derechohabientes_Activos__julio__2__agregado.csv,2026,7,Veracruz,M,Todos Los Seguros Prestaciones y Servicios,Gobierno Estatal,1925
issste_derechohabientes__Padrón_de_Derechohabientes_Activos__julio__2__agregado.csv,2026,7,Nuevo Leon,H,Todos Los Seguros Prestaciones y Servicios,Organo Desconcentrado,1905
issste_derechohabientes__Padrón_de_Derechohabientes_Activos__julio__2__agregado.csv,2026,7,Morelos,M,Todos Los Seguros Prestaciones y Servicios,Dependencia Federal,1897
issste_derechohabientes__Padrón_de_Derechohabientes_Activos__julio__2__agregado.csv,2026,7,Ciudad de Mexico,H,Seguro de Salud (solo Servicio Medico),Organismo Descentralizado,1838
issste_derechohabientes__Padrón_de_Derechohabientes_Activos__julio__2__agregado.csv,2026,7,Nayarit,H,Todos Los Seguros Prestaciones y Servicios,Organo Desconcentrado,1818
issste_derechohabientes__Padrón_de_Derechohabientes_Activos__julio__2__agregado.csv,2026,7,Tabasco,H,Todos Los Seguros Prestaciones y Servicios,Organo Desconcentrado,1796
issste_derechohabientes__Padrón_de_Derechohabientes_Activos__julio__2__agregado.csv,2026,7,Tabasco,M,Todos Los Seguros Prestaciones y Servicios,Organo Desconcentrado,1765
issste_derechohabientes__Padrón_de_Derechohabientes_Activos__julio__2__agregado.csv,2026,7,Jalisco,H,Todos Los Seguros Prestaciones y Servicios,Poderes Legislativo y Judicial,1750
issste_derechohabientes__Padrón_de_Derechohabientes_Activos__julio__2__agregado.csv,2026,7,Entidad Desconocida,H,Todos Los Seguros Prestaciones y Servicios,Organismo Autonomo,1746
issste_derechohabientes__Padrón_de_Derechohabientes_Activos__julio__2__agregado.csv,2026,7,Baja California Sur,M,Todos Los Seguros Prestaciones y Servicios,Organo Desconcentrado,1744
issste_derechohabientes__Padrón_de_Derechohabientes_Activos__julio__2__agregado.csv,2026,7,Jalisco,M,Todos Los Seguros Prestaciones y Servicios,Poderes Legislativo y Judicial,1737
issste_derechohabientes__Padrón_de_Derechohabientes_Activos__julio__2__agregado.csv,2026,7,Quintana Roo,M,Todos Los Seguros Prestaciones y Servicios,Organo Desconcentrado,1721
issste_derechohabientes__Padrón_de_Derechohabientes_Activos__julio__2__agregado.csv,2026,7,Tabasco,H,Todos Los Seguros Prestaciones y Servicios,Dependencia Federal,1652
issste_derechohabientes__Padrón_de_Derechohabientes_Activos__julio__2__agregado.csv,2026,7,Tlaxcala,M,Todos Los Seguros Prestaciones y Servicios,Organo Desconcentrado,1627
issste_derechohabientes__Padrón_de_Derechohabientes_Activos__julio__2__agregado.csv,2026,7,Guerrero,M,Seguro de Salud (solo Servicio Medico),Gobierno Estatal,1627
issste_derechohabientes__Padrón_de_Derechohabientes_Activos__julio__2__agregado.csv,2026,7,San Luis Potosi,H,Todos Los Seguros Prestaciones y Servicios,Organo Desconcentrado,1625
issste_derechohabientes__Padrón_de_Derechohabientes_Activos__julio__2__agregado.csv,2026,7,Yucatan,M,Todos Los Seguros Prestaciones y Servicios,Dependencia Federal,1624
issste_derechohabientes__Padrón_de_Derechohabientes_Activos__julio__2__agregado.csv,2026,7,Entidad Desconocida,H,Seguro de Salud (solo Servicio Medico),Organismo Descentralizado,1614
issste_derechohabientes__Padrón_de_Derechohabientes_Activos__julio__2__agregado.csv,2026,7,Ciudad de Mexico,M,Seguro de Salud (solo Servicio Medico),Organismo Descentralizado,1599
issste_derechohabientes__Padrón_de_Derechohabientes_Activos__julio__2__agregado.csv,2026,7,Quintana Roo,M,Todos Los Seguros Prestaciones y Servicios,Dependencia Federal,1588
issste_derechohabientes__Padrón_de_Derechohabientes_Activos__julio__2__agregado.csv,2026,7,Guanajuato,M,Solo Serv. Med. a Pens. Directos Con Cargo a Otras Entid.,Organismo Descentralizado,1576
issste_derechohabientes__Padrón_de_Derechohabientes_Activos__julio__2__agregado.csv,2026,7,Baja California Sur,H,Todos Los Seguros Prestaciones y Servicios,Organo Desconcentrado,1560
issste_derechohabientes__Padrón_de_Derechohabientes_Activos__julio__2__agregado.csv,2026,7,Quintana Roo,H,Todos Los Seguros Prestaciones y Servicios,Organismo Autonomo,1516
issste_derechohabientes__Padrón_de_Derechohabientes_Activos__julio__2__agregado.csv,2026,7,Mexico,M,Todos Los Seguros Prestaciones y Servicios,Poder Judicial,1514
issste_derechohabientes__Padrón_de_Derechohabientes_Activos__julio__2__agregado.csv,2026,7,Entidad Desconocida,M,Seguro de Salud (solo Servicio Medico),Organismo Descentralizado,1497
issste_derechohabientes__Padrón_de_Derechohabientes_Activos__julio__2__agregado.csv,2026,7,Quintana Roo,M,Todos Los Seguros Prestaciones y Servicios,Organismo Autonomo,1493
issste_derechohabientes__Padrón_de_Derechohabientes_Activos__julio__2__agregado.csv,2026,7,Durango,M,Servicio Medico del Seguro de Salud y Sar,Gobierno Estatal,1489
issste_derechohabientes__Padrón_de_Derechohabientes_Activos__julio__2__agregado.csv,2026,7,Aguascalientes,M,Todos Los Seguros Prestaciones y Servicios,Organo Desconcentrado,1470
issste_derechohabientes__Padrón_de_Derechohabientes_Activos__julio__2__agregado.csv,2026,7,Zacatecas,M,Todos Los Seguros Prestaciones y Servicios,Organo Desconcentrado,1466
issste_derechohabientes__Padrón_de_Derechohabientes_Activos__julio__2__agregado.csv,2026,7,Entidad Desconocida,M,Todos Los Seguros Prestaciones y Servicios,Organismo Autonomo,1464
issste_derechohabientes__Padrón_de_Derechohabientes_Activos__julio__2__agregado.csv,2026,7,Zacatecas,H,Todos Los Seguros Prestaciones y Servicios,Dependencia Federal,1452
issste_derechohabientes__Padrón_de_Derechohabientes_Activos__julio__2__agregado.csv,2026,7,Tlaxcala,H,Todos Los Seguros Prestaciones y Servicios,Organo Desconcentrado,1444
issste_derechohabientes__Padrón_de_Derechohabientes_Activos__julio__2__agregado.csv,2026,7,Guanajuato,H,Solo Serv. Med. a Pens. Directos Con Cargo a Otras Entid.,Organismo Descentralizado,1435
issste_derechohabientes__Padrón_de_Derechohabientes_Activos__julio__2__agregado.csv,2026,7,Quintana Roo,H,Todos Los Seguros Prestaciones y Servicios,Dependencia Federal,1425
issste_derechohabientes__Padrón_de_Derechohabientes_Activos__julio__2__agregado.csv,2026,7,Zacatecas,M,Todos Los Seguros Prestaciones y Servicios,Dependencia Federal,1404
issste_derechohabientes__Padrón_de_Derechohabientes_Activos__julio__2__agregado.csv,2026,7,Aguascalientes,M,Todos Los Seguros Prestaciones y Servicios,Dependencia Federal,1377
issste_derechohabientes__Padrón_de_Derechohabientes_Activos__julio__2__agregado.csv,2026,7,Tabasco,M,Todos Los Seguros Prestaciones y Servicios,Dependencia Federal,1371
issste_derechohabientes__Padrón_de_Derechohabientes_Activos__julio__2__agregado.csv,2026,7,Mexico,M,Servicio Medico del Seguro de Salud y Sar,Gobierno Estatal,1371
issste_derechohabientes__Padrón_de_Derechohabientes_Activos__julio__2__agregado.csv,2026,7,Mexico,H,Todos Los Seguros Prestaciones y Servicios,Poder Judicial,1357
issste_derechohabientes__Padrón_de_Derechohabientes_Activos__julio__2__agregado.csv,2026,7,Aguascalientes,H,Todos Los Seguros Prestaciones y Servicios,Dependencia Federal,1256
issste_derechohabientes__Padrón_de_Derechohabientes_Activos__julio__2__agregado.csv,2026,7,Hidalgo,M,Todos Los Seguros Prestaciones y Servicios,Poder Judicial,1243
issste_derechohabientes__Padrón_de_Derechohabientes_Activos__julio__2__agregado.csv,2026,7,Aguascalientes,H,Todos Los Seguros Prestaciones y Servicios,Organo Desconcentrado,1216
issste_derechohabientes__Padrón_de_Derechohabientes_Activos__julio__2__agregado.csv,2026,7,Campeche,H,Todos Los Seguros Prestaciones y Servicios,Organo Desconcentrado,1213
issste_derechohabientes__Padrón_de_Derechohabientes_Activos__julio__2__agregado.csv,2026,7,Zacatecas,H,Todos Los Seguros Prestaciones y Servicios,Organo Desconcentrado,1206
issste_derechohabientes__Padrón_de_Derechohabientes_Activos__julio__2__agregado.csv,2026,7,Queretaro,M,Todos Los Seguros Prestaciones y Servicios,Dependencia Federal,1194
issste_derechohabientes__Padrón_de_Derechohabientes_Activos__julio__2__agregado.csv,2026,7,Ciudad de Mexico,M,Seguros de Salud(solo Servicio Medico)y de Riesgos del Trab.,Gobierno Estatal,1190
issste_derechohabientes__Padrón_de_Derechohabientes_Activos__julio__2__agregado.csv,2026,7,Entidad Desconocida,H,Todos Los Seguros Prestaciones y Servicios,Poderes Legislativo y Judicial,1179
issste_derechohabientes__Padrón_de_Derechohabientes_Activos__julio__2__agregado.csv,2026,7,Veracruz,H,Todos Los Seguros Prestaciones y Servicios,Poderes Legislativo y Judicial,1179
issste_derechohabientes__Padrón_de_Derechohabientes_Activos__julio__2__agregado.csv,2026,7,Nayarit,H,Todos Los Seguros Prestaciones y Servicios,Dependencia Federal,1165
issste_derechohabientes__Padrón_de_Derechohabientes_Activos__julio__2__agregado.csv,2026,7,Ciudad de Mexico,M,Solo Serv. Med. a Pens. Directos Con Cargo a Otras Entid.,Organismo Descentralizado,1162
issste_derechohabientes__Padrón_de_Derechohabientes_Activos__julio__2__agregado.csv,2026,7,Veracruz,M,Todos Los Seguros Prestaciones y Servicios,Poderes Legislativo y Judicial,1143
issste_derechohabientes__Padrón_de_Derechohabientes_Activos__julio__2__agregado.csv,2026,7,Tlaxcala,H,Todos Los Seguros Prestaciones y Servicios,Dependencia Federal,1133
issste_derechohabientes__Padrón_de_Derechohabientes_Activos__julio__2__agregado.csv,2026,7,Colima,M,Todos Los Seguros Prestaciones y Servicios,Organo Desconcentrado,1131
issste_derechohabientes__Padrón_de_Derechohabientes_Activos__julio__2__agregado.csv,2026,7,Jalisco,M,Todos Los Seguros Prestaciones y Servicios,Organismo Autonomo,1117
issste_derechohabientes__Padrón_de_Derechohabientes_Activos__julio__2__agregado.csv,2026,7,Campeche,M,Todos Los Seguros Prestaciones y Servicios,Organo Desconcentrado,1108
issste_derechohabientes__Padrón_de_Derechohabientes_Activos__julio__2__agregado.csv,2026,7,Colima,H,Todos Los Seguros Prestaciones y Servicios,Organo Desconcentrado,1106
issste_derechohabientes__Padrón_de_Derechohabientes_Activos__julio__2__agregado.csv,2026,7,Ciudad de Mexico,H,Seguros de Salud(solo Servicio Medico)y de Riesgos del Trab.,Gobierno Estatal,1064
issste_derechohabientes__Padrón_de_Derechohabientes_Activos__julio__2__agregado.csv,2026,7,Sinaloa,H,Todos Los Segurosprestaciones y Servicios Excepto Fovissste,Municipio,1062
issste_derechohabientes__Padrón_de_Derechohabientes_Activos__julio__2__agregado.csv,2026,7,Nayarit,M,Todos Los Seguros Prestaciones y Servicios,Dependencia Federal,1059
issste_derechohabientes__Padrón_de_Derechohabientes_Activos__julio__2__agregado.csv,2026,7,Entidad Desconocida,M,Todos Los Seguros Prestaciones y Servicios,Poderes Legislativo y Judicial,1058
issste_derechohabientes__Padrón_de_Derechohabientes_Activos__julio__2__agregado.csv,2026,7,Tlaxcala,M,Todos Los Seguros Prestaciones y Servicios,Dependencia Federal,1041
issste_derechohabientes__Padrón_de_Derechohabientes_Activos__julio__2__agregado.csv,2026,7,Queretaro,H,Todos Los Seguros Prestaciones y Servicios,Dependencia Federal,1030
issste_derechohabientes__Padrón_de_Derechohabientes_Activos__julio__2__agregado.csv,2026,7,Sinaloa,M,Solo Serv. Med. a Pens. Directos Con Cargo a Otras Entid.,Gobierno Estatal,1016
issste_derechohabientes__Padrón_de_Derechohabientes_Activos__julio__2__agregado.csv,2026,7,Durango,H,Servicio Medico del Seguro de Salud y Sar,Gobierno Estatal,1011
issste_derechohabientes__Padrón_de_Derechohabientes_Activos__julio__2__agregado.csv,2026,7,Baja California Sur,M,Todos Los Seguros Prestaciones y Servicios,Dependencia Federal,1001
issste_derechohabientes__Padrón_de_Derechohabientes_Activos__julio__2__agregado.csv,2026,7,Mexico,H,Solo Serv. Med. a Pens. Directos Con Cargo a Otras Entid.,Organismo Descentralizado,1001
issste_derechohabientes__Padrón_de_Derechohabientes_Activos__julio__2__agregado.csv,2026,7,Jalisco,H,Todos Los Seguros Prestaciones y Servicios,Organismo Autonomo,998
issste_derechohabientes__Padrón_de_Derechohabientes_Activos__julio__2__agregado.csv,2026,7,Puebla,M,Todos Los Seguros Prestaciones y Servicios,Poderes Legislativo y Judicial,992
issste_derechohabientes__Padrón_de_Derechohabientes_Activos__julio__2__agregado.csv,2026,7,Puebla,H,Todos Los Seguros Prestaciones y Servicios,Poderes Legislativo y Judicial,987
issste_derechohabientes__Padrón_de_Derechohabientes_Activos__julio__2__agregado.csv,2026,7,Campeche,H,Todos Los Seguros Prestaciones y Servicios,Dependencia Federal,980
issste_derechohabientes__Padrón_de_Derechohabientes_Activos__julio__2__agregado.csv,2026,7,Baja California Sur,H,Todos Los Seguros Prestaciones y Servicios,Dependencia Federal,979
issste_derechohabientes__Padrón_de_Derechohabientes_Activos__julio__2__agregado.csv,2026,7,Quintana Roo,M,Todos Los Seguros Prestaciones y Servicios,Poder Judicial,967
issste_derechohabientes__Padrón_de_Derechohabientes_Activos__julio__2__agregado.csv,2026,7,Baja California,M,Todos Los Seguros Prestaciones y Servicios,Poderes Legislativo y Judicial,961
issste_derechohabientes__Padrón_de_Derechohabientes_Activos__julio__2__agregado.csv,2026,7,Nuevo Leon,M,Todos Los Seguros Prestaciones y Servicios,Poderes Legislativo y Judicial,954
issste_derechohabientes__Padrón_de_Derechohabientes_Activos__julio__2__agregado.csv,2026,7,Veracruz,H,Todos Los Seguros Prestaciones y Servicios,Organismo Autonomo,917
issste_derechohabientes__Padrón_de_Derechohabientes_Activos__julio__2__agregado.csv,2026,7,Veracruz,M,Todos Los Seguros Prestaciones y Servicios,Organismo Autonomo,917
issste_derechohabientes__Padrón_de_Derechohabientes_Activos__julio__2__agregado.csv,2026,7,Sinaloa,H,Solo Serv. Med. a Pens. Directos Con Cargo a Otras Entid.,Gobierno Estatal,914
issste_derechohabientes__Padrón_de_Derechohabientes_Activos__julio__2__agregado.csv,2026,7,Nayarit,M,Servicio Medico del Seguro de Salud y Sar,Gobierno Estatal,898
issste_derechohabientes__Padrón_de_Derechohabientes_Activos__julio__2__agregado.csv,2026,7,Puebla,H,Todos Los Seguros Prestaciones y Servicios,Organismo Autonomo,878
issste_derechohabientes__Padrón_de_Derechohabientes_Activos__julio__2__agregado.csv,2026,7,Sinaloa,H,Seguro de Salud (solo Servicio Medico),Organismo Descentralizado,863
issste_derechohabientes__Padrón_de_Derechohabientes_Activos__julio__2__agregado.csv,2026,7,Puebla,M,Todos Los Seguros Prestaciones y Servicios,Organismo Autonomo,862
issste_derechohabientes__Padrón_de_Derechohabientes_Activos__julio__2__agregado.csv,2026,7,Ciudad de Mexico,H,Todos Los Seguros Prestaciones y Servicios,Poder Legislativo,853
issste_derechohabientes__Padrón_de_Derechohabientes_Activos__julio__2__agregado.csv,2026,7,Coahuila,H,Seguro de Salud (solo Servicio Medico),Gobierno Estatal,846
issste_derechohabientes__Padrón_de_Derechohabientes_Activos__julio__2__agregado.csv,2026,7,Nuevo Leon,M,Todos Los Seguros Prestaciones y Servicios,Organismo Autonomo,844
issste_derechohabientes__Padrón_de_Derechohabientes_Activos__julio__2__agregado.csv,2026,7,Baja California,H,Todos Los Seguros Prestaciones y Servicios,Poderes Legislativo y Judicial,828
issste_derechohabientes__Padrón_de_Derechohabientes_Activos__julio__2__agregado.csv,2026,7,Nuevo Leon,H,Todos Los Seguros Prestaciones y Servicios,Poderes Legislativo y Judicial,828
issste_derechohabientes__Padrón_de_Derechohabientes_Activos__julio__2__agregado.csv,2026,7,Campeche,M,Todos Los Seguros Prestaciones y Servicios,Dependencia Federal,809
issste_derechohabientes__Padrón_de_Derechohabientes_Activos__julio__2__agregado.csv,2026,7,Coahuila,M,Seguro de Salud (solo Servicio Medico),Gobierno Estatal,798
issste_derechohabientes__Padrón_de_Derechohabientes_Activos__julio__2__agregado.csv,2026,7,Ciudad de Mexico,M,Todos Los Seguros Prestaciones y Servicios,Poder Legislativo,793
issste_derechohabientes__Padrón_de_Derechohabientes_Activos__julio__2__agregado.csv,2026,7,Sinaloa,M,Seguro de Salud (solo Servicio Medico),Organismo Descentralizado,792
issste_derechohabientes__Padrón_de_Derechohabientes_Activos__julio__2__agregado.csv,2026,7,Guanajuato,M,Todos Los Seguros Prestaciones y Servicios,Poderes Legislativo y Judicial,777
issste_derechohabientes__Padrón_de_Derechohabientes_Activos__julio__2__agregado.csv,2026,7,Hidalgo,H,Todos Los Seguros Prestaciones y Servicios,Organismo Autonomo,772
issste_derechohabientes__Padrón_de_Derechohabientes_Activos__julio__2__agregado.csv,2026,7,Nuevo Leon,H,Todos Los Seguros Prestaciones y Servicios,Organismo Autonomo,769
issste_derechohabientes__Padrón_de_Derechohabientes_Activos__julio__2__agregado.csv,2026,7,Chihuahua,M,Todos Los Seguros Prestaciones y Servicios,Poderes Legislativo y Judicial,765
issste_derechohabientes__Padrón_de_Derechohabientes_Activos__julio__2__agregado.csv,2026,7,Nayarit,H,Servicio Medico del Seguro de Salud y Sar,Gobierno Estatal,760
issste_derechohabientes__Padrón_de_Derechohabientes_Activos__julio__2__agregado.csv,2026,7,Coahuila,M,Todos Los Seguros Prestaciones y Servicios,Poderes Legislativo y Judicial,757
issste_derechohabientes__Padrón_de_Derechohabientes_Activos__julio__2__agregado.csv,2026,7,Colima,H,Todos Los Seguros Prestaciones y Servicios,Dependencia Federal,752
issste_derechohabientes__Padrón_de_Derechohabientes_Activos__julio__2__agregado.csv,2026,7,Baja California,M,Todos Los Seguros Prestaciones y Servicios,Organismo Autonomo,748
issste_derechohabientes__Padrón_de_Derechohabientes_Activos__julio__2__agregado.csv,2026,7,Sinaloa,H,Todos Los Seguros Prestaciones y Servicios,Municipio,743
issste_derechohabientes__Padrón_de_Derechohabientes_Activos__julio__2__agregado.csv,2026,7,Ciudad de Mexico,H,Todos Los Seguros Prestaciones y Servicios,Empresa de Participacion Estatal,742
issste_derechohabientes__Padrón_de_Derechohabientes_Activos__julio__2__agregado.csv,2026,7,Colima,M,Todos Los Seguros Prestaciones y Servicios,Dependencia Federal,740
issste_derechohabientes__Padrón_de_Derechohabientes_Activos__julio__2__agregado.csv,2026,7,Tamaulipas,H,Todos Los Seguros Prestaciones y Servicios,Poderes Legislativo y Judicial,737
issste_derechohabientes__Padrón_de_Derechohabientes_Activos__julio__2__agregado.csv,2026,7,Guanajuato,M,Todos Los Seguros Prestaciones y Servicios,Organismo Autonomo,735
issste_derechohabientes__Padrón_de_Derechohabientes_Activos__julio__2__agregado.csv,2026,7,Durango,M,Seguro de Salud (solo Servicio Medico),Gobierno Estatal,730
issste_derechohabientes__Padrón_de_Derechohabientes_Activos__julio__2__agregado.csv,2026,7,Sonora,M,Todos Los Seguros Prestaciones y Servicios,Poderes Legislativo y Judicial,730
issste_derechohabientes__Padrón_de_Derechohabientes_Activos__julio__2__agregado.csv,2026,7,Durango,H,Seguro de Salud (solo Servicio Medico),Gobierno Estatal,725
issste_derechohabientes__Padrón_de_Derechohabientes_Activos__julio__2__agregado.csv,2026,7,Guanajuato,H,Todos Los Seguros Prestaciones y Servicios,Poderes Legislativo y Judicial,718
issste_derechohabientes__Padrón_de_Derechohabientes_Activos__julio__2__agregado.csv,2026,7,Sinaloa,M,Todos Los Segurosprestaciones y Servicios Excepto Fovissste,Municipio,707
issste_derechohabientes__Padrón_de_Derechohabientes_Activos__julio__2__agregado.csv,2026,7,Coahuila,M,Todos Los Seguros Prestaciones y Servicios,Organismo Autonomo,706
issste_derechohabientes__Padrón_de_Derechohabientes_Activos__julio__2__agregado.csv,2026,7,Oaxaca,H,Todos Los Seguros Prestaciones y Servicios,Organismo Autonomo,705
issste_derechohabientes__Padrón_de_Derechohabientes_Activos__julio__2__agregado.csv,2026,7,Mexico,H,Todos Los Seguros Prestaciones y Servicios,Empresa de Participacion Estatal,701
issste_derechohabientes__Padrón_de_Derechohabientes_Activos__julio__2__agregado.csv,2026,7,Chihuahua,M,Todos Los Seguros Prestaciones y Servicios,Organismo Autonomo,701
issste_derechohabientes__Padrón_de_Derechohabientes_Activos__julio__2__agregado.csv,2026,7,Tamaulipas,M,Todos Los Seguros Prestaciones y Servicios,Poderes Legislativo y Judicial,700
issste_derechohabientes__Padrón_de_Derechohabientes_Activos__julio__2__agregado.csv,2026,7,Sinaloa,M,Todos Los Seguros Prestaciones y Servicios,Poderes Legislativo y Judicial,689
issste_derechohabientes__Padrón_de_Derechohabientes_Activos__julio__2__agregado.csv,2026,7,Hidalgo,M,Todos Los Seguros Prestaciones y Servicios,Organismo Autonomo,685
issste_derechohabientes__Padrón_de_Derechohabientes_Activos__julio__2__agregado.csv,2026,7,Ciudad de Mexico,M,Serv. Med. a Pens. Ind. C/cgo. a Otras Ent. S/insc. Benefs.,Organismo Descentralizado,683
issste_derechohabientes__Padrón_de_Derechohabientes_Activos__julio__2__agregado.csv,2026,7,Oaxaca,M,Todos Los Seguros Prestaciones y Servicios,Organismo Autonomo,671
issste_derechohabientes__Padrón_de_Derechohabientes_Activos__julio__2__agregado.csv,2026,7,Sinaloa,H,Todos Los Seguros Prestaciones y Servicios,Poderes Legislativo y Judicial,659
issste_derechohabientes__Padrón_de_Derechohabientes_Activos__julio__2__agregado.csv,2026,7,Morelos,M,Todos Los Seguros Prestaciones y Servicios,Poderes Legislativo y Judicial,658
issste_derechohabientes__Padrón_de_Derechohabientes_Activos__julio__2__agregado.csv,2026,7,Coahuila,H,Todos Los Seguros Prestaciones y Servicios,Poderes Legislativo y Judicial,643
issste_derechohabientes__Padrón_de_Derechohabientes_Activos__julio__2__agregado.csv,2026,7,Michoacan,M,Solo Serv. Med. a Pens. Directos Con Cargo a Otras Entid.,Gobierno Estatal,643
issste_derechohabientes__Padrón_de_Derechohabientes_Activos__julio__2__agregado.csv,2026,7,Quintana Roo,H,Todos Los Seguros Prestaciones y Servicios,Empresa de Participacion Estatal,641
issste_derechohabientes__Padrón_de_Derechohabientes_Activos__julio__2__agregado.csv,2026,7,Ciudad de Mexico,M,Todos Los Seguros Prestaciones y Servicios,Empresa de Participacion Estatal,639
issste_derechohabientes__Padrón_de_Derechohabientes_Activos__julio__2__agregado.csv,2026,7,Morelos,H,Todos Los Seguros Prestaciones y Servicios,Poderes Legislativo y Judicial,631
issste_derechohabientes__Padrón_de_Derechohabientes_Activos__julio__2__agregado.csv,2026,7,Sonora,H,Todos Los Seguros Prestaciones y Servicios,Poderes Legislativo y Judicial,630
issste_derechohabientes__Padrón_de_Derechohabientes_Activos__julio__2__agregado.csv,2026,7,Sonora,M,Todos Los Seguros Prestaciones y Servicios,Organismo Autonomo,629
issste_derechohabientes__Padrón_de_Derechohabientes_Activos__julio__2__agregado.csv,2026,7,Chiapas,H,Todos Los Seguros Prestaciones y Servicios,Poderes Legislativo y Judicial,624
issste_derechohabientes__Padrón_de_Derechohabientes_Activos__julio__2__agregado.csv,2026,7,Tamaulipas,M,Todos Los Seguros Prestaciones y Servicios,Organismo Autonomo,622
issste_derechohabientes__Padrón_de_Derechohabientes_Activos__julio__2__agregado.csv,2026,7,Tamaulipas,M,Solo Serv. Med. a Pens. Directos Con Cargo a Otras Entid.,Gobierno Estatal,619
issste_derechohabientes__Padrón_de_Derechohabientes_Activos__julio__2__agregado.csv,2026,7,Tabasco,M,Todos Los Seguros Prestaciones y Servicios,Poderes Legislativo y Judicial,618
issste_derechohabientes__Padrón_de_Derechohabientes_Activos__julio__2__agregado.csv,2026,7,Mexico,H,Seguro de Salud (solo Servicio Medico),Organismo Descentralizado,616
issste_derechohabientes__Padrón_de_Derechohabientes_Activos__julio__2__agregado.csv,2026,7,Chihuahua,H,Todos Los Seguros Prestaciones y Servicios,Poderes Legislativo y Judicial,608
issste_derechohabientes__Padrón_de_Derechohabientes_Activos__julio__2__agregado.csv,2026,7,Michoacan,M,Todos Los Seguros Prestaciones y Servicios,Poderes Legislativo y Judicial,608
issste_derechohabientes__Padrón_de_Derechohabientes_Activos__julio__2__agregado.csv,2026,7,Michoacan,H,Todos Los Seguros Prestaciones y Servicios,Poderes Legislativo y Judicial,608
issste_derechohabientes__Padrón_de_Derechohabientes_Activos__julio__2__agregado.csv,2026,7,Hidalgo,H,Todos Los Seguros Prestaciones y Servicios,Poder Judicial,607
issste_derechohabientes__Padrón_de_Derechohabientes_Activos__julio__2__agregado.csv,2026,7,Chiapas,M,Todos Los Seguros Prestaciones y Servicios,Poderes Legislativo y Judicial,605
issste_derechohabientes__Padrón_de_Derechohabientes_Activos__julio__2__agregado.csv,2026,7,Baja California Sur,M,Todos Los Seguros Prestaciones y Servicios,Poder Judicial,602
issste_derechohabientes__Padrón_de_Derechohabientes_Activos__julio__2__agregado.csv,2026,7,Michoacan,H,Todos Los Seguros Prestaciones y Servicios,Organismo Autonomo,601
issste_derechohabientes__Padrón_de_Derechohabientes_Activos__julio__2__agregado.csv,2026,7,Sonora,H,Todos Los Seguros Prestaciones y Servicios,Organismo Autonomo,600
issste_derechohabientes__Padrón_de_Derechohabientes_Activos__julio__2__agregado.csv,2026,7,Tamaulipas,H,Todos Los Seguros Prestaciones y Servicios,Organismo Autonomo,597
issste_derechohabientes__Padrón_de_Derechohabientes_Activos__julio__2__agregado.csv,2026,7,Sinaloa,M,Todos Los Seguros Prestaciones y Servicios,Organismo Autonomo,594
issste_derechohabientes__Padrón_de_Derechohabientes_Activos__julio__2__agregado.csv,2026,7,Baja California,H,Todos Los Seguros Prestaciones y Servicios,Organismo Autonomo,585
issste_derechohabientes__Padrón_de_Derechohabientes_Activos__julio__2__agregado.csv,2026,7,Oaxaca,M,Todos Los Seguros Prestaciones y Servicios,Poderes Legislativo y Judicial,581
issste_derechohabientes__Padrón_de_Derechohabientes_Activos__julio__2__agregado.csv,2026,7,Yucatan,H,Todos Los Seguros Prestaciones y Servicios,Empresa de Participacion Estatal,580
issste_derechohabientes__Padrón_de_Derechohabientes_Activos__julio__2__agregado.csv,2026,7,Guanajuato,H,Todos Los Seguros Prestaciones y Servicios,Organismo Autonomo,574
issste_derechohabientes__Padrón_de_Derechohabientes_Activos__julio__2__agregado.csv,2026,7,Oaxaca,H,Todos Los Seguros Prestaciones y Servicios,Poderes Legislativo y Judicial,573
issste_derechohabientes__Padrón_de_Derechohabientes_Activos__julio__2__agregado.csv,2026,7,Quintana Roo,H,Todos Los Seguros Prestaciones y Servicios,Poder Judicial,571
issste_derechohabientes__Padrón_de_Derechohabientes_Activos__julio__2__agregado.csv,2026,7,Michoacan,M,Todos Los Seguros Prestaciones y Servicios,Organismo Autonomo,569
issste_derechohabientes__Padrón_de_Derechohabientes_Activos__julio__2__agregado.csv,2026,7,Tabasco,H,Todos Los Seguros Prestaciones y Servicios,Poderes Legislativo y Judicial,569
issste_derechohabientes__Padrón_de_Derechohabientes_Activos__julio__2__agregado.csv,2026,7,Mexico,M,Todos Los Seguros Prestaciones y Servicios,Empresa de Participacion Estatal,561
issste_derechohabientes__Padrón_de_Derechohabientes_Activos__julio__2__agregado.csv,2026,7,Guerrero,M,Todos Los Seguros Prestaciones y Servicios,Poderes Legislativo y Judicial,541
issste_derechohabientes__Padrón_de_Derechohabientes_Activos__julio__2__agregado.csv,2026,7,Guerrero,H,Todos Los Seguros Prestaciones y Servicios,Poderes Legislativo y Judicial,539
issste_derechohabientes__Padrón_de_Derechohabientes_Activos__julio__2__agregado.csv,2026,7,Coahuila,H,Todos Los Seguros Prestaciones y Servicios,Organismo Autonomo,530
issste_derechohabientes__Padrón_de_Derechohabientes_Activos__julio__2__agregado.csv,2026,7,Sinaloa,H,Todos Los Seguros Prestaciones y Servicios,Organismo Autonomo,530
issste_derechohabientes__Padrón_de_Derechohabientes_Activos__julio__2__agregado.csv,2026,7,Chihuahua,H,Todos Los Seguros Prestaciones y Servicios,Organismo Autonomo,519
issste_derechohabientes__Padrón_de_Derechohabientes_Activos__julio__2__agregado.csv,2026,7,Queretaro,M,Todos Los Seguros Prestaciones y Servicios,Organismo Autonomo,507
issste_derechohabientes__Padrón_de_Derechohabientes_Activos__julio__2__agregado.csv,2026,7,Mexico,M,Seguro de Salud (solo Servicio Medico),Organismo Descentralizado,505
issste_derechohabientes__Padrón_de_Derechohabientes_Activos__julio__2__agregado.csv,2026,7,Entidad Desconocida,H,Todos Los Seguros Prestaciones y Servicios,Empresa de Participacion Estatal,495
issste_derechohabientes__Padrón_de_Derechohabientes_Activos__julio__2__agregado.csv,2026,7,Quintana Roo,H,Todos Los Seguros Prestaciones y Servicios,Poder Legislativo,495
issste_derechohabientes__Padrón_de_Derechohabientes_Activos__julio__2__agregado.csv,2026,7,Yucatan,H,Todos Los Seguros Prestaciones y Servicios,Organismo Autonomo,483
issste_derechohabientes__Padrón_de_Derechohabientes_Activos__julio__2__agregado.csv,2026,7,Morelos,M,Todos Los Seguros Prestaciones y Servicios,Organismo Autonomo,480
issste_derechohabientes__Padrón_de_Derechohabientes_Activos__julio__2__agregado.csv,2026,7,Queretaro,M,Todos Los Seguros Prestaciones y Servicios,Poderes Legislativo y Judicial,459
issste_derechohabientes__Padrón_de_Derechohabientes_Activos__julio__2__agregado.csv,2026,7,Yucatan,M,Todos Los Seguros Prestaciones y Servicios,Organismo Autonomo,456
issste_derechohabientes__Padrón_de_Derechohabientes_Activos__julio__2__agregado.csv,2026,7,Morelos,H,Todos Los Seguros Prestaciones y Servicios,Organismo Autonomo,447
issste_derechohabientes__Padrón_de_Derechohabientes_Activos__julio__2__agregado.csv,2026,7,San Luis Potosi,M,Todos Los Seguros Prestaciones y Servicios,Poderes Legislativo y Judicial,441
issste_derechohabientes__Padrón_de_Derechohabientes_Activos__julio__2__agregado.csv,2026,7,Quintana Roo,M,Todos Los Seguros Prestaciones y Servicios,Poder Legislativo,437
issste_derechohabientes__Padrón_de_Derechohabientes_Activos__julio__2__agregado.csv,2026,7,Hidalgo,H,Todos Los Seguros Prestaciones y Servicios,Poderes Legislativo y Judicial,430
issste_derechohabientes__Padrón_de_Derechohabientes_Activos__julio__2__agregado.csv,2026,7,Nayarit,M,Todos Los Seguros Prestaciones y Servicios,Poderes Legislativo y Judicial,427
issste_derechohabientes__Padrón_de_Derechohabientes_Activos__julio__2__agregado.csv,2026,7,Hidalgo,M,Todos Los Seguros Prestaciones y Servicios,Poderes Legislativo y Judicial,425
issste_derechohabientes__Padrón_de_Derechohabientes_Activos__julio__2__agregado.csv,2026,7,Guanajuato,M,Seguro de Salud (solo Servicio Medico),Organismo Descentralizado,425
issste_derechohabientes__Padrón_de_Derechohabientes_Activos__julio__2__agregado.csv,2026,7,Campeche,H,Todos Los Seguros Prestaciones y Servicios,Empresa de Participacion Estatal,424
issste_derechohabientes__Padrón_de_Derechohabientes_Activos__julio__2__agregado.csv,2026,7,Coahuila,H,Seguro de Salud (solo Servicio Medico),Municipio,424
issste_derechohabientes__Padrón_de_Derechohabientes_Activos__julio__2__agregado.csv,2026,7,San Luis Potosi,H,Todos Los Seguros Prestaciones y Servicios,Poderes Legislativo y Judicial,412
issste_derechohabientes__Padrón_de_Derechohabientes_Activos__julio__2__agregado.csv,2026,7,Tabasco,H,Todos Los Seguros Prestaciones y Servicios,Organismo Autonomo,408
issste_derechohabientes__Padrón_de_Derechohabientes_Activos__julio__2__agregado.csv,2026,7,Yucatan,M,Todos Los Seguros Prestaciones y Servicios,Empresa de Participacion Estatal,400
issste_derechohabientes__Padrón_de_Derechohabientes_Activos__julio__2__agregado.csv,2026,7,Queretaro,H,Todos Los Seguros Prestaciones y Servicios,Poderes Legislativo y Judicial,397
issste_derechohabientes__Padrón_de_Derechohabientes_Activos__julio__2__agregado.csv,2026,7,Aguascalientes,M,Todos Los Seguros Prestaciones y Servicios,Poderes Legislativo y Judicial,391
issste_derechohabientes__Padrón_de_Derechohabientes_Activos__julio__2__agregado.csv,2026,7,Entidad Desconocida,H,Todos Los Seguros Prestaciones y Servicios,Municipio,388
issste_derechohabientes__Padrón_de_Derechohabientes_Activos__julio__2__agregado.csv,2026,7,Sinaloa,M,Todos Los Seguros Prestaciones y Servicios,Municipio,386
issste_derechohabientes__Padrón_de_Derechohabientes_Activos__julio__2__agregado.csv,2026,7,Nayarit,H,Todos Los Seguros Prestaciones y Servicios,Poderes Legislativo y Judicial,384
issste_derechohabientes__Padrón_de_Derechohabientes_Activos__julio__2__agregado.csv,2026,7,Tlaxcala,M,Todos Los Seguros Prestaciones y Servicios,Organismo Autonomo,380
issste_derechohabientes__Padrón_de_Derechohabientes_Activos__julio__2__agregado.csv,2026,7,Michoacan,H,Solo Serv. Med. a Pens. Directos Con Cargo a Otras Entid.,Gobierno Estatal,370
issste_derechohabientes__Padrón_de_Derechohabientes_Activos__julio__2__agregado.csv,2026,7,Guanajuato,H,Seguro de Salud (solo Servicio Medico),Organismo Descentralizado,368
issste_derechohabientes__Padrón_de_Derechohabientes_Activos__julio__2__agregado.csv,2026,7,Tabasco,M,Todos Los Seguros Prestaciones y Servicios,Organismo Autonomo,365
issste_derechohabientes__Padrón_de_Derechohabientes_Activos__julio__2__agregado.csv,2026,7,Yucatan,M,Todos Los Seguros Prestaciones y Servicios,Poderes Legislativo y Judicial,361
issste_derechohabientes__Padrón_de_Derechohabientes_Activos__julio__2__agregado.csv,2026,7,Hidalgo,H,Solo Serv. Med. a Pens. Directos Con Cargo a Otras Entid.,Gobierno Estatal,360
issste_derechohabientes__Padrón_de_Derechohabientes_Activos__julio__2__agregado.csv,2026,7,Yucatan,H,Todos Los Seguros Prestaciones y Servicios,Poderes Legislativo y Judicial,358
issste_derechohabientes__Padrón_de_Derechohabientes_Activos__julio__2__agregado.csv,2026,7,Hidalgo,M,Solo Serv. Med. a Pens. Directos Con Cargo a Otras Entid.,Gobierno Estatal,348
issste_derechohabientes__Padrón_de_Derechohabientes_Activos__julio__2__agregado.csv,2026,7,Tlaxcala,H,Todos Los Seguros Prestaciones y Servicios,Organismo Autonomo,345
issste_derechohabientes__Padrón_de_Derechohabientes_Activos__julio__2__agregado.csv,2026,7,Queretaro,H,Todos Los Seguros Prestaciones y Servicios,Organismo Autonomo,344
issste_derechohabientes__Padrón_de_Derechohabientes_Activos__julio__2__agregado.csv,2026,7,Nayarit,M,Todos Los Seguros Prestaciones y Servicios,Organismo Autonomo,334
issste_derechohabientes__Padrón_de_Derechohabientes_Activos__julio__2__agregado.csv,2026,7,Aguascalientes,H,Todos Los Seguros Prestaciones y Servicios,Poderes Legislativo y Judicial,331
issste_derechohabientes__Padrón_de_Derechohabientes_Activos__julio__2__agregado.csv,2026,7,Quintana Roo,M,Todos Los Seguros Prestaciones y Servicios,Poderes Legislativo y Judicial,330
issste_derechohabientes__Padrón_de_Derechohabientes_Activos__julio__2__agregado.csv,2026,7,Mexico,M,Solo Serv. Med. a Pens. Directos Con Cargo a Otras Entid.,Organismo Descentralizado,330
issste_derechohabientes__Padrón_de_Derechohabientes_Activos__julio__2__agregado.csv,2026,7,Baja California Sur,M,Todos Los Seguros Prestaciones y Servicios,Organismo Autonomo,328
issste_derechohabientes__Padrón_de_Derechohabientes_Activos__julio__2__agregado.csv,2026,7,Durango,M,Todos Los Seguros Prestaciones y Servicios,Poderes Legislativo y Judicial,323
issste_derechohabientes__Padrón_de_Derechohabientes_Activos__julio__2__agregado.csv,2026,7,Quintana Roo,M,Todos Los Seguros Prestaciones y Servicios,Empresa de Participacion Estatal,320
issste_derechohabientes__Padrón_de_Derechohabientes_Activos__julio__2__agregado.csv,2026,7,Coahuila,M,Seguro de Salud (solo Servicio Medico),Municipio,318
issste_derechohabientes__Padrón_de_Derechohabientes_Activos__julio__2__agregado.csv,2026,7,Baja California Sur,H,Todos Los Seguros Prestaciones y Servicios,Poder Judicial,311
issste_derechohabientes__Padrón_de_Derechohabientes_Activos__julio__2__agregado.csv,2026,7,Durango,H,Todos Los Seguros Prestaciones y Servicios,Poderes Legislativo y Judicial,310
issste_derechohabientes__Padrón_de_Derechohabientes_Activos__julio__2__agregado.csv,2026,7,Colima,M,Todos Los Seguros Prestaciones y Servicios,Organismo Autonomo,306
issste_derechohabientes__Padrón_de_Derechohabientes_Activos__julio__2__agregado.csv,2026,7,Nayarit,H,Todos Los Seguros Prestaciones y Servicios,Organismo Autonomo,297
issste_derechohabientes__Padrón_de_Derechohabientes_Activos__julio__2__agregado.csv,2026,7,Quintana Roo,H,Todos Los Seguros Prestaciones y Servicios,Poderes Legislativo y Judicial,297
issste_derechohabientes__Padrón_de_Derechohabientes_Activos__julio__2__agregado.csv,2026,7,Durango,M,Solo Serv. Med. a Pens. Directos Con Cargo a Otras Entid.,Gobierno Estatal,293
issste_derechohabientes__Padrón_de_Derechohabientes_Activos__julio__2__agregado.csv,2026,7,Zacatecas,M,Todos Los Seguros Prestaciones y Servicios,Poderes Legislativo y Judicial,290
issste_derechohabientes__Padrón_de_Derechohabientes_Activos__julio__2__agregado.csv,2026,7,Entidad Desconocida,M,Todos Los Seguros Prestaciones y Servicios,Municipio,287
issste_derechohabientes__Padrón_de_Derechohabientes_Activos__julio__2__agregado.csv,2026,7,Durango,H,Solo Serv. Med. a Pens. Directos Con Cargo a Otras Entid.,Gobierno Estatal,285
issste_derechohabientes__Padrón_de_Derechohabientes_Activos__julio__2__agregado.csv,2026,7,Campeche,H,Todos Los Seguros Prestaciones y Servicios,Organismo Autonomo,273
issste_derechohabientes__Padrón_de_Derechohabientes_Activos__julio__2__agregado.csv,2026,7,Morelos,H,Todos Los Seguros Prestaciones y Servicios,Gobierno Estatal,270
issste_derechohabientes__Padrón_de_Derechohabientes_Activos__julio__2__agregado.csv,2026,7,Tlaxcala,H,Todos Los Seguros Prestaciones y Servicios,Poderes Legislativo y Judicial,267
issste_derechohabientes__Padrón_de_Derechohabientes_Activos__julio__2__agregado.csv,2026,7,Ciudad de Mexico,M,Cvro. Salud R.c.v. E Invalidez y Vida,Organismo Descentralizado,264
issste_derechohabientes__Padrón_de_Derechohabientes_Activos__julio__2__agregado.csv,2026,7,Zacatecas,H,Todos Los Seguros Prestaciones y Servicios,Poderes Legislativo y Judicial,262
issste_derechohabientes__Padrón_de_Derechohabientes_Activos__julio__2__agregado.csv,2026,7,Entidad Desconocida,M,Todos Los Seguros Prestaciones y Servicios,Empresa de Participacion Estatal,258
issste_derechohabientes__Padrón_de_Derechohabientes_Activos__julio__2__agregado.csv,2026,7,Tamaulipas,H,Solo Serv. Med. a Pens. Directos Con Cargo a Otras Entid.,Gobierno Estatal,251
issste_derechohabientes__Padrón_de_Derechohabientes_Activos__julio__2__agregado.csv,2026,7,Campeche,M,Todos Los Seguros Prestaciones y Servicios,Organismo Autonomo,250
issste_derechohabientes__Padrón_de_Derechohabientes_Activos__julio__2__agregado.csv,2026,7,Colima,H,Todos Los Seguros Prestaciones y Servicios,Organismo Autonomo,247
issste_derechohabientes__Padrón_de_Derechohabientes_Activos__julio__2__agregado.csv,2026,7,Ciudad de Mexico,M,Cvro. Salud,Organismo Descentralizado,247
issste_derechohabientes__Padrón_de_Derechohabientes_Activos__julio__2__agregado.csv,2026,7,Mexico,H,Seguros de Salud(solo Servicio Medico)y de Riesgos del Trab.,Gobierno Estatal,238
issste_derechohabientes__Padrón_de_Derechohabientes_Activos__julio__2__agregado.csv,2026,7,Tlaxcala,M,Todos Los Seguros Prestaciones y Servicios,Poderes Legislativo y Judicial,237
issste_derechohabientes__Padrón_de_Derechohabientes_Activos__julio__2__agregado.csv,2026,7,Baja California Sur,H,Todos Los Seguros Prestaciones y Servicios,Organismo Autonomo,225
issste_derechohabientes__Padrón_de_Derechohabientes_Activos__julio__2__agregado.csv,2026,7,Campeche,H,Todos Los Seguros Prestaciones y Servicios,Poderes Legislativo y Judicial,221
issste_derechohabientes__Padrón_de_Derechohabientes_Activos__julio__2__agregado.csv,2026,7,Michoacan,M,Seguro de Salud (solo Servicio Medico),Gobierno Estatal,214
issste_derechohabientes__Padrón_de_Derechohabientes_Activos__julio__2__agregado.csv,2026,7,Colima,M,Todos Los Seguros Prestaciones y Servicios,Poderes Legislativo y Judicial,212
issste_derechohabientes__Padrón_de_Derechohabientes_Activos__julio__2__agregado.csv,2026,7,Campeche,M,Todos Los Seguros Prestaciones y Servicios,Empresa de Participacion Estatal,212
issste_derechohabientes__Padrón_de_Derechohabientes_Activos__julio__2__agregado.csv,2026,7,Baja California Sur,M,Todos Los Seguros Prestaciones y Servicios,Poderes Legislativo y Judicial,205
issste_derechohabientes__Padrón_de_Derechohabientes_Activos__julio__2__agregado.csv,2026,7,Ciudad de Mexico,H,Cvro. Salud,Organismo Descentralizado,205
issste_derechohabientes__Padrón_de_Derechohabientes_Activos__julio__2__agregado.csv,2026,7,Ciudad de Mexico,H,Cvro. Salud R.c.v. E Invalidez y Vida,Organismo Descentralizado,202
issste_derechohabientes__Padrón_de_Derechohabientes_Activos__julio__2__agregado.csv,2026,7,Guerrero,H,Seguro de Salud (solo Servicio Medico),Municipio,199
issste_derechohabientes__Padrón_de_Derechohabientes_Activos__julio__2__agregado.csv,2026,7,Mexico,M,Serv. Med. a Pens. Ind. C/cgo. a Otras Ent. S/insc. Benefs.,Organismo Descentralizado,199
issste_derechohabientes__Padrón_de_Derechohabientes_Activos__julio__2__agregado.csv,2026,7,Nayarit,M,Solo Serv. Med. a Pens. Directos Con Cargo a Otras Entid.,Gobierno Estatal,195
issste_derechohabientes__Padrón_de_Derechohabientes_Activos__julio__2__agregado.csv,2026,7,Colima,H,Todos Los Seguros Prestaciones y Servicios,Poderes Legislativo y Judicial,195
issste_derechohabientes__Padrón_de_Derechohabientes_Activos__julio__2__agregado.csv,2026,7,Guerrero,M,Seguro de Salud (solo Servicio Medico),Organismo Descentralizado,193
issste_derechohabientes__Padrón_de_Derechohabientes_Activos__julio__2__agregado.csv,2026,7,Guerrero,M,Seguro de Salud (solo Servicio Medico),Municipio,193
issste_derechohabientes__Padrón_de_Derechohabientes_Activos__julio__2__agregado.csv,2026,7,Mexico,H,Todos Los Seguros Prestaciones y Servicios,Poder Legislativo,192
issste_derechohabientes__Padrón_de_Derechohabientes_Activos__julio__2__agregado.csv,2026,7,Guerrero,H,Seguro de Salud (solo Servicio Medico),Organismo Descentralizado,189
issste_derechohabientes__Padrón_de_Derechohabientes_Activos__julio__2__agregado.csv,2026,7,Mexico,M,Seguros de Salud(solo Servicio Medico)y de Riesgos del Trab.,Gobierno Estatal,188
issste_derechohabientes__Padrón_de_Derechohabientes_Activos__julio__2__agregado.csv,2026,7,Ciudad de Mexico,M,Todos Los Segs. Prest. y Servs. Con Subrog. del Seg.de Salud,Organo Desconcentrado,187
issste_derechohabientes__Padrón_de_Derechohabientes_Activos__julio__2__agregado.csv,2026,7,Campeche,M,Todos Los Seguros Prestaciones y Servicios,Poderes Legislativo y Judicial,186
issste_derechohabientes__Padrón_de_Derechohabientes_Activos__julio__2__agregado.csv,2026,7,Baja California Sur,H,Todos Los Seguros Prestaciones y Servicios,Poderes Legislativo y Judicial,186
issste_derechohabientes__Padrón_de_Derechohabientes_Activos__julio__2__agregado.csv,2026,7,Morelos,H,Servicio Medico del Seguro de Salud y Sar,Municipio,182
issste_derechohabientes__Padrón_de_Derechohabientes_Activos__julio__2__agregado.csv,2026,7,Michoacan,H,Seguro de Salud (solo Servicio Medico),Municipio,182
issste_derechohabientes__Padrón_de_Derechohabientes_Activos__julio__2__agregado.csv,2026,7,Baja California Sur,H,Todos Los Seguros Prestaciones y Servicios,Poder Legislativo,175
issste_derechohabientes__Padrón_de_Derechohabientes_Activos__julio__2__agregado.csv,2026,7,Chiapas,H,Todos Los Seguros Prestaciones y Servicios,Empresa de Participacion Estatal,174
issste_derechohabientes__Padrón_de_Derechohabientes_Activos__julio__2__agregado.csv,2026,7,Jalisco,M,Seguro de Salud (solo Servicio Medico),Organismo Descentralizado,173
issste_derechohabientes__Padrón_de_Derechohabientes_Activos__julio__2__agregado.csv,2026,7,Jalisco,H,Seguro de Salud (solo Servicio Medico),Organismo Descentralizado,172
issste_derechohabientes__Padrón_de_Derechohabientes_Activos__julio__2__agregado.csv,2026,7,Ciudad de Mexico,H,Todos Los Segs. Prest. y Servs. Con Subrog. del Seg.de Salud,Organo Desconcentrado,170
issste_derechohabientes__Padrón_de_Derechohabientes_Activos__julio__2__agregado.csv,2026,7,Ciudad de Mexico,H,Seguro de Salud (solo Servicio Medico),Gobierno Estatal,169
issste_derechohabientes__Padrón_de_Derechohabientes_Activos__julio__2__agregado.csv,2026,7,Morelos,M,Todos Los Seguros Prestaciones y Servicios,Gobierno Estatal,168
issste_derechohabientes__Padrón_de_Derechohabientes_Activos__julio__2__agregado.csv,2026,7,Michoacan,H,Seguro de Salud (solo Servicio Medico),Gobierno Estatal,167
issste_derechohabientes__Padrón_de_Derechohabientes_Activos__julio__2__agregado.csv,2026,7,Nayarit,H,Solo Serv. Med. a Pens. Directos Con Cargo a Otras Entid.,Gobierno Estatal,163
issste_derechohabientes__Padrón_de_Derechohabientes_Activos__julio__2__agregado.csv,2026,7,Durango,H,Seguro de Salud (solo Servicio Medico),Municipio,158
issste_derechohabientes__Padrón_de_Derechohabientes_Activos__julio__2__agregado.csv,2026,7,Baja California,M,Todos Los Seguros Prestaciones y Servicios,Empresa de Participacion Estatal,158
issste_derechohabientes__Padrón_de_Derechohabientes_Activos__julio__2__agregado.csv,2026,7,Guanajuato,M,Seguro de Salud (solo Servicio Medico),Poder Judicial,157
issste_derechohabientes__Padrón_de_Derechohabientes_Activos__julio__2__agregado.csv,2026,7,Coahuila,H,Solo Serv. Med. a Pens. Directos Con Cargo a Otras Entid.,Gobierno Estatal,156
issste_derechohabientes__Padrón_de_Derechohabientes_Activos__julio__2__agregado.csv,2026,7,Guerrero,H,Seguro de Salud (solo Servicio Medico),Poder Legislativo,155
issste_derechohabientes__Padrón_de_Derechohabientes_Activos__julio__2__agregado.csv,2026,7,Jalisco,M,Cvro. Salud,Organismo Descentralizado,153
issste_derechohabientes__Padrón_de_Derechohabientes_Activos__julio__2__agregado.csv,2026,7,Zacatecas,M,Seguro de Salud (solo Servicio Medico),Organismo Descentralizado,150
issste_derechohabientes__Padrón_de_Derechohabientes_Activos__julio__2__agregado.csv,2026,7,Baja California Sur,H,Todos Los Segurosprestaciones y Servicios Excepto Fovissste,Organismo Descentralizado,146
issste_derechohabientes__Padrón_de_Derechohabientes_Activos__julio__2__agregado.csv,2026,7,Aguascalientes,M,Servicio Medico del Seguro de Salud y Sar,Organismo Descentralizado,145
issste_derechohabientes__Padrón_de_Derechohabientes_Activos__julio__2__agregado.csv,2026,7,Baja California Sur,M,Todos Los Seguros Prestaciones y Servicios,Poder Legislativo,144
issste_derechohabientes__Padrón_de_Derechohabientes_Activos__julio__2__agregado.csv,2026,7,Coahuila,M,Solo Serv. Med. a Pens. Directos Con Cargo a Otras Entid.,Gobierno Estatal,144
issste_derechohabientes__Padrón_de_Derechohabientes_Activos__julio__2__agregado.csv,2026,7,Chihuahua,M,Cvro. Salud,Organismo Descentralizado,143
issste_derechohabientes__Padrón_de_Derechohabientes_Activos__julio__2__agregado.csv,2026,7,Entidad Desconocida,M,Seguro de Salud (solo Servicio Medico),Gobierno Estatal,141
issste_derechohabientes__Padrón_de_Derechohabientes_Activos__julio__2__agregado.csv,2026,7,Hidalgo,H,Todos Los Seguros Prestaciones y Servicios,Poder Legislativo,141
issste_derechohabientes__Padrón_de_Derechohabientes_Activos__julio__2__agregado.csv,2026,7,Hidalgo,H,Todos Los Seguros Prestaciones y Servicios,Empresa de Participacion Estatal,137
issste_derechohabientes__Padrón_de_Derechohabientes_Activos__julio__2__agregado.csv,2026,7,Ciudad de Mexico,M,Seguro de Salud (solo Servicio Medico),Agrupacion,136
issste_derechohabientes__Padrón_de_Derechohabientes_Activos__julio__2__agregado.csv,2026,7,Guanajuato,M,Serv. Med. a Pens. Ind. C/cgo. a Otras Ent. S/insc. Benefs.,Organismo Descentralizado,133
issste_derechohabientes__Padrón_de_Derechohabientes_Activos__julio__2__agregado.csv,2026,7,Ciudad de Mexico,H,Servicio Medico del Seguro de Salud y Sar,Organismo Descentralizado,131
issste_derechohabientes__Padrón_de_Derechohabientes_Activos__julio__2__agregado.csv,2026,7,Hidalgo,M,Todos Los Seguros Prestaciones y Servicios,Poder Legislativo,128
issste_derechohabientes__Padrón_de_Derechohabientes_Activos__julio__2__agregado.csv,2026,7,Michoacan,M,Seguro de Salud (solo Servicio Medico),Organismo Descentralizado,126
issste_derechohabientes__Padrón_de_Derechohabientes_Activos__julio__2__agregado.csv,2026,7,Veracruz,M,Seguro de Salud (solo Servicio Medico),Organismo Descentralizado,125
issste_derechohabientes__Padrón_de_Derechohabientes_Activos__julio__2__agregado.csv,2026,7,Michoacan,M,Seguro de Salud (solo Servicio Medico),Municipio,124
issste_derechohabientes__Padrón_de_Derechohabientes_Activos__julio__2__agregado.csv,2026,7,Michoacan,H,Seguro de Salud (solo Servicio Medico),Organismo Descentralizado,124
issste_derechohabientes__Padrón_de_Derechohabientes_Activos__julio__2__agregado.csv,2026,7,San Luis Potosi,M,Seguro de Salud (solo Servicio Medico),Organismo Descentralizado,123
issste_derechohabientes__Padrón_de_Derechohabientes_Activos__julio__2__agregado.csv,2026,7,Zacatecas,H,Seguro de Salud (solo Servicio Medico),Organismo Descentralizado,123
issste_derechohabientes__Padrón_de_Derechohabientes_Activos__julio__2__agregado.csv,2026,7,Baja California,M,Cvro. Salud,Organismo Descentralizado,122
issste_derechohabientes__Padrón_de_Derechohabientes_Activos__julio__2__agregado.csv,2026,7,Mexico,M,Todos Los Seguros Prestaciones y Servicios,Poder Legislativo,121
issste_derechohabientes__Padrón_de_Derechohabientes_Activos__julio__2__agregado.csv,2026,7,Jalisco,H,Cvro. Salud,Organismo Descentralizado,121
issste_derechohabientes__Padrón_de_Derechohabientes_Activos__julio__2__agregado.csv,2026,7,Ciudad de Mexico,M,Cvro. R.c.v.,Organismo Descentralizado,119
issste_derechohabientes__Padrón_de_Derechohabientes_Activos__julio__2__agregado.csv,2026,7,Entidad Desconocida,H,Seguro de Salud (solo Servicio Medico),Gobierno Estatal,117
issste_derechohabientes__Padrón_de_Derechohabientes_Activos__julio__2__agregado.csv,2026,7,Por Corregir,M,Todos Los Seguros Prestaciones y Servicios,Organismo Descentralizado,117
issste_derechohabientes__Padrón_de_Derechohabientes_Activos__julio__2__agregado.csv,2026,7,Morelos,M,Servicio Medico del Seguro de Salud y Sar,Municipio,117
issste_derechohabientes__Padrón_de_Derechohabientes_Activos__julio__2__agregado.csv,2026,7,Mexico,H,Seguro de Salud (solo Servicio Medico),Gobierno Estatal,116
issste_derechohabientes__Padrón_de_Derechohabientes_Activos__julio__2__agregado.csv,2026,7,San Luis Potosi,H,Todos Los Seguros Prestaciones y Servicios,Empresa de Participacion Estatal,116
issste_derechohabientes__Padrón_de_Derechohabientes_Activos__julio__2__agregado.csv,2026,7,Ciudad de Mexico,H,Seguro de Salud (solo Servicio Medico),Agrupacion,116
issste_derechohabientes__Padrón_de_Derechohabientes_Activos__julio__2__agregado.csv,2026,7,Aguascalientes,H,Servicio Medico del Seguro de Salud y Sar,Organismo Descentralizado,114
issste_derechohabientes__Padrón_de_Derechohabientes_Activos__julio__2__agregado.csv,2026,7,Veracruz,H,Seguro de Salud (solo Servicio Medico),Organismo Descentralizado,113
issste_derechohabientes__Padrón_de_Derechohabientes_Activos__julio__2__agregado.csv,2026,7,Guerrero,M,Solo Serv. Med. a Pens. Directos Con Cargo a Otras Entid.,Gobierno Estatal,111
issste_derechohabientes__Padrón_de_Derechohabientes_Activos__julio__2__agregado.csv,2026,7,Ciudad de Mexico,M,Seguro de Salud (solo Servicio Medico),Gobierno Estatal,110
issste_derechohabientes__Padrón_de_Derechohabientes_Activos__julio__2__agregado.csv,2026,7,Baja California,H,Todos Los Seguros Prestaciones y Servicios,Empresa de Participacion Estatal,109
issste_derechohabientes__Padrón_de_Derechohabientes_Activos__julio__2__agregado.csv,2026,7,Chihuahua,M,Seguro de Salud (solo Servicio Medico),Organismo Descentralizado,108
issste_derechohabientes__Padrón_de_Derechohabientes_Activos__julio__2__agregado.csv,2026,7,Hidalgo,M,Todos Los Seguros Prestaciones y Servicios,Empresa de Participacion Estatal,108
issste_derechohabientes__Padrón_de_Derechohabientes_Activos__julio__2__agregado.csv,2026,7,Morelos,M,Seguro de Salud (solo Servicio Medico),Organismo Descentralizado,107
issste_derechohabientes__Padrón_de_Derechohabientes_Activos__julio__2__agregado.csv,2026,7,Puebla,H,Todos Los Seguros Prestaciones y Servicios,Gobierno Estatal,106
issste_derechohabientes__Padrón_de_Derechohabientes_Activos__julio__2__agregado.csv,2026,7,Queretaro,H,Seguro de Salud (solo Servicio Medico),Gobierno Estatal,105
issste_derechohabientes__Padrón_de_Derechohabientes_Activos__julio__2__agregado.csv,2026,7,Ciudad de Mexico,H,Serv. Med. a Pens. Ind. C/cgo. a Otras Ent. S/insc. Benefs.,Organismo Descentralizado,104
issste_derechohabientes__Padrón_de_Derechohabientes_Activos__julio__2__agregado.csv,2026,7,Guerrero,M,Seguro de Salud (solo Servicio Medico),Poder Judicial,103
issste_derechohabientes__Padrón_de_Derechohabientes_Activos__julio__2__agregado.csv,2026,7,Guerrero,H,Seguro de Salud (solo Servicio Medico),Poder Judicial,103
issste_derechohabientes__Padrón_de_Derechohabientes_Activos__julio__2__agregado.csv,2026,7,Durango,H,Seguro de Salud (solo Servicio Medico),Organismo Descentralizado,102
issste_derechohabientes__Padrón_de_Derechohabientes_Activos__julio__2__agregado.csv,2026,7,Durango,M,Seguro de Salud (solo Servicio Medico),Municipio,101
issste_derechohabientes__Padrón_de_Derechohabientes_Activos__julio__2__agregado.csv,2026,7,Tamaulipas,M,Serv. Med. a Pens. Ind. C/cgo. a Otras Ent. S/insc. Benefs.,Gobierno Estatal,100
issste_derechohabientes__Padrón_de_Derechohabientes_Activos__julio__2__agregado.csv,2026,7,Puebla,M,Seguro de Salud (solo Servicio Medico),Organismo Descentralizado,100
issste_derechohabientes__Padrón_de_Derechohabientes_Activos__julio__2__agregado.csv,2026,7,Chiapas,H,Seguro de Salud (solo Servicio Medico),Organismo Descentralizado,100
issste_derechohabientes__Padrón_de_Derechohabientes_Activos__julio__2__agregado.csv,2026,7,Hidalgo,H,Seguro de Salud (solo Servicio Medico),Organismo Descentralizado,98
issste_derechohabientes__Padrón_de_Derechohabientes_Activos__julio__2__agregado.csv,2026,7,Queretaro,M,Seguro de Salud (solo Servicio Medico),Gobierno Estatal,97
issste_derechohabientes__Padrón_de_Derechohabientes_Activos__julio__2__agregado.csv,2026,7,Morelos,H,Seguro de Salud (solo Servicio Medico),Organismo Descentralizado,97
issste_derechohabientes__Padrón_de_Derechohabientes_Activos__julio__2__agregado.csv,2026,7,San Luis Potosi,H,Seguro de Salud (solo Servicio Medico),Organismo Descentralizado,97
issste_derechohabientes__Padrón_de_Derechohabientes_Activos__julio__2__agregado.csv,2026,7,Chihuahua,H,Cvro. Salud,Organismo Descentralizado,96
issste_derechohabientes__Padrón_de_Derechohabientes_Activos__julio__2__agregado.csv,2026,7,Guerrero,M,Seguro de Salud (solo Servicio Medico),Poder Legislativo,96
issste_derechohabientes__Padrón_de_Derechohabientes_Activos__julio__2__agregado.csv,2026,7,Ciudad de Mexico,M,Cvro. R.c.v. E Invalidez y Vida,Organismo Descentralizado,95
issste_derechohabientes__Padrón_de_Derechohabientes_Activos__julio__2__agregado.csv,2026,7,Nuevo Leon,M,Cvro. Salud,Organismo Descentralizado,93
issste_derechohabientes__Padrón_de_Derechohabientes_Activos__julio__2__agregado.csv,2026,7,Mexico,H,Cvro. Salud,Organismo Descentralizado,92
issste_derechohabientes__Padrón_de_Derechohabientes_Activos__julio__2__agregado.csv,2026,7,Coahuila,M,Servicio Medico del Seguro de Salud y Sar,Gobierno Estatal,90
issste_derechohabientes__Padrón_de_Derechohabientes_Activos__julio__2__agregado.csv,2026,7,Por Corregir,H,Todos Los Seguros Prestaciones y Servicios,Organismo Descentralizado,89
issste_derechohabientes__Padrón_de_Derechohabientes_Activos__julio__2__agregado.csv,2026,7,Ciudad de Mexico,M,Cvro. Salud E Invalidez y Vida,Organismo Descentralizado,89
issste_derechohabientes__Padrón_de_Derechohabientes_Activos__julio__2__agregado.csv,2026,7,Guanajuato,H,Seguro de Salud (solo Servicio Medico),Poder Judicial,88
issste_derechohabientes__Padrón_de_Derechohabientes_Activos__julio__2__agregado.csv,2026,7,Oaxaca,M,Seguro de Salud (solo Servicio Medico),Organismo Descentralizado,88
issste_derechohabientes__Padrón_de_Derechohabientes_Activos__julio__2__agregado.csv,2026,7,Michoacan,M,Serv. Med. a Pens. Ind. C/cgo. a Otras Ent. S/insc. Benefs.,Gobierno Estatal,86
issste_derechohabientes__Padrón_de_Derechohabientes_Activos__julio__2__agregado.csv,2026,7,Sinaloa,M,Serv. Med. a Pens. Ind. C/cgo. a Otras Ent. S/insc. Benefs.,Gobierno Estatal,85
issste_derechohabientes__Padrón_de_Derechohabientes_Activos__julio__2__agregado.csv,2026,7,Mexico,M,Seguro de Salud (solo Servicio Medico),Agrupacion,84
issste_derechohabientes__Padrón_de_Derechohabientes_Activos__julio__2__agregado.csv,2026,7,Ciudad de Mexico,H,Cvro. R.c.v.,Organismo Descentralizado,83
issste_derechohabientes__Padrón_de_Derechohabientes_Activos__julio__2__agregado.csv,2026,7,Ciudad de Mexico,H,Cvro. Salud E Invalidez y Vida,Organismo Descentralizado,83
issste_derechohabientes__Padrón_de_Derechohabientes_Activos__julio__2__agregado.csv,2026,7,Durango,M,Seguro de Salud (solo Servicio Medico),Organismo Descentralizado,82
issste_derechohabientes__Padrón_de_Derechohabientes_Activos__julio__2__agregado.csv,2026,7,Baja California,H,Cvro. Salud,Organismo Descentralizado,82
issste_derechohabientes__Padrón_de_Derechohabientes_Activos__julio__2__agregado.csv,2026,7,Sonora,M,Cvro. Salud,Organismo Descentralizado,82
issste_derechohabientes__Padrón_de_Derechohabientes_Activos__julio__2__agregado.csv,2026,7,Entidad Desconocida,M,Todos Los Seguros Prestaciones y Servicios,Poder Judicial,81
issste_derechohabientes__Padrón_de_Derechohabientes_Activos__julio__2__agregado.csv,2026,7,Nuevo Leon,H,Cvro. Salud,Organismo Descentralizado,81
issste_derechohabientes__Padrón_de_Derechohabientes_Activos__julio__2__agregado.csv,2026,7,Tamaulipas,H,Todos Los Seguros Prestaciones y Servicios,Empresa de Participacion Estatal,81
issste_derechohabientes__Padrón_de_Derechohabientes_Activos__julio__2__agregado.csv,2026,7,Entidad Desconocida,H,Seguro de Salud (solo Servicio Medico),Agrupacion,80
issste_derechohabientes__Padrón_de_Derechohabientes_Activos__julio__2__agregado.csv,2026,7,Chihuahua,H,Seguro de Salud (solo Servicio Medico),Organismo Descentralizado,79
issste_derechohabientes__Padrón_de_Derechohabientes_Activos__julio__2__agregado.csv,2026,7,Ciudad de Mexico,H,Cvro. R.c.v. E Invalidez y Vida,Organismo Descentralizado,78
issste_derechohabientes__Padrón_de_Derechohabientes_Activos__julio__2__agregado.csv,2026,7,Mexico,M,Cvro. Salud,Organismo Descentralizado,78
issste_derechohabientes__Padrón_de_Derechohabientes_Activos__julio__2__agregado.csv,2026,7,Chiapas,M,Seguro de Salud (solo Servicio Medico),Organismo Descentralizado,78
issste_derechohabientes__Padrón_de_Derechohabientes_Activos__julio__2__agregado.csv,2026,7,Coahuila,H,Servicio Medico del Seguro de Salud y Sar,Gobierno Estatal,76
issste_derechohabientes__Padrón_de_Derechohabientes_Activos__julio__2__agregado.csv,2026,7,Puebla,H,Seguro de Salud (solo Servicio Medico),Organismo Descentralizado,76
issste_derechohabientes__Padrón_de_Derechohabientes_Activos__julio__2__agregado.csv,2026,7,Baja California,M,Seguro de Salud (solo Servicio Medico),Organismo Descentralizado,76
issste_derechohabientes__Padrón_de_Derechohabientes_Activos__julio__2__agregado.csv,2026,7,Entidad Desconocida,M,Seguro de Salud (solo Servicio Medico),Agrupacion,74
issste_derechohabientes__Padrón_de_Derechohabientes_Activos__julio__2__agregado.csv,2026,7,Hidalgo,M,Seguro de Salud (solo Servicio Medico),Organismo Descentralizado,74
issste_derechohabientes__Padrón_de_Derechohabientes_Activos__julio__2__agregado.csv,2026,7,Sinaloa,H,Cvro. Salud,Organismo Descentralizado,74
issste_derechohabientes__Padrón_de_Derechohabientes_Activos__julio__2__agregado.csv,2026,7,Chiapas,M,Todos Los Seguros Prestaciones y Servicios,Empresa de Participacion Estatal,74
issste_derechohabientes__Padrón_de_Derechohabientes_Activos__julio__2__agregado.csv,2026,7,Nuevo Leon,H,Todos Los Seguros Prestaciones y Servicios,Empresa de Participacion Estatal,73
issste_derechohabientes__Padrón_de_Derechohabientes_Activos__julio__2__agregado.csv,2026,7,Morelos,H,Servicio Medico del Seguro de Salud y Sar,Gobierno Estatal,72
issste_derechohabientes__Padrón_de_Derechohabientes_Activos__julio__2__agregado.csv,2026,7,Mexico,M,Cvro. Salud R.c.v. E Invalidez y Vida,Organismo Descentralizado,71
issste_derechohabientes__Padrón_de_Derechohabientes_Activos__julio__2__agregado.csv,2026,7,Jalisco,M,Seguro de Salud (solo Servicio Medico),Agrupacion,70
issste_derechohabientes__Padrón_de_Derechohabientes_Activos__julio__2__agregado.csv,2026,7,Veracruz,H,Cvro. Salud,Organismo Descentralizado,70
issste_derechohabientes__Padrón_de_Derechohabientes_Activos__julio__2__agregado.csv,2026,7,Tlaxcala,H,Todos Los Seguros Prestaciones y Servicios,Gobierno Estatal,70
issste_derechohabientes__Padrón_de_Derechohabientes_Activos__julio__2__agregado.csv,2026,7,Guanajuato,H,Serv. Med. a Pens. Ind. C/cgo. a Otras Ent. S/insc. Benefs.,Organismo Descentralizado,70
issste_derechohabientes__Padrón_de_Derechohabientes_Activos__julio__2__agregado.csv,2026,7,Queretaro,H,Seguro de Salud (solo Servicio Medico),Organismo Descentralizado,70
issste_derechohabientes__Padrón_de_Derechohabientes_Activos__julio__2__agregado.csv,2026,7,Ciudad de Mexico,M,Cvro. Salud y R.c.v.,Organismo Descentralizado,70
issste_derechohabientes__Padrón_de_Derechohabientes_Activos__julio__2__agregado.csv,2026,7,San Luis Potosi,M,Todos Los Seguros Prestaciones y Servicios,Empresa de Participacion Estatal,68
issste_derechohabientes__Padrón_de_Derechohabientes_Activos__julio__2__agregado.csv,2026,7,Morelos,H,Solo Serv. Med. a Pens. Directos Con Cargo a Otras Entid.,Organismo Descentralizado,68
issste_derechohabientes__Padrón_de_Derechohabientes_Activos__julio__2__agregado.csv,2026,7,Guerrero,H,Solo Serv. Med. a Pens. Directos Con Cargo a Otras Entid.,Gobierno Estatal,68
issste_derechohabientes__Padrón_de_Derechohabientes_Activos__julio__2__agregado.csv,2026,7,Hidalgo,H,Servicio Medico del Seguro de Salud y Sar,Gobierno Estatal,67
issste_derechohabientes__Padrón_de_Derechohabientes_Activos__julio__2__agregado.csv,2026,7,Sonora,H,Seguro de Salud (solo Servicio Medico),Organismo Descentralizado,67
issste_derechohabientes__Padrón_de_Derechohabientes_Activos__julio__2__agregado.csv,2026,7,Oaxaca,H,Seguro de Salud (solo Servicio Medico),Organismo Descentralizado,67
issste_derechohabientes__Padrón_de_Derechohabientes_Activos__julio__2__agregado.csv,2026,7,Entidad Desconocida,H,Servicio Medico del Seguro de Salud y Sar,Gobierno Estatal,67
issste_derechohabientes__Padrón_de_Derechohabientes_Activos__julio__2__agregado.csv,2026,7,Sonora,M,Seguro de Salud (solo Servicio Medico),Organismo Descentralizado,65
issste_derechohabientes__Padrón_de_Derechohabientes_Activos__julio__2__agregado.csv,2026,7,Jalisco,H,Seguro de Salud (solo Servicio Medico),Agrupacion,65
issste_derechohabientes__Padrón_de_Derechohabientes_Activos__julio__2__agregado.csv,2026,7,Jalisco,H,Cvro. Salud R.c.v. E Invalidez y Vida,Organismo Descentralizado,63
issste_derechohabientes__Padrón_de_Derechohabientes_Activos__julio__2__agregado.csv,2026,7,Entidad Desconocida,M,Todos Los Seguros Prestaciones y Servicios,Poder Legislativo,63
issste_derechohabientes__Padrón_de_Derechohabientes_Activos__julio__2__agregado.csv,2026,7,Tlaxcala,M,Seguro de Salud (solo Servicio Medico),Organismo Descentralizado,61
issste_derechohabientes__Padrón_de_Derechohabientes_Activos__julio__2__agregado.csv,2026,7,Sinaloa,M,Cvro. Salud,Organismo Descentralizado,61
issste_derechohabientes__Padrón_de_Derechohabientes_Activos__julio__2__agregado.csv,2026,7,Hidalgo,M,Serv. Med. a Pens. Ind. C/cgo. a Otras Ent. S/insc. Benefs.,Gobierno Estatal,61
issste_derechohabientes__Padrón_de_Derechohabientes_Activos__julio__2__agregado.csv,2026,7,Baja California,M,Cvro. Salud R.c.v. E Invalidez y Vida,Organismo Descentralizado,61
issste_derechohabientes__Padrón_de_Derechohabientes_Activos__julio__2__agregado.csv,2026,7,Tamaulipas,M,Cvro. Salud,Organismo Descentralizado,60
issste_derechohabientes__Padrón_de_Derechohabientes_Activos__julio__2__agregado.csv,2026,7,Queretaro,M,Seguro de Salud (solo Servicio Medico),Organismo Descentralizado,60
issste_derechohabientes__Padrón_de_Derechohabientes_Activos__julio__2__agregado.csv,2026,7,San Luis Potosi,H,Seguro de Salud (solo Servicio Medico),Gobierno Estatal,59
issste_derechohabientes__Padrón_de_Derechohabientes_Activos__julio__2__agregado.csv,2026,7,Jalisco,M,Cvro. Salud R.c.v. E Invalidez y Vida,Organismo Descentralizado,59
issste_derechohabientes__Padrón_de_Derechohabientes_Activos__julio__2__agregado.csv,2026,7,Mexico,H,Cvro. Salud R.c.v. E Invalidez y Vida,Organismo Descentralizado,59
issste_derechohabientes__Padrón_de_Derechohabientes_Activos__julio__2__agregado.csv,2026,7,Mexico,H,Seguro de Salud (solo Servicio Medico),Agrupacion,59
issste_derechohabientes__Padrón_de_Derechohabientes_Activos__julio__2__agregado.csv,2026,7,Baja California,H,Seguro de Salud (solo Servicio Medico),Organismo Descentralizado,58
issste_derechohabientes__Padrón_de_Derechohabientes_Activos__julio__2__agregado.csv,2026,7,Veracruz,M,Cvro. Salud,Organismo Descentralizado,57
issste_derechohabientes__Padrón_de_Derechohabientes_Activos__julio__2__agregado.csv,2026,7,Puebla,H,Todos Los Seguros Prestaciones y Servicios,Empresa de Participacion Estatal,57
issste_derechohabientes__Padrón_de_Derechohabientes_Activos__julio__2__agregado.csv,2026,7,Mexico,H,Fovissste y Retiro,Organismo Autonomo,57
issste_derechohabientes__Padrón_de_Derechohabientes_Activos__julio__2__agregado.csv,2026,7,Puebla,M,Todos Los Seguros Prestaciones y Servicios,Gobierno Estatal,56
issste_derechohabientes__Padrón_de_Derechohabientes_Activos__julio__2__agregado.csv,2026,7,Entidad Desconocida,H,Todos Los Segurosprestaciones y Servicios Excepto Fovissste,Municipio,56
issste_derechohabientes__Padrón_de_Derechohabientes_Activos__julio__2__agregado.csv,2026,7,Tlaxcala,M,Todos Los Seguros Prestaciones y Servicios,Gobierno Estatal,56
issste_derechohabientes__Padrón_de_Derechohabientes_Activos__julio__2__agregado.csv,2026,7,Mexico,H,Todos Los Segs. Prest. y Servs. Con Subrog. del Seg.de Salud,Organo Desconcentrado,55
issste_derechohabientes__Padrón_de_Derechohabientes_Activos__julio__2__agregado.csv,2026,7,Yucatan,H,Seguro de Salud (solo Servicio Medico),Organismo Descentralizado,54
issste_derechohabientes__Padrón_de_Derechohabientes_Activos__julio__2__agregado.csv,2026,7,Mexico,M,Fovissste y Retiro,Organismo Autonomo,53
issste_derechohabientes__Padrón_de_Derechohabientes_Activos__julio__2__agregado.csv,2026,7,Baja California Sur,M,Todos Los Segurosprestaciones y Servicios Excepto Fovissste,Organismo Descentralizado,52
issste_derechohabientes__Padrón_de_Derechohabientes_Activos__julio__2__agregado.csv,2026,7,Hidalgo,H,Todos Los Segs. Prest. y Servs. Con Subrog. del Seg.de Salud,Organismo Descentralizado,52
issste_derechohabientes__Padrón_de_Derechohabientes_Activos__julio__2__agregado.csv,2026,7,Guanajuato,H,Todos Los Seguros Prestaciones y Servicios,Gobierno Estatal,51
issste_derechohabientes__Padrón_de_Derechohabientes_Activos__julio__2__agregado.csv,2026,7,Sonora,H,Cvro. Salud,Organismo Descentralizado,51
issste_derechohabientes__Padrón_de_Derechohabientes_Activos__julio__2__agregado.csv,2026,7,Ciudad de Mexico,M,Todos Los Seguros Prestaciones y Servicios,Agrupacion,51
issste_derechohabientes__Padrón_de_Derechohabientes_Activos__julio__2__agregado.csv,2026,7,Oaxaca,H,Seguro de Salud (solo Servicio Medico),Municipio,49
issste_derechohabientes__Padrón_de_Derechohabientes_Activos__julio__2__agregado.csv,2026,7,Yucatan,M,Seguro de Salud (solo Servicio Medico),Organismo Descentralizado,49
issste_derechohabientes__Padrón_de_Derechohabientes_Activos__julio__2__agregado.csv,2026,7,Michoacan,H,Todos Los Seguros Prestaciones y Servicios,Empresa de Participacion Estatal,49
issste_derechohabientes__Padrón_de_Derechohabientes_Activos__julio__2__agregado.csv,2026,7,Ciudad de Mexico,M,Servicio Medico del Seguro de Salud y Sar,Organismo Descentralizado,48
issste_derechohabientes__Padrón_de_Derechohabientes_Activos__julio__2__agregado.csv,2026,7,Guanajuato,M,Cvro. Salud,Organismo Descentralizado,48
issste_derechohabientes__Padrón_de_Derechohabientes_Activos__julio__2__agregado.csv,2026,7,Coahuila,M,Seguro de Salud (solo Servicio Medico),Organismo Descentralizado,48
issste_derechohabientes__Padrón_de_Derechohabientes_Activos__julio__2__agregado.csv,2026,7,Guanajuato,H,Servicio Medico del Seguro de Salud y Sar,Gobierno Estatal,47
issste_derechohabientes__Padrón_de_Derechohabientes_Activos__julio__2__agregado.csv,2026,7,Guanajuato,H,Servicio Medico del Seguro de Salud y Sar,Poder Legislativo,47
issste_derechohabientes__Padrón_de_Derechohabientes_Activos__julio__2__agregado.csv,2026,7,Mexico,M,Seguro de Salud (solo Servicio Medico),Gobierno Estatal,47
issste_derechohabientes__Padrón_de_Derechohabientes_Activos__julio__2__agregado.csv,2026,7,Sinaloa,H,Seguro de Salud (solo Servicio Medico),Agrupacion,46
issste_derechohabientes__Padrón_de_Derechohabientes_Activos__julio__2__agregado.csv,2026,7,Durango,M,Serv. Med. a Pens. Ind. C/cgo. a Otras Ent. S/insc. Benefs.,Gobierno Estatal,46
issste_derechohabientes__Padrón_de_Derechohabientes_Activos__julio__2__agregado.csv,2026,7,Morelos,H,Seguro de Salud (solo Servicio Medico),Municipio,46
issste_derechohabientes__Padrón_de_Derechohabientes_Activos__julio__2__agregado.csv,2026,7,Coahuila,H,Seguro de Salud (solo Servicio Medico),Organismo Descentralizado,45
issste_derechohabientes__Padrón_de_Derechohabientes_Activos__julio__2__agregado.csv,2026,7,Campeche,M,Servicio Medico del Seguro de Salud y Sar,Gobierno Estatal,45
issste_derechohabientes__Padrón_de_Derechohabientes_Activos__julio__2__agregado.csv,2026,7,Hidalgo,H,Cvro. Salud,Organismo Descentralizado,45
issste_derechohabientes__Padrón_de_Derechohabientes_Activos__julio__2__agregado.csv,2026,7,Ciudad de Mexico,H,Cvro. Salud y R.c.v.,Organismo Descentralizado,45
issste_derechohabientes__Padrón_de_Derechohabientes_Activos__julio__2__agregado.csv,2026,7,Hidalgo,M,Cvro. Salud,Organismo Descentralizado,45
issste_derechohabientes__Padrón_de_Derechohabientes_Activos__julio__2__agregado.csv,2026,7,Tlaxcala,H,Seguro de Salud (solo Servicio Medico),Organismo Descentralizado,45
issste_derechohabientes__Padrón_de_Derechohabientes_Activos__julio__2__agregado.csv,2026,7,Veracruz,H,Seguro de Salud (solo Servicio Medico),Municipio,44
issste_derechohabientes__Padrón_de_Derechohabientes_Activos__julio__2__agregado.csv,2026,7,Entidad Desconocida,H,Todos Los Seguros Prestaciones y Servicios,Poder Legislativo,43
issste_derechohabientes__Padrón_de_Derechohabientes_Activos__julio__2__agregado.csv,2026,7,Entidad Desconocida,M,Servicio Medico del Seguro de Salud y Sar,Gobierno Estatal,43
issste_derechohabientes__Padrón_de_Derechohabientes_Activos__julio__2__agregado.csv,2026,7,Oaxaca,H,Todos Los Seguros Prestaciones y Servicios,Empresa de Participacion Estatal,43
issste_derechohabientes__Padrón_de_Derechohabientes_Activos__julio__2__agregado.csv,2026,7,Queretaro,H,Todos Los Seguros Prestaciones y Servicios,Gobierno Estatal,43
issste_derechohabientes__Padrón_de_Derechohabientes_Activos__julio__2__agregado.csv,2026,7,Baja California,H,Cvro. Salud R.c.v. E Invalidez y Vida,Organismo Descentralizado,42
issste_derechohabientes__Padrón_de_Derechohabientes_Activos__julio__2__agregado.csv,2026,7,Guanajuato,H,Cvro. Salud,Organismo Descentralizado,42
issste_derechohabientes__Padrón_de_Derechohabientes_Activos__julio__2__agregado.csv,2026,7,Guerrero,H,Todos Los Seguros Prestaciones y Servicios,Gobierno Estatal,42
issste_derechohabientes__Padrón_de_Derechohabientes_Activos__julio__2__agregado.csv,2026,7,Tamaulipas,H,Cvro. Salud,Organismo Descentralizado,42
issste_derechohabientes__Padrón_de_Derechohabientes_Activos__julio__2__agregado.csv,2026,7,Quintana Roo,M,Seguro de Salud (solo Servicio Medico),Organismo Descentralizado,42
issste_derechohabientes__Padrón_de_Derechohabientes_Activos__julio__2__agregado.csv,2026,7,Oaxaca,H,Todos Los Seguros Prestaciones y Servicios,Gobierno Estatal,41
issste_derechohabientes__Padrón_de_Derechohabientes_Activos__julio__2__agregado.csv,2026,7,Entidad Desconocida,H,Todos Los Seguros Prestaciones y Servicios,Poder Judicial,41
issste_derechohabientes__Padrón_de_Derechohabientes_Activos__julio__2__agregado.csv,2026,7,Entidad Desconocida,M,Todos Los Segs. Prest. y Servs. Con Subrog. del Seg.de Salud,Organismo Descentralizado,41
issste_derechohabientes__Padrón_de_Derechohabientes_Activos__julio__2__agregado.csv,2026,7,Ciudad de Mexico,H,Seguros Pensionarios; Servicios de E.b.d.i. y Funerarios,Organismo Descentralizado,40
issste_derechohabientes__Padrón_de_Derechohabientes_Activos__julio__2__agregado.csv,2026,7,Coahuila,M,Serv. Med. a Pens. Ind. C/cgo. a Otras Ent. S/insc. Benefs.,Gobierno Estatal,40
issste_derechohabientes__Padrón_de_Derechohabientes_Activos__julio__2__agregado.csv,2026,7,Mexico,H,Servicio Medico del Seguro de Salud y Sar,Organismo Descentralizado,39
issste_derechohabientes__Padrón_de_Derechohabientes_Activos__julio__2__agregado.csv,2026,7,Sinaloa,H,Serv. Med. a Pens. Ind. C/cgo. a Otras Ent. S/insc. Benefs.,Gobierno Estatal,39
issste_derechohabientes__Padrón_de_Derechohabientes_Activos__julio__2__agregado.csv,2026,7,Aguascalientes,H,Seguro de Salud (solo Servicio Medico),Organismo Descentralizado,39
issste_derechohabientes__Padrón_de_Derechohabientes_Activos__julio__2__agregado.csv,2026,7,Hidalgo,H,Solo Serv. Med. a Pens. Directos Con Cargo a Otras Entid.,Organismo Descentralizado,39
issste_derechohabientes__Padrón_de_Derechohabientes_Activos__julio__2__agregado.csv,2026,7,San Luis Potosi,M,Seguro de Salud (solo Servicio Medico),Gobierno Estatal,39
issste_derechohabientes__Padrón_de_Derechohabientes_Activos__julio__2__agregado.csv,2026,7,Queretaro,M,Todos Los Seguros Prestaciones y Servicios,Gobierno Estatal,39
issste_derechohabientes__Padrón_de_Derechohabientes_Activos__julio__2__agregado.csv,2026,7,Entidad Desconocida,H,Todos Los Segs. Prest. y Servs. Con Subrog. del Seg.de Salud,Organismo Descentralizado,39
issste_derechohabientes__Padrón_de_Derechohabientes_Activos__julio__2__agregado.csv,2026,7,Veracruz,H,Seguro de Salud (solo Servicio Medico),Agrupacion,38
issste_derechohabientes__Padrón_de_Derechohabientes_Activos__julio__2__agregado.csv,2026,7,Morelos,M,Cvro. Salud,Organismo Descentralizado,37
issste_derechohabientes__Padrón_de_Derechohabientes_Activos__julio__2__agregado.csv,2026,7,Mexico,M,Todos Los Segs. Prest. y Servs. Con Subrog. del Seg.de Salud,Organo Desconcentrado,37
issste_derechohabientes__Padrón_de_Derechohabientes_Activos__julio__2__agregado.csv,2026,7,Veracruz,H,Cvro. R.c.v.,Organismo Descentralizado,37
issste_derechohabientes__Padrón_de_Derechohabientes_Activos__julio__2__agregado.csv,2026,7,Queretaro,H,Cvro. Salud,Organismo Descentralizado,37
issste_derechohabientes__Padrón_de_Derechohabientes_Activos__julio__2__agregado.csv,2026,7,Nuevo Leon,H,Seguro de Salud (solo Servicio Medico),Organismo Descentralizado,37
issste_derechohabientes__Padrón_de_Derechohabientes_Activos__julio__2__agregado.csv,2026,7,Chihuahua,M,Cvro. Salud R.c.v. E Invalidez y Vida,Organismo Descentralizado,37
issste_derechohabientes__Padrón_de_Derechohabientes_Activos__julio__2__agregado.csv,2026,7,Queretaro,M,Cvro. Salud,Organismo Descentralizado,36
issste_derechohabientes__Padrón_de_Derechohabientes_Activos__julio__2__agregado.csv,2026,7,Hidalgo,H,Seguro de Salud (solo Servicio Medico),Gobierno Estatal,36
issste_derechohabientes__Padrón_de_Derechohabientes_Activos__julio__2__agregado.csv,2026,7,Nuevo Leon,M,Seguro de Salud (solo Servicio Medico),Organismo Descentralizado,35
issste_derechohabientes__Padrón_de_Derechohabientes_Activos__julio__2__agregado.csv,2026,7,Puebla,H,Cvro. Salud,Organismo Descentralizado,35
issste_derechohabientes__Padrón_de_Derechohabientes_Activos__julio__2__agregado.csv,2026,7,Morelos,M,Solo Serv. Med. a Pens. Directos Con Cargo a Otras Entid.,Organismo Descentralizado,35
issste_derechohabientes__Padrón_de_Derechohabientes_Activos__julio__2__agregado.csv,2026,7,Michoacan,M,Cvro. Salud,Organismo Descentralizado,35
issste_derechohabientes__Padrón_de_Derechohabientes_Activos__julio__2__agregado.csv,2026,7,Ciudad de Mexico,H,Todos Los Seguros Prestaciones y Servicios,Agrupacion,34
issste_derechohabientes__Padrón_de_Derechohabientes_Activos__julio__2__agregado.csv,2026,7,Mexico,H,Cvro. R.c.v.,Organismo Descentralizado,34
issste_derechohabientes__Padrón_de_Derechohabientes_Activos__julio__2__agregado.csv,2026,7,Hidalgo,M,Cvro. Salud y R.c.v.,Organismo Descentralizado,34
issste_derechohabientes__Padrón_de_Derechohabientes_Activos__julio__2__agregado.csv,2026,7,Veracruz,H,Seguro de Salud (solo Servicio Medico),Gobierno Estatal,34
issste_derechohabientes__Padrón_de_Derechohabientes_Activos__julio__2__agregado.csv,2026,7,San Luis Potosi,M,Cvro. Salud,Organismo Descentralizado,34
issste_derechohabientes__Padrón_de_Derechohabientes_Activos__julio__2__agregado.csv,2026,7,Puebla,H,Servicio Medico del Seguro de Salud y Sar,Gobierno Estatal,34
issste_derechohabientes__Padrón_de_Derechohabientes_Activos__julio__2__agregado.csv,2026,7,Quintana Roo,H,Seguro de Salud (solo Servicio Medico),Organismo Descentralizado,33
issste_derechohabientes__Padrón_de_Derechohabientes_Activos__julio__2__agregado.csv,2026,7,Colima,H,Seguro de Salud (solo Servicio Medico),Organismo Descentralizado,33
issste_derechohabientes__Padrón_de_Derechohabientes_Activos__julio__2__agregado.csv,2026,7,Jalisco,H,Cvro. Salud E Invalidez y Vida,Organismo Descentralizado,33
issste_derechohabientes__Padrón_de_Derechohabientes_Activos__julio__2__agregado.csv,2026,7,Baja California Sur,M,Seguro de Salud (solo Servicio Medico),Organismo Descentralizado,33
issste_derechohabientes__Padrón_de_Derechohabientes_Activos__julio__2__agregado.csv,2026,7,Jalisco,M,Cvro. Salud E Invalidez y Vida,Organismo Descentralizado,33
issste_derechohabientes__Padrón_de_Derechohabientes_Activos__julio__2__agregado.csv,2026,7,Ciudad de Mexico,M,Seguros Pensionarios; Servicios de E.b.d.i. y Funerarios,Organismo Descentralizado,33
issste_derechohabientes__Padrón_de_Derechohabientes_Activos__julio__2__agregado.csv,2026,7,Ciudad de Mexico,M,Seguro de Salud (solo Servicio Medico),Dependencia Federal,32
issste_derechohabientes__Padrón_de_Derechohabientes_Activos__julio__2__agregado.csv,2026,7,Mexico,M,Cvro. R.c.v.,Organismo Descentralizado,32
issste_derechohabientes__Padrón_de_Derechohabientes_Activos__julio__2__agregado.csv,2026,7,Tamaulipas,H,Seguro de Salud (solo Servicio Medico),Organismo Descentralizado,32
issste_derechohabientes__Padrón_de_Derechohabientes_Activos__julio__2__agregado.csv,2026,7,Queretaro,M,Solo Serv. Med. a Pens. Directos Con Cargo a Otras Entid.,Organismo Descentralizado,31
issste_derechohabientes__Padrón_de_Derechohabientes_Activos__julio__2__agregado.csv,2026,7,Puebla,M,Cvro. Salud,Organismo Descentralizado,31
issste_derechohabientes__Padrón_de_Derechohabientes_Activos__julio__2__agregado.csv,2026,7,Guanajuato,M,Cvro. Salud R.c.v. E Invalidez y Vida,Organismo Descentralizado,31
issste_derechohabientes__Padrón_de_Derechohabientes_Activos__julio__2__agregado.csv,2026,7,Jalisco,M,Servicio Medico del Seguro de Salud y Sar,Gobierno Estatal,31
issste_derechohabientes__Padrón_de_Derechohabientes_Activos__julio__2__agregado.csv,2026,7,Puebla,M,Cvro. Salud R.c.v. E Invalidez y Vida,Organismo Descentralizado,30
issste_derechohabientes__Padrón_de_Derechohabientes_Activos__julio__2__agregado.csv,2026,7,Guanajuato,M,Servicio Medico del Seguro de Salud y Sar,Poder Legislativo,30
issste_derechohabientes__Padrón_de_Derechohabientes_Activos__julio__2__agregado.csv,2026,7,Veracruz,M,Cvro. Salud y R.c.v.,Organismo Descentralizado,30
issste_derechohabientes__Padrón_de_Derechohabientes_Activos__julio__2__agregado.csv,2026,7,Entidad Desconocida,M,Seguros de Salud(solo Servicio Medico)y de Riesgos del Trab.,Gobierno Estatal,30
issste_derechohabientes__Padrón_de_Derechohabientes_Activos__julio__2__agregado.csv,2026,7,Colima,M,Seguro de Salud (solo Servicio Medico),Organismo Descentralizado,30
issste_derechohabientes__Padrón_de_Derechohabientes_Activos__julio__2__agregado.csv,2026,7,Entidad Desconocida,H,Seguros de Salud(solo Servicio Medico)y de Riesgos del Trab.,Gobierno Estatal,29
issste_derechohabientes__Padrón_de_Derechohabientes_Activos__julio__2__agregado.csv,2026,7,Veracruz,M,Cvro. R.c.v.,Organismo Descentralizado,29
issste_derechohabientes__Padrón_de_Derechohabientes_Activos__julio__2__agregado.csv,2026,7,San Luis Potosi,H,Cvro. Salud,Organismo Descentralizado,29
issste_derechohabientes__Padrón_de_Derechohabientes_Activos__julio__2__agregado.csv,2026,7,Chiapas,H,Cvro. Salud,Organismo Descentralizado,29
issste_derechohabientes__Padrón_de_Derechohabientes_Activos__julio__2__agregado.csv,2026,7,Sonora,H,Todos Los Seguros Prestaciones y Servicios,Empresa de Participacion Estatal,29
issste_derechohabientes__Padrón_de_Derechohabientes_Activos__julio__2__agregado.csv,2026,7,Jalisco,H,Seguro de Salud (solo Servicio Medico),Gobierno Estatal,29
issste_derechohabientes__Padrón_de_Derechohabientes_Activos__julio__2__agregado.csv,2026,7,Michoacan,H,Cvro. Salud,Organismo Descentralizado,29
issste_derechohabientes__Padrón_de_Derechohabientes_Activos__julio__2__agregado.csv,2026,7,Mexico,H,Serv. Med. a Pens. Ind. C/cgo. a Otras Ent. S/insc. Benefs.,Organismo Descentralizado,29
issste_derechohabientes__Padrón_de_Derechohabientes_Activos__julio__2__agregado.csv,2026,7,Nuevo Leon,M,Seguro de Salud (solo Servicio Medico),Gobierno Estatal,29
issste_derechohabientes__Padrón_de_Derechohabientes_Activos__julio__2__agregado.csv,2026,7,Tabasco,H,Todos Los Seguros Prestaciones y Servicios,Empresa de Participacion Estatal,29
issste_derechohabientes__Padrón_de_Derechohabientes_Activos__julio__2__agregado.csv,2026,7,Tamaulipas,M,Seguro de Salud (solo Servicio Medico),Organismo Descentralizado,29
issste_derechohabientes__Padrón_de_Derechohabientes_Activos__julio__2__agregado.csv,2026,7,Mexico,H,Cvro. Salud E Invalidez y Vida,Organismo Descentralizado,28
issste_derechohabientes__Padrón_de_Derechohabientes_Activos__julio__2__agregado.csv,2026,7,Yucatan,M,Cvro. Salud,Organismo Descentralizado,28
issste_derechohabientes__Padrón_de_Derechohabientes_Activos__julio__2__agregado.csv,2026,7,Coahuila,H,Cvro. Salud,Organismo Descentralizado,28
issste_derechohabientes__Padrón_de_Derechohabientes_Activos__julio__2__agregado.csv,2026,7,Aguascalientes,M,Seguro de Salud (solo Servicio Medico),Organismo Descentralizado,28
issste_derechohabientes__Padrón_de_Derechohabientes_Activos__julio__2__agregado.csv,2026,7,Guanajuato,H,Cvro. Salud R.c.v. E Invalidez y Vida,Organismo Descentralizado,28
issste_derechohabientes__Padrón_de_Derechohabientes_Activos__julio__2__agregado.csv,2026,7,Michoacan,H,Todos Los Seguros Prestaciones y Servicios,Gobierno Estatal,27
issste_derechohabientes__Padrón_de_Derechohabientes_Activos__julio__2__agregado.csv,2026,7,Guanajuato,M,Servicio Medico del Seguro de Salud y Sar,Gobierno Estatal,27
issste_derechohabientes__Padrón_de_Derechohabientes_Activos__julio__2__agregado.csv,2026,7,Nuevo Leon,H,Seguro de Salud (solo Servicio Medico),Gobierno Estatal,27
issste_derechohabientes__Padrón_de_Derechohabientes_Activos__julio__2__agregado.csv,2026,7,Michoacan,H,Solo Serv. Med. a Pens. Directos Con Cargo a Otras Entid.,Organismo Descentralizado,27
issste_derechohabientes__Padrón_de_Derechohabientes_Activos__julio__2__agregado.csv,2026,7,Entidad Desconocida,M,Todos Los Segurosprestaciones y Servicios Excepto Fovissste,Municipio,27
issste_derechohabientes__Padrón_de_Derechohabientes_Activos__julio__2__agregado.csv,2026,7,Puebla,M,Todos Los Seguros Prestaciones y Servicios,Empresa de Participacion Estatal,27
issste_derechohabientes__Padrón_de_Derechohabientes_Activos__julio__2__agregado.csv,2026,7,Guerrero,M,Todos Los Seguros Prestaciones y Servicios,Gobierno Estatal,27
issste_derechohabientes__Padrón_de_Derechohabientes_Activos__julio__2__agregado.csv,2026,7,Coahuila,H,Cvro. Salud R.c.v. E Invalidez y Vida,Organismo Descentralizado,27
issste_derechohabientes__Padrón_de_Derechohabientes_Activos__julio__2__agregado.csv,2026,7,Baja California Sur,H,Cvro. Salud R.c.v. E Invalidez y Vida,Organismo Descentralizado,26
issste_derechohabientes__Padrón_de_Derechohabientes_Activos__julio__2__agregado.csv,2026,7,Tabasco,M,Seguro de Salud (solo Servicio Medico),Organismo Descentralizado,26
issste_derechohabientes__Padrón_de_Derechohabientes_Activos__julio__2__agregado.csv,2026,7,Morelos,M,Servicio Medico del Seguro de Salud y Sar,Gobierno Estatal,26
issste_derechohabientes__Padrón_de_Derechohabientes_Activos__julio__2__agregado.csv,2026,7,Chiapas,H,Todos Los Seguros Prestaciones y Servicios,Gobierno Estatal,25
issste_derechohabientes__Padrón_de_Derechohabientes_Activos__julio__2__agregado.csv,2026,7,Tamaulipas,M,Todos Los Seguros Prestaciones y Servicios,Empresa de Participacion Estatal,25
issste_derechohabientes__Padrón_de_Derechohabientes_Activos__julio__2__agregado.csv,2026,7,San Luis Potosi,M,Cvro. Salud y R.c.v.,Organismo Descentralizado,25
issste_derechohabientes__Padrón_de_Derechohabientes_Activos__julio__2__agregado.csv,2026,7,Morelos,H,Todos Los Segs. Prest. y Servs. Con Subrog. del Seg.de Salud,Organismo Descentralizado,25
issste_derechohabientes__Padrón_de_Derechohabientes_Activos__julio__2__agregado.csv,2026,7,Coahuila,M,Cvro. Salud,Organismo Descentralizado,25
issste_derechohabientes__Padrón_de_Derechohabientes_Activos__julio__2__agregado.csv,2026,7,Aguascalientes,M,Cvro. Salud R.c.v. E Invalidez y Vida,Organismo Descentralizado,24
issste_derechohabientes__Padrón_de_Derechohabientes_Activos__julio__2__agregado.csv,2026,7,Guanajuato,M,Cvro. R.c.v. E Invalidez y Vida,Organismo Descentralizado,24
issste_derechohabientes__Padrón_de_Derechohabientes_Activos__julio__2__agregado.csv,2026,7,Morelos,H,Seguro de Salud (solo Servicio Medico),Gobierno Estatal,24
issste_derechohabientes__Padrón_de_Derechohabientes_Activos__julio__2__agregado.csv,2026,7,Hidalgo,M,Servicio Medico del Seguro de Salud y Sar,Gobierno Estatal,24
issste_derechohabientes__Padrón_de_Derechohabientes_Activos__julio__2__agregado.csv,2026,7,Veracruz,M,Seguro de Salud (solo Servicio Medico),Agrupacion,24
issste_derechohabientes__Padrón_de_Derechohabientes_Activos__julio__2__agregado.csv,2026,7,Jalisco,M,Cvro. R.c.v.,Organismo Descentralizado,24
issste_derechohabientes__Padrón_de_Derechohabientes_Activos__julio__2__agregado.csv,2026,7,Jalisco,H,Servicio Medico del Seguro de Salud y Sar,Gobierno Estatal,24
issste_derechohabientes__Padrón_de_Derechohabientes_Activos__julio__2__agregado.csv,2026,7,Michoacan,M,Solo Serv. Med. a Pens. Directos Con Cargo a Otras Entid.,Organismo Descentralizado,24
issste_derechohabientes__Padrón_de_Derechohabientes_Activos__julio__2__agregado.csv,2026,7,Hidalgo,M,Todos Los Segs. Prest. y Servs. Con Subrog. del Seg.de Salud,Organismo Descentralizado,23
issste_derechohabientes__Padrón_de_Derechohabientes_Activos__julio__2__agregado.csv,2026,7,Yucatan,M,Cvro. Salud R.c.v. E Invalidez y Vida,Organismo Descentralizado,23
issste_derechohabientes__Padrón_de_Derechohabientes_Activos__julio__2__agregado.csv,2026,7,Nuevo Leon,M,Todos Los Seguros Prestaciones y Servicios,Empresa de Participacion Estatal,23
issste_derechohabientes__Padrón_de_Derechohabientes_Activos__julio__2__agregado.csv,2026,7,Campeche,H,Servicio Medico del Seguro de Salud y Sar,Gobierno Estatal,23
issste_derechohabientes__Padrón_de_Derechohabientes_Activos__julio__2__agregado.csv,2026,7,Hidalgo,H,Cvro. Salud y R.c.v.,Organismo Descentralizado,23
issste_derechohabientes__Padrón_de_Derechohabientes_Activos__julio__2__agregado.csv,2026,7,Chihuahua,H,Cvro. Salud R.c.v. E Invalidez y Vida,Organismo Descentralizado,23
issste_derechohabientes__Padrón_de_Derechohabientes_Activos__julio__2__agregado.csv,2026,7,Morelos,H,Cvro. Salud R.c.v. E Invalidez y Vida,Organismo Descentralizado,23
issste_derechohabientes__Padrón_de_Derechohabientes_Activos__julio__2__agregado.csv,2026,7,Michoacan,H,Cvro. Salud R.c.v. E Invalidez y Vida,Organismo Descentralizado,23
issste_derechohabientes__Padrón_de_Derechohabientes_Activos__julio__2__agregado.csv,2026,7,Mexico,H,Cvro. R.c.v. E Invalidez y Vida,Organismo Descentralizado,23
issste_derechohabientes__Padrón_de_Derechohabientes_Activos__julio__2__agregado.csv,2026,7,Tabasco,H,Seguro de Salud (solo Servicio Medico),Organismo Descentralizado,23
issste_derechohabientes__Padrón_de_Derechohabientes_Activos__julio__2__agregado.csv,2026,7,Jalisco,H,Cvro. R.c.v.,Organismo Descentralizado,22
issste_derechohabientes__Padrón_de_Derechohabientes_Activos__julio__2__agregado.csv,2026,7,Campeche,H,Seguro de Salud (solo Servicio Medico),Organismo Descentralizado,22
issste_derechohabientes__Padrón_de_Derechohabientes_Activos__julio__2__agregado.csv,2026,7,Guanajuato,H,Cvro. R.c.v. E Invalidez y Vida,Organismo Descentralizado,22
issste_derechohabientes__Padrón_de_Derechohabientes_Activos__julio__2__agregado.csv,2026,7,Baja California Sur,H,Seguro de Salud (solo Servicio Medico),Organismo Descentralizado,22
issste_derechohabientes__Padrón_de_Derechohabientes_Activos__julio__2__agregado.csv,2026,7,Tamaulipas,H,Todos Los Seguros Prestaciones y Servicios,Gobierno Estatal,22
issste_derechohabientes__Padrón_de_Derechohabientes_Activos__julio__2__agregado.csv,2026,7,Morelos,M,Cvro. Salud R.c.v. E Invalidez y Vida,Organismo Descentralizado,22
issste_derechohabientes__Padrón_de_Derechohabientes_Activos__julio__2__agregado.csv,2026,7,Nuevo Leon,H,Todos Los Seguros Prestaciones y Servicios,Gobierno Estatal,22
issste_derechohabientes__Padrón_de_Derechohabientes_Activos__julio__2__agregado.csv,2026,7,Baja California,M,Servicio Medico del Seguro de Salud y Sar,Gobierno Estatal,22
issste_derechohabientes__Padrón_de_Derechohabientes_Activos__julio__2__agregado.csv,2026,7,Coahuila,H,Solo Serv. Med. a Pens. Directos Con Cargo a Otras Entid.,Organismo Descentralizado,22
issste_derechohabientes__Padrón_de_Derechohabientes_Activos__julio__2__agregado.csv,2026,7,Aguascalientes,H,Seguro de Salud (solo Servicio Medico),Gobierno Estatal,22
issste_derechohabientes__Padrón_de_Derechohabientes_Activos__julio__2__agregado.csv,2026,7,Yucatan,H,Todos Los Seguros Prestaciones y Servicios,Gobierno Estatal,21
issste_derechohabientes__Padrón_de_Derechohabientes_Activos__julio__2__agregado.csv,2026,7,San Luis Potosi,H,Cvro. R.c.v.,Organismo Descentralizado,21
issste_derechohabientes__Padrón_de_Derechohabientes_Activos__julio__2__agregado.csv,2026,7,San Luis Potosi,H,Cvro. Salud y R.c.v.,Organismo Descentralizado,21
issste_derechohabientes__Padrón_de_Derechohabientes_Activos__julio__2__agregado.csv,2026,7,Queretaro,H,Solo Serv. Med. a Pens. Directos Con Cargo a Otras Entid.,Organismo Descentralizado,21
issste_derechohabientes__Padrón_de_Derechohabientes_Activos__julio__2__agregado.csv,2026,7,Jalisco,H,Todos Los Seguros Prestaciones y Servicios,Gobierno Estatal,21
issste_derechohabientes__Padrón_de_Derechohabientes_Activos__julio__2__agregado.csv,2026,7,Ciudad de Mexico,M,Seguros de Salud(solo Servicio Medico)y de Riesgos del Trab.,Organismo Descentralizado,21
issste_derechohabientes__Padrón_de_Derechohabientes_Activos__julio__2__agregado.csv,2026,7,Oaxaca,M,Todos Los Seguros Prestaciones y Servicios,Gobierno Estatal,21
issste_derechohabientes__Padrón_de_Derechohabientes_Activos__julio__2__agregado.csv,2026,7,Sinaloa,M,Seguro de Salud (solo Servicio Medico),Agrupacion,21
issste_derechohabientes__Padrón_de_Derechohabientes_Activos__julio__2__agregado.csv,2026,7,Sinaloa,H,Todos Los Seguros Prestaciones y Servicios,Gobierno Estatal,21
issste_derechohabientes__Padrón_de_Derechohabientes_Activos__julio__2__agregado.csv,2026,7,Yucatan,H,Cvro. R.c.v.,Organismo Descentralizado,21
issste_derechohabientes__Padrón_de_Derechohabientes_Activos__julio__2__agregado.csv,2026,7,Ciudad de Mexico,H,Seguro de Salud (solo Servicio Medico),Dependencia Federal,21
issste_derechohabientes__Padrón_de_Derechohabientes_Activos__julio__2__agregado.csv,2026,7,Baja California,M,Cvro. R.c.v.,Organismo Descentralizado,21
issste_derechohabientes__Padrón_de_Derechohabientes_Activos__julio__2__agregado.csv,2026,7,Tlaxcala,H,Cvro. Salud R.c.v. E Invalidez y Vida,Organismo Descentralizado,21
issste_derechohabientes__Padrón_de_Derechohabientes_Activos__julio__2__agregado.csv,2026,7,Tlaxcala,H,Cvro. Salud,Organismo Descentralizado,21
issste_derechohabientes__Padrón_de_Derechohabientes_Activos__julio__2__agregado.csv,2026,7,Guanajuato,M,Todos Los Seguros Prestaciones y Servicios,Gobierno Estatal,21
issste_derechohabientes__Padrón_de_Derechohabientes_Activos__julio__2__agregado.csv,2026,7,Veracruz,H,Cvro. Salud y R.c.v.,Organismo Descentralizado,21
issste_derechohabientes__Padrón_de_Derechohabientes_Activos__julio__2__agregado.csv,2026,7,Oaxaca,M,Seguro de Salud (solo Servicio Medico),Municipio,21
issste_derechohabientes__Padrón_de_Derechohabientes_Activos__julio__2__agregado.csv,2026,7,Veracruz,H,Servicio Medico del Seguro de Salud y Sar,Gobierno Estatal,21
issste_derechohabientes__Padrón_de_Derechohabientes_Activos__julio__2__agregado.csv,2026,7,Yucatan,H,Cvro. Salud R.c.v. E Invalidez y Vida,Organismo Descentralizado,20
issste_derechohabientes__Padrón_de_Derechohabientes_Activos__julio__2__agregado.csv,2026,7,Hidalgo,H,Cvro. R.c.v.,Organismo Descentralizado,20
issste_derechohabientes__Padrón_de_Derechohabientes_Activos__julio__2__agregado.csv,2026,7,Entidad Desconocida,H,Seguro de Salud (solo Servicio Medico),Municipio,20
issste_derechohabientes__Padrón_de_Derechohabientes_Activos__julio__2__agregado.csv,2026,7,Queretaro,M,Servicio Medico del Seguro de Salud y Sar,Gobierno Estatal,20
issste_derechohabientes__Padrón_de_Derechohabientes_Activos__julio__2__agregado.csv,2026,7,Colima,H,Servicio Medico del Seguro de Salud y Sar,Gobierno Estatal,20
issste_derechohabientes__Padrón_de_Derechohabientes_Activos__julio__2__agregado.csv,2026,7,Puebla,H,Cvro. Salud R.c.v. E Invalidez y Vida,Organismo Descentralizado,20
issste_derechohabientes__Padrón_de_Derechohabientes_Activos__julio__2__agregado.csv,2026,7,Quintana Roo,M,Cvro. Salud,Organismo Descentralizado,20
issste_derechohabientes__Padrón_de_Derechohabientes_Activos__julio__2__agregado.csv,2026,7,Zacatecas,H,Seguro de Salud (solo Servicio Medico),Agrupacion,20
issste_derechohabientes__Padrón_de_Derechohabientes_Activos__julio__2__agregado.csv,2026,7,Veracruz,H,Solo Serv. Med. a Pens. Directos Con Cargo a Otras Entid.,Organismo Descentralizado,20
issste_derechohabientes__Padrón_de_Derechohabientes_Activos__julio__2__agregado.csv,2026,7,Durango,H,Serv. Med. a Pens. Ind. C/cgo. a Otras Ent. S/insc. Benefs.,Gobierno Estatal,20
issste_derechohabientes__Padrón_de_Derechohabientes_Activos__julio__2__agregado.csv,2026,7,Sonora,M,Todos Los Seguros Prestaciones y Servicios,Empresa de Participacion Estatal,20
issste_derechohabientes__Padrón_de_Derechohabientes_Activos__julio__2__agregado.csv,2026,7,Sonora,H,Cvro. Salud R.c.v. E Invalidez y Vida,Organismo Descentralizado,20
issste_derechohabientes__Padrón_de_Derechohabientes_Activos__julio__2__agregado.csv,2026,7,Mexico,H,Todos Los Seguros Prestaciones y Servicios,Agrupacion,20
issste_derechohabientes__Padrón_de_Derechohabientes_Activos__julio__2__agregado.csv,2026,7,Morelos,H,Cvro. Salud,Organismo Descentralizado,20
issste_derechohabientes__Padrón_de_Derechohabientes_Activos__julio__2__agregado.csv,2026,7,Zacatecas,H,Cvro. Salud R.c.v. E Invalidez y Vida,Organismo Descentralizado,20
issste_derechohabientes__Padrón_de_Derechohabientes_Activos__julio__2__agregado.csv,2026,7,Puebla,H,Seguro de Salud (solo Servicio Medico),Gobierno Estatal,19
issste_derechohabientes__Padrón_de_Derechohabientes_Activos__julio__2__agregado.csv,2026,7,Chiapas,M,Cvro. Salud,Organismo Descentralizado,19
issste_derechohabientes__Padrón_de_Derechohabientes_Activos__julio__2__agregado.csv,2026,7,Queretaro,M,Cvro. Salud R.c.v. E Invalidez y Vida,Organismo Descentralizado,19
issste_derechohabientes__Padrón_de_Derechohabientes_Activos__julio__2__agregado.csv,2026,7,Hidalgo,M,Cvro. R.c.v.,Organismo Descentralizado,19
issste_derechohabientes__Padrón_de_Derechohabientes_Activos__julio__2__agregado.csv,2026,7,Mexico,M,Cvro. Salud E Invalidez y Vida,Organismo Descentralizado,19
issste_derechohabientes__Padrón_de_Derechohabientes_Activos__julio__2__agregado.csv,2026,7,Baja California,M,Cvro. R.c.v. E Invalidez y Vida,Organismo Descentralizado,19
issste_derechohabientes__Padrón_de_Derechohabientes_Activos__julio__2__agregado.csv,2026,7,Morelos,M,Seguro de Salud (solo Servicio Medico),Gobierno Estatal,19
issste_derechohabientes__Padrón_de_Derechohabientes_Activos__julio__2__agregado.csv,2026,7,Coahuila,H,Solo Serv. Med. a Pens. Directos Con Cargo a Otras Entid.,Municipio,19
issste_derechohabientes__Padrón_de_Derechohabientes_Activos__julio__2__agregado.csv,2026,7,Jalisco,M,Cvro. Salud y R.c.v.,Organismo Descentralizado,18
issste_derechohabientes__Padrón_de_Derechohabientes_Activos__julio__2__agregado.csv,2026,7,Entidad Desconocida,H,Solo Serv. Med. a Pens. Directos Con Cargo a Otras Entid.,Gobierno Estatal,18
issste_derechohabientes__Padrón_de_Derechohabientes_Activos__julio__2__agregado.csv,2026,7,Puebla,H,Seguro de Salud (solo Servicio Medico),Agrupacion,18
issste_derechohabientes__Padrón_de_Derechohabientes_Activos__julio__2__agregado.csv,2026,7,Guanajuato,H,Cvro. R.c.v.,Organismo Descentralizado,18
issste_derechohabientes__Padrón_de_Derechohabientes_Activos__julio__2__agregado.csv,2026,7,Zacatecas,H,Cvro. Salud,Organismo Descentralizado,18
issste_derechohabientes__Padrón_de_Derechohabientes_Activos__julio__2__agregado.csv,2026,7,Mexico,H,Cvro. Salud y R.c.v.,Organismo Descentralizado,18
issste_derechohabientes__Padrón_de_Derechohabientes_Activos__julio__2__agregado.csv,2026,7,Entidad Desconocida,H,Solo Serv. Med. a Pens. Directos Con Cargo a Otras Entid.,Organismo Descentralizado,18
issste_derechohabientes__Padrón_de_Derechohabientes_Activos__julio__2__agregado.csv,2026,7,Yucatan,H,Cvro. Salud,Organismo Descentralizado,18
issste_derechohabientes__Padrón_de_Derechohabientes_Activos__julio__2__agregado.csv,2026,7,Jalisco,M,Seguro de Salud (solo Servicio Medico),Gobierno Estatal,18
issste_derechohabientes__Padrón_de_Derechohabientes_Activos__julio__2__agregado.csv,2026,7,Guerrero,M,Servicio Medico del Seguro de Salud y Sar,Gobierno Estatal,18
issste_derechohabientes__Padrón_de_Derechohabientes_Activos__julio__2__agregado.csv,2026,7,Guerrero,H,Servicio Medico del Seguro de Salud y Sar,Gobierno Estatal,18
issste_derechohabientes__Padrón_de_Derechohabientes_Activos__julio__2__agregado.csv,2026,7,Aguascalientes,H,Cvro. Salud R.c.v. E Invalidez y Vida,Organismo Descentralizado,17
issste_derechohabientes__Padrón_de_Derechohabientes_Activos__julio__2__agregado.csv,2026,7,Guerrero,M,Seguro de Salud (solo Servicio Medico),Agrupacion,17
issste_derechohabientes__Padrón_de_Derechohabientes_Activos__julio__2__agregado.csv,2026,7,Guanajuato,M,Cvro. R.c.v.,Organismo Descentralizado,17
issste_derechohabientes__Padrón_de_Derechohabientes_Activos__julio__2__agregado.csv,2026,7,Sonora,M,Cvro. R.c.v.,Organismo Descentralizado,17
issste_derechohabientes__Padrón_de_Derechohabientes_Activos__julio__2__agregado.csv,2026,7,Nayarit,H,Cvro. Salud R.c.v. E Invalidez y Vida,Organismo Descentralizado,17
issste_derechohabientes__Padrón_de_Derechohabientes_Activos__julio__2__agregado.csv,2026,7,Coahuila,M,Cvro. Salud R.c.v. E Invalidez y Vida,Organismo Descentralizado,17
issste_derechohabientes__Padrón_de_Derechohabientes_Activos__julio__2__agregado.csv,2026,7,Veracruz,M,Seguro de Salud (solo Servicio Medico),Municipio,17
issste_derechohabientes__Padrón_de_Derechohabientes_Activos__julio__2__agregado.csv,2026,7,Mexico,M,Cvro. R.c.v. E Invalidez y Vida,Organismo Descentralizado,17
issste_derechohabientes__Padrón_de_Derechohabientes_Activos__julio__2__agregado.csv,2026,7,Aguascalientes,M,Cvro. Salud,Organismo Descentralizado,17
issste_derechohabientes__Padrón_de_Derechohabientes_Activos__julio__2__agregado.csv,2026,7,Mexico,H,Seguro de Salud (solo Servicio Medico),Dependencia Federal,17
issste_derechohabientes__Padrón_de_Derechohabientes_Activos__julio__2__agregado.csv,2026,7,Quintana Roo,M,Cvro. R.c.v.,Organismo Descentralizado,17
issste_derechohabientes__Padrón_de_Derechohabientes_Activos__julio__2__agregado.csv,2026,7,Quintana Roo,H,Cvro. Salud,Organismo Descentralizado,17
issste_derechohabientes__Padrón_de_Derechohabientes_Activos__julio__2__agregado.csv,2026,7,Entidad Desconocida,M,Solo Serv. Med. a Pens. Directos Con Cargo a Otras Entid.,Organismo Descentralizado,17
issste_derechohabientes__Padrón_de_Derechohabientes_Activos__julio__2__agregado.csv,2026,7,Entidad Desconocida,M,Seguro de Salud (solo Servicio Medico),Municipio,17
issste_derechohabientes__Padrón_de_Derechohabientes_Activos__julio__2__agregado.csv,2026,7,Jalisco,H,Cvro. Salud y R.c.v.,Organismo Descentralizado,17
issste_derechohabientes__Padrón_de_Derechohabientes_Activos__julio__2__agregado.csv,2026,7,Michoacan,H,Cvro. Salud E Invalidez y Vida,Organismo Descentralizado,16
issste_derechohabientes__Padrón_de_Derechohabientes_Activos__julio__2__agregado.csv,2026,7,Oaxaca,M,Seguro de Salud (solo Servicio Medico),Agrupacion,16
issste_derechohabientes__Padrón_de_Derechohabientes_Activos__julio__2__agregado.csv,2026,7,Sonora,M,Cvro. Salud y R.c.v.,Organismo Descentralizado,16
issste_derechohabientes__Padrón_de_Derechohabientes_Activos__julio__2__agregado.csv,2026,7,Tlaxcala,H,Todos Los Seguros Prestaciones y Servicios,Empresa de Participacion Estatal,16
issste_derechohabientes__Padrón_de_Derechohabientes_Activos__julio__2__agregado.csv,2026,7,Nuevo Leon,H,Cvro. Salud y R.c.v.,Organismo Descentralizado,16
issste_derechohabientes__Padrón_de_Derechohabientes_Activos__julio__2__agregado.csv,2026,7,Michoacan,M,Cvro. Salud R.c.v. E Invalidez y Vida,Organismo Descentralizado,16
issste_derechohabientes__Padrón_de_Derechohabientes_Activos__julio__2__agregado.csv,2026,7,Durango,M,Cvro. R.c.v. E Invalidez y Vida,Organismo Descentralizado,16
issste_derechohabientes__Padrón_de_Derechohabientes_Activos__julio__2__agregado.csv,2026,7,Baja California,H,Cvro. R.c.v.,Organismo Descentralizado,16
issste_derechohabientes__Padrón_de_Derechohabientes_Activos__julio__2__agregado.csv,2026,7,Colima,M,Cvro. Salud,Organismo Descentralizado,16
issste_derechohabientes__Padrón_de_Derechohabientes_Activos__julio__2__agregado.csv,2026,7,Morelos,M,Todos Los Segs. Prest. y Servs. Con Subrog. del Seg.de Salud,Organismo Descentralizado,16
issste_derechohabientes__Padrón_de_Derechohabientes_Activos__julio__2__agregado.csv,2026,7,Puebla,H,Todos Los Segs. Prest. y Servs. Con Subrog. del Seg.de Salud,Organismo Descentralizado,15
issste_derechohabientes__Padrón_de_Derechohabientes_Activos__julio__2__agregado.csv,2026,7,Veracruz,M,Seg. Pens.; Seg. de Salud y Servs. de E.b.d.i. y Funerarios,Organismo Descentralizado,15
issste_derechohabientes__Padrón_de_Derechohabientes_Activos__julio__2__agregado.csv,2026,7,Michoacan,H,Serv. Med. a Pens. Ind. C/cgo. a Otras Ent. S/insc. Benefs.,Gobierno Estatal,15
issste_derechohabientes__Padrón_de_Derechohabientes_Activos__julio__2__agregado.csv,2026,7,Nuevo Leon,M,Cvro. Salud y R.c.v.,Organismo Descentralizado,15
issste_derechohabientes__Padrón_de_Derechohabientes_Activos__julio__2__agregado.csv,2026,7,Nayarit,H,Seguro de Salud (solo Servicio Medico),Organismo Descentralizado,15
issste_derechohabientes__Padrón_de_Derechohabientes_Activos__julio__2__agregado.csv,2026,7,Chihuahua,H,Cvro. Salud y R.c.v.,Organismo Descentralizado,15
issste_derechohabientes__Padrón_de_Derechohabientes_Activos__julio__2__agregado.csv,2026,7,Baja California Sur,H,Servicio Medico del Seguro de Salud y Sar,Gobierno Estatal,15
issste_derechohabientes__Padrón_de_Derechohabientes_Activos__julio__2__agregado.csv,2026,7,Sinaloa,H,Seguro de Salud (solo Servicio Medico),Municipio,15
issste_derechohabientes__Padrón_de_Derechohabientes_Activos__julio__2__agregado.csv,2026,7,Durango,H,Cvro. R.c.v. E Invalidez y Vida,Organismo Descentralizado,15
issste_derechohabientes__Padrón_de_Derechohabientes_Activos__julio__2__agregado.csv,2026,7,Baja California,M,Cvro. Salud E Invalidez y Vida,Organismo Descentralizado,15
issste_derechohabientes__Padrón_de_Derechohabientes_Activos__julio__2__agregado.csv,2026,7,Queretaro,H,Cvro. Salud R.c.v. E Invalidez y Vida,Organismo Descentralizado,15
issste_derechohabientes__Padrón_de_Derechohabientes_Activos__julio__2__agregado.csv,2026,7,Oaxaca,M,Cvro. Salud,Organismo Descentralizado,15
issste_derechohabientes__Padrón_de_Derechohabientes_Activos__julio__2__agregado.csv,2026,7,Puebla,M,Seguro de Salud (solo Servicio Medico),Gobierno Estatal,14
issste_derechohabientes__Padrón_de_Derechohabientes_Activos__julio__2__agregado.csv,2026,7,Michoacan,M,Todos Los Seguros Prestaciones y Servicios,Empresa de Participacion Estatal,14
issste_derechohabientes__Padrón_de_Derechohabientes_Activos__julio__2__agregado.csv,2026,7,Morelos,M,Seguro de Salud (solo Servicio Medico),Municipio,14
issste_derechohabientes__Padrón_de_Derechohabientes_Activos__julio__2__agregado.csv,2026,7,Tamaulipas,H,Seguro de Salud (solo Servicio Medico),Agrupacion,14
issste_derechohabientes__Padrón_de_Derechohabientes_Activos__julio__2__agregado.csv,2026,7,Baja California Sur,H,Cvro. Salud,Organismo Descentralizado,14
issste_derechohabientes__Padrón_de_Derechohabientes_Activos__julio__2__agregado.csv,2026,7,Puebla,M,Cvro. R.c.v. E Invalidez y Vida,Organismo Descentralizado,14
issste_derechohabientes__Padrón_de_Derechohabientes_Activos__julio__2__agregado.csv,2026,7,Jalisco,M,Cvro. R.c.v. E Invalidez y Vida,Organismo Descentralizado,14
issste_derechohabientes__Padrón_de_Derechohabientes_Activos__julio__2__agregado.csv,2026,7,Jalisco,H,Seg. Pens.; Seg. de Salud y Servs. de E.b.d.i. y Funerarios,Organismo Descentralizado,14
issste_derechohabientes__Padrón_de_Derechohabientes_Activos__julio__2__agregado.csv,2026,7,Durango,H,Cvro. Salud,Organismo Descentralizado,14
issste_derechohabientes__Padrón_de_Derechohabientes_Activos__julio__2__agregado.csv,2026,7,Entidad Desconocida,M,Solo Serv. Med. a Pens. Directos Con Cargo a Otras Entid.,Gobierno Estatal,14
issste_derechohabientes__Padrón_de_Derechohabientes_Activos__julio__2__agregado.csv,2026,7,Sinaloa,H,Cvro. R.c.v.,Organismo Descentralizado,14
issste_derechohabientes__Padrón_de_Derechohabientes_Activos__julio__2__agregado.csv,2026,7,Morelos,M,Seguro de Salud (solo Servicio Medico),Agrupacion,14
issste_derechohabientes__Padrón_de_Derechohabientes_Activos__julio__2__agregado.csv,2026,7,Tabasco,M,Cvro. Salud,Organismo Descentralizado,14
issste_derechohabientes__Padrón_de_Derechohabientes_Activos__julio__2__agregado.csv,2026,7,Sinaloa,M,Todos Los Seguros Prestaciones y Servicios,Gobierno Estatal,14
issste_derechohabientes__Padrón_de_Derechohabientes_Activos__julio__2__agregado.csv,2026,7,Oaxaca,H,Seguro de Salud (solo Servicio Medico),Agrupacion,14
issste_derechohabientes__Padrón_de_Derechohabientes_Activos__julio__2__agregado.csv,2026,7,Mexico,M,Servicio Medico del Seguro de Salud y Sar,Organismo Descentralizado,14
issste_derechohabientes__Padrón_de_Derechohabientes_Activos__julio__2__agregado.csv,2026,7,Baja California,H,Seguro de Salud (solo Servicio Medico),Agrupacion,14
issste_derechohabientes__Padrón_de_Derechohabientes_Activos__julio__2__agregado.csv,2026,7,Mexico,M,Seguros Pensionarios; Servicios de E.b.d.i. y Funerarios,Organismo Descentralizado,14
issste_derechohabientes__Padrón_de_Derechohabientes_Activos__julio__2__agregado.csv,2026,7,Durango,M,Cvro. Salud,Organismo Descentralizado,14
issste_derechohabientes__Padrón_de_Derechohabientes_Activos__julio__2__agregado.csv,2026,7,Sonora,M,Cvro. Salud R.c.v. E Invalidez y Vida,Organismo Descentralizado,14
issste_derechohabientes__Padrón_de_Derechohabientes_Activos__julio__2__agregado.csv,2026,7,Tlaxcala,H,Servicio Medico del Seguro de Salud y Sar,Gobierno Estatal,14
issste_derechohabientes__Padrón_de_Derechohabientes_Activos__julio__2__agregado.csv,2026,7,Nuevo Leon,H,Cvro. R.c.v.,Organismo Descentralizado,14
issste_derechohabientes__Padrón_de_Derechohabientes_Activos__julio__2__agregado.csv,2026,7,Mexico,M,Todos Los Seguros Prestaciones y Servicios,Agrupacion,14
issste_derechohabientes__Padrón_de_Derechohabientes_Activos__julio__2__agregado.csv,2026,7,Tamaulipas,H,Cvro. Salud R.c.v. E Invalidez y Vida,Organismo Descentralizado,13
issste_derechohabientes__Padrón_de_Derechohabientes_Activos__julio__2__agregado.csv,2026,7,Morelos,H,Todos Los Seguros Prestaciones y Servicios,Empresa de Participacion Estatal,13
issste_derechohabientes__Padrón_de_Derechohabientes_Activos__julio__2__agregado.csv,2026,7,Tabasco,M,Seguro de Salud (solo Servicio Medico),Agrupacion,13
issste_derechohabientes__Padrón_de_Derechohabientes_Activos__julio__2__agregado.csv,2026,7,Tabasco,M,Todos Los Seguros Prestaciones y Servicios,Empresa de Participacion Estatal,13
issste_derechohabientes__Padrón_de_Derechohabientes_Activos__julio__2__agregado.csv,2026,7,Yucatan,M,Todos Los Seguros Prestaciones y Servicios,Gobierno Estatal,13
issste_derechohabientes__Padrón_de_Derechohabientes_Activos__julio__2__agregado.csv,2026,7,Zacatecas,M,Cvro. Salud,Organismo Descentralizado,13
issste_derechohabientes__Padrón_de_Derechohabientes_Activos__julio__2__agregado.csv,2026,7,Jalisco,H,Todos Los Seguros Prestaciones y Servicios,Empresa de Participacion Estatal,13
issste_derechohabientes__Padrón_de_Derechohabientes_Activos__julio__2__agregado.csv,2026,7,San Luis Potosi,H,Todos Los Seguros Prestaciones y Servicios,Gobierno Estatal,13
issste_derechohabientes__Padrón_de_Derechohabientes_Activos__julio__2__agregado.csv,2026,7,Entidad Desconocida,M,Servicio Medico del Seguro de Salud y Sar,Organismo Descentralizado,13
issste_derechohabientes__Padrón_de_Derechohabientes_Activos__julio__2__agregado.csv,2026,7,Jalisco,H,Cvro. R.c.v. E Invalidez y Vida,Organismo Descentralizado,13
issste_derechohabientes__Padrón_de_Derechohabientes_Activos__julio__2__agregado.csv,2026,7,Yucatan,H,Cvro. Salud y R.c.v.,Organismo Descentralizado,13
issste_derechohabientes__Padrón_de_Derechohabientes_Activos__julio__2__agregado.csv,2026,7,Zacatecas,M,Cvro. Salud R.c.v. E Invalidez y Vida,Organismo Descentralizado,13
issste_derechohabientes__Padrón_de_Derechohabientes_Activos__julio__2__agregado.csv,2026,7,Mexico,H,Seguros Pensionarios; Servicios de E.b.d.i. y Funerarios,Organismo Descentralizado,13
issste_derechohabientes__Padrón_de_Derechohabientes_Activos__julio__2__agregado.csv,2026,7,Baja California,H,Cvro. R.c.v. E Invalidez y Vida,Organismo Descentralizado,13
issste_derechohabientes__Padrón_de_Derechohabientes_Activos__julio__2__agregado.csv,2026,7,Ciudad de Mexico,M,Serv. Med. a Benef. Por Resol. Jud. S/insc. Benefs.,Dependencia Federal,13
issste_derechohabientes__Padrón_de_Derechohabientes_Activos__julio__2__agregado.csv,2026,7,Durango,H,Cvro. Salud R.c.v. E Invalidez y Vida,Organismo Descentralizado,13
issste_derechohabientes__Padrón_de_Derechohabientes_Activos__julio__2__agregado.csv,2026,7,Michoacan,M,Todos Los Seguros Prestaciones y Servicios,Gobierno Estatal,13
issste_derechohabientes__Padrón_de_Derechohabientes_Activos__julio__2__agregado.csv,2026,7,Tamaulipas,M,Seguro de Salud (solo Servicio Medico),Agrupacion,13
issste_derechohabientes__Padrón_de_Derechohabientes_Activos__julio__2__agregado.csv,2026,7,Tlaxcala,H,Seguro de Salud (solo Servicio Medico),Gobierno Estatal,13
issste_derechohabientes__Padrón_de_Derechohabientes_Activos__julio__2__agregado.csv,2026,7,Durango,M,Cvro. R.c.v.,Organismo Descentralizado,13
issste_derechohabientes__Padrón_de_Derechohabientes_Activos__julio__2__agregado.csv,2026,7,Sonora,M,Seg. Pens.; Seg. de Salud y Servs. de E.b.d.i. y Funerarios,Organismo Descentralizado,13
issste_derechohabientes__Padrón_de_Derechohabientes_Activos__julio__2__agregado.csv,2026,7,Tabasco,H,Seguro de Salud (solo Servicio Medico),Agrupacion,13
issste_derechohabientes__Padrón_de_Derechohabientes_Activos__julio__2__agregado.csv,2026,7,Nuevo Leon,M,Solo Serv. Med. a Pens. Directos Con Cargo a Otras Entid.,Gobierno Estatal,13
issste_derechohabientes__Padrón_de_Derechohabientes_Activos__julio__2__agregado.csv,2026,7,Baja California,H,Todos Los Seguros Prestaciones y Servicios,Gobierno Estatal,13
issste_derechohabientes__Padrón_de_Derechohabientes_Activos__julio__2__agregado.csv,2026,7,Nayarit,M,Seguro de Salud (solo Servicio Medico),Organismo Descentralizado,12
issste_derechohabientes__Padrón_de_Derechohabientes_Activos__julio__2__agregado.csv,2026,7,Chihuahua,H,Servicio Medico del Seguro de Salud y Sar,Gobierno Estatal,12
issste_derechohabientes__Padrón_de_Derechohabientes_Activos__julio__2__agregado.csv,2026,7,Nuevo Leon,H,Servicio Medico del Seguro de Salud y Sar,Gobierno Estatal,12
issste_derechohabientes__Padrón_de_Derechohabientes_Activos__julio__2__agregado.csv,2026,7,Coahuila,H,Todos Los Seguros Prestaciones y Servicios,Gobierno Estatal,12
issste_derechohabientes__Padrón_de_Derechohabientes_Activos__julio__2__agregado.csv,2026,7,Guerrero,M,Serv. Med. a Pens. Ind. C/cgo. a Otras Ent. S/insc. Benefs.,Gobierno Estatal,12
issste_derechohabientes__Padrón_de_Derechohabientes_Activos__julio__2__agregado.csv,2026,7,Baja California Sur,M,Cvro. Salud R.c.v. E Invalidez y Vida,Organismo Descentralizado,12
issste_derechohabientes__Padrón_de_Derechohabientes_Activos__julio__2__agregado.csv,2026,7,Oaxaca,H,Seguro de Salud (solo Servicio Medico),Gobierno Estatal,12
issste_derechohabientes__Padrón_de_Derechohabientes_Activos__julio__2__agregado.csv,2026,7,Chihuahua,M,Cvro. Salud E Invalidez y Vida,Organismo Descentralizado,12
issste_derechohabientes__Padrón_de_Derechohabientes_Activos__julio__2__agregado.csv,2026,7,Nayarit,H,Seguro de Salud (solo Servicio Medico),Gobierno Estatal,12
issste_derechohabientes__Padrón_de_Derechohabientes_Activos__julio__2__agregado.csv,2026,7,Veracruz,M,Servicio Medico del Seguro de Salud y Sar,Gobierno Estatal,12
issste_derechohabientes__Padrón_de_Derechohabientes_Activos__julio__2__agregado.csv,2026,7,Durango,H,Cvro. R.c.v.,Organismo Descentralizado,12
issste_derechohabientes__Padrón_de_Derechohabientes_Activos__julio__2__agregado.csv,2026,7,Puebla,M,Seguro de Salud (solo Servicio Medico),Agrupacion,12
issste_derechohabientes__Padrón_de_Derechohabientes_Activos__julio__2__agregado.csv,2026,7,Sinaloa,M,Seguro de Salud (solo Servicio Medico),Municipio,12
issste_derechohabientes__Padrón_de_Derechohabientes_Activos__julio__2__agregado.csv,2026,7,Yucatan,M,Cvro. Salud y R.c.v.,Organismo Descentralizado,12
issste_derechohabientes__Padrón_de_Derechohabientes_Activos__julio__2__agregado.csv,2026,7,Ciudad de Mexico,H,Seguro de Salud (solo Servicio Medico),Poder Legislativo,12
issste_derechohabientes__Padrón_de_Derechohabientes_Activos__julio__2__agregado.csv,2026,7,Tlaxcala,H,Solo Serv. Med. a Pens. Directos Con Cargo a Otras Entid.,Organismo Descentralizado,12
issste_derechohabientes__Padrón_de_Derechohabientes_Activos__julio__2__agregado.csv,2026,7,Puebla,M,Cvro. R.c.v.,Organismo Descentralizado,11
issste_derechohabientes__Padrón_de_Derechohabientes_Activos__julio__2__agregado.csv,2026,7,Hidalgo,H,Seguro de Salud (solo Servicio Medico),Poder Legislativo,11
issste_derechohabientes__Padrón_de_Derechohabientes_Activos__julio__2__agregado.csv,2026,7,Zacatecas,H,Seguro de Salud (solo Servicio Medico),Gobierno Estatal,11
issste_derechohabientes__Padrón_de_Derechohabientes_Activos__julio__2__agregado.csv,2026,7,Zacatecas,H,Servicio Medico del Seguro de Salud y Sar,Gobierno Estatal,11
issste_derechohabientes__Padrón_de_Derechohabientes_Activos__julio__2__agregado.csv,2026,7,Chiapas,H,Cvro. Salud R.c.v. E Invalidez y Vida,Organismo Descentralizado,11
issste_derechohabientes__Padrón_de_Derechohabientes_Activos__julio__2__agregado.csv,2026,7,Hidalgo,M,Solo Serv. Med. a Pens. Directos Con Cargo a Otras Entid.,Organismo Descentralizado,11
issste_derechohabientes__Padrón_de_Derechohabientes_Activos__julio__2__agregado.csv,2026,7,Entidad Desconocida,H,Servicio Medico del Seguro de Salud y Sar,Organismo Descentralizado,11
issste_derechohabientes__Padrón_de_Derechohabientes_Activos__julio__2__agregado.csv,2026,7,Baja California Sur,M,Seguro de Salud (solo Servicio Medico),Agrupacion,11
issste_derechohabientes__Padrón_de_Derechohabientes_Activos__julio__2__agregado.csv,2026,7,Oaxaca,H,Servicio Medico del Seguro de Salud y Sar,Gobierno Estatal,11
issste_derechohabientes__Padrón_de_Derechohabientes_Activos__julio__2__agregado.csv,2026,7,Durango,H,Todos Los Seguros Prestaciones y Servicios,Gobierno Estatal,11
issste_derechohabientes__Padrón_de_Derechohabientes_Activos__julio__2__agregado.csv,2026,7,Veracruz,H,Todos Los Segs. Prest. y Servs. Con Subrog. del Seg.de Salud,Organismo Descentralizado,11
issste_derechohabientes__Padrón_de_Derechohabientes_Activos__julio__2__agregado.csv,2026,7,Chihuahua,H,Todos Los Seguros Prestaciones y Servicios,Empresa de Participacion Estatal,11
issste_derechohabientes__Padrón_de_Derechohabientes_Activos__julio__2__agregado.csv,2026,7,Nayarit,M,Cvro. Salud R.c.v. E Invalidez y Vida,Organismo Descentralizado,11
issste_derechohabientes__Padrón_de_Derechohabientes_Activos__julio__2__agregado.csv,2026,7,Hidalgo,H,Seguro de Salud (solo Servicio Medico),Agrupacion,11
issste_derechohabientes__Padrón_de_Derechohabientes_Activos__julio__2__agregado.csv,2026,7,Sinaloa,H,Cvro. Salud R.c.v. E Invalidez y Vida,Organismo Descentralizado,11
issste_derechohabientes__Padrón_de_Derechohabientes_Activos__julio__2__agregado.csv,2026,7,Coahuila,M,Solo Serv. Med. a Pens. Directos Con Cargo a Otras Entid.,Municipio,11
issste_derechohabientes__Padrón_de_Derechohabientes_Activos__julio__2__agregado.csv,2026,7,Puebla,H,Cvro. Salud E Invalidez y Vida,Organismo Descentralizado,11
issste_derechohabientes__Padrón_de_Derechohabientes_Activos__julio__2__agregado.csv,2026,7,Oaxaca,M,Todos Los Seguros Prestaciones y Servicios,Empresa de Participacion Estatal,11
issste_derechohabientes__Padrón_de_Derechohabientes_Activos__julio__2__agregado.csv,2026,7,Chihuahua,M,Servicio Medico del Seguro de Salud y Sar,Gobierno Estatal,11
issste_derechohabientes__Padrón_de_Derechohabientes_Activos__julio__2__agregado.csv,2026,7,Tamaulipas,H,Cvro. Salud y R.c.v.,Organismo Descentralizado,11
issste_derechohabientes__Padrón_de_Derechohabientes_Activos__julio__2__agregado.csv,2026,7,Aguascalientes,H,Cvro. Salud,Organismo Descentralizado,11
issste_derechohabientes__Padrón_de_Derechohabientes_Activos__julio__2__agregado.csv,2026,7,Chihuahua,M,Cvro. Salud y R.c.v.,Organismo Descentralizado,11
issste_derechohabientes__Padrón_de_Derechohabientes_Activos__julio__2__agregado.csv,2026,7,Zacatecas,H,Cvro. R.c.v.,Organismo Descentralizado,11
issste_derechohabientes__Padrón_de_Derechohabientes_Activos__julio__2__agregado.csv,2026,7,Nuevo Leon,M,Cvro. R.c.v.,Organismo Descentralizado,11
issste_derechohabientes__Padrón_de_Derechohabientes_Activos__julio__2__agregado.csv,2026,7,Nuevo Leon,H,Cvro. Salud R.c.v. E Invalidez y Vida,Organismo Descentralizado,11
issste_derechohabientes__Padrón_de_Derechohabientes_Activos__julio__2__agregado.csv,2026,7,Tabasco,H,Cvro. Salud,Organismo Descentralizado,11
issste_derechohabientes__Padrón_de_Derechohabientes_Activos__julio__2__agregado.csv,2026,7,Coahuila,M,Cvro. Salud E Invalidez y Vida,Organismo Descentralizado,11
issste_derechohabientes__Padrón_de_Derechohabientes_Activos__julio__2__agregado.csv,2026,7,Guerrero,H,Seguro de Salud (solo Servicio Medico),Agrupacion,11
issste_derechohabientes__Padrón_de_Derechohabientes_Activos__julio__2__agregado.csv,2026,7,Michoacan,H,Seguro de Salud (solo Servicio Medico),Agrupacion,10
issste_derechohabientes__Padrón_de_Derechohabientes_Activos__julio__2__agregado.csv,2026,7,Baja California,H,Servicio Medico del Seguro de Salud y Sar,Gobierno Estatal,10
issste_derechohabientes__Padrón_de_Derechohabientes_Activos__julio__2__agregado.csv,2026,7,Sonora,H,Servicio Medico del Seguro de Salud y Sar,Gobierno Estatal,10
issste_derechohabientes__Padrón_de_Derechohabientes_Activos__julio__2__agregado.csv,2026,7,Nayarit,M,Cvro. Salud y R.c.v.,Organismo Descentralizado,10
issste_derechohabientes__Padrón_de_Derechohabientes_Activos__julio__2__agregado.csv,2026,7,Durango,M,Seguro de Salud (solo Servicio Medico),Agrupacion,10
issste_derechohabientes__Padrón_de_Derechohabientes_Activos__julio__2__agregado.csv,2026,7,Aguascalientes,M,Seguro de Salud (solo Servicio Medico),Gobierno Estatal,10
issste_derechohabientes__Padrón_de_Derechohabientes_Activos__julio__2__agregado.csv,2026,7,San Luis Potosi,H,Solo Serv. Med. a Pens. Directos Con Cargo a Otras Entid.,Organismo Descentralizado,10
issste_derechohabientes__Padrón_de_Derechohabientes_Activos__julio__2__agregado.csv,2026,7,Sinaloa,H,Cvro. Salud y R.c.v.,Organismo Descentralizado,10
issste_derechohabientes__Padrón_de_Derechohabientes_Activos__julio__2__agregado.csv,2026,7,Hidalgo,H,Serv. Med. a Pens. Ind. C/cgo. a Otras Ent. S/insc. Benefs.,Gobierno Estatal,10
issste_derechohabientes__Padrón_de_Derechohabientes_Activos__julio__2__agregado.csv,2026,7,Puebla,M,Cvro. Salud E Invalidez y Vida,Organismo Descentralizado,10
issste_derechohabientes__Padrón_de_Derechohabientes_Activos__julio__2__agregado.csv,2026,7,Chiapas,H,Servicio Medico del Seguro de Salud y Sar,Gobierno Estatal,10
issste_derechohabientes__Padrón_de_Derechohabientes_Activos__julio__2__agregado.csv,2026,7,Yucatan,H,Todos Los Seguros Prestaciones y Servicios,Municipio,10
issste_derechohabientes__Padrón_de_Derechohabientes_Activos__julio__2__agregado.csv,2026,7,Quintana Roo,H,Cvro. Salud R.c.v. E Invalidez y Vida,Organismo Descentralizado,10
issste_derechohabientes__Padrón_de_Derechohabientes_Activos__julio__2__agregado.csv,2026,7,Queretaro,M,Cvro. R.c.v. E Invalidez y Vida,Organismo Descentralizado,10
issste_derechohabientes__Padrón_de_Derechohabientes_Activos__julio__2__agregado.csv,2026,7,Colima,H,Cvro. Salud,Organismo Descentralizado,10
issste_derechohabientes__Padrón_de_Derechohabientes_Activos__julio__2__agregado.csv,2026,7,Zacatecas,M,Seguro de Salud (solo Servicio Medico),Agrupacion,10
issste_derechohabientes__Padrón_de_Derechohabientes_Activos__julio__2__agregado.csv,2026,7,Colima,H,Cvro. Salud R.c.v. E Invalidez y Vida,Organismo Descentralizado,10
issste_derechohabientes__Padrón_de_Derechohabientes_Activos__julio__2__agregado.csv,2026,7,Oaxaca,H,Cvro. Salud,Organismo Descentralizado,10
issste_derechohabientes__Padrón_de_Derechohabientes_Activos__julio__2__agregado.csv,2026,7,Mexico,M,Seguro de Salud (solo Servicio Medico),Dependencia Federal,10
issste_derechohabientes__Padrón_de_Derechohabientes_Activos__julio__2__agregado.csv,2026,7,Guerrero,M,Seg. Pens.; Seg. de Salud y Servs. de E.b.d.i. y Funerarios,Organismo Descentralizado,10
issste_derechohabientes__Padrón_de_Derechohabientes_Activos__julio__2__agregado.csv,2026,7,Nuevo Leon,M,Cvro. Salud R.c.v. E Invalidez y Vida,Organismo Descentralizado,10
issste_derechohabientes__Padrón_de_Derechohabientes_Activos__julio__2__agregado.csv,2026,7,Veracruz,M,Seguro de Salud (solo Servicio Medico),Gobierno Estatal,10
issste_derechohabientes__Padrón_de_Derechohabientes_Activos__julio__2__agregado.csv,2026,7,Durango,M,Cvro. Salud R.c.v. E Invalidez y Vida,Organismo Descentralizado,10
issste_derechohabientes__Padrón_de_Derechohabientes_Activos__julio__2__agregado.csv,2026,7,Michoacan,M,Cvro. Salud E Invalidez y Vida,Organismo Descentralizado,10
issste_derechohabientes__Padrón_de_Derechohabientes_Activos__julio__2__agregado.csv,2026,7,Mexico,M,Cvro. Salud y R.c.v.,Organismo Descentralizado,9
issste_derechohabientes__Padrón_de_Derechohabientes_Activos__julio__2__agregado.csv,2026,7,Baja California,H,Cvro. Salud E Invalidez y Vida,Organismo Descentralizado,9
issste_derechohabientes__Padrón_de_Derechohabientes_Activos__julio__2__agregado.csv,2026,7,Puebla,H,Solo Serv. Med. a Pens. Directos Con Cargo a Otras Entid.,Organismo Descentralizado,9
issste_derechohabientes__Padrón_de_Derechohabientes_Activos__julio__2__agregado.csv,2026,7,Jalisco,M,Todos Los Seguros Prestaciones y Servicios,Gobierno Estatal,9
issste_derechohabientes__Padrón_de_Derechohabientes_Activos__julio__2__agregado.csv,2026,7,San Luis Potosi,M,Solo Serv. Med. a Pens. Directos Con Cargo a Otras Entid.,Organismo Descentralizado,9
issste_derechohabientes__Padrón_de_Derechohabientes_Activos__julio__2__agregado.csv,2026,7,Veracruz,H,Todos Los Seguros Prestaciones y Servicios,Empresa de Participacion Estatal,9
issste_derechohabientes__Padrón_de_Derechohabientes_Activos__julio__2__agregado.csv,2026,7,Queretaro,M,Cvro. R.c.v.,Organismo Descentralizado,9
issste_derechohabientes__Padrón_de_Derechohabientes_Activos__julio__2__agregado.csv,2026,7,Aguascalientes,H,Cvro. R.c.v.,Organismo Descentralizado,9
issste_derechohabientes__Padrón_de_Derechohabientes_Activos__julio__2__agregado.csv,2026,7,Quintana Roo,H,Cvro. R.c.v.,Organismo Descentralizado,9
issste_derechohabientes__Padrón_de_Derechohabientes_Activos__julio__2__agregado.csv,2026,7,Quintana Roo,H,Todos Los Segs. Prest. y Servs. Con Subrog. del Seg.de Salud,Organismo Descentralizado,9
issste_derechohabientes__Padrón_de_Derechohabientes_Activos__julio__2__agregado.csv,2026,7,Puebla,M,Servicio Medico del Seguro de Salud y Sar,Gobierno Estatal,9
issste_derechohabientes__Padrón_de_Derechohabientes_Activos__julio__2__agregado.csv,2026,7,San Luis Potosi,M,Cvro. R.c.v.,Organismo Descentralizado,9
issste_derechohabientes__Padrón_de_Derechohabientes_Activos__julio__2__agregado.csv,2026,7,Queretaro,H,Cvro. Salud E Invalidez y Vida,Organismo Descentralizado,9
issste_derechohabientes__Padrón_de_Derechohabientes_Activos__julio__2__agregado.csv,2026,7,Campeche,H,Cvro. R.c.v. E Invalidez y Vida,Organismo Descentralizado,9
issste_derechohabientes__Padrón_de_Derechohabientes_Activos__julio__2__agregado.csv,2026,7,Zacatecas,M,Cvro. Salud y R.c.v.,Organismo Descentralizado,9
issste_derechohabientes__Padrón_de_Derechohabientes_Activos__julio__2__agregado.csv,2026,7,Baja California Sur,H,Seguro de Salud (solo Servicio Medico),Agrupacion,9
issste_derechohabientes__Padrón_de_Derechohabientes_Activos__julio__2__agregado.csv,2026,7,Sonora,H,Seguro de Salud (solo Servicio Medico),Gobierno Estatal,9
issste_derechohabientes__Padrón_de_Derechohabientes_Activos__julio__2__agregado.csv,2026,7,Sonora,H,Cvro. R.c.v.,Organismo Descentralizado,9
issste_derechohabientes__Padrón_de_Derechohabientes_Activos__julio__2__agregado.csv,2026,7,Veracruz,H,Seg. Pens.; Seg. de Salud y Servs. de E.b.d.i. y Funerarios,Organismo Descentralizado,9
issste_derechohabientes__Padrón_de_Derechohabientes_Activos__julio__2__agregado.csv,2026,7,Durango,H,Cvro. Salud y R.c.v.,Organismo Descentralizado,9
issste_derechohabientes__Padrón_de_Derechohabientes_Activos__julio__2__agregado.csv,2026,7,Guanajuato,M,Seg. Pens.; Seg. de Salud y Servs. de E.b.d.i. y Funerarios,Organismo Descentralizado,9
issste_derechohabientes__Padrón_de_Derechohabientes_Activos__julio__2__agregado.csv,2026,7,Ciudad de Mexico,H,Seguro de Salud (solo Servicio Medico),Municipio,9
issste_derechohabientes__Padrón_de_Derechohabientes_Activos__julio__2__agregado.csv,2026,7,Tamaulipas,M,Cvro. R.c.v.,Organismo Descentralizado,9
issste_derechohabientes__Padrón_de_Derechohabientes_Activos__julio__2__agregado.csv,2026,7,Chihuahua,M,Cvro. R.c.v. E Invalidez y Vida,Organismo Descentralizado,9
issste_derechohabientes__Padrón_de_Derechohabientes_Activos__julio__2__agregado.csv,2026,7,Michoacan,M,Seg. Pens.; Seg. de Salud y Servs. de E.b.d.i. y Funerarios,Organismo Descentralizado,9
issste_derechohabientes__Padrón_de_Derechohabientes_Activos__julio__2__agregado.csv,2026,7,Baja California,M,Cvro. Salud y R.c.v.,Organismo Descentralizado,9
issste_derechohabientes__Padrón_de_Derechohabientes_Activos__julio__2__agregado.csv,2026,7,Tabasco,M,Todos Los Seguros Prestaciones y Servicios,Gobierno Estatal,9
issste_derechohabientes__Padrón_de_Derechohabientes_Activos__julio__2__agregado.csv,2026,7,Chihuahua,M,Todos Los Seguros Prestaciones y Servicios,Empresa de Participacion Estatal,9
issste_derechohabientes__Padrón_de_Derechohabientes_Activos__julio__2__agregado.csv,2026,7,Hidalgo,M,Seguro de Salud (solo Servicio Medico),Gobierno Estatal,9
issste_derechohabientes__Padrón_de_Derechohabientes_Activos__julio__2__agregado.csv,2026,7,Aguascalientes,M,Cvro. R.c.v.,Organismo Descentralizado,9
issste_derechohabientes__Padrón_de_Derechohabientes_Activos__julio__2__agregado.csv,2026,7,Quintana Roo,M,Cvro. Salud y R.c.v.,Organismo Descentralizado,8
issste_derechohabientes__Padrón_de_Derechohabientes_Activos__julio__2__agregado.csv,2026,7,Aguascalientes,H,Todos Los Segs. Prest. y Servs. Con Subrog. del Seg.de Salud,Organismo Descentralizado,8
issste_derechohabientes__Padrón_de_Derechohabientes_Activos__julio__2__agregado.csv,2026,7,Chiapas,H,Seguro de Salud (solo Servicio Medico),Agrupacion,8
issste_derechohabientes__Padrón_de_Derechohabientes_Activos__julio__2__agregado.csv,2026,7,Queretaro,M,Serv. Med. a Pens. Ind. C/cgo. a Otras Ent. S/insc. Benefs.,Organismo Descentralizado,8
issste_derechohabientes__Padrón_de_Derechohabientes_Activos__julio__2__agregado.csv,2026,7,Quintana Roo,H,Servicio Medico del Seguro de Salud y Sar,Gobierno Estatal,8
issste_derechohabientes__Padrón_de_Derechohabientes_Activos__julio__2__agregado.csv,2026,7,Chiapas,H,Cvro. Salud y R.c.v.,Organismo Descentralizado,8
issste_derechohabientes__Padrón_de_Derechohabientes_Activos__julio__2__agregado.csv,2026,7,Colima,M,Cvro. Salud R.c.v. E Invalidez y Vida,Organismo Descentralizado,8
issste_derechohabientes__Padrón_de_Derechohabientes_Activos__julio__2__agregado.csv,2026,7,Tamaulipas,H,Servicio Medico del Seguro de Salud y Sar,Gobierno Estatal,8
issste_derechohabientes__Padrón_de_Derechohabientes_Activos__julio__2__agregado.csv,2026,7,Morelos,H,Seguro de Salud (solo Servicio Medico),Agrupacion,8
issste_derechohabientes__Padrón_de_Derechohabientes_Activos__julio__2__agregado.csv,2026,7,Coahuila,M,Cvro. R.c.v. E Invalidez y Vida,Organismo Descentralizado,8
issste_derechohabientes__Padrón_de_Derechohabientes_Activos__julio__2__agregado.csv,2026,7,Yucatan,M,Cvro. Salud E Invalidez y Vida,Organismo Descentralizado,8
issste_derechohabientes__Padrón_de_Derechohabientes_Activos__julio__2__agregado.csv,2026,7,Yucatan,M,Seguro de Salud (solo Servicio Medico),Agrupacion,8
issste_derechohabientes__Padrón_de_Derechohabientes_Activos__julio__2__agregado.csv,2026,7,Yucatan,M,Cvro. R.c.v.,Organismo Descentralizado,8
issste_derechohabientes__Padrón_de_Derechohabientes_Activos__julio__2__agregado.csv,2026,7,Nayarit,H,Cvro. Salud,Organismo Descentralizado,8
issste_derechohabientes__Padrón_de_Derechohabientes_Activos__julio__2__agregado.csv,2026,7,Morelos,M,Todos Los Seguros Prestaciones y Servicios,Poder Judicial,8
issste_derechohabientes__Padrón_de_Derechohabientes_Activos__julio__2__agregado.csv,2026,7,Nayarit,H,Seguro de Salud (solo Servicio Medico),Agrupacion,8
issste_derechohabientes__Padrón_de_Derechohabientes_Activos__julio__2__agregado.csv,2026,7,Morelos,M,Seg. Pens.; Seg. de Salud y Servs. de E.b.d.i. y Funerarios,Organismo Descentralizado,8
issste_derechohabientes__Padrón_de_Derechohabientes_Activos__julio__2__agregado.csv,2026,7,Tamaulipas,H,Cvro. R.c.v.,Organismo Descentralizado,8
issste_derechohabientes__Padrón_de_Derechohabientes_Activos__julio__2__agregado.csv,2026,7,Queretaro,H,Servicio Medico del Seguro de Salud y Sar,Gobierno Estatal,8
issste_derechohabientes__Padrón_de_Derechohabientes_Activos__julio__2__agregado.csv,2026,7,Nayarit,M,Cvro. Salud,Organismo Descentralizado,8
issste_derechohabientes__Padrón_de_Derechohabientes_Activos__julio__2__agregado.csv,2026,7,Chihuahua,M,Cvro. R.c.v.,Organismo Descentralizado,8
issste_derechohabientes__Padrón_de_Derechohabientes_Activos__julio__2__agregado.csv,2026,7,Tamaulipas,M,Seg. Pens.; Seg. de Salud y Servs. de E.b.d.i. y Funerarios,Organismo Descentralizado,8
issste_derechohabientes__Padrón_de_Derechohabientes_Activos__julio__2__agregado.csv,2026,7,Sinaloa,M,Cvro. Salud y R.c.v.,Organismo Descentralizado,8
issste_derechohabientes__Padrón_de_Derechohabientes_Activos__julio__2__agregado.csv,2026,7,Baja California Sur,M,Servicio Medico del Seguro de Salud y Sar,Gobierno Estatal,8
issste_derechohabientes__Padrón_de_Derechohabientes_Activos__julio__2__agregado.csv,2026,7,Sonora,H,Todos Los Seguros Prestaciones y Servicios,Gobierno Estatal,8
issste_derechohabientes__Padrón_de_Derechohabientes_Activos__julio__2__agregado.csv,2026,7,Coahuila,H,Cvro. Salud E Invalidez y Vida,Organismo Descentralizado,8
issste_derechohabientes__Padrón_de_Derechohabientes_Activos__julio__2__agregado.csv,2026,7,Oaxaca,H,Solo Serv. Med. a Pens. Directos Con Cargo a Otras Entid.,Organismo Descentralizado,8
issste_derechohabientes__Padrón_de_Derechohabientes_Activos__julio__2__agregado.csv,2026,7,Baja California Sur,M,Cvro. Salud,Organismo Descentralizado,8
issste_derechohabientes__Padrón_de_Derechohabientes_Activos__julio__2__agregado.csv,2026,7,Ciudad de Mexico,H,Serv. Med. a Benef. Por Resol. Jud. S/insc. Benefs.,Dependencia Federal,8
issste_derechohabientes__Padrón_de_Derechohabientes_Activos__julio__2__agregado.csv,2026,7,Hidalgo,H,Seg. Pens.; Seg. de Salud y Servs. de E.b.d.i. y Funerarios,Organismo Descentralizado,8
issste_derechohabientes__Padrón_de_Derechohabientes_Activos__julio__2__agregado.csv,2026,7,Puebla,H,Seg. Pens.; Seg. de Salud y Servs. de E.b.d.i. y Funerarios,Organismo Descentralizado,8
issste_derechohabientes__Padrón_de_Derechohabientes_Activos__julio__2__agregado.csv,2026,7,Coahuila,H,Serv. Med. a Pens. Ind. C/cgo. a Otras Ent. S/insc. Benefs.,Gobierno Estatal,8
issste_derechohabientes__Padrón_de_Derechohabientes_Activos__julio__2__agregado.csv,2026,7,Coahuila,M,Todos Los Seguros Prestaciones y Servicios,Gobierno Estatal,8
issste_derechohabientes__Padrón_de_Derechohabientes_Activos__julio__2__agregado.csv,2026,7,Colima,M,Servicio Medico del Seguro de Salud y Sar,Gobierno Estatal,8
issste_derechohabientes__Padrón_de_Derechohabientes_Activos__julio__2__agregado.csv,2026,7,Hidalgo,H,Cvro. Salud R.c.v. E Invalidez y Vida,Organismo Descentralizado,8
issste_derechohabientes__Padrón_de_Derechohabientes_Activos__julio__2__agregado.csv,2026,7,Michoacan,H,Cvro. R.c.v. E Invalidez y Vida,Organismo Descentralizado,8
issste_derechohabientes__Padrón_de_Derechohabientes_Activos__julio__2__agregado.csv,2026,7,Aguascalientes,H,Todos Los Seguros Prestaciones y Servicios,Gobierno Estatal,8
issste_derechohabientes__Padrón_de_Derechohabientes_Activos__julio__2__agregado.csv,2026,7,Sonora,M,Servicio Medico del Seguro de Salud y Sar,Gobierno Estatal,7
issste_derechohabientes__Padrón_de_Derechohabientes_Activos__julio__2__agregado.csv,2026,7,Hidalgo,M,Seguro de Salud (solo Servicio Medico),Agrupacion,7
issste_derechohabientes__Padrón_de_Derechohabientes_Activos__julio__2__agregado.csv,2026,7,Nayarit,H,Cvro. R.c.v. E Invalidez y Vida,Organismo Descentralizado,7
issste_derechohabientes__Padrón_de_Derechohabientes_Activos__julio__2__agregado.csv,2026,7,Baja California Sur,H,Cvro. R.c.v. E Invalidez y Vida,Organismo Descentralizado,7
issste_derechohabientes__Padrón_de_Derechohabientes_Activos__julio__2__agregado.csv,2026,7,Yucatan,M,Seg. Pens.; Seg. de Salud y Servs. de E.b.d.i. y Funerarios,Organismo Descentralizado,7
issste_derechohabientes__Padrón_de_Derechohabientes_Activos__julio__2__agregado.csv,2026,7,Chiapas,M,Seguro de Salud (solo Servicio Medico),Agrupacion,7
issste_derechohabientes__Padrón_de_Derechohabientes_Activos__julio__2__agregado.csv,2026,7,Puebla,M,Cvro. Salud y R.c.v.,Organismo Descentralizado,7
issste_derechohabientes__Padrón_de_Derechohabientes_Activos__julio__2__agregado.csv,2026,7,Puebla,M,Seg. Pens.; Seg. de Salud y Servs. de E.b.d.i. y Funerarios,Organismo Descentralizado,7
issste_derechohabientes__Padrón_de_Derechohabientes_Activos__julio__2__agregado.csv,2026,7,San Luis Potosi,M,Todos Los Seguros Prestaciones y Servicios,Gobierno Estatal,7
issste_derechohabientes__Padrón_de_Derechohabientes_Activos__julio__2__agregado.csv,2026,7,Nuevo Leon,H,Solo Serv. Med. a Pens. Directos Con Cargo a Otras Entid.,Gobierno Estatal,7
issste_derechohabientes__Padrón_de_Derechohabientes_Activos__julio__2__agregado.csv,2026,7,Oaxaca,M,Seg. Pens.; Seg. de Salud y Servs. de E.b.d.i. y Funerarios,Organismo Descentralizado,7
issste_derechohabientes__Padrón_de_Derechohabientes_Activos__julio__2__agregado.csv,2026,7,Veracruz,H,Servicio Medico del Seguro de Salud y Sar,Municipio,7
issste_derechohabientes__Padrón_de_Derechohabientes_Activos__julio__2__agregado.csv,2026,7,Sinaloa,H,Servicio Medico del Seguro de Salud y Sar,Organismo Descentralizado,7
issste_derechohabientes__Padrón_de_Derechohabientes_Activos__julio__2__agregado.csv,2026,7,Tabasco,H,Cvro. Salud R.c.v. E Invalidez y Vida,Organismo Descentralizado,7
issste_derechohabientes__Padrón_de_Derechohabientes_Activos__julio__2__agregado.csv,2026,7,Tamaulipas,H,Serv. Med. a Pens. Ind. C/cgo. a Otras Ent. S/insc. Benefs.,Gobierno Estatal,7
issste_derechohabientes__Padrón_de_Derechohabientes_Activos__julio__2__agregado.csv,2026,7,Aguascalientes,H,Solo Serv. Med. a Pens. Directos Con Cargo a Otras Entid.,Organismo Descentralizado,7
issste_derechohabientes__Padrón_de_Derechohabientes_Activos__julio__2__agregado.csv,2026,7,Aguascalientes,H,Seguro de Salud (solo Servicio Medico),Agrupacion,7
issste_derechohabientes__Padrón_de_Derechohabientes_Activos__julio__2__agregado.csv,2026,7,Chihuahua,H,Cvro. R.c.v.,Organismo Descentralizado,7
issste_derechohabientes__Padrón_de_Derechohabientes_Activos__julio__2__agregado.csv,2026,7,Sinaloa,M,Cvro. Salud R.c.v. E Invalidez y Vida,Organismo Descentralizado,7
issste_derechohabientes__Padrón_de_Derechohabientes_Activos__julio__2__agregado.csv,2026,7,Sonora,H,Cvro. Salud E Invalidez y Vida,Organismo Descentralizado,7
issste_derechohabientes__Padrón_de_Derechohabientes_Activos__julio__2__agregado.csv,2026,7,Oaxaca,M,Cvro. Salud R.c.v. E Invalidez y Vida,Organismo Descentralizado,7
issste_derechohabientes__Padrón_de_Derechohabientes_Activos__julio__2__agregado.csv,2026,7,Guanajuato,H,Seguro de Salud (solo Servicio Medico),Agrupacion,7
issste_derechohabientes__Padrón_de_Derechohabientes_Activos__julio__2__agregado.csv,2026,7,Ciudad de Mexico,H,Todos Los Seguros Prestaciones y Servicios,Municipio,7
issste_derechohabientes__Padrón_de_Derechohabientes_Activos__julio__2__agregado.csv,2026,7,Mexico,M,Seguros de Salud(solo Servicio Medico)y de Riesgos del Trab.,Organismo Descentralizado,7
issste_derechohabientes__Padrón_de_Derechohabientes_Activos__julio__2__agregado.csv,2026,7,Mexico,M,Seg. Pens.; Seg. de Salud y Servs. de E.b.d.i. y Funerarios,Organismo Descentralizado,7
issste_derechohabientes__Padrón_de_Derechohabientes_Activos__julio__2__agregado.csv,2026,7,Quintana Roo,M,Seguro de Salud (solo Servicio Medico),Dependencia Federal,7
issste_derechohabientes__Padrón_de_Derechohabientes_Activos__julio__2__agregado.csv,2026,7,Jalisco,H,Solo Serv. Med. a Pens. Directos Con Cargo a Otras Entid.,Organismo Descentralizado,7
issste_derechohabientes__Padrón_de_Derechohabientes_Activos__julio__2__agregado.csv,2026,7,Nayarit,M,Seguro de Salud (solo Servicio Medico),Agrupacion,7
issste_derechohabientes__Padrón_de_Derechohabientes_Activos__julio__2__agregado.csv,2026,7,Coahuila,H,Cvro. R.c.v. E Invalidez y Vida,Organismo Descentralizado,7
issste_derechohabientes__Padrón_de_Derechohabientes_Activos__julio__2__agregado.csv,2026,7,Tabasco,H,Todos Los Seguros Prestaciones y Servicios,Gobierno Estatal,7
issste_derechohabientes__Padrón_de_Derechohabientes_Activos__julio__2__agregado.csv,2026,7,Tamaulipas,M,Todos Los Seguros Prestaciones y Servicios,Gobierno Estatal,7
issste_derechohabientes__Padrón_de_Derechohabientes_Activos__julio__2__agregado.csv,2026,7,Zacatecas,M,Seguro de Salud (solo Servicio Medico),Gobierno Estatal,6
issste_derechohabientes__Padrón_de_Derechohabientes_Activos__julio__2__agregado.csv,2026,7,Zacatecas,M,Seg. Pens.; Seg. de Salud y Servs. de E.b.d.i. y Funerarios,Organismo Descentralizado,6
issste_derechohabientes__Padrón_de_Derechohabientes_Activos__julio__2__agregado.csv,2026,7,Baja California Sur,H,Servicio Medico del Seguro de Salud y Sar,Municipio,6
issste_derechohabientes__Padrón_de_Derechohabientes_Activos__julio__2__agregado.csv,2026,7,Morelos,H,Todos Los Seguros Prestaciones y Servicios,Poder Legislativo,6
issste_derechohabientes__Padrón_de_Derechohabientes_Activos__julio__2__agregado.csv,2026,7,Morelos,M,Cvro. R.c.v.,Organismo Descentralizado,6
issste_derechohabientes__Padrón_de_Derechohabientes_Activos__julio__2__agregado.csv,2026,7,Queretaro,H,Todos Los Seguros Prestaciones y Servicios,Empresa de Participacion Estatal,6
issste_derechohabientes__Padrón_de_Derechohabientes_Activos__julio__2__agregado.csv,2026,7,Campeche,H,Todos Los Seguros Prestaciones y Servicios,Gobierno Estatal,6
issste_derechohabientes__Padrón_de_Derechohabientes_Activos__julio__2__agregado.csv,2026,7,Hidalgo,M,Seg. Pens.; Seg. de Salud y Servs. de E.b.d.i. y Funerarios,Organismo Descentralizado,6
issste_derechohabientes__Padrón_de_Derechohabientes_Activos__julio__2__agregado.csv,2026,7,Queretaro,H,Seguro de Salud (solo Servicio Medico),Agrupacion,6
issste_derechohabientes__Padrón_de_Derechohabientes_Activos__julio__2__agregado.csv,2026,7,Aguascalientes,H,Servicio Medico del Seguro de Salud y Sar,Gobierno Estatal,6
issste_derechohabientes__Padrón_de_Derechohabientes_Activos__julio__2__agregado.csv,2026,7,Campeche,H,Cvro. Salud R.c.v. E Invalidez y Vida,Organismo Descentralizado,6
issste_derechohabientes__Padrón_de_Derechohabientes_Activos__julio__2__agregado.csv,2026,7,Chihuahua,M,Todos Los Seguros Prestaciones y Servicios,Gobierno Estatal,6
issste_derechohabientes__Padrón_de_Derechohabientes_Activos__julio__2__agregado.csv,2026,7,Colima,M,Cvro. R.c.v. E Invalidez y Vida,Organismo Descentralizado,6
issste_derechohabientes__Padrón_de_Derechohabientes_Activos__julio__2__agregado.csv,2026,7,Puebla,M,Todos Los Segs. Prest. y Servs. Con Subrog. del Seg.de Salud,Organismo Descentralizado,6
issste_derechohabientes__Padrón_de_Derechohabientes_Activos__julio__2__agregado.csv,2026,7,Aguascalientes,M,Todos Los Seguros Prestaciones y Servicios,Gobierno Estatal,6
issste_derechohabientes__Padrón_de_Derechohabientes_Activos__julio__2__agregado.csv,2026,7,Veracruz,M,Seguro de Salud (solo Servicio Medico),Dependencia Federal,6
issste_derechohabientes__Padrón_de_Derechohabientes_Activos__julio__2__agregado.csv,2026,7,Sonora,M,Cvro. R.c.v. E Invalidez y Vida,Organismo Descentralizado,6
issste_derechohabientes__Padrón_de_Derechohabientes_Activos__julio__2__agregado.csv,2026,7,Tlaxcala,M,Todos Los Seguros Prestaciones y Servicios,Empresa de Participacion Estatal,6
issste_derechohabientes__Padrón_de_Derechohabientes_Activos__julio__2__agregado.csv,2026,7,Yucatan,M,Todos Los Seguros Prestaciones y Servicios,Municipio,6
issste_derechohabientes__Padrón_de_Derechohabientes_Activos__julio__2__agregado.csv,2026,7,Durango,H,Seguro de Salud (solo Servicio Medico),Agrupacion,6
issste_derechohabientes__Padrón_de_Derechohabientes_Activos__julio__2__agregado.csv,2026,7,Sinaloa,H,Todos Los Seguros Prestaciones y Servicios,Empresa de Participacion Estatal,6
issste_derechohabientes__Padrón_de_Derechohabientes_Activos__julio__2__agregado.csv,2026,7,Aguascalientes,M,Cvro. R.c.v. E Invalidez y Vida,Organismo Descentralizado,6
issste_derechohabientes__Padrón_de_Derechohabientes_Activos__julio__2__agregado.csv,2026,7,Campeche,M,Seguro de Salud (solo Servicio Medico),Organismo Descentralizado,6
issste_derechohabientes__Padrón_de_Derechohabientes_Activos__julio__2__agregado.csv,2026,7,Quintana Roo,H,Cvro. Salud y R.c.v.,Organismo Descentralizado,6
issste_derechohabientes__Padrón_de_Derechohabientes_Activos__julio__2__agregado.csv,2026,7,Oaxaca,H,Cvro. Salud R.c.v. E Invalidez y Vida,Organismo Descentralizado,6
issste_derechohabientes__Padrón_de_Derechohabientes_Activos__julio__2__agregado.csv,2026,7,Quintana Roo,M,Cvro. Salud R.c.v. E Invalidez y Vida,Organismo Descentralizado,6
issste_derechohabientes__Padrón_de_Derechohabientes_Activos__julio__2__agregado.csv,2026,7,Nuevo Leon,M,Todos Los Seguros Prestaciones y Servicios,Gobierno Estatal,6
issste_derechohabientes__Padrón_de_Derechohabientes_Activos__julio__2__agregado.csv,2026,7,Sinaloa,M,Seguro de Salud (solo Servicio Medico),Gobierno Estatal,6
issste_derechohabientes__Padrón_de_Derechohabientes_Activos__julio__2__agregado.csv,2026,7,Chiapas,M,Todos Los Seguros Prestaciones y Servicios,Gobierno Estatal,6
issste_derechohabientes__Padrón_de_Derechohabientes_Activos__julio__2__agregado.csv,2026,7,Guanajuato,H,Cvro. Salud E Invalidez y Vida,Organismo Descentralizado,6
issste_derechohabientes__Padrón_de_Derechohabientes_Activos__julio__2__agregado.csv,2026,7,Mexico,M,Solo Serv. Med. a Pens. Directos Con Cargo a Otras Entid.,Gobierno Estatal,6
issste_derechohabientes__Padrón_de_Derechohabientes_Activos__julio__2__agregado.csv,2026,7,Ciudad de Mexico,H,Fovissste y Retiro,Organismo Autonomo,6
issste_derechohabientes__Padrón_de_Derechohabientes_Activos__julio__2__agregado.csv,2026,7,Tlaxcala,M,Cvro. Salud,Organismo Descentralizado,6
issste_derechohabientes__Padrón_de_Derechohabientes_Activos__julio__2__agregado.csv,2026,7,Coahuila,H,Todos Los Seguros Prestaciones y Servicios,Empresa de Participacion Estatal,6
issste_derechohabientes__Padrón_de_Derechohabientes_Activos__julio__2__agregado.csv,2026,7,Baja California,H,Cvro. Salud y R.c.v.,Organismo Descentralizado,6
issste_derechohabientes__Padrón_de_Derechohabientes_Activos__julio__2__agregado.csv,2026,7,Colima,H,Cvro. R.c.v. E Invalidez y Vida,Organismo Descentralizado,6
issste_derechohabientes__Padrón_de_Derechohabientes_Activos__julio__2__agregado.csv,2026,7,Sinaloa,H,Seguro de Salud (solo Servicio Medico),Gobierno Estatal,6
issste_derechohabientes__Padrón_de_Derechohabientes_Activos__julio__2__agregado.csv,2026,7,Nuevo Leon,H,Todos Los Segs. Prest. y Servs. Con Subrog. del Seg.de Salud,Organismo Descentralizado,6
issste_derechohabientes__Padrón_de_Derechohabientes_Activos__julio__2__agregado.csv,2026,7,Ciudad de Mexico,H,Seguros de Salud(solo Servicio Medico)y de Riesgos del Trab.,Organismo Descentralizado,6
issste_derechohabientes__Padrón_de_Derechohabientes_Activos__julio__2__agregado.csv,2026,7,Mexico,H,Solo Serv. Med. a Pens. Directos Con Cargo a Otras Entid.,Gobierno Estatal,6
issste_derechohabientes__Padrón_de_Derechohabientes_Activos__julio__2__agregado.csv,2026,7,Tabasco,H,Cvro. R.c.v.,Organismo Descentralizado,6
issste_derechohabientes__Padrón_de_Derechohabientes_Activos__julio__2__agregado.csv,2026,7,Tlaxcala,M,Cvro. R.c.v.,Organismo Descentralizado,6
issste_derechohabientes__Padrón_de_Derechohabientes_Activos__julio__2__agregado.csv,2026,7,Tamaulipas,M,Cvro. Salud R.c.v. E Invalidez y Vida,Organismo Descentralizado,6
issste_derechohabientes__Padrón_de_Derechohabientes_Activos__julio__2__agregado.csv,2026,7,Nuevo Leon,H,Seguro de Salud (solo Servicio Medico),Agrupacion,6
issste_derechohabientes__Padrón_de_Derechohabientes_Activos__julio__2__agregado.csv,2026,7,San Luis Potosi,M,Servicio Medico del Seguro de Salud y Sar,Gobierno Estatal,6
issste_derechohabientes__Padrón_de_Derechohabientes_Activos__julio__2__agregado.csv,2026,7,Yucatan,H,Seguro de Salud (solo Servicio Medico),Agrupacion,6
issste_derechohabientes__Padrón_de_Derechohabientes_Activos__julio__2__agregado.csv,2026,7,Ciudad de Mexico,M,Seguro de Salud (solo Servicio Medico),Municipio,6
issste_derechohabientes__Padrón_de_Derechohabientes_Activos__julio__2__agregado.csv,2026,7,Michoacan,M,Seguro de Salud (solo Servicio Medico),Agrupacion,6
issste_derechohabientes__Padrón_de_Derechohabientes_Activos__julio__2__agregado.csv,2026,7,Jalisco,M,Seg. Pens.; Seg. de Salud y Servs. de E.b.d.i. y Funerarios,Organismo Descentralizado,6
issste_derechohabientes__Padrón_de_Derechohabientes_Activos__julio__2__agregado.csv,2026,7,Zacatecas,H,Todos Los Seguros Prestaciones y Servicios,Empresa de Participacion Estatal,5
issste_derechohabientes__Padrón_de_Derechohabientes_Activos__julio__2__agregado.csv,2026,7,Queretaro,H,Cvro. R.c.v. E Invalidez y Vida,Organismo Descentralizado,5
issste_derechohabientes__Padrón_de_Derechohabientes_Activos__julio__2__agregado.csv,2026,7,Puebla,M,Solo Serv. Med. a Pens. Directos Con Cargo a Otras Entid.,Organismo Descentralizado,5
issste_derechohabientes__Padrón_de_Derechohabientes_Activos__julio__2__agregado.csv,2026,7,Ciudad de Mexico,M,Solo Serv. Med. a Pens. Directos Con Cargo a Otras Entid.,Gobierno Estatal,5
issste_derechohabientes__Padrón_de_Derechohabientes_Activos__julio__2__agregado.csv,2026,7,Morelos,H,Seg. Pens.; Seg. de Salud y Servs. de E.b.d.i. y Funerarios,Organismo Descentralizado,5
issste_derechohabientes__Padrón_de_Derechohabientes_Activos__julio__2__agregado.csv,2026,7,Guerrero,H,Cvro. Salud R.c.v. E Invalidez y Vida,Organismo Descentralizado,5
issste_derechohabientes__Padrón_de_Derechohabientes_Activos__julio__2__agregado.csv,2026,7,Guerrero,H,Cvro. Salud,Organismo Descentralizado,5
issste_derechohabientes__Padrón_de_Derechohabientes_Activos__julio__2__agregado.csv,2026,7,Nayarit,H,Cvro. R.c.v.,Organismo Descentralizado,5
issste_derechohabientes__Padrón_de_Derechohabientes_Activos__julio__2__agregado.csv,2026,7,Nayarit,H,Cvro. Salud y R.c.v.,Organismo Descentralizado,5
issste_derechohabientes__Padrón_de_Derechohabientes_Activos__julio__2__agregado.csv,2026,7,Hidalgo,M,Cvro. Salud R.c.v. E Invalidez y Vida,Organismo Descentralizado,5
issste_derechohabientes__Padrón_de_Derechohabientes_Activos__julio__2__agregado.csv,2026,7,Queretaro,M,Cvro. Salud E Invalidez y Vida,Organismo Descentralizado,5
issste_derechohabientes__Padrón_de_Derechohabientes_Activos__julio__2__agregado.csv,2026,7,Tabasco,M,Servicio Medico del Seguro de Salud y Sar,Gobierno Estatal,5
issste_derechohabientes__Padrón_de_Derechohabientes_Activos__julio__2__agregado.csv,2026,7,Guanajuato,M,Solo Serv. Med. a Pens. Directos Con Cargo a Otras Entid.,Gobierno Estatal,5
issste_derechohabientes__Padrón_de_Derechohabientes_Activos__julio__2__agregado.csv,2026,7,Chiapas,H,Seguro de Salud (solo Servicio Medico),Gobierno Estatal,5
issste_derechohabientes__Padrón_de_Derechohabientes_Activos__julio__2__agregado.csv,2026,7,Zacatecas,H,Todos Los Seguros Prestaciones y Servicios,Gobierno Estatal,5
issste_derechohabientes__Padrón_de_Derechohabientes_Activos__julio__2__agregado.csv,2026,7,Quintana Roo,H,Seguro de Salud (solo Servicio Medico),Gobierno Estatal,5
issste_derechohabientes__Padrón_de_Derechohabientes_Activos__julio__2__agregado.csv,2026,7,Colima,M,Cvro. Salud E Invalidez y Vida,Organismo Descentralizado,5
issste_derechohabientes__Padrón_de_Derechohabientes_Activos__julio__2__agregado.csv,2026,7,Tamaulipas,M,Servicio Medico del Seguro de Salud y Sar,Gobierno Estatal,5
issste_derechohabientes__Padrón_de_Derechohabientes_Activos__julio__2__agregado.csv,2026,7,Morelos,H,Cvro. Salud E Invalidez y Vida,Organismo Descentralizado,5
issste_derechohabientes__Padrón_de_Derechohabientes_Activos__julio__2__agregado.csv,2026,7,Tabasco,M,Cvro. Salud R.c.v. E Invalidez y Vida,Organismo Descentralizado,5
issste_derechohabientes__Padrón_de_Derechohabientes_Activos__julio__2__agregado.csv,2026,7,Tamaulipas,M,Cvro. Salud y R.c.v.,Organismo Descentralizado,5
issste_derechohabientes__Padrón_de_Derechohabientes_Activos__julio__2__agregado.csv,2026,7,San Luis Potosi,M,Cvro. Salud R.c.v. E Invalidez y Vida,Organismo Descentralizado,5
issste_derechohabientes__Padrón_de_Derechohabientes_Activos__julio__2__agregado.csv,2026,7,Entidad Desconocida,M,Servicio Medico del Seguro de Salud y Sar,Municipio,5
issste_derechohabientes__Padrón_de_Derechohabientes_Activos__julio__2__agregado.csv,2026,7,San Luis Potosi,M,Seg. Pens.; Seg. de Salud y Servs. de E.b.d.i. y Funerarios,Organismo Descentralizado,5
issste_derechohabientes__Padrón_de_Derechohabientes_Activos__julio__2__agregado.csv,2026,7,Baja California,M,Todos Los Seguros Prestaciones y Servicios,Gobierno Estatal,5
issste_derechohabientes__Padrón_de_Derechohabientes_Activos__julio__2__agregado.csv,2026,7,Baja California,M,Seguro de Salud (solo Servicio Medico),Gobierno Estatal,5
issste_derechohabientes__Padrón_de_Derechohabientes_Activos__julio__2__agregado.csv,2026,7,Nuevo Leon,H,Cvro. Salud E Invalidez y Vida,Organismo Descentralizado,5
issste_derechohabientes__Padrón_de_Derechohabientes_Activos__julio__2__agregado.csv,2026,7,Guanajuato,M,Cvro. Salud y R.c.v.,Organismo Descentralizado,5
issste_derechohabientes__Padrón_de_Derechohabientes_Activos__julio__2__agregado.csv,2026,7,Guanajuato,M,Seguro de Salud (solo Servicio Medico),Agrupacion,5
issste_derechohabientes__Padrón_de_Derechohabientes_Activos__julio__2__agregado.csv,2026,7,Morelos,H,Cvro. Salud y R.c.v.,Organismo Descentralizado,5
issste_derechohabientes__Padrón_de_Derechohabientes_Activos__julio__2__agregado.csv,2026,7,Puebla,H,Todos Los Seguros Prestaciones y Servicios,Poder Judicial,5
issste_derechohabientes__Padrón_de_Derechohabientes_Activos__julio__2__agregado.csv,2026,7,Veracruz,M,Servicio Medico del Seguro de Salud y Sar,Municipio,5
issste_derechohabientes__Padrón_de_Derechohabientes_Activos__julio__2__agregado.csv,2026,7,Veracruz,M,Todos Los Segs. Prest. y Servs. Con Subrog. del Seg.de Salud,Organismo Descentralizado,5
issste_derechohabientes__Padrón_de_Derechohabientes_Activos__julio__2__agregado.csv,2026,7,Colima,H,Cvro. Salud E Invalidez y Vida,Organismo Descentralizado,5
issste_derechohabientes__Padrón_de_Derechohabientes_Activos__julio__2__agregado.csv,2026,7,Sonora,M,Cvro. Salud E Invalidez y Vida,Organismo Descentralizado,5
issste_derechohabientes__Padrón_de_Derechohabientes_Activos__julio__2__agregado.csv,2026,7,Chihuahua,H,Cvro. Salud E Invalidez y Vida,Organismo Descentralizado,5
issste_derechohabientes__Padrón_de_Derechohabientes_Activos__julio__2__agregado.csv,2026,7,Chihuahua,H,Seguro de Salud (solo Servicio Medico),Agrupacion,5
issste_derechohabientes__Padrón_de_Derechohabientes_Activos__julio__2__agregado.csv,2026,7,Ciudad de Mexico,M,Seguro de Salud (solo Servicio Medico),Poder Legislativo,5
issste_derechohabientes__Padrón_de_Derechohabientes_Activos__julio__2__agregado.csv,2026,7,Tlaxcala,H,Seguro de Salud (solo Servicio Medico),Agrupacion,5
issste_derechohabientes__Padrón_de_Derechohabientes_Activos__julio__2__agregado.csv,2026,7,Tlaxcala,M,Cvro. Salud E Invalidez y Vida,Organismo Descentralizado,5
issste_derechohabientes__Padrón_de_Derechohabientes_Activos__julio__2__agregado.csv,2026,7,Puebla,H,Cvro. R.c.v. E Invalidez y Vida,Organismo Descentralizado,5
issste_derechohabientes__Padrón_de_Derechohabientes_Activos__julio__2__agregado.csv,2026,7,Guanajuato,M,Cvro. Salud E Invalidez y Vida,Organismo Descentralizado,5
issste_derechohabientes__Padrón_de_Derechohabientes_Activos__julio__2__agregado.csv,2026,7,Tlaxcala,M,Cvro. Salud R.c.v. E Invalidez y Vida,Organismo Descentralizado,5
issste_derechohabientes__Padrón_de_Derechohabientes_Activos__julio__2__agregado.csv,2026,7,Sonora,H,Cvro. Salud y R.c.v.,Organismo Descentralizado,5
issste_derechohabientes__Padrón_de_Derechohabientes_Activos__julio__2__agregado.csv,2026,7,Coahuila,H,Seguro de Salud (solo Servicio Medico),Organo Desconcentrado,5
issste_derechohabientes__Padrón_de_Derechohabientes_Activos__julio__2__agregado.csv,2026,7,Aguascalientes,M,Todos Los Segs. Prest. y Servs. Con Subrog. del Seg.de Salud,Organismo Descentralizado,5
issste_derechohabientes__Padrón_de_Derechohabientes_Activos__julio__2__agregado.csv,2026,7,Guerrero,H,Solo Serv. Med. a Pens. Directos Con Cargo a Otras Entid.,Organismo Descentralizado,5
issste_derechohabientes__Padrón_de_Derechohabientes_Activos__julio__2__agregado.csv,2026,7,Chiapas,M,Servicio Medico del Seguro de Salud y Sar,Gobierno Estatal,5
issste_derechohabientes__Padrón_de_Derechohabientes_Activos__julio__2__agregado.csv,2026,7,Zacatecas,M,Servicio Medico del Seguro de Salud y Sar,Gobierno Estatal,5
issste_derechohabientes__Padrón_de_Derechohabientes_Activos__julio__2__agregado.csv,2026,7,Baja California,H,Solo Serv. Med. a Pens. Directos Con Cargo a Otras Entid.,Organismo Descentralizado,5
issste_derechohabientes__Padrón_de_Derechohabientes_Activos__julio__2__agregado.csv,2026,7,Oaxaca,H,Seg. Pens.; Seg. de Salud y Servs. de E.b.d.i. y Funerarios,Organismo Descentralizado,5
issste_derechohabientes__Padrón_de_Derechohabientes_Activos__julio__2__agregado.csv,2026,7,Chiapas,M,Seguro de Salud (solo Servicio Medico),Gobierno Estatal,5
issste_derechohabientes__Padrón_de_Derechohabientes_Activos__julio__2__agregado.csv,2026,7,Sinaloa,M,Servicio Medico del Seguro de Salud y Sar,Organismo Descentralizado,5
issste_derechohabientes__Padrón_de_Derechohabientes_Activos__julio__2__agregado.csv,2026,7,Oaxaca,M,Seguro de Salud (solo Servicio Medico),Gobierno Estatal,5
issste_derechohabientes__Padrón_de_Derechohabientes_Activos__julio__2__agregado.csv,2026,7,Baja California,H,Seguro de Salud (solo Servicio Medico),Gobierno Estatal,5
issste_derechohabientes__Padrón_de_Derechohabientes_Activos__julio__2__agregado.csv,2026,7,Michoacan,H,Seg. Pens.; Seg. de Salud y Servs. de E.b.d.i. y Funerarios,Organismo Descentralizado,5
issste_derechohabientes__Padrón_de_Derechohabientes_Activos__julio__2__agregado.csv,2026,7,Ciudad de Mexico,H,Solo Serv. Med. a Pens. Directos Con Cargo a Otras Entid.,Gobierno Estatal,5
issste_derechohabientes__Padrón_de_Derechohabientes_Activos__julio__2__agregado.csv,2026,7,Ciudad de Mexico,M,Seg. Pens.; Seg. de Salud y Servs. de E.b.d.i. y Funerarios,Organismo Descentralizado,5
issste_derechohabientes__Padrón_de_Derechohabientes_Activos__julio__2__agregado.csv,2026,7,Oaxaca,H,Cvro. R.c.v.,Organismo Descentralizado,5
issste_derechohabientes__Padrón_de_Derechohabientes_Activos__julio__2__agregado.csv,2026,7,Colima,H,Todos Los Seguros Prestaciones y Servicios,Gobierno Estatal,5
issste_derechohabientes__Padrón_de_Derechohabientes_Activos__julio__2__agregado.csv,2026,7,Campeche,M,Cvro. Salud R.c.v. E Invalidez y Vida,Organismo Descentralizado,5
issste_derechohabientes__Padrón_de_Derechohabientes_Activos__julio__2__agregado.csv,2026,7,Quintana Roo,H,Seguro de Salud (solo Servicio Medico),Agrupacion,5
issste_derechohabientes__Padrón_de_Derechohabientes_Activos__julio__2__agregado.csv,2026,7,Ciudad de Mexico,M,Serv. Med. a Pens. Ind. C/cgo. a Otras Ent. S/insc. Benefs.,Gobierno Estatal,5
issste_derechohabientes__Padrón_de_Derechohabientes_Activos__julio__2__agregado.csv,2026,7,Hidalgo,M,Serv. Med. a Pens. Ind. C/cgo. a Otras Ent. S/insc. Benefs.,Organismo Descentralizado,5
issste_derechohabientes__Padrón_de_Derechohabientes_Activos__julio__2__agregado.csv,2026,7,Aguascalientes,H,Cvro. R.c.v. E Invalidez y Vida,Organismo Descentralizado,5
issste_derechohabientes__Padrón_de_Derechohabientes_Activos__julio__2__agregado.csv,2026,7,Zacatecas,M,Cvro. R.c.v.,Organismo Descentralizado,4
issste_derechohabientes__Padrón_de_Derechohabientes_Activos__julio__2__agregado.csv,2026,7,Zacatecas,M,Todos Los Seguros Prestaciones y Servicios,Gobierno Estatal,4
issste_derechohabientes__Padrón_de_Derechohabientes_Activos__julio__2__agregado.csv,2026,7,Zacatecas,M,Cvro. R.c.v. E Invalidez y Vida,Organismo Descentralizado,4
issste_derechohabientes__Padrón_de_Derechohabientes_Activos__julio__2__agregado.csv,2026,7,Tamaulipas,H,Solo Serv. Med. a Pens. Directos Con Cargo a Otras Entid.,Organismo Descentralizado,4
issste_derechohabientes__Padrón_de_Derechohabientes_Activos__julio__2__agregado.csv,2026,7,Coahuila,H,Seguro de Salud (solo Servicio Medico),Agrupacion,4
issste_derechohabientes__Padrón_de_Derechohabientes_Activos__julio__2__agregado.csv,2026,7,Michoacan,H,Cvro. R.c.v.,Organismo Descentralizado,4
issste_derechohabientes__Padrón_de_Derechohabientes_Activos__julio__2__agregado.csv,2026,7,Oaxaca,M,Servicio Medico del Seguro de Salud y Sar,Gobierno Estatal,4
issste_derechohabientes__Padrón_de_Derechohabientes_Activos__julio__2__agregado.csv,2026,7,Campeche,M,Seguro de Salud (solo Servicio Medico),Agrupacion,4
issste_derechohabientes__Padrón_de_Derechohabientes_Activos__julio__2__agregado.csv,2026,7,Ciudad de Mexico,H,Servicio Medico del Seguro de Salud y Sar,Poder Legislativo,4
issste_derechohabientes__Padrón_de_Derechohabientes_Activos__julio__2__agregado.csv,2026,7,Baja California Sur,M,Cvro. R.c.v. E Invalidez y Vida,Organismo Descentralizado,4
issste_derechohabientes__Padrón_de_Derechohabientes_Activos__julio__2__agregado.csv,2026,7,Quintana Roo,M,Seguro de Salud (solo Servicio Medico),Gobierno Estatal,4
issste_derechohabientes__Padrón_de_Derechohabientes_Activos__julio__2__agregado.csv,2026,7,Jalisco,H,Solo Serv. Med. a Pens. Directos Con Cargo a Otras Entid.,Gobierno Estatal,4
issste_derechohabientes__Padrón_de_Derechohabientes_Activos__julio__2__agregado.csv,2026,7,Oaxaca,M,Cvro. R.c.v. E Invalidez y Vida,Organismo Descentralizado,4
issste_derechohabientes__Padrón_de_Derechohabientes_Activos__julio__2__agregado.csv,2026,7,Sinaloa,M,Cvro. R.c.v.,Organismo Descentralizado,4
issste_derechohabientes__Padrón_de_Derechohabientes_Activos__julio__2__agregado.csv,2026,7,Michoacan,M,Cvro. R.c.v.,Organismo Descentralizado,4
issste_derechohabientes__Padrón_de_Derechohabientes_Activos__julio__2__agregado.csv,2026,7,Sinaloa,M,Seg. Pens.; Seg. de Salud y Servs. de E.b.d.i. y Funerarios,Organismo Descentralizado,4
issste_derechohabientes__Padrón_de_Derechohabientes_Activos__julio__2__agregado.csv,2026,7,Chihuahua,H,Cvro. R.c.v. E Invalidez y Vida,Organismo Descentralizado,4
issste_derechohabientes__Padrón_de_Derechohabientes_Activos__julio__2__agregado.csv,2026,7,Durango,H,Cvro. Salud E Invalidez y Vida,Organismo Descentralizado,4
issste_derechohabientes__Padrón_de_Derechohabientes_Activos__julio__2__agregado.csv,2026,7,Tlaxcala,H,Cvro. R.c.v.,Organismo Descentralizado,4
issste_derechohabientes__Padrón_de_Derechohabientes_Activos__julio__2__agregado.csv,2026,7,Yucatan,H,Seg. Pens.; Seg. de Salud y Servs. de E.b.d.i. y Funerarios,Organismo Descentralizado,4
issste_derechohabientes__Padrón_de_Derechohabientes_Activos__julio__2__agregado.csv,2026,7,Entidad Desconocida,H,Todos Los Segs. Prest. y Servs. Con Subrog. del Seg.de Salud,Organo Desconcentrado,4
issste_derechohabientes__Padrón_de_Derechohabientes_Activos__julio__2__agregado.csv,2026,7,Mexico,H,Serv. Med. a Benef. Por Resol. Jud. S/insc. Benefs.,Dependencia Federal,4
issste_derechohabientes__Padrón_de_Derechohabientes_Activos__julio__2__agregado.csv,2026,7,Campeche,H,Cvro. R.c.v.,Organismo Descentralizado,4
issste_derechohabientes__Padrón_de_Derechohabientes_Activos__julio__2__agregado.csv,2026,7,Michoacan,H,Todos Los Segs. Prest. y Servs. Con Subrog. del Seg.de Salud,Organismo Descentralizado,4
issste_derechohabientes__Padrón_de_Derechohabientes_Activos__julio__2__agregado.csv,2026,7,Veracruz,M,Todos Los Seguros Prestaciones y Servicios,Empresa de Participacion Estatal,4
issste_derechohabientes__Padrón_de_Derechohabientes_Activos__julio__2__agregado.csv,2026,7,Chihuahua,H,Todos Los Seguros Prestaciones y Servicios,Gobierno Estatal,4
issste_derechohabientes__Padrón_de_Derechohabientes_Activos__julio__2__agregado.csv,2026,7,Colima,M,Solo Serv. Med. a Pens. Directos Con Cargo a Otras Entid.,Gobierno Estatal,4
issste_derechohabientes__Padrón_de_Derechohabientes_Activos__julio__2__agregado.csv,2026,7,Chihuahua,H,Seguro de Salud (solo Servicio Medico),Gobierno Estatal,4
issste_derechohabientes__Padrón_de_Derechohabientes_Activos__julio__2__agregado.csv,2026,7,Sonora,M,Todos Los Seguros Prestaciones y Servicios,Gobierno Estatal,4
issste_derechohabientes__Padrón_de_Derechohabientes_Activos__julio__2__agregado.csv,2026,7,Coahuila,M,Solo Serv. Med. a Pens. Directos Con Cargo a Otras Entid.,Organismo Descentralizado,4
issste_derechohabientes__Padrón_de_Derechohabientes_Activos__julio__2__agregado.csv,2026,7,Puebla,H,Cvro. R.c.v.,Organismo Descentralizado,4
issste_derechohabientes__Padrón_de_Derechohabientes_Activos__julio__2__agregado.csv,2026,7,Veracruz,M,Cvro. Salud R.c.v. E Invalidez y Vida,Organismo Descentralizado,4
issste_derechohabientes__Padrón_de_Derechohabientes_Activos__julio__2__agregado.csv,2026,7,Tlaxcala,M,Seguro de Salud (solo Servicio Medico),Agrupacion,4
issste_derechohabientes__Padrón_de_Derechohabientes_Activos__julio__2__agregado.csv,2026,7,Guerrero,H,Todos Los Seguros Prestaciones y Servicios,Empresa de Participacion Estatal,4
issste_derechohabientes__Padrón_de_Derechohabientes_Activos__julio__2__agregado.csv,2026,7,Guanajuato,H,Seg. Pens.; Seg. de Salud y Servs. de E.b.d.i. y Funerarios,Organismo Descentralizado,4
issste_derechohabientes__Padrón_de_Derechohabientes_Activos__julio__2__agregado.csv,2026,7,Colima,M,Seg. Pens.; Seg. de Salud y Servs. de E.b.d.i. y Funerarios,Organismo Descentralizado,4
issste_derechohabientes__Padrón_de_Derechohabientes_Activos__julio__2__agregado.csv,2026,7,Mexico,H,Seguro de Salud (solo Servicio Medico),Municipio,4
issste_derechohabientes__Padrón_de_Derechohabientes_Activos__julio__2__agregado.csv,2026,7,Morelos,H,Todos Los Seguros Prestaciones y Servicios,Poder Judicial,4
issste_derechohabientes__Padrón_de_Derechohabientes_Activos__julio__2__agregado.csv,2026,7,Morelos,H,Seguros de Salud(solo Servicio Medico)y de Riesgos del Trab.,Gobierno Estatal,4
issste_derechohabientes__Padrón_de_Derechohabientes_Activos__julio__2__agregado.csv,2026,7,San Luis Potosi,H,Seguro de Salud (solo Servicio Medico),Agrupacion,4
issste_derechohabientes__Padrón_de_Derechohabientes_Activos__julio__2__agregado.csv,2026,7,San Luis Potosi,H,Servicio Medico del Seguro de Salud y Sar,Gobierno Estatal,4
issste_derechohabientes__Padrón_de_Derechohabientes_Activos__julio__2__agregado.csv,2026,7,San Luis Potosi,H,Cvro. Salud E Invalidez y Vida,Organismo Descentralizado,4
issste_derechohabientes__Padrón_de_Derechohabientes_Activos__julio__2__agregado.csv,2026,7,Morelos,M,Cvro. Salud y R.c.v.,Organismo Descentralizado,4
issste_derechohabientes__Padrón_de_Derechohabientes_Activos__julio__2__agregado.csv,2026,7,Tamaulipas,H,Seg. Pens.; Seg. de Salud y Servs. de E.b.d.i. y Funerarios,Organismo Descentralizado,4
issste_derechohabientes__Padrón_de_Derechohabientes_Activos__julio__2__agregado.csv,2026,7,Aguascalientes,M,Cvro. Salud E Invalidez y Vida,Organismo Descentralizado,4
issste_derechohabientes__Padrón_de_Derechohabientes_Activos__julio__2__agregado.csv,2026,7,Zacatecas,H,Servicio Medico del Seguro de Salud y Sar,Organismo Descentralizado,4
issste_derechohabientes__Padrón_de_Derechohabientes_Activos__julio__2__agregado.csv,2026,7,Colima,H,Seguro de Salud (solo Servicio Medico),Agrupacion,4
issste_derechohabientes__Padrón_de_Derechohabientes_Activos__julio__2__agregado.csv,2026,7,Quintana Roo,M,Seguro de Salud (solo Servicio Medico),Agrupacion,4
issste_derechohabientes__Padrón_de_Derechohabientes_Activos__julio__2__agregado.csv,2026,7,Aguascalientes,H,Cvro. Salud y R.c.v.,Organismo Descentralizado,4
issste_derechohabientes__Padrón_de_Derechohabientes_Activos__julio__2__agregado.csv,2026,7,San Luis Potosi,H,Cvro. Salud R.c.v. E Invalidez y Vida,Organismo Descentralizado,4
issste_derechohabientes__Padrón_de_Derechohabientes_Activos__julio__2__agregado.csv,2026,7,Queretaro,M,Todos Los Seguros Prestaciones y Servicios,Empresa de Participacion Estatal,4
issste_derechohabientes__Padrón_de_Derechohabientes_Activos__julio__2__agregado.csv,2026,7,Chiapas,H,Solo Serv. Med. a Pens. Directos Con Cargo a Otras Entid.,Organismo Descentralizado,4
issste_derechohabientes__Padrón_de_Derechohabientes_Activos__julio__2__agregado.csv,2026,7,Baja California,M,Solo Serv. Med. a Pens. Directos Con Cargo a Otras Entid.,Gobierno Estatal,4
issste_derechohabientes__Padrón_de_Derechohabientes_Activos__julio__2__agregado.csv,2026,7,Queretaro,M,Seg. Pens.; Seg. de Salud y Servs. de E.b.d.i. y Funerarios,Organismo Descentralizado,4
issste_derechohabientes__Padrón_de_Derechohabientes_Activos__julio__2__agregado.csv,2026,7,Morelos,M,Solo Serv. Med. a Pens. Directos Con Cargo a Otras Entid.,Gobierno Estatal,4
issste_derechohabientes__Padrón_de_Derechohabientes_Activos__julio__2__agregado.csv,2026,7,Entidad Desconocida,M,Todos Los Seguros Prestaciones y Servicios,Agrupacion,4
issste_derechohabientes__Padrón_de_Derechohabientes_Activos__julio__2__agregado.csv,2026,7,Nayarit,M,Seguro de Salud (solo Servicio Medico),Gobierno Estatal,4
issste_derechohabientes__Padrón_de_Derechohabientes_Activos__julio__2__agregado.csv,2026,7,Nayarit,H,Servicio Medico del Seguro de Salud y Sar,Organo Desconcentrado,4
issste_derechohabientes__Padrón_de_Derechohabientes_Activos__julio__2__agregado.csv,2026,7,Chihuahua,M,Seguro de Salud (solo Servicio Medico),Agrupacion,4
issste_derechohabientes__Padrón_de_Derechohabientes_Activos__julio__2__agregado.csv,2026,7,Nayarit,M,Seg. Pens.; Seg. de Salud y Servs. de E.b.d.i. y Funerarios,Organismo Descentralizado,4
issste_derechohabientes__Padrón_de_Derechohabientes_Activos__julio__2__agregado.csv,2026,7,Guerrero,H,Serv. Med. a Pens. Ind. C/cgo. a Otras Ent. S/insc. Benefs.,Gobierno Estatal,4
issste_derechohabientes__Padrón_de_Derechohabientes_Activos__julio__2__agregado.csv,2026,7,Campeche,H,Cvro. Salud y R.c.v.,Organismo Descentralizado,4
issste_derechohabientes__Padrón_de_Derechohabientes_Activos__julio__2__agregado.csv,2026,7,Hidalgo,H,Seguro de Salud (solo Servicio Medico),Poder Judicial,4
issste_derechohabientes__Padrón_de_Derechohabientes_Activos__julio__2__agregado.csv,2026,7,Hidalgo,H,Seguros de Salud(solo Servicio Medico)y de Riesgos del Trab.,Gobierno Estatal,4
issste_derechohabientes__Padrón_de_Derechohabientes_Activos__julio__2__agregado.csv,2026,7,Puebla,M,Todos Los Seguros Prestaciones y Servicios,Poder Judicial,4
issste_derechohabientes__Padrón_de_Derechohabientes_Activos__julio__2__agregado.csv,2026,7,Zacatecas,M,Todos Los Segs. Prest. y Servs. Con Subrog. del Seg.de Salud,Organismo Descentralizado,3
issste_derechohabientes__Padrón_de_Derechohabientes_Activos__julio__2__agregado.csv,2026,7,Aguascalientes,H,Cvro. Salud E Invalidez y Vida,Organismo Descentralizado,3
issste_derechohabientes__Padrón_de_Derechohabientes_Activos__julio__2__agregado.csv,2026,7,Zacatecas,H,Seg. Pens.; Seg. de Salud y Servs. de E.b.d.i. y Funerarios,Organismo Descentralizado,3
issste_derechohabientes__Padrón_de_Derechohabientes_Activos__julio__2__agregado.csv,2026,7,Oaxaca,M,Seguro de Salud (solo Servicio Medico),Dependencia Federal,3
issste_derechohabientes__Padrón_de_Derechohabientes_Activos__julio__2__agregado.csv,2026,7,Sinaloa,M,Cvro. Salud E Invalidez y Vida,Organismo Descentralizado,3
issste_derechohabientes__Padrón_de_Derechohabientes_Activos__julio__2__agregado.csv,2026,7,Nuevo Leon,M,Servicio Medico del Seguro de Salud y Sar,Gobierno Estatal,3
issste_derechohabientes__Padrón_de_Derechohabientes_Activos__julio__2__agregado.csv,2026,7,Mexico,M,Serv. Med. a Pens. Ind. C/cgo. a Otras Ent. S/insc. Benefs.,Gobierno Estatal,3
issste_derechohabientes__Padrón_de_Derechohabientes_Activos__julio__2__agregado.csv,2026,7,Mexico,M,Serv. Med. a Benef. Por Resol. Jud. S/insc. Benefs.,Dependencia Federal,3
issste_derechohabientes__Padrón_de_Derechohabientes_Activos__julio__2__agregado.csv,2026,7,Veracruz,H,Solo Serv. Med. a Pens. Directos Con Cargo a Otras Entid.,Gobierno Estatal,3
issste_derechohabientes__Padrón_de_Derechohabientes_Activos__julio__2__agregado.csv,2026,7,Michoacan,H,Seguro de Salud (solo Servicio Medico),Dependencia Federal,3
issste_derechohabientes__Padrón_de_Derechohabientes_Activos__julio__2__agregado.csv,2026,7,Tlaxcala,M,Cvro. Salud y R.c.v.,Organismo Descentralizado,3
issste_derechohabientes__Padrón_de_Derechohabientes_Activos__julio__2__agregado.csv,2026,7,Michoacan,M,Cvro. R.c.v. E Invalidez y Vida,Organismo Descentralizado,3
issste_derechohabientes__Padrón_de_Derechohabientes_Activos__julio__2__agregado.csv,2026,7,Hidalgo,M,Seguros de Salud(solo Servicio Medico)y de Riesgos del Trab.,Gobierno Estatal,3
issste_derechohabientes__Padrón_de_Derechohabientes_Activos__julio__2__agregado.csv,2026,7,Aguascalientes,M,Servicio Medico del Seguro de Salud y Sar,Gobierno Estatal,3
issste_derechohabientes__Padrón_de_Derechohabientes_Activos__julio__2__agregado.csv,2026,7,Yucatan,M,Solo Serv. Med. a Pens. Directos Con Cargo a Otras Entid.,Organismo Descentralizado,3
issste_derechohabientes__Padrón_de_Derechohabientes_Activos__julio__2__agregado.csv,2026,7,Yucatan,M,Servicio Medico del Seguro de Salud y Sar,Gobierno Estatal,3
issste_derechohabientes__Padrón_de_Derechohabientes_Activos__julio__2__agregado.csv,2026,7,Yucatan,M,Todos Los Seguros Prestaciones y Servicios,Poder Judicial,3
issste_derechohabientes__Padrón_de_Derechohabientes_Activos__julio__2__agregado.csv,2026,7,Campeche,M,Cvro. R.c.v. E Invalidez y Vida,Organismo Descentralizado,3
issste_derechohabientes__Padrón_de_Derechohabientes_Activos__julio__2__agregado.csv,2026,7,Oaxaca,H,Cvro. R.c.v. E Invalidez y Vida,Organismo Descentralizado,3
issste_derechohabientes__Padrón_de_Derechohabientes_Activos__julio__2__agregado.csv,2026,7,Sonora,M,Seguro de Salud (solo Servicio Medico),Agrupacion,3
issste_derechohabientes__Padrón_de_Derechohabientes_Activos__julio__2__agregado.csv,2026,7,Ciudad de Mexico,M,Seguro de Salud (solo Servicio Medico),Organismo Autonomo,3
issste_derechohabientes__Padrón_de_Derechohabientes_Activos__julio__2__agregado.csv,2026,7,Ciudad de Mexico,M,Seguro de Salud (solo Servicio Medico),Poder Judicial,3
issste_derechohabientes__Padrón_de_Derechohabientes_Activos__julio__2__agregado.csv,2026,7,Guerrero,M,Todos Los Seguros Prestaciones y Servicios,Empresa de Participacion Estatal,3
issste_derechohabientes__Padrón_de_Derechohabientes_Activos__julio__2__agregado.csv,2026,7,Hidalgo,H,Cvro. R.c.v. E Invalidez y Vida,Organismo Descentralizado,3
issste_derechohabientes__Padrón_de_Derechohabientes_Activos__julio__2__agregado.csv,2026,7,Durango,M,Todos Los Seguros Prestaciones y Servicios,Gobierno Estatal,3
issste_derechohabientes__Padrón_de_Derechohabientes_Activos__julio__2__agregado.csv,2026,7,Nuevo Leon,M,Cvro. Salud E Invalidez y Vida,Organismo Descentralizado,3
issste_derechohabientes__Padrón_de_Derechohabientes_Activos__julio__2__agregado.csv,2026,7,Nuevo Leon,M,Seguro de Salud (solo Servicio Medico),Agrupacion,3
issste_derechohabientes__Padrón_de_Derechohabientes_Activos__julio__2__agregado.csv,2026,7,Tlaxcala,M,Serv. Med. a Pens. Ind. C/cgo. a Otras Ent. S/insc. Benefs.,Organismo Descentralizado,3
issste_derechohabientes__Padrón_de_Derechohabientes_Activos__julio__2__agregado.csv,2026,7,Sinaloa,H,Seguro de Salud (solo Servicio Medico),Dependencia Federal,3
issste_derechohabientes__Padrón_de_Derechohabientes_Activos__julio__2__agregado.csv,2026,7,Mexico,H,Todos Los Seguros Prestaciones y Servicios,Municipio,3
issste_derechohabientes__Padrón_de_Derechohabientes_Activos__julio__2__agregado.csv,2026,7,Tlaxcala,M,Servicio Medico del Seguro de Salud y Sar,Gobierno Estatal,3
issste_derechohabientes__Padrón_de_Derechohabientes_Activos__julio__2__agregado.csv,2026,7,Guanajuato,H,Seguro de Invalidez y Vida,Organismo Descentralizado,3
issste_derechohabientes__Padrón_de_Derechohabientes_Activos__julio__2__agregado.csv,2026,7,Guerrero,M,Cvro. Salud,Organismo Descentralizado,3
issste_derechohabientes__Padrón_de_Derechohabientes_Activos__julio__2__agregado.csv,2026,7,Guerrero,M,Cvro. Salud y R.c.v.,Organismo Descentralizado,3
issste_derechohabientes__Padrón_de_Derechohabientes_Activos__julio__2__agregado.csv,2026,7,Guanajuato,H,Solo Serv. Med. a Pens. Directos Con Cargo a Otras Entid.,Gobierno Estatal,3
issste_derechohabientes__Padrón_de_Derechohabientes_Activos__julio__2__agregado.csv,2026,7,Guanajuato,H,Todos Los Seguros Prestaciones y Servicios,Empresa de Participacion Estatal,3
issste_derechohabientes__Padrón_de_Derechohabientes_Activos__julio__2__agregado.csv,2026,7,Baja California,M,Todos Los Seguros Prestaciones y Servicios,Municipio,3
issste_derechohabientes__Padrón_de_Derechohabientes_Activos__julio__2__agregado.csv,2026,7,Nayarit,M,Cvro. R.c.v.,Organismo Descentralizado,3
issste_derechohabientes__Padrón_de_Derechohabientes_Activos__julio__2__agregado.csv,2026,7,Nayarit,M,Cvro. R.c.v. E Invalidez y Vida,Organismo Descentralizado,3
issste_derechohabientes__Padrón_de_Derechohabientes_Activos__julio__2__agregado.csv,2026,7,Entidad Desconocida,H,Todos Los Seguros Prestaciones y Servicios,Agrupacion,3
issste_derechohabientes__Padrón_de_Derechohabientes_Activos__julio__2__agregado.csv,2026,7,Tamaulipas,M,Todos Los Segs. Prest. y Servs. Con Subrog. del Seg.de Salud,Organismo Descentralizado,3
issste_derechohabientes__Padrón_de_Derechohabientes_Activos__julio__2__agregado.csv,2026,7,Tabasco,H,Servicio Medico del Seguro de Salud y Sar,Gobierno Estatal,3
issste_derechohabientes__Padrón_de_Derechohabientes_Activos__julio__2__agregado.csv,2026,7,Tabasco,H,Seguro de Salud (solo Servicio Medico),Gobierno Estatal,3
issste_derechohabientes__Padrón_de_Derechohabientes_Activos__julio__2__agregado.csv,2026,7,Nayarit,M,Servicio Medico del Seguro de Salud y Sar,Organo Desconcentrado,3
issste_derechohabientes__Padrón_de_Derechohabientes_Activos__julio__2__agregado.csv,2026,7,Ciudad de Mexico,H,Seg. Pens.; Seg. de Salud y Servs. de E.b.d.i. y Funerarios,Organismo Descentralizado,3
issste_derechohabientes__Padrón_de_Derechohabientes_Activos__julio__2__agregado.csv,2026,7,Michoacan,H,Servicio Medico del Seguro de Salud y Sar,Municipio,3
issste_derechohabientes__Padrón_de_Derechohabientes_Activos__julio__2__agregado.csv,2026,7,Tabasco,H,Cvro. Salud y R.c.v.,Organismo Descentralizado,3
issste_derechohabientes__Padrón_de_Derechohabientes_Activos__julio__2__agregado.csv,2026,7,Nuevo Leon,H,Seg. Pens.; Seg. de Salud y Servs. de E.b.d.i. y Funerarios,Organismo Descentralizado,3
issste_derechohabientes__Padrón_de_Derechohabientes_Activos__julio__2__agregado.csv,2026,7,Jalisco,M,Solo Serv. Med. a Pens. Directos Con Cargo a Otras Entid.,Gobierno Estatal,3
issste_derechohabientes__Padrón_de_Derechohabientes_Activos__julio__2__agregado.csv,2026,7,Yucatan,H,Cvro. R.c.v. E Invalidez y Vida,Organismo Descentralizado,3
issste_derechohabientes__Padrón_de_Derechohabientes_Activos__julio__2__agregado.csv,2026,7,Veracruz,M,Solo Serv. Med. a Pens. Directos Con Cargo a Otras Entid.,Organismo Descentralizado,3
issste_derechohabientes__Padrón_de_Derechohabientes_Activos__julio__2__agregado.csv,2026,7,Veracruz,M,Serv. Med. a Pens. Ind. C/cgo. a Otras Ent. S/insc. Benefs.,Organismo Descentralizado,3
issste_derechohabientes__Padrón_de_Derechohabientes_Activos__julio__2__agregado.csv,2026,7,Mexico,H,Servicio Medico del Seguro de Salud y Sar,Poder Legislativo,3
issste_derechohabientes__Padrón_de_Derechohabientes_Activos__julio__2__agregado.csv,2026,7,Jalisco,M,Todos Los Segs. Prest. y Servs. Con Subrog. del Seg.de Salud,Organismo Descentralizado,3
issste_derechohabientes__Padrón_de_Derechohabientes_Activos__julio__2__agregado.csv,2026,7,Chiapas,M,Cvro. R.c.v.,Organismo Descentralizado,3
issste_derechohabientes__Padrón_de_Derechohabientes_Activos__julio__2__agregado.csv,2026,7,Puebla,H,Cvro. Salud y R.c.v.,Organismo Descentralizado,3
issste_derechohabientes__Padrón_de_Derechohabientes_Activos__julio__2__agregado.csv,2026,7,Tlaxcala,M,Solo Serv. Med. a Pens. Directos Con Cargo a Otras Entid.,Organismo Descentralizado,3
issste_derechohabientes__Padrón_de_Derechohabientes_Activos__julio__2__agregado.csv,2026,7,Puebla,H,Serv. Med. a Benef. Por Resol. Jud. S/insc. Benefs.,Dependencia Federal,3
issste_derechohabientes__Padrón_de_Derechohabientes_Activos__julio__2__agregado.csv,2026,7,Baja California Sur,H,Seguro de Salud (solo Servicio Medico),Gobierno Estatal,3
issste_derechohabientes__Padrón_de_Derechohabientes_Activos__julio__2__agregado.csv,2026,7,Colima,H,Cvro. R.c.v.,Organismo Descentralizado,3
issste_derechohabientes__Padrón_de_Derechohabientes_Activos__julio__2__agregado.csv,2026,7,Chiapas,H,Cvro. R.c.v.,Organismo Descentralizado,3
issste_derechohabientes__Padrón_de_Derechohabientes_Activos__julio__2__agregado.csv,2026,7,Entidad Desconocida,M,Todos Los Segs. Prest. y Servs. Con Subrog. del Seg.de Salud,Organo Desconcentrado,3
issste_derechohabientes__Padrón_de_Derechohabientes_Activos__julio__2__agregado.csv,2026,7,Chiapas,M,Cvro. Salud y R.c.v.,Organismo Descentralizado,3
issste_derechohabientes__Padrón_de_Derechohabientes_Activos__julio__2__agregado.csv,2026,7,Entidad Desconocida,M,Serv. Med. a Pens. Ind. C/cgo. a Otras Ent. S/insc. Benefs.,Organismo Descentralizado,3
issste_derechohabientes__Padrón_de_Derechohabientes_Activos__julio__2__agregado.csv,2026,7,Chiapas,M,Seguro de Salud (solo Servicio Medico),Dependencia Federal,3
issste_derechohabientes__Padrón_de_Derechohabientes_Activos__julio__2__agregado.csv,2026,7,Entidad Desconocida,M,Seguro de Salud (solo Servicio Medico),Poder Legislativo,3
issste_derechohabientes__Padrón_de_Derechohabientes_Activos__julio__2__agregado.csv,2026,7,Mexico,H,Seg. Pens.; Seg. de Salud y Servs. de E.b.d.i. y Funerarios,Organismo Descentralizado,3
issste_derechohabientes__Padrón_de_Derechohabientes_Activos__julio__2__agregado.csv,2026,7,Morelos,H,Cvro. R.c.v.,Organismo Descentralizado,3
issste_derechohabientes__Padrón_de_Derechohabientes_Activos__julio__2__agregado.csv,2026,7,Morelos,M,Seguro de Salud (solo Servicio Medico),Dependencia Federal,3
issste_derechohabientes__Padrón_de_Derechohabientes_Activos__julio__2__agregado.csv,2026,7,Morelos,M,Seguros de Salud(solo Servicio Medico)y de Riesgos del Trab.,Gobierno Estatal,3
issste_derechohabientes__Padrón_de_Derechohabientes_Activos__julio__2__agregado.csv,2026,7,Morelos,M,Serv. Med. a Benef. Por Resol. Jud. S/insc. Benefs.,Dependencia Federal,3
issste_derechohabientes__Padrón_de_Derechohabientes_Activos__julio__2__agregado.csv,2026,7,Guerrero,H,Cvro. Salud y R.c.v.,Organismo Descentralizado,3
issste_derechohabientes__Padrón_de_Derechohabientes_Activos__julio__2__agregado.csv,2026,7,Nayarit,H,Todos Los Seguros Prestaciones y Servicios,Gobierno Estatal,3
issste_derechohabientes__Padrón_de_Derechohabientes_Activos__julio__2__agregado.csv,2026,7,Morelos,M,Todos Los Seguros Prestaciones y Servicios,Empresa de Participacion Estatal,3
issste_derechohabientes__Padrón_de_Derechohabientes_Activos__julio__2__agregado.csv,2026,7,Morelos,M,Serv. Med. a Pens. Ind. C/cgo. a Otras Ent. S/insc. Benefs.,Organismo Descentralizado,3
issste_derechohabientes__Padrón_de_Derechohabientes_Activos__julio__2__agregado.csv,2026,7,Morelos,M,Serv. Med. a Pens. Ind. C/cgo. a Otras Ent. S/insc. Benefs.,Dependencia Federal,3
issste_derechohabientes__Padrón_de_Derechohabientes_Activos__julio__2__agregado.csv,2026,7,Queretaro,M,Cvro. Salud y R.c.v.,Organismo Descentralizado,3
issste_derechohabientes__Padrón_de_Derechohabientes_Activos__julio__2__agregado.csv,2026,7,Ciudad de Mexico,M,Todos Los Seguros Prestaciones y Servicios,Municipio,3
issste_derechohabientes__Padrón_de_Derechohabientes_Activos__julio__2__agregado.csv,2026,7,Nayarit,H,Cvro. Salud E Invalidez y Vida,Organismo Descentralizado,3
issste_derechohabientes__Padrón_de_Derechohabientes_Activos__julio__2__agregado.csv,2026,7,Chiapas,M,Seg. Pens.; Seg. de Salud y Servs. de E.b.d.i. y Funerarios,Organismo Descentralizado,3
issste_derechohabientes__Padrón_de_Derechohabientes_Activos__julio__2__agregado.csv,2026,7,Campeche,H,Seg. Pens.; Seg. de Salud y Servs. de E.b.d.i. y Funerarios,Organismo Descentralizado,3
issste_derechohabientes__Padrón_de_Derechohabientes_Activos__julio__2__agregado.csv,2026,7,Morelos,M,Cvro. R.c.v. E Invalidez y Vida,Organismo Descentralizado,3
issste_derechohabientes__Padrón_de_Derechohabientes_Activos__julio__2__agregado.csv,2026,7,Tabasco,M,Seg. Pens.; Seg. de Salud y Servs. de E.b.d.i. y Funerarios,Organismo Descentralizado,3
issste_derechohabientes__Padrón_de_Derechohabientes_Activos__julio__2__agregado.csv,2026,7,Tamaulipas,H,Cvro. Salud E Invalidez y Vida,Organismo Descentralizado,3
issste_derechohabientes__Padrón_de_Derechohabientes_Activos__julio__2__agregado.csv,2026,7,Colima,M,Cvro. R.c.v.,Organismo Descentralizado,3
issste_derechohabientes__Padrón_de_Derechohabientes_Activos__julio__2__agregado.csv,2026,7,Morelos,H,Solo Serv. Med. a Pens. Directos Con Cargo a Otras Entid.,Gobierno Estatal,3
issste_derechohabientes__Padrón_de_Derechohabientes_Activos__julio__2__agregado.csv,2026,7,Chihuahua,M,Serv. Med. a Benef. Por Resol. Jud. S/insc. Benefs.,Dependencia Federal,3
issste_derechohabientes__Padrón_de_Derechohabientes_Activos__julio__2__agregado.csv,2026,7,Morelos,H,Serv. Med. a Benef. Por Resol. Jud. S/insc. Benefs.,Dependencia Federal,3
issste_derechohabientes__Padrón_de_Derechohabientes_Activos__julio__2__agregado.csv,2026,7,Yucatan,H,Solo Serv. Med. a Pens. Directos Con Cargo a Otras Entid.,Organismo Descentralizado,3
issste_derechohabientes__Padrón_de_Derechohabientes_Activos__julio__2__agregado.csv,2026,7,Yucatan,H,Servicio Medico del Seguro de Salud y Sar,Gobierno Estatal,3
issste_derechohabientes__Padrón_de_Derechohabientes_Activos__julio__2__agregado.csv,2026,7,Queretaro,H,Todos Los Segs. Prest. y Servs. Con Subrog. del Seg.de Salud,Organismo Descentralizado,3
issste_derechohabientes__Padrón_de_Derechohabientes_Activos__julio__2__agregado.csv,2026,7,Queretaro,H,Solo Serv. Med. a Pens. Directos Con Cargo a Otras Entid.,Gobierno Estatal,3
issste_derechohabientes__Padrón_de_Derechohabientes_Activos__julio__2__agregado.csv,2026,7,Yucatan,M,Cvro. R.c.v. E Invalidez y Vida,Organismo Descentralizado,3
issste_derechohabientes__Padrón_de_Derechohabientes_Activos__julio__2__agregado.csv,2026,7,Durango,M,Todos Los Segs. Prest. y Servs. Con Subrog. del Seg.de Salud,Organismo Descentralizado,3
issste_derechohabientes__Padrón_de_Derechohabientes_Activos__julio__2__agregado.csv,2026,7,Durango,M,Cvro. Salud y R.c.v.,Organismo Descentralizado,3
issste_derechohabientes__Padrón_de_Derechohabientes_Activos__julio__2__agregado.csv,2026,7,San Luis Potosi,H,Seg. Pens.; Seg. de Salud y Servs. de E.b.d.i. y Funerarios,Organismo Descentralizado,3
issste_derechohabientes__Padrón_de_Derechohabientes_Activos__julio__2__agregado.csv,2026,7,Quintana Roo,M,Solo Serv. Med. a Pens. Directos Con Cargo a Otras Entid.,Organismo Descentralizado,3
issste_derechohabientes__Padrón_de_Derechohabientes_Activos__julio__2__agregado.csv,2026,7,Quintana Roo,H,Solo Serv. Med. a Pens. Directos Con Cargo a Otras Entid.,Organismo Descentralizado,3
issste_derechohabientes__Padrón_de_Derechohabientes_Activos__julio__2__agregado.csv,2026,7,Aguascalientes,M,Seguro de Salud (solo Servicio Medico),Agrupacion,3
issste_derechohabientes__Padrón_de_Derechohabientes_Activos__julio__2__agregado.csv,2026,7,Aguascalientes,H,Todos Los Seguros Prestaciones y Servicios,Empresa de Participacion Estatal,3
issste_derechohabientes__Padrón_de_Derechohabientes_Activos__julio__2__agregado.csv,2026,7,Hidalgo,M,Fovissste y Retiro,Organismo Autonomo,2
issste_derechohabientes__Padrón_de_Derechohabientes_Activos__julio__2__agregado.csv,2026,7,Yucatan,M,Seguro de Salud (solo Servicio Medico),Gobierno Estatal,2
issste_derechohabientes__Padrón_de_Derechohabientes_Activos__julio__2__agregado.csv,2026,7,Yucatan,H,Todos Los Seguros Prestaciones y Servicios,Poder Judicial,2
issste_derechohabientes__Padrón_de_Derechohabientes_Activos__julio__2__agregado.csv,2026,7,Colima,H,Solo Serv. Med. a Pens. Directos Con Cargo a Otras Entid.,Gobierno Estatal,2
issste_derechohabientes__Padrón_de_Derechohabientes_Activos__julio__2__agregado.csv,2026,7,Zacatecas,H,Cvro. R.c.v. E Invalidez y Vida,Organismo Descentralizado,2
issste_derechohabientes__Padrón_de_Derechohabientes_Activos__julio__2__agregado.csv,2026,7,Zacatecas,H,Cvro. Salud y R.c.v.,Organismo Descentralizado,2
issste_derechohabientes__Padrón_de_Derechohabientes_Activos__julio__2__agregado.csv,2026,7,Jalisco,M,Solo Serv. Med. a Pens. Directos Con Cargo a Otras Entid.,Organismo Descentralizado,2
issste_derechohabientes__Padrón_de_Derechohabientes_Activos__julio__2__agregado.csv,2026,7,Campeche,M,Todos Los Seguros Prestaciones y Servicios,Gobierno Estatal,2
issste_derechohabientes__Padrón_de_Derechohabientes_Activos__julio__2__agregado.csv,2026,7,Campeche,M,Seg. Pens.; Seg. de Salud y Servs. de E.b.d.i. y Funerarios,Organismo Descentralizado,2
issste_derechohabientes__Padrón_de_Derechohabientes_Activos__julio__2__agregado.csv,2026,7,Hidalgo,M,Seguro de Salud (solo Servicio Medico),Dependencia Federal,2
issste_derechohabientes__Padrón_de_Derechohabientes_Activos__julio__2__agregado.csv,2026,7,Zacatecas,M,Servicio Medico del Seguro de Salud y Sar,Organismo Descentralizado,2
issste_derechohabientes__Padrón_de_Derechohabientes_Activos__julio__2__agregado.csv,2026,7,Zacatecas,H,Solo Serv. Med. a Pens. Directos Con Cargo a Otras Entid.,Organismo Descentralizado,2
issste_derechohabientes__Padrón_de_Derechohabientes_Activos__julio__2__agregado.csv,2026,7,Zacatecas,H,Solo Serv. Med. a Pens. Directos Con Cargo a Otras Entid.,Organismo Autonomo,2
issste_derechohabientes__Padrón_de_Derechohabientes_Activos__julio__2__agregado.csv,2026,7,Jalisco,M,Seguro de Salud (solo Servicio Medico),Dependencia Federal,2
issste_derechohabientes__Padrón_de_Derechohabientes_Activos__julio__2__agregado.csv,2026,7,Hidalgo,H,Seguro de Salud (solo Servicio Medico),Dependencia Federal,2
issste_derechohabientes__Padrón_de_Derechohabientes_Activos__julio__2__agregado.csv,2026,7,Hidalgo,H,Cvro. Salud E Invalidez y Vida,Organismo Descentralizado,2
issste_derechohabientes__Padrón_de_Derechohabientes_Activos__julio__2__agregado.csv,2026,7,Guerrero,M,Solo Serv. Med. a Pens. Directos Con Cargo a Otras Entid.,Organismo Descentralizado,2
issste_derechohabientes__Padrón_de_Derechohabientes_Activos__julio__2__agregado.csv,2026,7,Mexico,H,Servicio Medico del Seguro de Salud y Sar,Municipio,2
issste_derechohabientes__Padrón_de_Derechohabientes_Activos__julio__2__agregado.csv,2026,7,Mexico,H,Serv. Med. a Pens. Ind. C/cgo. a Otras Ent. S/insc. Benefs.,Dependencia Federal,2
issste_derechohabientes__Padrón_de_Derechohabientes_Activos__julio__2__agregado.csv,2026,7,Ciudad de Mexico,M,Serv. Med. a Pens. Ind. C/cgo. a Otras Ent. S/insc. Benefs.,Dependencia Federal,2
issste_derechohabientes__Padrón_de_Derechohabientes_Activos__julio__2__agregado.csv,2026,7,Aguascalientes,M,Solo Serv. Med. a Pens. Directos Con Cargo a Otras Entid.,Organismo Descentralizado,2
issste_derechohabientes__Padrón_de_Derechohabientes_Activos__julio__2__agregado.csv,2026,7,Veracruz,M,Seguros de Salud(solo Servicio Medico)y de Riesgos del Trab.,Gobierno Estatal,2
issste_derechohabientes__Padrón_de_Derechohabientes_Activos__julio__2__agregado.csv,2026,7,Veracruz,H,Todos Los Seguros Prestaciones y Servicios,Poder Judicial,2
issste_derechohabientes__Padrón_de_Derechohabientes_Activos__julio__2__agregado.csv,2026,7,Veracruz,H,Todos Los Seguros Prestaciones y Servicios,Municipio,2
issste_derechohabientes__Padrón_de_Derechohabientes_Activos__julio__2__agregado.csv,2026,7,Guerrero,M,Servicio Medico del Seguro de Salud y Sar,Organismo Descentralizado,2
issste_derechohabientes__Padrón_de_Derechohabientes_Activos__julio__2__agregado.csv,2026,7,Baja California,H,Todos Los Segs. Prest. y Servs. Con Subrog. del Seg.de Salud,Organismo Descentralizado,2
issste_derechohabientes__Padrón_de_Derechohabientes_Activos__julio__2__agregado.csv,2026,7,Queretaro,M,Todos Los Segs. Prest. y Servs. Con Subrog. del Seg.de Salud,Organismo Descentralizado,2
issste_derechohabientes__Padrón_de_Derechohabientes_Activos__julio__2__agregado.csv,2026,7,Queretaro,M,Solo Serv. Med. a Pens. Directos Con Cargo a Otras Entid.,Gobierno Estatal,2
issste_derechohabientes__Padrón_de_Derechohabientes_Activos__julio__2__agregado.csv,2026,7,Chiapas,H,Seg. Pens.; Seg. de Salud y Servs. de E.b.d.i. y Funerarios,Organismo Descentralizado,2
issste_derechohabientes__Padrón_de_Derechohabientes_Activos__julio__2__agregado.csv,2026,7,Chiapas,H,Cvro. Salud E Invalidez y Vida,Organismo Descentralizado,2
issste_derechohabientes__Padrón_de_Derechohabientes_Activos__julio__2__agregado.csv,2026,7,Quintana Roo,H,Seguro de Salud (solo Servicio Medico),Municipio,2
issste_derechohabientes__Padrón_de_Derechohabientes_Activos__julio__2__agregado.csv,2026,7,Baja California,H,Seguro de Salud (solo Servicio Medico),Dependencia Federal,2
issste_derechohabientes__Padrón_de_Derechohabientes_Activos__julio__2__agregado.csv,2026,7,Ciudad de Mexico,H,Servicio Medico del Seguro de Salud y Sar,Municipio,2
issste_derechohabientes__Padrón_de_Derechohabientes_Activos__julio__2__agregado.csv,2026,7,Michoacan,H,Serv. Med. a Benef. Por Resol. Jud. S/insc. Benefs.,Dependencia Federal,2
issste_derechohabientes__Padrón_de_Derechohabientes_Activos__julio__2__agregado.csv,2026,7,Durango,H,Todos Los Segs. Prest. y Servs. Con Subrog. del Seg.de Salud,Organismo Descentralizado,2
issste_derechohabientes__Padrón_de_Derechohabientes_Activos__julio__2__agregado.csv,2026,7,Durango,H,Solo Serv. Med. a Pens. Directos Con Cargo a Otras Entid.,Municipio,2
issste_derechohabientes__Padrón_de_Derechohabientes_Activos__julio__2__agregado.csv,2026,7,Baja California,H,Seg. Pens.; Seg. de Salud y Servs. de E.b.d.i. y Funerarios,Organismo Descentralizado,2
issste_derechohabientes__Padrón_de_Derechohabientes_Activos__julio__2__agregado.csv,2026,7,Guerrero,M,Cvro. R.c.v.,Organismo Descentralizado,2
issste_derechohabientes__Padrón_de_Derechohabientes_Activos__julio__2__agregado.csv,2026,7,Guerrero,H,Todos Los Seguros Prestaciones y Servicios,Poder Legislativo,2
issste_derechohabientes__Padrón_de_Derechohabientes_Activos__julio__2__agregado.csv,2026,7,Guerrero,H,Todos Los Seguros Prestaciones y Servicios,Municipio,2
issste_derechohabientes__Padrón_de_Derechohabientes_Activos__julio__2__agregado.csv,2026,7,Campeche,H,Seguro de Salud (solo Servicio Medico),Dependencia Federal,2
issste_derechohabientes__Padrón_de_Derechohabientes_Activos__julio__2__agregado.csv,2026,7,Campeche,H,Seguro de Salud (solo Servicio Medico),Agrupacion,2
issste_derechohabientes__Padrón_de_Derechohabientes_Activos__julio__2__agregado.csv,2026,7,Campeche,H,Seguro de Invalidez y Vida,Organismo Descentralizado,2
issste_derechohabientes__Padrón_de_Derechohabientes_Activos__julio__2__agregado.csv,2026,7,Queretaro,H,Seguro de Salud (solo Servicio Medico),Poder Judicial,2
issste_derechohabientes__Padrón_de_Derechohabientes_Activos__julio__2__agregado.csv,2026,7,Queretaro,H,Cvro. Salud y R.c.v.,Organismo Descentralizado,2
issste_derechohabientes__Padrón_de_Derechohabientes_Activos__julio__2__agregado.csv,2026,7,Queretaro,M,Seguro de Salud (solo Servicio Medico),Dependencia Federal,2
issste_derechohabientes__Padrón_de_Derechohabientes_Activos__julio__2__agregado.csv,2026,7,Veracruz,H,Cvro. Salud R.c.v. E Invalidez y Vida,Organismo Descentralizado,2
issste_derechohabientes__Padrón_de_Derechohabientes_Activos__julio__2__agregado.csv,2026,7,Veracruz,H,Cvro. Salud E Invalidez y Vida,Organismo Descentralizado,2
issste_derechohabientes__Padrón_de_Derechohabientes_Activos__julio__2__agregado.csv,2026,7,Tlaxcala,M,Serv. Med. a Pens. Ind. C/cgo. a Otras Ent. S/insc. Benefs.,Gobierno Estatal,2
issste_derechohabientes__Padrón_de_Derechohabientes_Activos__julio__2__agregado.csv,2026,7,Tlaxcala,M,Seguro de Salud (solo Servicio Medico),Gobierno Estatal,2
issste_derechohabientes__Padrón_de_Derechohabientes_Activos__julio__2__agregado.csv,2026,7,Ciudad de Mexico,H,Seguro de Salud (solo Servicio Medico),Poder Judicial,2
issste_derechohabientes__Padrón_de_Derechohabientes_Activos__julio__2__agregado.csv,2026,7,Tlaxcala,M,Cvro. R.c.v. E Invalidez y Vida,Organismo Descentralizado,2
issste_derechohabientes__Padrón_de_Derechohabientes_Activos__julio__2__agregado.csv,2026,7,Entidad Desconocida,H,Seguro de Salud (solo Servicio Medico),Poder Legislativo,2
issste_derechohabientes__Padrón_de_Derechohabientes_Activos__julio__2__agregado.csv,2026,7,San Luis Potosi,M,Serv. Med. a Pens. Ind. C/cgo. a Otras Ent. S/insc. Benefs.,Gobierno Estatal,2
issste_derechohabientes__Padrón_de_Derechohabientes_Activos__julio__2__agregado.csv,2026,7,Puebla,M,Serv. Med. a Pens. Ind. C/cgo. a Otras Ent. S/insc. Benefs.,Organismo Descentralizado,2
issste_derechohabientes__Padrón_de_Derechohabientes_Activos__julio__2__agregado.csv,2026,7,Chiapas,M,Cvro. Salud R.c.v. E Invalidez y Vida,Organismo Descentralizado,2
issste_derechohabientes__Padrón_de_Derechohabientes_Activos__julio__2__agregado.csv,2026,7,San Luis Potosi,M,Seguro de Salud (solo Servicio Medico),Agrupacion,2
issste_derechohabientes__Padrón_de_Derechohabientes_Activos__julio__2__agregado.csv,2026,7,Tlaxcala,H,Cvro. Salud y R.c.v.,Organismo Descentralizado,2
issste_derechohabientes__Padrón_de_Derechohabientes_Activos__julio__2__agregado.csv,2026,7,Michoacan,M,Todos Los Segs. Prest. y Servs. Con Subrog. del Seg.de Salud,Organismo Descentralizado,2
issste_derechohabientes__Padrón_de_Derechohabientes_Activos__julio__2__agregado.csv,2026,7,Michoacan,M,Seguro de Invalidez y Vida,Organismo Descentralizado,2
issste_derechohabientes__Padrón_de_Derechohabientes_Activos__julio__2__agregado.csv,2026,7,Tamaulipas,M,Serv. Med. a Pens. Ind. C/cgo. a Otras Ent. S/insc. Benefs.,Organismo Descentralizado,2
issste_derechohabientes__Padrón_de_Derechohabientes_Activos__julio__2__agregado.csv,2026,7,Tamaulipas,M,Seguro de Salud (solo Servicio Medico),Poder Judicial,2
issste_derechohabientes__Padrón_de_Derechohabientes_Activos__julio__2__agregado.csv,2026,7,Baja California,M,Serv. Med. a Pens. Ind. C/cgo. a Otras Ent. S/insc. Benefs.,Gobierno Estatal,2
issste_derechohabientes__Padrón_de_Derechohabientes_Activos__julio__2__agregado.csv,2026,7,Baja California,M,Seg. Pens.; Seg. de Salud y Servs. de E.b.d.i. y Funerarios,Organismo Descentralizado,2
issste_derechohabientes__Padrón_de_Derechohabientes_Activos__julio__2__agregado.csv,2026,7,Guerrero,H,Cvro. R.c.v.,Organismo Descentralizado,2
issste_derechohabientes__Padrón_de_Derechohabientes_Activos__julio__2__agregado.csv,2026,7,Tamaulipas,H,Todos Los Segs. Prest. y Servs. Con Subrog. del Seg.de Salud,Organismo Descentralizado,2
issste_derechohabientes__Padrón_de_Derechohabientes_Activos__julio__2__agregado.csv,2026,7,Chihuahua,M,Solo Serv. Med. a Pens. Directos Con Cargo a Otras Entid.,Gobierno Estatal,2
issste_derechohabientes__Padrón_de_Derechohabientes_Activos__julio__2__agregado.csv,2026,7,Morelos,H,Seguro de Salud (solo Servicio Medico),Dependencia Federal,2
issste_derechohabientes__Padrón_de_Derechohabientes_Activos__julio__2__agregado.csv,2026,7,Morelos,H,Seg.de Retirocesantia en Edad Avanzada y Vejez E Inv.y Vida,Dependencia Federal,2
issste_derechohabientes__Padrón_de_Derechohabientes_Activos__julio__2__agregado.csv,2026,7,Coahuila,M,Seguro de Salud (solo Servicio Medico),Organo Desconcentrado,2
issste_derechohabientes__Padrón_de_Derechohabientes_Activos__julio__2__agregado.csv,2026,7,Coahuila,M,Seg. Pens.; Seg. de Salud y Servs. de E.b.d.i. y Funerarios,Organismo Descentralizado,2
issste_derechohabientes__Padrón_de_Derechohabientes_Activos__julio__2__agregado.csv,2026,7,Sinaloa,H,Cvro. Salud E Invalidez y Vida,Organismo Descentralizado,2
issste_derechohabientes__Padrón_de_Derechohabientes_Activos__julio__2__agregado.csv,2026,7,Sinaloa,H,Cvro. R.c.v. E Invalidez y Vida,Organismo Descentralizado,2
issste_derechohabientes__Padrón_de_Derechohabientes_Activos__julio__2__agregado.csv,2026,7,Campeche,H,Cvro. Salud,Organismo Descentralizado,2
issste_derechohabientes__Padrón_de_Derechohabientes_Activos__julio__2__agregado.csv,2026,7,Baja California Sur,M,Solo Serv. Med. a Pens. Directos Con Cargo a Otras Entid.,Gobierno Estatal,2
issste_derechohabientes__Padrón_de_Derechohabientes_Activos__julio__2__agregado.csv,2026,7,San Luis Potosi,M,Solo Serv. Med. a Pens. Directos Con Cargo a Otras Entid.,Gobierno Estatal,2
issste_derechohabientes__Padrón_de_Derechohabientes_Activos__julio__2__agregado.csv,2026,7,Puebla,M,Seguro de Salud (solo Servicio Medico),Dependencia Federal,2
issste_derechohabientes__Padrón_de_Derechohabientes_Activos__julio__2__agregado.csv,2026,7,Colima,H,Cvro. Salud y R.c.v.,Organismo Descentralizado,2
issste_derechohabientes__Padrón_de_Derechohabientes_Activos__julio__2__agregado.csv,2026,7,Entidad Desconocida,H,Servicio Medico del Seguro de Salud y Sar,Poder Legislativo,2
issste_derechohabientes__Padrón_de_Derechohabientes_Activos__julio__2__agregado.csv,2026,7,Morelos,H,Servicio Medico del Seguro de Salud y Sar,Organismo Descentralizado,2
issste_derechohabientes__Padrón_de_Derechohabientes_Activos__julio__2__agregado.csv,2026,7,Durango,M,Solo Serv. Med. a Pens. Directos Con Cargo a Otras Entid.,Municipio,2
issste_derechohabientes__Padrón_de_Derechohabientes_Activos__julio__2__agregado.csv,2026,7,Durango,M,Cvro. Salud E Invalidez y Vida,Organismo Descentralizado,2
issste_derechohabientes__Padrón_de_Derechohabientes_Activos__julio__2__agregado.csv,2026,7,Morelos,M,Cvro. Salud E Invalidez y Vida,Organismo Descentralizado,2
issste_derechohabientes__Padrón_de_Derechohabientes_Activos__julio__2__agregado.csv,2026,7,Tabasco,M,Todos Los Segs. Prest. y Servs. Con Subrog. del Seg.de Salud,Organismo Descentralizado,2
issste_derechohabientes__Padrón_de_Derechohabientes_Activos__julio__2__agregado.csv,2026,7,Sinaloa,H,Seg. Pens.; Seg. de Salud y Servs. de E.b.d.i. y Funerarios,Organismo Descentralizado,2
issste_derechohabientes__Padrón_de_Derechohabientes_Activos__julio__2__agregado.csv,2026,7,Por Corregir,M,Todos Los Seguros Prestaciones y Servicios,Organo Desconcentrado,2
issste_derechohabientes__Padrón_de_Derechohabientes_Activos__julio__2__agregado.csv,2026,7,Puebla,H,Servicio Medico del Seguro de Salud y Sar,Municipio,2
issste_derechohabientes__Padrón_de_Derechohabientes_Activos__julio__2__agregado.csv,2026,7,Puebla,H,Seguro de Salud (solo Servicio Medico),Dependencia Federal,2
issste_derechohabientes__Padrón_de_Derechohabientes_Activos__julio__2__agregado.csv,2026,7,Baja California Sur,H,Cvro. Salud E Invalidez y Vida,Organismo Descentralizado,2
issste_derechohabientes__Padrón_de_Derechohabientes_Activos__julio__2__agregado.csv,2026,7,Baja California Sur,H,Cvro. R.c.v.,Organismo Descentralizado,2
issste_derechohabientes__Padrón_de_Derechohabientes_Activos__julio__2__agregado.csv,2026,7,Morelos,M,Todos Los Segs. Prest. y Servs. Con Subrog. del Seg.de Salud,Organo Desconcentrado,2
issste_derechohabientes__Padrón_de_Derechohabientes_Activos__julio__2__agregado.csv,2026,7,Chihuahua,M,Seguro de Salud (solo Servicio Medico),Gobierno Estatal,2
issste_derechohabientes__Padrón_de_Derechohabientes_Activos__julio__2__agregado.csv,2026,7,Baja California,M,Todos Los Segs. Prest. y Servs. Con Subrog. del Seg.de Salud,Organismo Descentralizado,2
issste_derechohabientes__Padrón_de_Derechohabientes_Activos__julio__2__agregado.csv,2026,7,Tabasco,M,Cvro. Salud y R.c.v.,Organismo Descentralizado,2
issste_derechohabientes__Padrón_de_Derechohabientes_Activos__julio__2__agregado.csv,2026,7,Tabasco,M,Cvro. R.c.v.,Organismo Descentralizado,2
issste_derechohabientes__Padrón_de_Derechohabientes_Activos__julio__2__agregado.csv,2026,7,Tabasco,H,Seguro de Salud (solo Servicio Medico),Dependencia Federal,2
issste_derechohabientes__Padrón_de_Derechohabientes_Activos__julio__2__agregado.csv,2026,7,Coahuila,M,Cvro. R.c.v.,Organismo Descentralizado,2
issste_derechohabientes__Padrón_de_Derechohabientes_Activos__julio__2__agregado.csv,2026,7,Guanajuato,H,Todos Los Seguros Prestaciones y Servicios,Poder Legislativo,2
issste_derechohabientes__Padrón_de_Derechohabientes_Activos__julio__2__agregado.csv,2026,7,Nuevo Leon,H,Cvro. R.c.v. E Invalidez y Vida,Organismo Descentralizado,2
issste_derechohabientes__Padrón_de_Derechohabientes_Activos__julio__2__agregado.csv,2026,7,Chihuahua,H,Seguro de Salud (solo Servicio Medico),Dependencia Federal,2
issste_derechohabientes__Padrón_de_Derechohabientes_Activos__julio__2__agregado.csv,2026,7,Nuevo Leon,H,Seguro de Salud (solo Servicio Medico),Dependencia Federal,2
issste_derechohabientes__Padrón_de_Derechohabientes_Activos__julio__2__agregado.csv,2026,7,Zacatecas,M,Serv. Med. a Pens. Ind. C/cgo. a Otras Ent. S/insc. Benefs.,Gobierno Estatal,2
issste_derechohabientes__Padrón_de_Derechohabientes_Activos__julio__2__agregado.csv,2026,7,Oaxaca,M,Todos Los Segs. Prest. y Servs. Con Subrog. del Seg.de Salud,Organismo Descentralizado,2
issste_derechohabientes__Padrón_de_Derechohabientes_Activos__julio__2__agregado.csv,2026,7,Sonora,M,Solo Serv. Med. a Pens. Directos Con Cargo a Otras Entid.,Gobierno Estatal,2
issste_derechohabientes__Padrón_de_Derechohabientes_Activos__julio__2__agregado.csv,2026,7,Sonora,M,Serv. Med. a Pens. Ind. C/cgo. a Otras Ent. S/insc. Benefs.,Organismo Descentralizado,2
issste_derechohabientes__Padrón_de_Derechohabientes_Activos__julio__2__agregado.csv,2026,7,Sonora,M,Serv. Med. a Pens. Ind. C/cgo. a Otras Ent. S/insc. Benefs.,Dependencia Federal,2
issste_derechohabientes__Padrón_de_Derechohabientes_Activos__julio__2__agregado.csv,2026,7,Sonora,M,Seguro de Salud (solo Servicio Medico),Dependencia Federal,2
issste_derechohabientes__Padrón_de_Derechohabientes_Activos__julio__2__agregado.csv,2026,7,Nuevo Leon,M,Serv. Med. a Benef. Por Resol. Jud. S/insc. Benefs.,Dependencia Federal,2
issste_derechohabientes__Padrón_de_Derechohabientes_Activos__julio__2__agregado.csv,2026,7,Nuevo Leon,M,Seguro de Salud (solo Servicio Medico),Dependencia Federal,2
issste_derechohabientes__Padrón_de_Derechohabientes_Activos__julio__2__agregado.csv,2026,7,Nuevo Leon,M,Seg. Pens.; Seg. de Salud y Servs. de E.b.d.i. y Funerarios,Organismo Descentralizado,2
issste_derechohabientes__Padrón_de_Derechohabientes_Activos__julio__2__agregado.csv,2026,7,Nuevo Leon,M,Cvro. R.c.v. E Invalidez y Vida,Organismo Descentralizado,2
issste_derechohabientes__Padrón_de_Derechohabientes_Activos__julio__2__agregado.csv,2026,7,Colima,M,Seguro de Salud (solo Servicio Medico),Agrupacion,2
issste_derechohabientes__Padrón_de_Derechohabientes_Activos__julio__2__agregado.csv,2026,7,Sonora,H,Todos Los Segurosprestaciones y Servicios Excepto Fovissste,Municipio,2
issste_derechohabientes__Padrón_de_Derechohabientes_Activos__julio__2__agregado.csv,2026,7,Guanajuato,H,Todos Los Segs. Prest. y Servs. Con Subrog. del Seg.de Salud,Organismo Descentralizado,2
issste_derechohabientes__Padrón_de_Derechohabientes_Activos__julio__2__agregado.csv,2026,7,Guanajuato,H,Servicio Medico del Seguro de Salud y Sar,Organismo Descentralizado,2
issste_derechohabientes__Padrón_de_Derechohabientes_Activos__julio__2__agregado.csv,2026,7,Guanajuato,H,Cvro. Salud y R.c.v.,Organismo Descentralizado,2
issste_derechohabientes__Padrón_de_Derechohabientes_Activos__julio__2__agregado.csv,2026,7,Oaxaca,M,Cvro. Salud E Invalidez y Vida,Organismo Descentralizado,2
issste_derechohabientes__Padrón_de_Derechohabientes_Activos__julio__2__agregado.csv,2026,7,Oaxaca,M,Cvro. R.c.v.,Organismo Descentralizado,2
issste_derechohabientes__Padrón_de_Derechohabientes_Activos__julio__2__agregado.csv,2026,7,Nuevo Leon,M,Serv. Med. a Pens. Ind. C/cgo. a Otras Ent. S/insc. Benefs.,Gobierno Estatal,2
issste_derechohabientes__Padrón_de_Derechohabientes_Activos__julio__2__agregado.csv,2026,7,Sonora,H,Solo Serv. Med. a Pens. Directos Con Cargo a Otras Entid.,Gobierno Estatal,2
issste_derechohabientes__Padrón_de_Derechohabientes_Activos__julio__2__agregado.csv,2026,7,Oaxaca,H,Todos Los Segs. Prest. y Servs. Con Subrog. del Seg.de Salud,Organismo Descentralizado,2
issste_derechohabientes__Padrón_de_Derechohabientes_Activos__julio__2__agregado.csv,2026,7,Oaxaca,H,Seguro de Salud (solo Servicio Medico),Dependencia Federal,2
issste_derechohabientes__Padrón_de_Derechohabientes_Activos__julio__2__agregado.csv,2026,7,Coahuila,H,Cvro. R.c.v.,Organismo Descentralizado,2
issste_derechohabientes__Padrón_de_Derechohabientes_Activos__julio__2__agregado.csv,2026,7,Hidalgo,H,Servicio Medico del Seguro de Salud y Sar,Organismo Descentralizado,2
issste_derechohabientes__Padrón_de_Derechohabientes_Activos__julio__2__agregado.csv,2026,7,Hidalgo,H,Serv. Med. a Benef. Por Resol. Jud. S/insc. Benefs.,Dependencia Federal,2
issste_derechohabientes__Padrón_de_Derechohabientes_Activos__julio__2__agregado.csv,2026,7,Entidad Desconocida,H,Todos Los Segurosprestaciones y Servicios Excepto Fovissste,Organismo Descentralizado,2
issste_derechohabientes__Padrón_de_Derechohabientes_Activos__julio__2__agregado.csv,2026,7,Hidalgo,M,Seguro de Salud (solo Servicio Medico),Poder Legislativo,2
issste_derechohabientes__Padrón_de_Derechohabientes_Activos__julio__2__agregado.csv,2026,7,Hidalgo,M,Seguro de Salud (solo Servicio Medico),Poder Judicial,2
issste_derechohabientes__Padrón_de_Derechohabientes_Activos__julio__2__agregado.csv,2026,7,Zacatecas,H,Cvro. Salud E Invalidez y Vida,Organismo Descentralizado,2
issste_derechohabientes__Padrón_de_Derechohabientes_Activos__julio__2__agregado.csv,2026,7,Aguascalientes,M,Serv. Med. a Pens. Ind. C/cgo. a Otras Ent. S/insc. Benefs.,Organismo Descentralizado,2
issste_derechohabientes__Padrón_de_Derechohabientes_Activos__julio__2__agregado.csv,2026,7,Jalisco,H,Seguros Pensionarios; Servicios de E.b.d.i. y Funerarios,Organismo Descentralizado,1
issste_derechohabientes__Padrón_de_Derechohabientes_Activos__julio__2__agregado.csv,2026,7,Aguascalientes,M,Cvro. Salud y R.c.v.,Organismo Descentralizado,1
issste_derechohabientes__Padrón_de_Derechohabientes_Activos__julio__2__agregado.csv,2026,7,Aguascalientes,M,Seg. Pens.; Seg. de Salud y Servs. de E.b.d.i. y Funerarios,Organismo Descentralizado,1
issste_derechohabientes__Padrón_de_Derechohabientes_Activos__julio__2__agregado.csv,2026,7,Aguascalientes,M,Seguros Pensionarios; Servicios de E.b.d.i. y Funerarios,Organismo Descentralizado,1
issste_derechohabientes__Padrón_de_Derechohabientes_Activos__julio__2__agregado.csv,2026,7,Aguascalientes,M,Serv. Med. a Pens. Ind. C/cgo. a Otras Ent. S/insc. Benefs.,Gobierno Estatal,1
issste_derechohabientes__Padrón_de_Derechohabientes_Activos__julio__2__agregado.csv,2026,7,Hidalgo,M,Serv. Med. a Benef. Por Resol. Jud. S/insc. Benefs.,Dependencia Federal,1
issste_derechohabientes__Padrón_de_Derechohabientes_Activos__julio__2__agregado.csv,2026,7,Hidalgo,M,Todos Los Seguros Prestaciones y Servicios,Municipio,1
issste_derechohabientes__Padrón_de_Derechohabientes_Activos__julio__2__agregado.csv,2026,7,Jalisco,M,Servicio Medico del Seguro de Salud y Sar,Organismo Descentralizado,1
issste_derechohabientes__Padrón_de_Derechohabientes_Activos__julio__2__agregado.csv,2026,7,Jalisco,M,Seguro de Salud (solo Servicio Medico),Organismo Autonomo,1
issste_derechohabientes__Padrón_de_Derechohabientes_Activos__julio__2__agregado.csv,2026,7,Quintana Roo,H,Cvro. R.c.v. E Invalidez y Vida,Organismo Descentralizado,1
issste_derechohabientes__Padrón_de_Derechohabientes_Activos__julio__2__agregado.csv,2026,7,Quintana Roo,M,Servicio Medico del Seguro de Salud y Sar,Gobierno Estatal,1
issste_derechohabientes__Padrón_de_Derechohabientes_Activos__julio__2__agregado.csv,2026,7,Quintana Roo,M,Serv. Med. a Pens. Ind. C/cgo. a Otras Ent. S/insc. Benefs.,Organismo Descentralizado,1
issste_derechohabientes__Padrón_de_Derechohabientes_Activos__julio__2__agregado.csv,2026,7,Quintana Roo,M,Seguros de Salud(solo Servicio Medico)y de Riesgos del Trab.,Gobierno Estatal,1
issste_derechohabientes__Padrón_de_Derechohabientes_Activos__julio__2__agregado.csv,2026,7,Campeche,M,Todos Los Segs. Prest. y Servs. Con Subrog. del Seg.de Salud,Organismo Descentralizado,1
issste_derechohabientes__Padrón_de_Derechohabientes_Activos__julio__2__agregado.csv,2026,7,Campeche,M,Seguro de Invalidez y Vida,Organismo Descentralizado,1
issste_derechohabientes__Padrón_de_Derechohabientes_Activos__julio__2__agregado.csv,2026,7,Campeche,M,Cvro. Salud y R.c.v.,Organismo Descentralizado,1
issste_derechohabientes__Padrón_de_Derechohabientes_Activos__julio__2__agregado.csv,2026,7,Campeche,M,Cvro. Salud E Invalidez y Vida,Organismo Descentralizado,1
issste_derechohabientes__Padrón_de_Derechohabientes_Activos__julio__2__agregado.csv,2026,7,Aguascalientes,H,Todos Los Seguros Prestaciones y Servicios,Poder Legislativo,1
issste_derechohabientes__Padrón_de_Derechohabientes_Activos__julio__2__agregado.csv,2026,7,Zacatecas,M,Solo Serv. Med. a Pens. Directos Con Cargo a Otras Entid.,Gobierno Estatal,1
issste_derechohabientes__Padrón_de_Derechohabientes_Activos__julio__2__agregado.csv,2026,7,Yucatan,H,Cvro. Salud E Invalidez y Vida,Organismo Descentralizado,1
issste_derechohabientes__Padrón_de_Derechohabientes_Activos__julio__2__agregado.csv,2026,7,Veracruz,M,Solo Serv. Med. a Pens. Directos Con Cargo a Otras Entid.,Gobierno Estatal,1
issste_derechohabientes__Padrón_de_Derechohabientes_Activos__julio__2__agregado.csv,2026,7,Hidalgo,H,Seguro de Salud (solo Servicio Medico),Municipio,1
issste_derechohabientes__Padrón_de_Derechohabientes_Activos__julio__2__agregado.csv,2026,7,Hidalgo,H,Seg.de Retirocesantia en Edad Avanzada y Vejez E Inv.y Vida,Dependencia Federal,1
issste_derechohabientes__Padrón_de_Derechohabientes_Activos__julio__2__agregado.csv,2026,7,Oaxaca,M,Seg.de Retirocesantia en Edad Avanzada y Vejez E Inv.y Vida,Dependencia Federal,1
issste_derechohabientes__Padrón_de_Derechohabientes_Activos__julio__2__agregado.csv,2026,7,Oaxaca,M,Cvro. Salud y R.c.v.,Organismo Descentralizado,1
issste_derechohabientes__Padrón_de_Derechohabientes_Activos__julio__2__agregado.csv,2026,7,Oaxaca,H,Todos Los Seguros Prestaciones y Servicios,Poder Legislativo,1
issste_derechohabientes__Padrón_de_Derechohabientes_Activos__julio__2__agregado.csv,2026,7,Nuevo Leon,M,Todos Los Segs. Prest. y Servs. Con Subrog. del Seg.de Salud,Organismo Descentralizado,1
issste_derechohabientes__Padrón_de_Derechohabientes_Activos__julio__2__agregado.csv,2026,7,Sonora,H,Todos Los Seguros Prestaciones y Servicios,Municipio,1
issste_derechohabientes__Padrón_de_Derechohabientes_Activos__julio__2__agregado.csv,2026,7,Sonora,H,Seguro de Salud (solo Servicio Medico),Dependencia Federal,1
issste_derechohabientes__Padrón_de_Derechohabientes_Activos__julio__2__agregado.csv,2026,7,Sonora,H,Seguro de Salud (solo Servicio Medico),Agrupacion,1
issste_derechohabientes__Padrón_de_Derechohabientes_Activos__julio__2__agregado.csv,2026,7,Sonora,H,Seg. Pens.; Seg. de Salud y Servs. de E.b.d.i. y Funerarios,Organismo Descentralizado,1
issste_derechohabientes__Padrón_de_Derechohabientes_Activos__julio__2__agregado.csv,2026,7,Sonora,H,Cvro. R.c.v. E Invalidez y Vida,Organismo Descentralizado,1
issste_derechohabientes__Padrón_de_Derechohabientes_Activos__julio__2__agregado.csv,2026,7,Baja California Sur,M,Servicio Medico del Seguro de Salud y Sar,Municipio,1
issste_derechohabientes__Padrón_de_Derechohabientes_Activos__julio__2__agregado.csv,2026,7,Baja California Sur,M,Serv. Med. a Pens. Ind. C/cgo. a Otras Ent. S/insc. Benefs.,Dependencia Federal,1
issste_derechohabientes__Padrón_de_Derechohabientes_Activos__julio__2__agregado.csv,2026,7,Oaxaca,H,Serv. Med. a Pens. Ind. C/cgo. a Otras Ent. S/insc. Benefs.,Dependencia Federal,1
issste_derechohabientes__Padrón_de_Derechohabientes_Activos__julio__2__agregado.csv,2026,7,Oaxaca,H,Serv. Med. a Benef. Por Resol. Jud. S/insc. Benefs.,Dependencia Federal,1
issste_derechohabientes__Padrón_de_Derechohabientes_Activos__julio__2__agregado.csv,2026,7,Oaxaca,H,Seguros de Salud(solo Servicio Medico)y de Riesgos del Trab.,Gobierno Estatal,1
issste_derechohabientes__Padrón_de_Derechohabientes_Activos__julio__2__agregado.csv,2026,7,Oaxaca,H,Cvro. Salud y R.c.v.,Organismo Descentralizado,1
issste_derechohabientes__Padrón_de_Derechohabientes_Activos__julio__2__agregado.csv,2026,7,Zacatecas,M,Cvro. Salud E Invalidez y Vida,Organismo Descentralizado,1
issste_derechohabientes__Padrón_de_Derechohabientes_Activos__julio__2__agregado.csv,2026,7,Colima,M,Seguros Pensionarios; Servicios de E.b.d.i. y Funerarios,Organismo Descentralizado,1
issste_derechohabientes__Padrón_de_Derechohabientes_Activos__julio__2__agregado.csv,2026,7,Colima,M,Seguro de Salud (solo Servicio Medico),Gobierno Estatal,1
issste_derechohabientes__Padrón_de_Derechohabientes_Activos__julio__2__agregado.csv,2026,7,Colima,M,Seguro de Salud (solo Servicio Medico),Dependencia Federal,1
issste_derechohabientes__Padrón_de_Derechohabientes_Activos__julio__2__agregado.csv,2026,7,Guanajuato,H,Seguros de Salud(solo Servicio Medico)y de Riesgos del Trab.,Gobierno Estatal,1
issste_derechohabientes__Padrón_de_Derechohabientes_Activos__julio__2__agregado.csv,2026,7,Nuevo Leon,M,Todos Los Seguros Prestaciones y Servicios,Poder Judicial,1
issste_derechohabientes__Padrón_de_Derechohabientes_Activos__julio__2__agregado.csv,2026,7,Nuevo Leon,M,Todos Los Seguros Prestaciones y Servicios,Poder Legislativo,1
issste_derechohabientes__Padrón_de_Derechohabientes_Activos__julio__2__agregado.csv,2026,7,Baja California Sur,M,Seguro de Salud (solo Servicio Medico),Municipio,1
issste_derechohabientes__Padrón_de_Derechohabientes_Activos__julio__2__agregado.csv,2026,7,Baja California Sur,M,Seguro de Salud (solo Servicio Medico),Gobierno Estatal,1
issste_derechohabientes__Padrón_de_Derechohabientes_Activos__julio__2__agregado.csv,2026,7,Baja California Sur,M,Cvro. Salud y R.c.v.,Organismo Descentralizado,1
issste_derechohabientes__Padrón_de_Derechohabientes_Activos__julio__2__agregado.csv,2026,7,Baja California Sur,M,Cvro. R.c.v.,Organismo Descentralizado,1
issste_derechohabientes__Padrón_de_Derechohabientes_Activos__julio__2__agregado.csv,2026,7,Sinaloa,M,Todos Los Seguros Prestaciones y Servicios,Empresa de Participacion Estatal,1
issste_derechohabientes__Padrón_de_Derechohabientes_Activos__julio__2__agregado.csv,2026,7,Sinaloa,M,Todos Los Segs. Prest. y Servs. Con Subrog. del Seg.de Salud,Organismo Descentralizado,1
issste_derechohabientes__Padrón_de_Derechohabientes_Activos__julio__2__agregado.csv,2026,7,Sinaloa,M,Solo Serv. Med. a Pens. Directos Con Cargo a Otras Entid.,Organismo Descentralizado,1
issste_derechohabientes__Padrón_de_Derechohabientes_Activos__julio__2__agregado.csv,2026,7,Sinaloa,M,Serv. Med. a Pens. Ind. C/cgo. a Otras Ent. S/insc. Benefs.,Organismo Descentralizado,1
issste_derechohabientes__Padrón_de_Derechohabientes_Activos__julio__2__agregado.csv,2026,7,Sinaloa,M,Serv. Med. a Benef. Por Resol. Jud. S/insc. Benefs.,Dependencia Federal,1
issste_derechohabientes__Padrón_de_Derechohabientes_Activos__julio__2__agregado.csv,2026,7,Sinaloa,M,Seguro de Salud (solo Servicio Medico),Organismo Autonomo,1
issste_derechohabientes__Padrón_de_Derechohabientes_Activos__julio__2__agregado.csv,2026,7,Chiapas,M,Solo Serv. Med. a Pens. Directos Con Cargo a Otras Entid.,Organismo Descentralizado,1
issste_derechohabientes__Padrón_de_Derechohabientes_Activos__julio__2__agregado.csv,2026,7,Chiapas,M,Serv. Med. a Pens. Ind. C/cgo. a Otras Ent. S/insc. Benefs.,Organismo Descentralizado,1
issste_derechohabientes__Padrón_de_Derechohabientes_Activos__julio__2__agregado.csv,2026,7,Sonora,M,Todos Los Segs. Prest. y Servs. Con Subrog. del Seg.de Salud,Organismo Descentralizado,1
issste_derechohabientes__Padrón_de_Derechohabientes_Activos__julio__2__agregado.csv,2026,7,Sonora,M,Serv. Med. a Pens. Ind. C/cgo. a Otras Ent. S/insc. Benefs.,Gobierno Estatal,1
issste_derechohabientes__Padrón_de_Derechohabientes_Activos__julio__2__agregado.csv,2026,7,Sonora,M,Seguros Pensionarios; Servicios de E.b.d.i. y Funerarios,Organismo Descentralizado,1
issste_derechohabientes__Padrón_de_Derechohabientes_Activos__julio__2__agregado.csv,2026,7,Sonora,M,Seguro de Salud (solo Servicio Medico),Poder Judicial,1
issste_derechohabientes__Padrón_de_Derechohabientes_Activos__julio__2__agregado.csv,2026,7,Sonora,M,Seguro de Salud (solo Servicio Medico),Gobierno Estatal,1
issste_derechohabientes__Padrón_de_Derechohabientes_Activos__julio__2__agregado.csv,2026,7,Nuevo Leon,M,Seguro de Salud (solo Servicio Medico),Poder Judicial,1
issste_derechohabientes__Padrón_de_Derechohabientes_Activos__julio__2__agregado.csv,2026,7,Nuevo Leon,M,Seguro de Salud (solo Servicio Medico),Organismo Autonomo,1
issste_derechohabientes__Padrón_de_Derechohabientes_Activos__julio__2__agregado.csv,2026,7,Nuevo Leon,H,Solo Serv. Med. a Pens. Directos Con Cargo a Otras Entid.,Organismo Descentralizado,1
issste_derechohabientes__Padrón_de_Derechohabientes_Activos__julio__2__agregado.csv,2026,7,Nuevo Leon,H,Serv. Med. a Pens. Ind. C/cgo. a Otras Ent. S/insc. Benefs.,Organismo Descentralizado,1
issste_derechohabientes__Padrón_de_Derechohabientes_Activos__julio__2__agregado.csv,2026,7,Entidad Desconocida,H,Cvro. Salud,Organismo Descentralizado,1
issste_derechohabientes__Padrón_de_Derechohabientes_Activos__julio__2__agregado.csv,2026,7,Durango,M,Todos Los Seguros Prestaciones y Servicios,Poder Legislativo,1
issste_derechohabientes__Padrón_de_Derechohabientes_Activos__julio__2__agregado.csv,2026,7,Durango,M,Todos Los Seguros Prestaciones y Servicios,Municipio,1
issste_derechohabientes__Padrón_de_Derechohabientes_Activos__julio__2__agregado.csv,2026,7,Colima,M,Todos Los Segs. Prest. y Servs. Con Subrog. del Seg.de Salud,Organismo Descentralizado,1
issste_derechohabientes__Padrón_de_Derechohabientes_Activos__julio__2__agregado.csv,2026,7,Colima,M,Solo Serv. Med. a Pens. Directos Con Cargo a Otras Entid.,Organismo Descentralizado,1
issste_derechohabientes__Padrón_de_Derechohabientes_Activos__julio__2__agregado.csv,2026,7,Chihuahua,H,Seguro de Salud (solo Servicio Medico),Municipio,1
issste_derechohabientes__Padrón_de_Derechohabientes_Activos__julio__2__agregado.csv,2026,7,Chihuahua,H,Seguro de Invalidez y Vida,Organismo Descentralizado,1
issste_derechohabientes__Padrón_de_Derechohabientes_Activos__julio__2__agregado.csv,2026,7,Chihuahua,H,Seg. Pens.; Seg. de Salud y Servs. de E.b.d.i. y Funerarios,Organismo Descentralizado,1
issste_derechohabientes__Padrón_de_Derechohabientes_Activos__julio__2__agregado.csv,2026,7,Nuevo Leon,H,Seguro de Salud (solo Servicio Medico),Municipio,1
issste_derechohabientes__Padrón_de_Derechohabientes_Activos__julio__2__agregado.csv,2026,7,Oaxaca,H,Todos Los Seguros Prestaciones y Servicios,Poder Judicial,1
issste_derechohabientes__Padrón_de_Derechohabientes_Activos__julio__2__agregado.csv,2026,7,Oaxaca,H,Todos Los Seguros Prestaciones y Servicios,Municipio,1
issste_derechohabientes__Padrón_de_Derechohabientes_Activos__julio__2__agregado.csv,2026,7,Sinaloa,M,Seguro de Salud (solo Servicio Medico),Dependencia Federal,1
issste_derechohabientes__Padrón_de_Derechohabientes_Activos__julio__2__agregado.csv,2026,7,Colima,M,Todos Los Seguros Prestaciones y Servicios,Gobierno Estatal,1
issste_derechohabientes__Padrón_de_Derechohabientes_Activos__julio__2__agregado.csv,2026,7,Zacatecas,M,Serv. Med. a Benef. Por Resol. Jud. S/insc. Benefs.,Dependencia Federal,1
issste_derechohabientes__Padrón_de_Derechohabientes_Activos__julio__2__agregado.csv,2026,7,Zacatecas,M,Seguro de Invalidez y Vida,Organismo Descentralizado,1
issste_derechohabientes__Padrón_de_Derechohabientes_Activos__julio__2__agregado.csv,2026,7,Por Corregir,H,Todos Los Seguros Prestaciones y Servicios,Dependencia Federal,1
issste_derechohabientes__Padrón_de_Derechohabientes_Activos__julio__2__agregado.csv,2026,7,Oaxaca,M,Todos Los Seguros Prestaciones y Servicios,Poder Legislativo,1
issste_derechohabientes__Padrón_de_Derechohabientes_Activos__julio__2__agregado.csv,2026,7,Oaxaca,M,Serv. Med. a Pens. Ind. C/cgo. a Otras Ent. S/insc. Benefs.,Organismo Descentralizado,1
issste_derechohabientes__Padrón_de_Derechohabientes_Activos__julio__2__agregado.csv,2026,7,Oaxaca,M,Seguros de Salud(solo Servicio Medico)y de Riesgos del Trab.,Gobierno Estatal,1
issste_derechohabientes__Padrón_de_Derechohabientes_Activos__julio__2__agregado.csv,2026,7,Oaxaca,M,Seguro de Salud (solo Servicio Medico),Poder Legislativo,1
issste_derechohabientes__Padrón_de_Derechohabientes_Activos__julio__2__agregado.csv,2026,7,Chiapas,M,Todos Los Seguros Prestaciones y Servicios,Poder Judicial,1
issste_derechohabientes__Padrón_de_Derechohabientes_Activos__julio__2__agregado.csv,2026,7,Nayarit,M,Servicio Medico del Seguro de Salud y Sar,Organismo Descentralizado,1
issste_derechohabientes__Padrón_de_Derechohabientes_Activos__julio__2__agregado.csv,2026,7,Nayarit,M,Cvro. Salud E Invalidez y Vida,Organismo Descentralizado,1
issste_derechohabientes__Padrón_de_Derechohabientes_Activos__julio__2__agregado.csv,2026,7,Guanajuato,M,Seguros de Salud(solo Servicio Medico)y de Riesgos del Trab.,Gobierno Estatal,1
issste_derechohabientes__Padrón_de_Derechohabientes_Activos__julio__2__agregado.csv,2026,7,Guanajuato,M,Seguro de Salud (solo Servicio Medico),Municipio,1
issste_derechohabientes__Padrón_de_Derechohabientes_Activos__julio__2__agregado.csv,2026,7,Guanajuato,M,Seguro de Invalidez y Vida,Organismo Descentralizado,1
issste_derechohabientes__Padrón_de_Derechohabientes_Activos__julio__2__agregado.csv,2026,7,Tabasco,H,Seg. Pens.; Seg. de Salud y Servs. de E.b.d.i. y Funerarios,Organismo Descentralizado,1
issste_derechohabientes__Padrón_de_Derechohabientes_Activos__julio__2__agregado.csv,2026,7,Tabasco,H,Cvro. R.c.v. E Invalidez y Vida,Organismo Descentralizado,1
issste_derechohabientes__Padrón_de_Derechohabientes_Activos__julio__2__agregado.csv,2026,7,Baja California Sur,H,Todos Los Seguros Prestaciones y Servicios,Empresa de Participacion Estatal,1
issste_derechohabientes__Padrón_de_Derechohabientes_Activos__julio__2__agregado.csv,2026,7,Baja California Sur,H,Solo Serv. Med. a Pens. Directos Con Cargo a Otras Entid.,Gobierno Estatal,1
issste_derechohabientes__Padrón_de_Derechohabientes_Activos__julio__2__agregado.csv,2026,7,Baja California Sur,H,Serv. Med. a Pens. Ind. C/cgo. a Otras Ent. S/insc. Benefs.,Gobierno Estatal,1
issste_derechohabientes__Padrón_de_Derechohabientes_Activos__julio__2__agregado.csv,2026,7,Baja California Sur,H,Seguro de Salud (solo Servicio Medico),Dependencia Federal,1
issste_derechohabientes__Padrón_de_Derechohabientes_Activos__julio__2__agregado.csv,2026,7,Nuevo Leon,H,Seguro de Salud (solo Servicio Medico),Poder Judicial,1
issste_derechohabientes__Padrón_de_Derechohabientes_Activos__julio__2__agregado.csv,2026,7,Chihuahua,H,Solo Serv. Med. a Pens. Directos Con Cargo a Otras Entid.,Organismo Descentralizado,1
issste_derechohabientes__Padrón_de_Derechohabientes_Activos__julio__2__agregado.csv,2026,7,Chihuahua,H,Solo Serv. Med. a Pens. Directos Con Cargo a Otras Entid.,Gobierno Estatal,1
issste_derechohabientes__Padrón_de_Derechohabientes_Activos__julio__2__agregado.csv,2026,7,Chihuahua,H,Serv. Med. a Pens. Ind. C/cgo. a Otras Ent. S/insc. Benefs.,Organismo Descentralizado,1
issste_derechohabientes__Padrón_de_Derechohabientes_Activos__julio__2__agregado.csv,2026,7,Chihuahua,H,Serv. Med. a Benef. Por Resol. Jud. S/insc. Benefs.,Dependencia Federal,1
issste_derechohabientes__Padrón_de_Derechohabientes_Activos__julio__2__agregado.csv,2026,7,Puebla,H,Seguro de Invalidez y Vida,Organismo Descentralizado,1
issste_derechohabientes__Padrón_de_Derechohabientes_Activos__julio__2__agregado.csv,2026,7,Tabasco,M,Seguro de Salud (solo Servicio Medico),Gobierno Estatal,1
issste_derechohabientes__Padrón_de_Derechohabientes_Activos__julio__2__agregado.csv,2026,7,Baja California,M,Todos Los Seguros Prestaciones y Servicios,Poder Legislativo,1
issste_derechohabientes__Padrón_de_Derechohabientes_Activos__julio__2__agregado.csv,2026,7,Nayarit,H,Seg. Pens.; Seg. de Salud y Servs. de E.b.d.i. y Funerarios,Organismo Descentralizado,1
issste_derechohabientes__Padrón_de_Derechohabientes_Activos__julio__2__agregado.csv,2026,7,Morelos,M,Todos Los Seguros Prestaciones y Servicios,Municipio,1
issste_derechohabientes__Padrón_de_Derechohabientes_Activos__julio__2__agregado.csv,2026,7,Nayarit,H,Todos Los Seguros Prestaciones y Servicios,Municipio,1
issste_derechohabientes__Padrón_de_Derechohabientes_Activos__julio__2__agregado.csv,2026,7,Nayarit,H,Todos Los Seguros Prestaciones y Servicios,Empresa de Participacion Estatal,1
issste_derechohabientes__Padrón_de_Derechohabientes_Activos__julio__2__agregado.csv,2026,7,Nayarit,H,Seguro de Salud (solo Servicio Medico),Poder Legislativo,1
issste_derechohabientes__Padrón_de_Derechohabientes_Activos__julio__2__agregado.csv,2026,7,Chihuahua,M,Seguro de Salud (solo Servicio Medico),Dependencia Federal,1
issste_derechohabientes__Padrón_de_Derechohabientes_Activos__julio__2__agregado.csv,2026,7,Tabasco,H,Todos Los Seguros Prestaciones y Servicios,Poder Judicial,1
issste_derechohabientes__Padrón_de_Derechohabientes_Activos__julio__2__agregado.csv,2026,7,Tabasco,H,Todos Los Seguros Prestaciones y Servicios,Municipio,1
issste_derechohabientes__Padrón_de_Derechohabientes_Activos__julio__2__agregado.csv,2026,7,Tabasco,H,Todos Los Segs. Prest. y Servs. Con Subrog. del Seg.de Salud,Organismo Descentralizado,1
issste_derechohabientes__Padrón_de_Derechohabientes_Activos__julio__2__agregado.csv,2026,7,Tabasco,H,Solo Serv. Med. a Pens. Directos Con Cargo a Otras Entid.,Organismo Descentralizado,1
issste_derechohabientes__Padrón_de_Derechohabientes_Activos__julio__2__agregado.csv,2026,7,Nayarit,M,Todos Los Seguros Prestaciones y Servicios,Municipio,1
issste_derechohabientes__Padrón_de_Derechohabientes_Activos__julio__2__agregado.csv,2026,7,Nayarit,M,Todos Los Seguros Prestaciones y Servicios,Gobierno Estatal,1
issste_derechohabientes__Padrón_de_Derechohabientes_Activos__julio__2__agregado.csv,2026,7,Nayarit,M,Todos Los Segs. Prest. y Servs. Con Subrog. del Seg.de Salud,Organismo Descentralizado,1
issste_derechohabientes__Padrón_de_Derechohabientes_Activos__julio__2__agregado.csv,2026,7,Tamaulipas,H,Seguro de Salud (solo Servicio Medico),Dependencia Federal,1
issste_derechohabientes__Padrón_de_Derechohabientes_Activos__julio__2__agregado.csv,2026,7,Morelos,M,Seguro de Salud (solo Servicio Medico),Poder Legislativo,1
issste_derechohabientes__Padrón_de_Derechohabientes_Activos__julio__2__agregado.csv,2026,7,Morelos,M,Seguro de Salud (solo Servicio Medico),Poder Judicial,1
issste_derechohabientes__Padrón_de_Derechohabientes_Activos__julio__2__agregado.csv,2026,7,Guanajuato,M,Servicio Medico del Seguro de Salud y Sar,Organismo Descentralizado,1
issste_derechohabientes__Padrón_de_Derechohabientes_Activos__julio__2__agregado.csv,2026,7,Tamaulipas,H,Cvro. R.c.v. E Invalidez y Vida,Organismo Descentralizado,1
issste_derechohabientes__Padrón_de_Derechohabientes_Activos__julio__2__agregado.csv,2026,7,Sinaloa,H,Todos Los Seguros Prestaciones y Servicios,Poder Judicial,1
issste_derechohabientes__Padrón_de_Derechohabientes_Activos__julio__2__agregado.csv,2026,7,Coahuila,M,Todos Los Segs. Prest. y Servs. Con Subrog. del Seg.de Salud,Organismo Descentralizado,1
issste_derechohabientes__Padrón_de_Derechohabientes_Activos__julio__2__agregado.csv,2026,7,Por Corregir,M,Todos Los Seguros Prestaciones y Servicios,Organismo Autonomo,1
issste_derechohabientes__Padrón_de_Derechohabientes_Activos__julio__2__agregado.csv,2026,7,Por Corregir,M,Todos Los Seguros Prestaciones y Servicios,Dependencia Federal,1
issste_derechohabientes__Padrón_de_Derechohabientes_Activos__julio__2__agregado.csv,2026,7,Por Corregir,M,Seguro de Salud (solo Servicio Medico),Gobierno Estatal,1
issste_derechohabientes__Padrón_de_Derechohabientes_Activos__julio__2__agregado.csv,2026,7,Por Corregir,H,Todos Los Seguros Prestaciones y Servicios,Organismo Autonomo,1
issste_derechohabientes__Padrón_de_Derechohabientes_Activos__julio__2__agregado.csv,2026,7,Puebla,H,Solo Serv. Med. a Pens. Directos Con Cargo a Otras Entid.,Gobierno Estatal,1
issste_derechohabientes__Padrón_de_Derechohabientes_Activos__julio__2__agregado.csv,2026,7,Puebla,H,Serv. Med. a Pens. Ind. C/cgo. a Otras Ent. S/insc. Benefs.,Organismo Descentralizado,1
issste_derechohabientes__Padrón_de_Derechohabientes_Activos__julio__2__agregado.csv,2026,7,Puebla,H,Seguros de Salud(solo Servicio Medico)y de Riesgos del Trab.,Gobierno Estatal,1
issste_derechohabientes__Padrón_de_Derechohabientes_Activos__julio__2__agregado.csv,2026,7,Puebla,H,Seguros Pensionarios; Servicios de E.b.d.i. y Funerarios,Organismo Descentralizado,1
issste_derechohabientes__Padrón_de_Derechohabientes_Activos__julio__2__agregado.csv,2026,7,Puebla,H,Seguro de Salud (solo Servicio Medico),Organo Desconcentrado,1
issste_derechohabientes__Padrón_de_Derechohabientes_Activos__julio__2__agregado.csv,2026,7,Coahuila,M,Seguros Pensionarios; Servicios de E.b.d.i. y Funerarios,Organismo Descentralizado,1
issste_derechohabientes__Padrón_de_Derechohabientes_Activos__julio__2__agregado.csv,2026,7,Coahuila,M,Seguro de Salud (solo Servicio Medico),Agrupacion,1
issste_derechohabientes__Padrón_de_Derechohabientes_Activos__julio__2__agregado.csv,2026,7,Baja California Sur,M,Todos Los Segs. Prest. y Servs. Con Subrog. del Seg.de Salud,Organismo Descentralizado,1
issste_derechohabientes__Padrón_de_Derechohabientes_Activos__julio__2__agregado.csv,2026,7,Baja California Sur,M,Solo Serv. Med. a Pens. Directos Con Cargo a Otras Entid.,Organismo Descentralizado,1
issste_derechohabientes__Padrón_de_Derechohabientes_Activos__julio__2__agregado.csv,2026,7,San Luis Potosi,M,Todos Los Segs. Prest. y Servs. Con Subrog. del Seg.de Salud,Organismo Descentralizado,1
issste_derechohabientes__Padrón_de_Derechohabientes_Activos__julio__2__agregado.csv,2026,7,Colima,H,Seg. Pens.; Seg. de Salud y Servs. de E.b.d.i. y Funerarios,Organismo Descentralizado,1
issste_derechohabientes__Padrón_de_Derechohabientes_Activos__julio__2__agregado.csv,2026,7,Chiapas,H,Todos Los Segurosprestaciones y Servicios Excepto Fovissste,Municipio,1
issste_derechohabientes__Padrón_de_Derechohabientes_Activos__julio__2__agregado.csv,2026,7,Chiapas,H,Todos Los Seguros Prestaciones y Servicios,Municipio,1
issste_derechohabientes__Padrón_de_Derechohabientes_Activos__julio__2__agregado.csv,2026,7,Puebla,M,Serv. Med. a Pens. Ind. C/cgo. a Otras Ent. S/insc. Benefs.,Gobierno Estatal,1
issste_derechohabientes__Padrón_de_Derechohabientes_Activos__julio__2__agregado.csv,2026,7,Puebla,M,Seg.de Retirocesantia en Edad Avanzada y Vejez E Inv.y Vida,Dependencia Federal,1
issste_derechohabientes__Padrón_de_Derechohabientes_Activos__julio__2__agregado.csv,2026,7,Coahuila,M,Cvro. Salud y R.c.v.,Organismo Descentralizado,1
issste_derechohabientes__Padrón_de_Derechohabientes_Activos__julio__2__agregado.csv,2026,7,Morelos,H,Todos Los Seguros Prestaciones y Servicios,Municipio,1
issste_derechohabientes__Padrón_de_Derechohabientes_Activos__julio__2__agregado.csv,2026,7,Morelos,H,Todos Los Seguros Prestaciones y Servicios,Agrupacion,1
issste_derechohabientes__Padrón_de_Derechohabientes_Activos__julio__2__agregado.csv,2026,7,Morelos,H,Servicio Medico del Seguro de Salud y Sar,Poder Legislativo,1
issste_derechohabientes__Padrón_de_Derechohabientes_Activos__julio__2__agregado.csv,2026,7,Durango,M,Solo Serv. Med. a Pens. Directos Con Cargo a Otras Entid.,Organismo Descentralizado,1
issste_derechohabientes__Padrón_de_Derechohabientes_Activos__julio__2__agregado.csv,2026,7,Tamaulipas,H,Seguro de Salud (solo Servicio Medico),Municipio,1
issste_derechohabientes__Padrón_de_Derechohabientes_Activos__julio__2__agregado.csv,2026,7,Guerrero,H,Seg. Pens.; Seg. de Salud y Servs. de E.b.d.i. y Funerarios,Organismo Descentralizado,1
issste_derechohabientes__Padrón_de_Derechohabientes_Activos__julio__2__agregado.csv,2026,7,Guerrero,H,Cvro. Salud E Invalidez y Vida,Organismo Descentralizado,1
issste_derechohabientes__Padrón_de_Derechohabientes_Activos__julio__2__agregado.csv,2026,7,Guerrero,H,Cvro. R.c.v. E Invalidez y Vida,Organismo Descentralizado,1
issste_derechohabientes__Padrón_de_Derechohabientes_Activos__julio__2__agregado.csv,2026,7,Guanajuato,M,Todos Los Segs. Prest. y Servs. Con Subrog. del Seg.de Salud,Organismo Descentralizado,1
issste_derechohabientes__Padrón_de_Derechohabientes_Activos__julio__2__agregado.csv,2026,7,Baja California,H,Todos Los Segurosprestaciones y Servicios Excepto Fovissste,Municipio,1
issste_derechohabientes__Padrón_de_Derechohabientes_Activos__julio__2__agregado.csv,2026,7,Tamaulipas,M,Seguro de Salud (solo Servicio Medico),Organismo Autonomo,1
issste_derechohabientes__Padrón_de_Derechohabientes_Activos__julio__2__agregado.csv,2026,7,Tamaulipas,M,Seguro de Salud (solo Servicio Medico),Dependencia Federal,1
issste_derechohabientes__Padrón_de_Derechohabientes_Activos__julio__2__agregado.csv,2026,7,Tamaulipas,M,Cvro. R.c.v. E Invalidez y Vida,Organismo Descentralizado,1
issste_derechohabientes__Padrón_de_Derechohabientes_Activos__julio__2__agregado.csv,2026,7,Colima,M,Cvro. Salud y R.c.v.,Organismo Descentralizado,1
issste_derechohabientes__Padrón_de_Derechohabientes_Activos__julio__2__agregado.csv,2026,7,Morelos,H,Serv. Med. a Pens. Ind. C/cgo. a Otras Ent. S/insc. Benefs.,Organismo Descentralizado,1
issste_derechohabientes__Padrón_de_Derechohabientes_Activos__julio__2__agregado.csv,2026,7,Morelos,H,Serv. Med. a Pens. Ind. C/cgo. a Otras Ent. S/insc. Benefs.,Gobierno Estatal,1
issste_derechohabientes__Padrón_de_Derechohabientes_Activos__julio__2__agregado.csv,2026,7,Morelos,H,Serv. Med. a Pens. Ind. C/cgo. a Otras Ent. S/insc. Benefs.,Dependencia Federal,1
issste_derechohabientes__Padrón_de_Derechohabientes_Activos__julio__2__agregado.csv,2026,7,Chihuahua,M,Todos Los Segs. Prest. y Servs. Con Subrog. del Seg.de Salud,Organismo Descentralizado,1
issste_derechohabientes__Padrón_de_Derechohabientes_Activos__julio__2__agregado.csv,2026,7,Chihuahua,M,Seguros Pensionarios; Servicios de E.b.d.i. y Funerarios,Organismo Descentralizado,1
issste_derechohabientes__Padrón_de_Derechohabientes_Activos__julio__2__agregado.csv,2026,7,Morelos,H,Seguro de Salud (solo Servicio Medico),Poder Legislativo,1
issste_derechohabientes__Padrón_de_Derechohabientes_Activos__julio__2__agregado.csv,2026,7,Coahuila,M,Serv. Med. a Pens. Ind. C/cgo. a Otras Ent. S/insc. Benefs.,Organismo Descentralizado,1
issste_derechohabientes__Padrón_de_Derechohabientes_Activos__julio__2__agregado.csv,2026,7,Tlaxcala,H,Todos Los Segs. Prest. y Servs. Con Subrog. del Seg.de Salud,Organismo Descentralizado,1
issste_derechohabientes__Padrón_de_Derechohabientes_Activos__julio__2__agregado.csv,2026,7,Tlaxcala,H,Seguro de Salud (solo Servicio Medico),Municipio,1
issste_derechohabientes__Padrón_de_Derechohabientes_Activos__julio__2__agregado.csv,2026,7,Tlaxcala,H,Seg. Pens.; Seg. de Salud y Servs. de E.b.d.i. y Funerarios,Organismo Descentralizado,1
issste_derechohabientes__Padrón_de_Derechohabientes_Activos__julio__2__agregado.csv,2026,7,Morelos,H,Cvro. R.c.v. E Invalidez y Vida,Organismo Descentralizado,1
issste_derechohabientes__Padrón_de_Derechohabientes_Activos__julio__2__agregado.csv,2026,7,Michoacan,M,Todos Los Seguros Prestaciones y Servicios,Municipio,1
issste_derechohabientes__Padrón_de_Derechohabientes_Activos__julio__2__agregado.csv,2026,7,Michoacan,M,Servicio Medico del Seguro de Salud y Sar,Municipio,1
issste_derechohabientes__Padrón_de_Derechohabientes_Activos__julio__2__agregado.csv,2026,7,Michoacan,M,Serv. Med. a Pens. Ind. C/cgo. a Otras Ent. S/insc. Benefs.,Organismo Descentralizado,1
issste_derechohabientes__Padrón_de_Derechohabientes_Activos__julio__2__agregado.csv,2026,7,Michoacan,M,Seguros de Salud(solo Servicio Medico)y de Riesgos del Trab.,Gobierno Estatal,1
issste_derechohabientes__Padrón_de_Derechohabientes_Activos__julio__2__agregado.csv,2026,7,Michoacan,M,Seguro de Salud (solo Servicio Medico),Poder Judicial,1
issste_derechohabientes__Padrón_de_Derechohabientes_Activos__julio__2__agregado.csv,2026,7,Michoacan,M,Seguro de Salud (solo Servicio Medico),Dependencia Federal,1
issste_derechohabientes__Padrón_de_Derechohabientes_Activos__julio__2__agregado.csv,2026,7,Michoacan,M,Cvro. Salud y R.c.v.,Organismo Descentralizado,1
issste_derechohabientes__Padrón_de_Derechohabientes_Activos__julio__2__agregado.csv,2026,7,Tamaulipas,M,Solo Serv. Med. a Pens. Directos Con Cargo a Otras Entid.,Organismo Descentralizado,1
issste_derechohabientes__Padrón_de_Derechohabientes_Activos__julio__2__agregado.csv,2026,7,Baja California,M,Serv. Med. a Pens. Ind. C/cgo. a Otras Ent. S/insc. Benefs.,Dependencia Federal,1
issste_derechohabientes__Padrón_de_Derechohabientes_Activos__julio__2__agregado.csv,2026,7,Baja California,M,Seguro de Salud (solo Servicio Medico),Organismo Autonomo,1
issste_derechohabientes__Padrón_de_Derechohabientes_Activos__julio__2__agregado.csv,2026,7,Baja California,M,Seguro de Salud (solo Servicio Medico),Dependencia Federal,1
issste_derechohabientes__Padrón_de_Derechohabientes_Activos__julio__2__agregado.csv,2026,7,Guerrero,H,Servicio Medico del Seguro de Salud y Sar,Municipio,1
issste_derechohabientes__Padrón_de_Derechohabientes_Activos__julio__2__agregado.csv,2026,7,Tlaxcala,M,Fovissste y Retiro,Organismo Autonomo,1
issste_derechohabientes__Padrón_de_Derechohabientes_Activos__julio__2__agregado.csv,2026,7,Michoacan,H,Todos Los Seguros Prestaciones y Servicios,Poder Judicial,1
issste_derechohabientes__Padrón_de_Derechohabientes_Activos__julio__2__agregado.csv,2026,7,Ciudad de Mexico,H,Seguro de Salud (solo Servicio Medico),Organismo Autonomo,1
issste_derechohabientes__Padrón_de_Derechohabientes_Activos__julio__2__agregado.csv,2026,7,Ciudad de Mexico,H,Seg.de Retirocesantia en Edad Avanzada y Vejez E Inv.y Vida,Dependencia Federal,1
issste_derechohabientes__Padrón_de_Derechohabientes_Activos__julio__2__agregado.csv,2026,7,Tlaxcala,H,Todos Los Seguros Prestaciones y Servicios,Poder Judicial,1
issste_derechohabientes__Padrón_de_Derechohabientes_Activos__julio__2__agregado.csv,2026,7,Entidad Desconocida,H,Servicio Medico del Seguro de Salud y Sar,Municipio,1
issste_derechohabientes__Padrón_de_Derechohabientes_Activos__julio__2__agregado.csv,2026,7,Entidad Desconocida,H,Seguro de Salud (solo Servicio Medico),Poder Judicial,1
issste_derechohabientes__Padrón_de_Derechohabientes_Activos__julio__2__agregado.csv,2026,7,Entidad Desconocida,H,Seguro de Salud (solo Servicio Medico),Organismo Autonomo,1
issste_derechohabientes__Padrón_de_Derechohabientes_Activos__julio__2__agregado.csv,2026,7,San Luis Potosi,M,Seguros de Salud(solo Servicio Medico)y de Riesgos del Trab.,Gobierno Estatal,1
issste_derechohabientes__Padrón_de_Derechohabientes_Activos__julio__2__agregado.csv,2026,7,San Luis Potosi,M,Seguro de Salud (solo Servicio Medico),Dependencia Federal,1
issste_derechohabientes__Padrón_de_Derechohabientes_Activos__julio__2__agregado.csv,2026,7,Entidad Desconocida,M,Servicio Medico del Seguro de Salud y Sar,Poder Legislativo,1
issste_derechohabientes__Padrón_de_Derechohabientes_Activos__julio__2__agregado.csv,2026,7,Entidad Desconocida,M,Serv. Med. a Pens. Ind. C/cgo. a Otras Ent. S/insc. Benefs.,Gobierno Estatal,1
issste_derechohabientes__Padrón_de_Derechohabientes_Activos__julio__2__agregado.csv,2026,7,Entidad Desconocida,M,Seguro de Salud (solo Servicio Medico),Poder Judicial,1
issste_derechohabientes__Padrón_de_Derechohabientes_Activos__julio__2__agregado.csv,2026,7,San Luis Potosi,M,Cvro. R.c.v. E Invalidez y Vida,Organismo Descentralizado,1
issste_derechohabientes__Padrón_de_Derechohabientes_Activos__julio__2__agregado.csv,2026,7,San Luis Potosi,H,Todos Los Segs. Prest. y Servs. Con Subrog. del Seg.de Salud,Organismo Descentralizado,1
issste_derechohabientes__Padrón_de_Derechohabientes_Activos__julio__2__agregado.csv,2026,7,Campeche,H,Todos Los Segs. Prest. y Servs. Con Subrog. del Seg.de Salud,Organismo Descentralizado,1
issste_derechohabientes__Padrón_de_Derechohabientes_Activos__julio__2__agregado.csv,2026,7,Guerrero,H,Todos Los Seguros Prestaciones y Servicios,Poder Judicial,1
issste_derechohabientes__Padrón_de_Derechohabientes_Activos__julio__2__agregado.csv,2026,7,Campeche,H,Solo Serv. Med. a Pens. Directos Con Cargo a Otras Entid.,Organismo Descentralizado,1
issste_derechohabientes__Padrón_de_Derechohabientes_Activos__julio__2__agregado.csv,2026,7,Campeche,H,Solo Serv. Med. a Pens. Directos Con Cargo a Otras Entid.,Gobierno Estatal,1
issste_derechohabientes__Padrón_de_Derechohabientes_Activos__julio__2__agregado.csv,2026,7,Queretaro,H,Seguro de Invalidez y Vida,Organismo Descentralizado,1
issste_derechohabientes__Padrón_de_Derechohabientes_Activos__julio__2__agregado.csv,2026,7,Queretaro,H,Cvro. R.c.v.,Organismo Descentralizado,1
issste_derechohabientes__Padrón_de_Derechohabientes_Activos__julio__2__agregado.csv,2026,7,Puebla,M,Servicio Medico del Seguro de Salud y Sar,Organismo Descentralizado,1
issste_derechohabientes__Padrón_de_Derechohabientes_Activos__julio__2__agregado.csv,2026,7,Queretaro,M,Seguro de Salud (solo Servicio Medico),Organismo Autonomo,1
issste_derechohabientes__Padrón_de_Derechohabientes_Activos__julio__2__agregado.csv,2026,7,Queretaro,M,Seguro de Salud (solo Servicio Medico),Agrupacion,1
issste_derechohabientes__Padrón_de_Derechohabientes_Activos__julio__2__agregado.csv,2026,7,Queretaro,H,Seguros de Salud(solo Servicio Medico)y de Riesgos del Trab.,Gobierno Estatal,1
issste_derechohabientes__Padrón_de_Derechohabientes_Activos__julio__2__agregado.csv,2026,7,San Luis Potosi,H,Solo Serv. Med. a Pens. Directos Con Cargo a Otras Entid.,Gobierno Estatal,1
issste_derechohabientes__Padrón_de_Derechohabientes_Activos__julio__2__agregado.csv,2026,7,San Luis Potosi,H,Serv. Med. a Pens. Ind. C/cgo. a Otras Ent. S/insc. Benefs.,Organismo Descentralizado,1
issste_derechohabientes__Padrón_de_Derechohabientes_Activos__julio__2__agregado.csv,2026,7,Michoacan,H,Serv. Med. a Pens. Ind. C/cgo. a Otras Ent. S/insc. Benefs.,Organismo Descentralizado,1
issste_derechohabientes__Padrón_de_Derechohabientes_Activos__julio__2__agregado.csv,2026,7,Veracruz,H,Cvro. R.c.v. E Invalidez y Vida,Organismo Descentralizado,1
issste_derechohabientes__Padrón_de_Derechohabientes_Activos__julio__2__agregado.csv,2026,7,Tlaxcala,M,Todos Los Seguros Prestaciones y Servicios,Poder Judicial,1
issste_derechohabientes__Padrón_de_Derechohabientes_Activos__julio__2__agregado.csv,2026,7,Tlaxcala,M,Serv. Med. a Benef. Por Resol. Jud. S/insc. Benefs.,Dependencia Federal,1
issste_derechohabientes__Padrón_de_Derechohabientes_Activos__julio__2__agregado.csv,2026,7,Tlaxcala,M,Seg. Pens.; Seg. de Salud y Servs. de E.b.d.i. y Funerarios,Organismo Descentralizado,1
issste_derechohabientes__Padrón_de_Derechohabientes_Activos__julio__2__agregado.csv,2026,7,Mexico,M,Seguro de Salud (solo Servicio Medico),Poder Legislativo,1
issste_derechohabientes__Padrón_de_Derechohabientes_Activos__julio__2__agregado.csv,2026,7,Mexico,M,Seguro de Salud (solo Servicio Medico),Poder Judicial,1
issste_derechohabientes__Padrón_de_Derechohabientes_Activos__julio__2__agregado.csv,2026,7,Mexico,M,Seguro de Salud (solo Servicio Medico),Organismo Autonomo,1
issste_derechohabientes__Padrón_de_Derechohabientes_Activos__julio__2__agregado.csv,2026,7,Michoacan,H,Serv. Med. a Pens. Ind. C/cgo. a Otras Ent. S/insc. Benefs.,Dependencia Federal,1
issste_derechohabientes__Padrón_de_Derechohabientes_Activos__julio__2__agregado.csv,2026,7,Michoacan,H,Seguros de Salud(solo Servicio Medico)y de Riesgos del Trab.,Gobierno Estatal,1
issste_derechohabientes__Padrón_de_Derechohabientes_Activos__julio__2__agregado.csv,2026,7,Michoacan,H,Seguro de Salud (solo Servicio Medico),Poder Judicial,1
issste_derechohabientes__Padrón_de_Derechohabientes_Activos__julio__2__agregado.csv,2026,7,Mexico,M,Todos Los Segurosprestaciones y Servicios Excepto Fovissste,Municipio,1
issste_derechohabientes__Padrón_de_Derechohabientes_Activos__julio__2__agregado.csv,2026,7,Mexico,M,Servicio Medico del Seguro de Salud y Sar,Poder Legislativo,1
issste_derechohabientes__Padrón_de_Derechohabientes_Activos__julio__2__agregado.csv,2026,7,Durango,H,Todos Los Seguros Prestaciones y Servicios,Empresa de Participacion Estatal,1
issste_derechohabientes__Padrón_de_Derechohabientes_Activos__julio__2__agregado.csv,2026,7,Durango,H,Solo Serv. Med. a Pens. Directos Con Cargo a Otras Entid.,Organismo Descentralizado,1
issste_derechohabientes__Padrón_de_Derechohabientes_Activos__julio__2__agregado.csv,2026,7,Durango,H,Servicio Medico del Seguro de Salud y Sar,Organismo Descentralizado,1
issste_derechohabientes__Padrón_de_Derechohabientes_Activos__julio__2__agregado.csv,2026,7,Durango,H,Serv. Med. a Pens. Ind. C/cgo. a Otras Ent. S/insc. Benefs.,Dependencia Federal,1
issste_derechohabientes__Padrón_de_Derechohabientes_Activos__julio__2__agregado.csv,2026,7,Durango,H,Seguro de Salud (solo Servicio Medico),Dependencia Federal,1
issste_derechohabientes__Padrón_de_Derechohabientes_Activos__julio__2__agregado.csv,2026,7,Guerrero,M,Seguro de Salud (solo Servicio Medico),Dependencia Federal,1
issste_derechohabientes__Padrón_de_Derechohabientes_Activos__julio__2__agregado.csv,2026,7,Guerrero,M,Fovissste y Retiro,Organismo Autonomo,1
issste_derechohabientes__Padrón_de_Derechohabientes_Activos__julio__2__agregado.csv,2026,7,Guerrero,M,Cvro. Salud R.c.v. E Invalidez y Vida,Organismo Descentralizado,1
issste_derechohabientes__Padrón_de_Derechohabientes_Activos__julio__2__agregado.csv,2026,7,San Luis Potosi,H,Seguro de Salud (solo Servicio Medico),Municipio,1
issste_derechohabientes__Padrón_de_Derechohabientes_Activos__julio__2__agregado.csv,2026,7,San Luis Potosi,H,Cvro. R.c.v. E Invalidez y Vida,Organismo Descentralizado,1
issste_derechohabientes__Padrón_de_Derechohabientes_Activos__julio__2__agregado.csv,2026,7,Quintana Roo,M,Todos Los Segs. Prest. y Servs. Con Subrog. del Seg.de Salud,Organismo Descentralizado,1
issste_derechohabientes__Padrón_de_Derechohabientes_Activos__julio__2__agregado.csv,2026,7,Queretaro,M,Todos Los Seguros Prestaciones y Servicios,Poder Judicial,1
issste_derechohabientes__Padrón_de_Derechohabientes_Activos__julio__2__agregado.csv,2026,7,Queretaro,M,Serv. Med. a Pens. Ind. C/cgo. a Otras Ent. S/insc. Benefs.,Gobierno Estatal,1
issste_derechohabientes__Padrón_de_Derechohabientes_Activos__julio__2__agregado.csv,2026,7,Chiapas,H,Seguro de Salud (solo Servicio Medico),Dependencia Federal,1
issste_derechohabientes__Padrón_de_Derechohabientes_Activos__julio__2__agregado.csv,2026,7,Quintana Roo,H,Todos Los Seguros Prestaciones y Servicios,Agrupacion,1
issste_derechohabientes__Padrón_de_Derechohabientes_Activos__julio__2__agregado.csv,2026,7,Quintana Roo,H,Serv. Med. a Pens. Ind. C/cgo. a Otras Ent. S/insc. Benefs.,Organismo Descentralizado,1
issste_derechohabientes__Padrón_de_Derechohabientes_Activos__julio__2__agregado.csv,2026,7,Quintana Roo,H,Seg. Pens.; Seg. de Salud y Servs. de E.b.d.i. y Funerarios,Organismo Descentralizado,1
issste_derechohabientes__Padrón_de_Derechohabientes_Activos__julio__2__agregado.csv,2026,7,Quintana Roo,H,Cvro. Salud E Invalidez y Vida,Organismo Descentralizado,1
issste_derechohabientes__Padrón_de_Derechohabientes_Activos__julio__2__agregado.csv,2026,7,Baja California,H,Solo Serv. Med. a Pens. Directos Con Cargo a Otras Entid.,Gobierno Estatal,1
issste_derechohabientes__Padrón_de_Derechohabientes_Activos__julio__2__agregado.csv,2026,7,Baja California,H,Seguro de Salud (solo Servicio Medico),Municipio,1
issste_derechohabientes__Padrón_de_Derechohabientes_Activos__julio__2__agregado.csv,2026,7,Mexico,M,Serv. Med. a Pens. Ind. C/cgo. a Otras Ent. S/insc. Benefs.,Dependencia Federal,1
issste_derechohabientes__Padrón_de_Derechohabientes_Activos__julio__2__agregado.csv,2026,7,Mexico,M,Serv. Med. a Benef. Por Resol. Jud. S/insc. Benefs.,Organismo Descentralizado,1
issste_derechohabientes__Padrón_de_Derechohabientes_Activos__julio__2__agregado.csv,2026,7,Ciudad de Mexico,H,Serv. Med. a Pens. Ind. C/cgo. a Otras Ent. S/insc. Benefs.,Dependencia Federal,1
issste_derechohabientes__Padrón_de_Derechohabientes_Activos__julio__2__agregado.csv,2026,7,Ciudad de Mexico,H,Serv. Med. a Benef. Por Resol. Jud. S/insc. Benefs.,Organismo Autonomo,1
issste_derechohabientes__Padrón_de_Derechohabientes_Activos__julio__2__agregado.csv,2026,7,Guerrero,M,Todos Los Seguros Prestaciones y Servicios,Municipio,1
issste_derechohabientes__Padrón_de_Derechohabientes_Activos__julio__2__agregado.csv,2026,7,Ciudad de Mexico,M,Seguro de Salud (solo Servicio Medico),Organo Desconcentrado,1
issste_derechohabientes__Padrón_de_Derechohabientes_Activos__julio__2__agregado.csv,2026,7,Coahuila,H,Serv. Med. a Pens. Ind. C/cgo. a Otras Ent. S/insc. Benefs.,Organismo Descentralizado,1
issste_derechohabientes__Padrón_de_Derechohabientes_Activos__julio__2__agregado.csv,2026,7,Coahuila,H,Seguros Pensionarios; Servicios de E.b.d.i. y Funerarios,Organismo Descentralizado,1
issste_derechohabientes__Padrón_de_Derechohabientes_Activos__julio__2__agregado.csv,2026,7,Mexico,H,Seguros de Salud(solo Servicio Medico)y de Riesgos del Trab.,Organismo Descentralizado,1
issste_derechohabientes__Padrón_de_Derechohabientes_Activos__julio__2__agregado.csv,2026,7,Mexico,H,Seguro de Salud (solo Servicio Medico),Organismo Autonomo,1
issste_derechohabientes__Padrón_de_Derechohabientes_Activos__julio__2__agregado.csv,2026,7,Ciudad de Mexico,M,Serv. Med. a Benef. Por Resol. Jud. S/insc. Benefs.,Organismo Autonomo,1
issste_derechohabientes__Padrón_de_Derechohabientes_Activos__julio__2__agregado.csv,2026,7,Aguascalientes,M,Todos Los Seguros Prestaciones y Servicios,Poder Judicial,1
issste_derechohabientes__Padrón_de_Derechohabientes_Activos__julio__2__agregado.csv,2026,7,Aguascalientes,M,Solo Serv. Med. a Pens. Directos Con Cargo a Otras Entid.,Gobierno Estatal,1
issste_derechohabientes__Padrón_de_Derechohabientes_Activos__julio__2__agregado.csv,2026,7,Veracruz,M,Serv. Med. a Pens. Ind. C/cgo. a Otras Ent. S/insc. Benefs.,Dependencia Federal,1
issste_derechohabientes__Padrón_de_Derechohabientes_Activos__julio__2__agregado.csv,2026,7,Veracruz,M,Cvro. Salud E Invalidez y Vida,Organismo Descentralizado,1
issste_derechohabientes__Padrón_de_Derechohabientes_Activos__julio__2__agregado.csv,2026,7,Ciudad de Mexico,M,Fovissste y Retiro,Organismo Autonomo,1
issste_derechohabientes__Padrón_de_Derechohabientes_Activos__julio__2__agregado.csv,2026,7,Ciudad de Mexico,H,Todos Los Segurosprestaciones y Servicios Excepto Fovissste,Municipio,1
issste_derechohabientes__Padrón_de_Derechohabientes_Activos__julio__2__agregado.csv,2026,7,Coahuila,H,Todos Los Segs. Prest. y Servs. Con Subrog. del Seg.de Salud,Organismo Descentralizado,1
issste_derechohabientes__Padrón_de_Derechohabientes_Activos__julio__2__agregado.csv,2026,7,Baja California,H,Todos Los Seguros Prestaciones y Servicios,Municipio,1
issste_derechohabientes__Padrón_de_Derechohabientes_Activos__julio__2__agregado.csv,2026,7,San Luis Potosi,H,Seguro de Salud (solo Servicio Medico),Organismo Autonomo,1
issste_derechohabientes__Padrón_de_Derechohabientes_Activos__julio__2__agregado.csv,2026,7,Ciudad de Mexico,M,Servicio Medico del Seguro de Salud y Sar,Municipio,1
issste_derechohabientes__Padrón_de_Derechohabientes_Activos__julio__2__agregado.csv,2026,7,Jalisco,H,Seguro de Salud (solo Servicio Medico),Poder Legislativo,1
issste_derechohabientes__Padrón_de_Derechohabientes_Activos__julio__2__agregado.csv,2026,7,Jalisco,H,Seguro de Invalidez y Vida,Organismo Descentralizado,1
issste_derechohabientes__Padrón_de_Derechohabientes_Activos__julio__2__agregado.csv,2026,7,Ciudad de Mexico,M,Servicio Medico del Seguro de Salud y Sar,Poder Legislativo,1
issste_derechohabientes__Padrón_de_Derechohabientes_Activos__julio__2__agregado.csv,2026,7,Aguascalientes,H,Seguros de Salud(solo Servicio Medico)y de Riesgos del Trab.,Gobierno Estatal,1
issste_derechohabientes__Padrón_de_Derechohabientes_Activos__julio__2__agregado.csv,2026,7,Hidalgo,M,Cvro. Salud E Invalidez y Vida,Organismo Descentralizado,1
issste_derechohabientes__Padrón_de_Derechohabientes_Activos__julio__2__agregado.csv,2026,7,Colima,H,Seguros de Salud(solo Servicio Medico)y de Riesgos del Trab.,Gobierno Estatal,1
issste_derechohabientes__Padrón_de_Derechohabientes_Activos__julio__2__agregado.csv,2026,7,Colima,H,Seguro de Salud (solo Servicio Medico),Dependencia Federal,1
issste_derechohabientes__Padrón_de_Derechohabientes_Activos__julio__2__agregado.csv,2026,7,Quintana Roo,M,Cvro. Salud E Invalidez y Vida,Organismo Descentralizado,1
issste_derechohabientes__Padrón_de_Derechohabientes_Activos__julio__2__agregado.csv,2026,7,Yucatan,M,Todos Los Segs. Prest. y Servs. Con Subrog. del Seg.de Salud,Organismo Descentralizado,1
issste_derechohabientes__Padrón_de_Derechohabientes_Activos__julio__2__agregado.csv,2026,7,Yucatan,M,Solo Serv. Med. a Pens. Directos Con Cargo a Otras Entid.,Gobierno Estatal,1
issste_derechohabientes__Padrón_de_Derechohabientes_Activos__julio__2__agregado.csv,2026,7,Yucatan,M,Serv. Med. a Pens. Ind. C/cgo. a Otras Ent. S/insc. Benefs.,Gobierno Estatal,1
issste_derechohabientes__Padrón_de_Derechohabientes_Activos__julio__2__agregado.csv,2026,7,Yucatan,M,Seguro de Salud (solo Servicio Medico),Organismo Autonomo,1
issste_derechohabientes__Padrón_de_Derechohabientes_Activos__julio__2__agregado.csv,2026,7,Mexico,H,Seguro de Invalidez y Vida,Organismo Descentralizado,1
issste_derechohabientes__Padrón_de_Derechohabientes_Activos__julio__2__agregado.csv,2026,7,Jalisco,M,Todos Los Seguros Prestaciones y Servicios,Municipio,1
issste_derechohabientes__Padrón_de_Derechohabientes_Activos__julio__2__agregado.csv,2026,7,Jalisco,M,Todos Los Seguros Prestaciones y Servicios,Empresa de Participacion Estatal,1
issste_derechohabientes__Padrón_de_Derechohabientes_Activos__julio__2__agregado.csv,2026,7,Yucatan,H,Todos Los Segs. Prest. y Servs. Con Subrog. del Seg.de Salud,Organismo Descentralizado,1
issste_derechohabientes__Padrón_de_Derechohabientes_Activos__julio__2__agregado.csv,2026,7,Yucatan,H,Seguro de Salud (solo Servicio Medico),Gobierno Estatal,1
issste_derechohabientes__Padrón_de_Derechohabientes_Activos__julio__2__agregado.csv,2026,7,Hidalgo,H,Todos Los Seguros Prestaciones y Servicios,Municipio,1
issste_derechohabientes__Padrón_de_Derechohabientes_Activos__julio__2__agregado.csv,2026,7,Hidalgo,H,Serv. Med. a Pens. Ind. C/cgo. a Otras Ent. S/insc. Benefs.,Organismo Descentralizado,1
issste_derechohabientes__Padrón_de_Derechohabientes_Activos__julio__2__agregado.csv,2026,7,Jalisco,H,Todos Los Seguros Prestaciones y Servicios,Poder Judicial,1
issste_derechohabientes__Padrón_de_Derechohabientes_Activos__julio__2__agregado.csv,2026,7,Ciudad de Mexico,M,Seguro de Invalidez y Vida,Organismo Descentralizado,1
issste_derechohabientes__Padrón_de_Derechohabientes_Activos__julio__2__agregado.csv,2026,7,Campeche,M,Cvro. R.c.v.,Organismo Descentralizado,1
issste_derechohabientes__Padrón_de_Derechohabientes_Activos__julio__2__agregado.csv,2026,7,Entidad Desconocida,M,Fovissste y Retiro,Organismo Autonomo,1
issste_derechohabientes__Padrón_de_Derechohabientes_Activos__julio__2__agregado.csv,2026,7,Entidad Desconocida,M,Cvro. Salud E Invalidez y Vida,Organismo Descentralizado,1
issste_derechohabientes__Padrón_de_Derechohabientes_Activos__julio__2__agregado.csv,2026,7,Colima,H,Todos Los Seguros Prestaciones y Servicios,Empresa de Participacion Estatal,1
issste_derechohabientes__Padrón_de_Derechohabientes_Activos__julio__2__agregado.csv,2026,7,Colima,H,Solo Serv. Med. a Pens. Directos Con Cargo a Otras Entid.,Organismo Descentralizado,1
issste_derechohabientes__Padrón_de_Derechohabientes_Activos__julio__2__agregado.csv,2026,7,Yucatan,M,Seguro de Salud (solo Servicio Medico),Dependencia Federal,1
issste_derechohabientes__Padrón_de_Derechohabientes_Activos__julio__2__agregado.csv,2026,7,Hidalgo,M,Cvro. R.c.v. E Invalidez y Vida,Organismo Descentralizado,1
issste_derechohabientes__Padrón_de_Derechohabientes_Activos__julio__2__agregado.csv,2026,7,Coahuila,H,Seguro de Salud (solo Servicio Medico),Dependencia Federal,1
issste_derechohabientes__Padrón_de_Derechohabientes_Activos__julio__2__agregado.csv,2026,7,Coahuila,H,Seguro de Invalidez y Vida,Organismo Descentralizado,1
issste_derechohabientes__Padrón_de_Derechohabientes_Activos__julio__2__agregado.csv,2026,7,Coahuila,H,Cvro. Salud y R.c.v.,Organismo Descentralizado,1
