archivo_origen,CVEENT,entidad,beneficiarios,intervenciones,dependencias,padrones,programas,periodo,periodo_cve,trimestre,anio,fecha,entidad_etiqueta,entidad_etq
bienestar_padron_unico__Padrón_único_de_beneficiarios_consolidado_po.csv,1,AGUASCALIENTES,166587,1851607.0,4,7,6,Trimestre : Enero - Marzo 2019 / Corte : 231030,2019T1,Enero-Marzo,2019,2019-03-31,AGUASCALIENTES,Aguascalientes
bienestar_padron_unico__Padrón_único_de_beneficiarios_consolidado_po.csv,2,BAJA CALIFORNIA,315362,1753509.0,5,8,7,Trimestre : Enero - Marzo 2019 / Corte : 231030,2019T1,Enero-Marzo,2019,2019-03-31,BAJA CALIFORNIA,Baja California
bienestar_padron_unico__Padrón_único_de_beneficiarios_consolidado_po.csv,3,BAJA CALIFORNIA SUR,84461,1088554.0,4,6,6,Trimestre : Enero - Marzo 2019 / Corte : 231030,2019T1,Enero-Marzo,2019,2019-03-31,BAJA CALIFORNIA SUR,Baja California Sur
bienestar_padron_unico__Padrón_único_de_beneficiarios_consolidado_po.csv,4,CAMPECHE,262747,1274514.0,6,10,9,Trimestre : Enero - Marzo 2019 / Corte : 231030,2019T1,Enero-Marzo,2019,2019-03-31,CAMPECHE,Campeche
bienestar_padron_unico__Padrón_único_de_beneficiarios_consolidado_po.csv,5,COAHUILA DE ZARAGOZA,532366,2272147.0,5,8,7,Trimestre : Enero - Marzo 2019 / Corte : 231030,2019T1,Enero-Marzo,2019,2019-03-31,COAHUILA,Coahuila
bienestar_padron_unico__Padrón_único_de_beneficiarios_consolidado_po.csv,6,COLIMA,106457,1061016.0,5,9,8,Trimestre : Enero - Marzo 2019 / Corte : 231030,2019T1,Enero-Marzo,2019,2019-03-31,COLIMA,Colima
bienestar_padron_unico__Padrón_único_de_beneficiarios_consolidado_po.csv,7,CHIAPAS,2757506,8945080.0,6,9,9,Trimestre : Enero - Marzo 2019 / Corte : 231030,2019T1,Enero-Marzo,2019,2019-03-31,CHIAPAS,Chiapas
bienestar_padron_unico__Padrón_único_de_beneficiarios_consolidado_po.csv,8,CHIHUAHUA,597040,3540028.0,6,9,8,Trimestre : Enero - Marzo 2019 / Corte : 231030,2019T1,Enero-Marzo,2019,2019-03-31,CHIHUAHUA,Chihuahua
bienestar_padron_unico__Padrón_único_de_beneficiarios_consolidado_po.csv,9,CIUDAD DE MÉXICO,1632578,33391974.0,5,9,8,Trimestre : Enero - Marzo 2019 / Corte : 231030,2019T1,Enero-Marzo,2019,2019-03-31,CIUDAD DE MÉXICO,Ciudad de México
bienestar_padron_unico__Padrón_único_de_beneficiarios_consolidado_po.csv,10,DURANGO,593187,4609240.0,7,9,9,Trimestre : Enero - Marzo 2019 / Corte : 231030,2019T1,Enero-Marzo,2019,2019-03-31,DURANGO,Durango
bienestar_padron_unico__Padrón_único_de_beneficiarios_consolidado_po.csv,11,GUANAJUATO,852321,9443495.0,4,7,6,Trimestre : Enero - Marzo 2019 / Corte : 231030,2019T1,Enero-Marzo,2019,2019-03-31,GUANAJUATO,Guanajuato
bienestar_padron_unico__Padrón_único_de_beneficiarios_consolidado_po.csv,12,GUERRERO,886132,8435236.0,6,10,9,Trimestre : Enero - Marzo 2019 / Corte : 231030,2019T1,Enero-Marzo,2019,2019-03-31,GUERRERO,Guerrero
bienestar_padron_unico__Padrón_único_de_beneficiarios_consolidado_po.csv,13,HIDALGO,1176883,7878734.0,7,12,12,Trimestre : Enero - Marzo 2019 / Corte : 231030,2019T1,Enero-Marzo,2019,2019-03-31,HIDALGO,Hidalgo
bienestar_padron_unico__Padrón_único_de_beneficiarios_consolidado_po.csv,14,JALISCO,1055835,13028620.0,7,10,9,Trimestre : Enero - Marzo 2019 / Corte : 231030,2019T1,Enero-Marzo,2019,2019-03-31,JALISCO,Jalisco
bienestar_padron_unico__Padrón_único_de_beneficiarios_consolidado_po.csv,15,MÉXICO,3588208,69094501.0,7,11,10,Trimestre : Enero - Marzo 2019 / Corte : 231030,2019T1,Enero-Marzo,2019,2019-03-31,ESTADO DE MÉXICO,Estado de México
bienestar_padron_unico__Padrón_único_de_beneficiarios_consolidado_po.csv,16,MICHOACÁN DE OCAMPO,1871852,10637966.0,5,8,7,Trimestre : Enero - Marzo 2019 / Corte : 231030,2019T1,Enero-Marzo,2019,2019-03-31,MICHOACÁN,Michoacán
bienestar_padron_unico__Padrón_único_de_beneficiarios_consolidado_po.csv,17,MORELOS,324537,4211200.0,5,8,7,Trimestre : Enero - Marzo 2019 / Corte : 231030,2019T1,Enero-Marzo,2019,2019-03-31,MORELOS,Morelos
bienestar_padron_unico__Padrón_único_de_beneficiarios_consolidado_po.csv,18,NAYARIT,400350,4343031.0,6,9,8,Trimestre : Enero - Marzo 2019 / Corte : 231030,2019T1,Enero-Marzo,2019,2019-03-31,NAYARIT,Nayarit
bienestar_padron_unico__Padrón_único_de_beneficiarios_consolidado_po.csv,19,NUEVO LEÓN,420161,2069751.0,6,9,8,Trimestre : Enero - Marzo 2019 / Corte : 231030,2019T1,Enero-Marzo,2019,2019-03-31,NUEVO LEÓN,Nuevo León
bienestar_padron_unico__Padrón_único_de_beneficiarios_consolidado_po.csv,20,OAXACA,1924463,7518938.0,5,8,7,Trimestre : Enero - Marzo 2019 / Corte : 231030,2019T1,Enero-Marzo,2019,2019-03-31,OAXACA,Oaxaca
bienestar_padron_unico__Padrón_único_de_beneficiarios_consolidado_po.csv,21,PUEBLA,2021173,8773825.0,5,9,8,Trimestre : Enero - Marzo 2019 / Corte : 231030,2019T1,Enero-Marzo,2019,2019-03-31,PUEBLA,Puebla
bienestar_padron_unico__Padrón_único_de_beneficiarios_consolidado_po.csv,22,QUERÉTARO,266890,3154270.0,5,8,7,Trimestre : Enero - Marzo 2019 / Corte : 231030,2019T1,Enero-Marzo,2019,2019-03-31,QUERÉTARO,Querétaro
bienestar_padron_unico__Padrón_único_de_beneficiarios_consolidado_po.csv,23,QUINTANA ROO,132812,1285958.0,11,18,18,Trimestre : Enero - Marzo 2019 / Corte : 231030,2019T1,Enero-Marzo,2019,2019-03-31,QUINTANA ROO,Quintana Roo
bienestar_padron_unico__Padrón_único_de_beneficiarios_consolidado_po.csv,24,SAN LUIS POTOSÍ,1074255,5669565.0,5,8,7,Trimestre : Enero - Marzo 2019 / Corte : 231030,2019T1,Enero-Marzo,2019,2019-03-31,SAN LUIS POTOSÍ,San Luis Potosí
bienestar_padron_unico__Padrón_único_de_beneficiarios_consolidado_po.csv,25,SINALOA,672966,3557862.0,5,8,7,Trimestre : Enero - Marzo 2019 / Corte : 231030,2019T1,Enero-Marzo,2019,2019-03-31,SINALOA,Sinaloa
bienestar_padron_unico__Padrón_único_de_beneficiarios_consolidado_po.csv,26,SONORA,294883,2235917.0,6,9,8,Trimestre : Enero - Marzo 2019 / Corte : 231030,2019T1,Enero-Marzo,2019,2019-03-31,SONORA,Sonora
bienestar_padron_unico__Padrón_único_de_beneficiarios_consolidado_po.csv,27,TABASCO,309576,2469470.0,5,9,8,Trimestre : Enero - Marzo 2019 / Corte : 231030,2019T1,Enero-Marzo,2019,2019-03-31,TABASCO,Tabasco
bienestar_padron_unico__Padrón_único_de_beneficiarios_consolidado_po.csv,28,TAMAULIPAS,591326,2105620.0,5,8,7,Trimestre : Enero - Marzo 2019 / Corte : 231030,2019T1,Enero-Marzo,2019,2019-03-31,TAMAULIPAS,Tamaulipas
bienestar_padron_unico__Padrón_único_de_beneficiarios_consolidado_po.csv,29,TLAXCALA,220096,3050489.0,4,7,6,Trimestre : Enero - Marzo 2019 / Corte : 231030,2019T1,Enero-Marzo,2019,2019-03-31,TLAXCALA,Tlaxcala
bienestar_padron_unico__Padrón_único_de_beneficiarios_consolidado_po.csv,30,VERACRUZ DE IGNACIO DE LA LLAVE,2511154,8728181.0,6,10,9,Trimestre : Enero - Marzo 2019 / Corte : 231030,2019T1,Enero-Marzo,2019,2019-03-31,VERACRUZ,Veracruz
bienestar_padron_unico__Padrón_único_de_beneficiarios_consolidado_po.csv,31,YUCATÁN,718378,2736178.0,6,10,9,Trimestre : Enero - Marzo 2019 / Corte : 231030,2019T1,Enero-Marzo,2019,2019-03-31,YUCATÁN,Yucatán
bienestar_padron_unico__Padrón_único_de_beneficiarios_consolidado_po.csv,32,ZACATECAS,717008,5094802.0,5,7,7,Trimestre : Enero - Marzo 2019 / Corte : 231030,2019T1,Enero-Marzo,2019,2019-03-31,ZACATECAS,Zacatecas
bienestar_padron_unico__Padrón_único_de_beneficiarios_consolidado_po.csv,99,NO ESPECIFICADO,13,36.0,2,2,2,Trimestre : Enero - Marzo 2019 / Corte : 231030,2019T1,Enero-Marzo,2019,2019-03-31,NO ESPECIFICADO,No Especificado
bienestar_padron_unico__Padrón_único_de_beneficiarios_consolidado_po.csv,1,AGUASCALIENTES,196341,2167149.0,7,12,11,Trimestre : Abril - Junio 2019 / Corte : 231030,2019T2,Abril-Junio,2019,2019-06-30,AGUASCALIENTES,Aguascalientes
bienestar_padron_unico__Padrón_único_de_beneficiarios_consolidado_po.csv,2,BAJA CALIFORNIA,396148,2538379.0,7,19,14,Trimestre : Abril - Junio 2019 / Corte : 231030,2019T2,Abril-Junio,2019,2019-06-30,BAJA CALIFORNIA,Baja California
bienestar_padron_unico__Padrón_único_de_beneficiarios_consolidado_po.csv,3,BAJA CALIFORNIA SUR,120424,1345102.0,7,13,12,Trimestre : Abril - Junio 2019 / Corte : 231030,2019T2,Abril-Junio,2019,2019-06-30,BAJA CALIFORNIA SUR,Baja California Sur
bienestar_padron_unico__Padrón_único_de_beneficiarios_consolidado_po.csv,4,CAMPECHE,313863,1780670.0,7,17,13,Trimestre : Abril - Junio 2019 / Corte : 231030,2019T2,Abril-Junio,2019,2019-06-30,CAMPECHE,Campeche
bienestar_padron_unico__Padrón_único_de_beneficiarios_consolidado_po.csv,5,COAHUILA DE ZARAGOZA,592134,3106042.0,8,14,13,Trimestre : Abril - Junio 2019 / Corte : 231030,2019T2,Abril-Junio,2019,2019-06-30,COAHUILA,Coahuila
bienestar_padron_unico__Padrón_único_de_beneficiarios_consolidado_po.csv,6,COLIMA,130189,1286843.0,8,15,14,Trimestre : Abril - Junio 2019 / Corte : 231030,2019T2,Abril-Junio,2019,2019-06-30,COLIMA,Colima
bienestar_padron_unico__Padrón_único_de_beneficiarios_consolidado_po.csv,7,CHIAPAS,3108126,11917860.0,8,19,15,Trimestre : Abril - Junio 2019 / Corte : 231030,2019T2,Abril-Junio,2019,2019-06-30,CHIAPAS,Chiapas
bienestar_padron_unico__Padrón_único_de_beneficiarios_consolidado_po.csv,8,CHIHUAHUA,754946,4723438.0,8,19,14,Trimestre : Abril - Junio 2019 / Corte : 231030,2019T2,Abril-Junio,2019,2019-06-30,CHIHUAHUA,Chihuahua
bienestar_padron_unico__Padrón_único_de_beneficiarios_consolidado_po.csv,9,CIUDAD DE MÉXICO,2198303,36453059.0,7,18,14,Trimestre : Abril - Junio 2019 / Corte : 231030,2019T2,Abril-Junio,2019,2019-06-30,CIUDAD DE MÉXICO,Ciudad de México
bienestar_padron_unico__Padrón_único_de_beneficiarios_consolidado_po.csv,10,DURANGO,672579,5336894.0,8,18,14,Trimestre : Abril - Junio 2019 / Corte : 231030,2019T2,Abril-Junio,2019,2019-06-30,DURANGO,Durango
bienestar_padron_unico__Padrón_único_de_beneficiarios_consolidado_po.csv,11,GUANAJUATO,978440,11252348.0,7,15,12,Trimestre : Abril - Junio 2019 / Corte : 231030,2019T2,Abril-Junio,2019,2019-06-30,GUANAJUATO,Guanajuato
bienestar_padron_unico__Padrón_único_de_beneficiarios_consolidado_po.csv,12,GUERRERO,1163120,10656453.0,8,19,14,Trimestre : Abril - Junio 2019 / Corte : 231030,2019T2,Abril-Junio,2019,2019-06-30,GUERRERO,Guerrero
bienestar_padron_unico__Padrón_único_de_beneficiarios_consolidado_po.csv,13,HIDALGO,1290348,9215687.0,10,23,19,Trimestre : Abril - Junio 2019 / Corte : 231030,2019T2,Abril-Junio,2019,2019-06-30,HIDALGO,Hidalgo
bienestar_padron_unico__Padrón_único_de_beneficiarios_consolidado_po.csv,14,JALISCO,1243206,15246587.0,8,19,14,Trimestre : Abril - Junio 2019 / Corte : 231030,2019T2,Abril-Junio,2019,2019-06-30,JALISCO,Jalisco
bienestar_padron_unico__Padrón_único_de_beneficiarios_consolidado_po.csv,15,MÉXICO,3915893,72748361.0,8,20,15,Trimestre : Abril - Junio 2019 / Corte : 231030,2019T2,Abril-Junio,2019,2019-06-30,ESTADO DE MÉXICO,Estado de México
bienestar_padron_unico__Padrón_único_de_beneficiarios_consolidado_po.csv,16,MICHOACÁN DE OCAMPO,2010628,12448266.0,8,18,13,Trimestre : Abril - Junio 2019 / Corte : 231030,2019T2,Abril-Junio,2019,2019-06-30,MICHOACÁN,Michoacán
bienestar_padron_unico__Padrón_único_de_beneficiarios_consolidado_po.csv,17,MORELOS,382008,4858009.0,6,17,12,Trimestre : Abril - Junio 2019 / Corte : 231030,2019T2,Abril-Junio,2019,2019-06-30,MORELOS,Morelos
bienestar_padron_unico__Padrón_único_de_beneficiarios_consolidado_po.csv,18,NAYARIT,448389,4829052.0,8,18,13,Trimestre : Abril - Junio 2019 / Corte : 231030,2019T2,Abril-Junio,2019,2019-06-30,NAYARIT,Nayarit
bienestar_padron_unico__Padrón_único_de_beneficiarios_consolidado_po.csv,19,NUEVO LEÓN,502831,3453088.0,8,17,14,Trimestre : Abril - Junio 2019 / Corte : 231030,2019T2,Abril-Junio,2019,2019-06-30,NUEVO LEÓN,Nuevo León
bienestar_padron_unico__Padrón_único_de_beneficiarios_consolidado_po.csv,20,OAXACA,2198821,10016532.0,10,21,16,Trimestre : Abril - Junio 2019 / Corte : 231030,2019T2,Abril-Junio,2019,2019-06-30,OAXACA,Oaxaca
bienestar_padron_unico__Padrón_único_de_beneficiarios_consolidado_po.csv,21,PUEBLA,2250002,11349336.0,8,19,14,Trimestre : Abril - Junio 2019 / Corte : 231030,2019T2,Abril-Junio,2019,2019-06-30,PUEBLA,Puebla
bienestar_padron_unico__Padrón_único_de_beneficiarios_consolidado_po.csv,22,QUERÉTARO,323025,3717370.0,7,16,12,Trimestre : Abril - Junio 2019 / Corte : 231030,2019T2,Abril-Junio,2019,2019-06-30,QUERÉTARO,Querétaro
bienestar_padron_unico__Padrón_único_de_beneficiarios_consolidado_po.csv,23,QUINTANA ROO,187695,1731069.0,9,20,16,Trimestre : Abril - Junio 2019 / Corte : 231030,2019T2,Abril-Junio,2019,2019-06-30,QUINTANA ROO,Quintana Roo
bienestar_padron_unico__Padrón_único_de_beneficiarios_consolidado_po.csv,24,SAN LUIS POTOSÍ,1184747,6804805.0,8,18,13,Trimestre : Abril - Junio 2019 / Corte : 231030,2019T2,Abril-Junio,2019,2019-06-30,SAN LUIS POTOSÍ,San Luis Potosí
bienestar_padron_unico__Padrón_único_de_beneficiarios_consolidado_po.csv,25,SINALOA,793008,4708247.0,7,18,13,Trimestre : Abril - Junio 2019 / Corte : 231030,2019T2,Abril-Junio,2019,2019-06-30,SINALOA,Sinaloa
bienestar_padron_unico__Padrón_único_de_beneficiarios_consolidado_po.csv,26,SONORA,398355,3050887.0,7,17,13,Trimestre : Abril - Junio 2019 / Corte : 231030,2019T2,Abril-Junio,2019,2019-06-30,SONORA,Sonora
bienestar_padron_unico__Padrón_único_de_beneficiarios_consolidado_po.csv,27,TABASCO,486249,3697825.0,7,18,13,Trimestre : Abril - Junio 2019 / Corte : 231030,2019T2,Abril-Junio,2019,2019-06-30,TABASCO,Tabasco
bienestar_padron_unico__Padrón_único_de_beneficiarios_consolidado_po.csv,28,TAMAULIPAS,697230,3143475.0,8,14,13,Trimestre : Abril - Junio 2019 / Corte : 231030,2019T2,Abril-Junio,2019,2019-06-30,TAMAULIPAS,Tamaulipas
bienestar_padron_unico__Padrón_único_de_beneficiarios_consolidado_po.csv,29,TLAXCALA,262319,3429279.0,7,15,12,Trimestre : Abril - Junio 2019 / Corte : 231030,2019T2,Abril-Junio,2019,2019-06-30,TLAXCALA,Tlaxcala
bienestar_padron_unico__Padrón_único_de_beneficiarios_consolidado_po.csv,30,VERACRUZ DE IGNACIO DE LA LLAVE,2898403,12452514.0,8,19,14,Trimestre : Abril - Junio 2019 / Corte : 231030,2019T2,Abril-Junio,2019,2019-06-30,VERACRUZ,Veracruz
bienestar_padron_unico__Padrón_único_de_beneficiarios_consolidado_po.csv,31,YUCATÁN,817842,3666137.0,8,19,14,Trimestre : Abril - Junio 2019 / Corte : 231030,2019T2,Abril-Junio,2019,2019-06-30,YUCATÁN,Yucatán
bienestar_padron_unico__Padrón_único_de_beneficiarios_consolidado_po.csv,32,ZACATECAS,780128,5756344.0,8,13,12,Trimestre : Abril - Junio 2019 / Corte : 231030,2019T2,Abril-Junio,2019,2019-06-30,ZACATECAS,Zacatecas
bienestar_padron_unico__Padrón_único_de_beneficiarios_consolidado_po.csv,99,NO ESPECIFICADO,270,795.0,3,5,3,Trimestre : Abril - Junio 2019 / Corte : 231030,2019T2,Abril-Junio,2019,2019-06-30,NO ESPECIFICADO,No Especificado
bienestar_padron_unico__Padrón_único_de_beneficiarios_consolidado_po.csv,1,AGUASCALIENTES,132634,1793421.0,3,7,6,Trimestre : Julio - Septiembre 2019 / Corte : 231030,2019T3,Julio-Septiembre,2019,2019-09-30,AGUASCALIENTES,Aguascalientes
bienestar_padron_unico__Padrón_único_de_beneficiarios_consolidado_po.csv,2,BAJA CALIFORNIA,281826,1815397.0,5,12,9,Trimestre : Julio - Septiembre 2019 / Corte : 231030,2019T3,Julio-Septiembre,2019,2019-09-30,BAJA CALIFORNIA,Baja California
bienestar_padron_unico__Padrón_único_de_beneficiarios_consolidado_po.csv,3,BAJA CALIFORNIA SUR,70023,1096679.0,4,9,7,Trimestre : Julio - Septiembre 2019 / Corte : 231030,2019T3,Julio-Septiembre,2019,2019-09-30,BAJA CALIFORNIA SUR,Baja California Sur
bienestar_padron_unico__Padrón_único_de_beneficiarios_consolidado_po.csv,4,CAMPECHE,252748,1453784.0,5,11,8,Trimestre : Julio - Septiembre 2019 / Corte : 231030,2019T3,Julio-Septiembre,2019,2019-09-30,CAMPECHE,Campeche
bienestar_padron_unico__Padrón_único_de_beneficiarios_consolidado_po.csv,5,COAHUILA DE ZARAGOZA,525389,2600816.0,5,10,9,Trimestre : Julio - Septiembre 2019 / Corte : 231030,2019T3,Julio-Septiembre,2019,2019-09-30,COAHUILA,Coahuila
bienestar_padron_unico__Padrón_único_de_beneficiarios_consolidado_po.csv,6,COLIMA,86373,1040765.0,4,9,8,Trimestre : Julio - Septiembre 2019 / Corte : 231030,2019T3,Julio-Septiembre,2019,2019-09-30,COLIMA,Colima
bienestar_padron_unico__Padrón_único_de_beneficiarios_consolidado_po.csv,7,CHIAPAS,2720356,9154466.0,6,12,11,Trimestre : Julio - Septiembre 2019 / Corte : 231030,2019T3,Julio-Septiembre,2019,2019-09-30,CHIAPAS,Chiapas
bienestar_padron_unico__Padrón_único_de_beneficiarios_consolidado_po.csv,8,CHIHUAHUA,555204,3620496.0,6,13,10,Trimestre : Julio - Septiembre 2019 / Corte : 231030,2019T3,Julio-Septiembre,2019,2019-09-30,CHIHUAHUA,Chihuahua
bienestar_padron_unico__Padrón_único_de_beneficiarios_consolidado_po.csv,9,CIUDAD DE MÉXICO,1916161,34182353.0,5,10,9,Trimestre : Julio - Septiembre 2019 / Corte : 231030,2019T3,Julio-Septiembre,2019,2019-09-30,CIUDAD DE MÉXICO,Ciudad de México
bienestar_padron_unico__Padrón_único_de_beneficiarios_consolidado_po.csv,10,DURANGO,570590,4662059.0,6,11,10,Trimestre : Julio - Septiembre 2019 / Corte : 231030,2019T3,Julio-Septiembre,2019,2019-09-30,DURANGO,Durango
bienestar_padron_unico__Padrón_único_de_beneficiarios_consolidado_po.csv,11,GUANAJUATO,681412,9382597.0,5,11,8,Trimestre : Julio - Septiembre 2019 / Corte : 231030,2019T3,Julio-Septiembre,2019,2019-09-30,GUANAJUATO,Guanajuato
bienestar_padron_unico__Padrón_único_de_beneficiarios_consolidado_po.csv,12,GUERRERO,780459,8443325.0,6,12,10,Trimestre : Julio - Septiembre 2019 / Corte : 231030,2019T3,Julio-Septiembre,2019,2019-09-30,GUERRERO,Guerrero
bienestar_padron_unico__Padrón_único_de_beneficiarios_consolidado_po.csv,13,HIDALGO,1073087,7735703.0,7,13,12,Trimestre : Julio - Septiembre 2019 / Corte : 231030,2019T3,Julio-Septiembre,2019,2019-09-30,HIDALGO,Hidalgo
bienestar_padron_unico__Padrón_único_de_beneficiarios_consolidado_po.csv,14,JALISCO,937135,13204305.0,6,12,10,Trimestre : Julio - Septiembre 2019 / Corte : 231030,2019T3,Julio-Septiembre,2019,2019-09-30,JALISCO,Jalisco
bienestar_padron_unico__Padrón_único_de_beneficiarios_consolidado_po.csv,15,MÉXICO,3184619,67358508.0,6,13,10,Trimestre : Julio - Septiembre 2019 / Corte : 231030,2019T3,Julio-Septiembre,2019,2019-09-30,ESTADO DE MÉXICO,Estado de México
bienestar_padron_unico__Padrón_único_de_beneficiarios_consolidado_po.csv,16,MICHOACÁN DE OCAMPO,1809552,10774184.0,6,11,9,Trimestre : Julio - Septiembre 2019 / Corte : 231030,2019T3,Julio-Septiembre,2019,2019-09-30,MICHOACÁN,Michoacán
bienestar_padron_unico__Padrón_único_de_beneficiarios_consolidado_po.csv,17,MORELOS,281884,4285358.0,4,10,8,Trimestre : Julio - Septiembre 2019 / Corte : 231030,2019T3,Julio-Septiembre,2019,2019-09-30,MORELOS,Morelos
bienestar_padron_unico__Padrón_único_de_beneficiarios_consolidado_po.csv,18,NAYARIT,386139,4414902.0,5,11,8,Trimestre : Julio - Septiembre 2019 / Corte : 231030,2019T3,Julio-Septiembre,2019,2019-09-30,NAYARIT,Nayarit
bienestar_padron_unico__Padrón_único_de_beneficiarios_consolidado_po.csv,19,NUEVO LEÓN,374627,2254519.0,6,11,10,Trimestre : Julio - Septiembre 2019 / Corte : 231030,2019T3,Julio-Septiembre,2019,2019-09-30,NUEVO LEÓN,Nuevo León
bienestar_padron_unico__Padrón_único_de_beneficiarios_consolidado_po.csv,20,OAXACA,1893669,7746795.0,6,13,11,Trimestre : Julio - Septiembre 2019 / Corte : 231030,2019T3,Julio-Septiembre,2019,2019-09-30,OAXACA,Oaxaca
bienestar_padron_unico__Padrón_único_de_beneficiarios_consolidado_po.csv,21,PUEBLA,1862258,8709023.0,6,12,10,Trimestre : Julio - Septiembre 2019 / Corte : 231030,2019T3,Julio-Septiembre,2019,2019-09-30,PUEBLA,Puebla
bienestar_padron_unico__Padrón_único_de_beneficiarios_consolidado_po.csv,22,QUERÉTARO,214907,3008267.0,5,10,8,Trimestre : Julio - Septiembre 2019 / Corte : 231030,2019T3,Julio-Septiembre,2019,2019-09-30,QUERÉTARO,Querétaro
bienestar_padron_unico__Padrón_único_de_beneficiarios_consolidado_po.csv,23,QUINTANA ROO,106166,1345877.0,4,9,8,Trimestre : Julio - Septiembre 2019 / Corte : 231030,2019T3,Julio-Septiembre,2019,2019-09-30,QUINTANA ROO,Quintana Roo
bienestar_padron_unico__Padrón_único_de_beneficiarios_consolidado_po.csv,24,SAN LUIS POTOSÍ,1058269,5819460.0,6,11,9,Trimestre : Julio - Septiembre 2019 / Corte : 231030,2019T3,Julio-Septiembre,2019,2019-09-30,SAN LUIS POTOSÍ,San Luis Potosí
bienestar_padron_unico__Padrón_único_de_beneficiarios_consolidado_po.csv,25,SINALOA,622968,3616263.0,6,12,10,Trimestre : Julio - Septiembre 2019 / Corte : 231030,2019T3,Julio-Septiembre,2019,2019-09-30,SINALOA,Sinaloa
bienestar_padron_unico__Padrón_único_de_beneficiarios_consolidado_po.csv,26,SONORA,246227,2053385.0,5,11,9,Trimestre : Julio - Septiembre 2019 / Corte : 231030,2019T3,Julio-Septiembre,2019,2019-09-30,SONORA,Sonora
bienestar_padron_unico__Padrón_único_de_beneficiarios_consolidado_po.csv,27,TABASCO,270814,2585207.0,5,11,9,Trimestre : Julio - Septiembre 2019 / Corte : 231030,2019T3,Julio-Septiembre,2019,2019-09-30,TABASCO,Tabasco
bienestar_padron_unico__Padrón_único_de_beneficiarios_consolidado_po.csv,28,TAMAULIPAS,557295,2242554.0,4,7,6,Trimestre : Julio - Septiembre 2019 / Corte : 231030,2019T3,Julio-Septiembre,2019,2019-09-30,TAMAULIPAS,Tamaulipas
bienestar_padron_unico__Padrón_único_de_beneficiarios_consolidado_po.csv,29,TLAXCALA,177131,2972217.0,3,7,6,Trimestre : Julio - Septiembre 2019 / Corte : 231030,2019T3,Julio-Septiembre,2019,2019-09-30,TLAXCALA,Tlaxcala
bienestar_padron_unico__Padrón_único_de_beneficiarios_consolidado_po.csv,30,VERACRUZ DE IGNACIO DE LA LLAVE,2398213,8975904.0,6,13,10,Trimestre : Julio - Septiembre 2019 / Corte : 231030,2019T3,Julio-Septiembre,2019,2019-09-30,VERACRUZ,Veracruz
bienestar_padron_unico__Padrón_único_de_beneficiarios_consolidado_po.csv,31,YUCATÁN,711864,2829280.0,6,13,10,Trimestre : Julio - Septiembre 2019 / Corte : 231030,2019T3,Julio-Septiembre,2019,2019-09-30,YUCATÁN,Yucatán
bienestar_padron_unico__Padrón_único_de_beneficiarios_consolidado_po.csv,32,ZACATECAS,693705,5127690.0,4,7,7,Trimestre : Julio - Septiembre 2019 / Corte : 231030,2019T3,Julio-Septiembre,2019,2019-09-30,ZACATECAS,Zacatecas
bienestar_padron_unico__Padrón_único_de_beneficiarios_consolidado_po.csv,99,NO ESPECIFICADO,271,672.0,2,4,2,Trimestre : Julio - Septiembre 2019 / Corte : 231030,2019T3,Julio-Septiembre,2019,2019-09-30,NO ESPECIFICADO,No Especificado
bienestar_padron_unico__Padrón_único_de_beneficiarios_consolidado_po.csv,1,AGUASCALIENTES,343966,2367145.0,9,31,23,Trimestre : Octubre - Diciembre 2019 / Corte : 231030,2019T4,Octubre-Diciembre,2019,2019-12-31,AGUASCALIENTES,Aguascalientes
bienestar_padron_unico__Padrón_único_de_beneficiarios_consolidado_po.csv,2,BAJA CALIFORNIA,543932,2822199.0,10,40,26,Trimestre : Octubre - Diciembre 2019 / Corte : 231030,2019T4,Octubre-Diciembre,2019,2019-12-31,BAJA CALIFORNIA,Baja California
bienestar_padron_unico__Padrón_único_de_beneficiarios_consolidado_po.csv,3,BAJA CALIFORNIA SUR,174267,1465233.0,9,32,23,Trimestre : Octubre - Diciembre 2019 / Corte : 231030,2019T4,Octubre-Diciembre,2019,2019-12-31,BAJA CALIFORNIA SUR,Baja California Sur
bienestar_padron_unico__Padrón_único_de_beneficiarios_consolidado_po.csv,4,CAMPECHE,375632,2169977.0,10,40,27,Trimestre : Octubre - Diciembre 2019 / Corte : 231030,2019T4,Octubre-Diciembre,2019,2019-12-31,CAMPECHE,Campeche
bienestar_padron_unico__Padrón_único_de_beneficiarios_consolidado_po.csv,5,COAHUILA DE ZARAGOZA,730816,3580349.0,11,34,27,Trimestre : Octubre - Diciembre 2019 / Corte : 231030,2019T4,Octubre-Diciembre,2019,2019-12-31,COAHUILA,Coahuila
bienestar_padron_unico__Padrón_único_de_beneficiarios_consolidado_po.csv,6,COLIMA,221872,1472077.0,9,33,24,Trimestre : Octubre - Diciembre 2019 / Corte : 231030,2019T4,Octubre-Diciembre,2019,2019-12-31,COLIMA,Colima
bienestar_padron_unico__Padrón_único_de_beneficiarios_consolidado_po.csv,7,CHIAPAS,3423410,14122466.0,11,42,29,Trimestre : Octubre - Diciembre 2019 / Corte : 231030,2019T4,Octubre-Diciembre,2019,2019-12-31,CHIAPAS,Chiapas
bienestar_padron_unico__Padrón_único_de_beneficiarios_consolidado_po.csv,8,CHIHUAHUA,844711,5111476.0,10,40,29,Trimestre : Octubre - Diciembre 2019 / Corte : 231030,2019T4,Octubre-Diciembre,2019,2019-12-31,CHIHUAHUA,Chihuahua
bienestar_padron_unico__Padrón_único_de_beneficiarios_consolidado_po.csv,9,CIUDAD DE MÉXICO,2661692,37599407.0,9,36,25,Trimestre : Octubre - Diciembre 2019 / Corte : 231030,2019T4,Octubre-Diciembre,2019,2019-12-31,CIUDAD DE MÉXICO,Ciudad de México
bienestar_padron_unico__Padrón_único_de_beneficiarios_consolidado_po.csv,10,DURANGO,748610,5684225.0,11,38,28,Trimestre : Octubre - Diciembre 2019 / Corte : 231030,2019T4,Octubre-Diciembre,2019,2019-12-31,DURANGO,Durango
bienestar_padron_unico__Padrón_único_de_beneficiarios_consolidado_po.csv,11,GUANAJUATO,1181525,11899765.0,10,34,25,Trimestre : Octubre - Diciembre 2019 / Corte : 231030,2019T4,Octubre-Diciembre,2019,2019-12-31,GUANAJUATO,Guanajuato
bienestar_padron_unico__Padrón_único_de_beneficiarios_consolidado_po.csv,12,GUERRERO,1694547,12117041.5,10,45,31,Trimestre : Octubre - Diciembre 2019 / Corte : 231030,2019T4,Octubre-Diciembre,2019,2019-12-31,GUERRERO,Guerrero
bienestar_padron_unico__Padrón_único_de_beneficiarios_consolidado_po.csv,13,HIDALGO,1372783,9630941.0,15,47,34,Trimestre : Octubre - Diciembre 2019 / Corte : 231030,2019T4,Octubre-Diciembre,2019,2019-12-31,HIDALGO,Hidalgo
bienestar_padron_unico__Padrón_único_de_beneficiarios_consolidado_po.csv,14,JALISCO,1409320,15912301.0,11,41,28,Trimestre : Octubre - Diciembre 2019 / Corte : 231030,2019T4,Octubre-Diciembre,2019,2019-12-31,JALISCO,Jalisco
bienestar_padron_unico__Padrón_único_de_beneficiarios_consolidado_po.csv,15,MÉXICO,4447426,70376485.0,12,41,29,Trimestre : Octubre - Diciembre 2019 / Corte : 231030,2019T4,Octubre-Diciembre,2019,2019-12-31,ESTADO DE MÉXICO,Estado de México
bienestar_padron_unico__Padrón_único_de_beneficiarios_consolidado_po.csv,16,MICHOACÁN DE OCAMPO,2175024,13224870.0,11,42,28,Trimestre : Octubre - Diciembre 2019 / Corte : 231030,2019T4,Octubre-Diciembre,2019,2019-12-31,MICHOACÁN,Michoacán
bienestar_padron_unico__Padrón_único_de_beneficiarios_consolidado_po.csv,17,MORELOS,464742,5448736.0,9,38,26,Trimestre : Octubre - Diciembre 2019 / Corte : 231030,2019T4,Octubre-Diciembre,2019,2019-12-31,MORELOS,Morelos
bienestar_padron_unico__Padrón_único_de_beneficiarios_consolidado_po.csv,18,NAYARIT,564595,5109967.0,11,42,28,Trimestre : Octubre - Diciembre 2019 / Corte : 231030,2019T4,Octubre-Diciembre,2019,2019-12-31,NAYARIT,Nayarit
bienestar_padron_unico__Padrón_único_de_beneficiarios_consolidado_po.csv,19,NUEVO LEÓN,565059,3629103.0,12,34,26,Trimestre : Octubre - Diciembre 2019 / Corte : 231030,2019T4,Octubre-Diciembre,2019,2019-12-31,NUEVO LEÓN,Nuevo León
bienestar_padron_unico__Padrón_único_de_beneficiarios_consolidado_po.csv,20,OAXACA,3016065,12584057.0,12,47,34,Trimestre : Octubre - Diciembre 2019 / Corte : 231030,2019T4,Octubre-Diciembre,2019,2019-12-31,OAXACA,Oaxaca
bienestar_padron_unico__Padrón_único_de_beneficiarios_consolidado_po.csv,21,PUEBLA,2491273,12338607.0,15,44,31,Trimestre : Octubre - Diciembre 2019 / Corte : 231030,2019T4,Octubre-Diciembre,2019,2019-12-31,PUEBLA,Puebla
bienestar_padron_unico__Padrón_único_de_beneficiarios_consolidado_po.csv,22,QUERÉTARO,378378,3751143.0,10,35,25,Trimestre : Octubre - Diciembre 2019 / Corte : 231030,2019T4,Octubre-Diciembre,2019,2019-12-31,QUERÉTARO,Querétaro
bienestar_padron_unico__Padrón_único_de_beneficiarios_consolidado_po.csv,23,QUINTANA ROO,254162,1986962.0,10,37,26,Trimestre : Octubre - Diciembre 2019 / Corte : 231030,2019T4,Octubre-Diciembre,2019,2019-12-31,QUINTANA ROO,Quintana Roo
bienestar_padron_unico__Padrón_único_de_beneficiarios_consolidado_po.csv,24,SAN LUIS POTOSÍ,1322369,7414485.0,10,37,24,Trimestre : Octubre - Diciembre 2019 / Corte : 231030,2019T4,Octubre-Diciembre,2019,2019-12-31,SAN LUIS POTOSÍ,San Luis Potosí
bienestar_padron_unico__Padrón_único_de_beneficiarios_consolidado_po.csv,25,SINALOA,846882,4921297.0,10,37,25,Trimestre : Octubre - Diciembre 2019 / Corte : 231030,2019T4,Octubre-Diciembre,2019,2019-12-31,SINALOA,Sinaloa
bienestar_padron_unico__Padrón_único_de_beneficiarios_consolidado_po.csv,26,SONORA,433818,3063031.0,10,40,27,Trimestre : Octubre - Diciembre 2019 / Corte : 231030,2019T4,Octubre-Diciembre,2019,2019-12-31,SONORA,Sonora
bienestar_padron_unico__Padrón_único_de_beneficiarios_consolidado_po.csv,27,TABASCO,657065,4707344.0,10,40,27,Trimestre : Octubre - Diciembre 2019 / Corte : 231030,2019T4,Octubre-Diciembre,2019,2019-12-31,TABASCO,Tabasco
bienestar_padron_unico__Padrón_único_de_beneficiarios_consolidado_po.csv,28,TAMAULIPAS,806355,3567440.0,10,39,27,Trimestre : Octubre - Diciembre 2019 / Corte : 231030,2019T4,Octubre-Diciembre,2019,2019-12-31,TAMAULIPAS,Tamaulipas
bienestar_padron_unico__Padrón_único_de_beneficiarios_consolidado_po.csv,29,TLAXCALA,433315,5200588.0,19,68,58,Trimestre : Octubre - Diciembre 2019 / Corte : 231030,2019T4,Octubre-Diciembre,2019,2019-12-31,TLAXCALA,Tlaxcala
bienestar_padron_unico__Padrón_único_de_beneficiarios_consolidado_po.csv,30,VERACRUZ DE IGNACIO DE LA LLAVE,3186504,13996121.0,11,41,28,Trimestre : Octubre - Diciembre 2019 / Corte : 231030,2019T4,Octubre-Diciembre,2019,2019-12-31,VERACRUZ,Veracruz
bienestar_padron_unico__Padrón_único_de_beneficiarios_consolidado_po.csv,31,YUCATÁN,906911,4052457.0,11,37,26,Trimestre : Octubre - Diciembre 2019 / Corte : 231030,2019T4,Octubre-Diciembre,2019,2019-12-31,YUCATÁN,Yucatán
bienestar_padron_unico__Padrón_único_de_beneficiarios_consolidado_po.csv,32,ZACATECAS,856951,6063004.0,11,33,26,Trimestre : Octubre - Diciembre 2019 / Corte : 231030,2019T4,Octubre-Diciembre,2019,2019-12-31,ZACATECAS,Zacatecas
bienestar_padron_unico__Padrón_único_de_beneficiarios_consolidado_po.csv,99,NO ESPECIFICADO,142819,158209.0,6,13,9,Trimestre : Octubre - Diciembre 2019 / Corte : 231030,2019T4,Octubre-Diciembre,2019,2019-12-31,NO ESPECIFICADO,No Especificado
bienestar_padron_unico__Padrón_único_de_beneficiarios_consolidado_po.csv,1,AGUASCALIENTES,192781,1847925.0,5,11,10,Trimestre : Enero - Marzo 2020 / Corte : 231030,2020T1,Enero-Marzo,2020,2020-03-31,AGUASCALIENTES,Aguascalientes
bienestar_padron_unico__Padrón_único_de_beneficiarios_consolidado_po.csv,2,BAJA CALIFORNIA,415920,1927725.0,6,15,11,Trimestre : Enero - Marzo 2020 / Corte : 231030,2020T1,Enero-Marzo,2020,2020-03-31,BAJA CALIFORNIA,Baja California
bienestar_padron_unico__Padrón_único_de_beneficiarios_consolidado_po.csv,3,BAJA CALIFORNIA SUR,117046,1138789.0,4,8,8,Trimestre : Enero - Marzo 2020 / Corte : 231030,2020T1,Enero-Marzo,2020,2020-03-31,BAJA CALIFORNIA SUR,Baja California Sur
bienestar_padron_unico__Padrón_único_de_beneficiarios_consolidado_po.csv,4,CAMPECHE,304420,1551555.0,6,16,12,Trimestre : Enero - Marzo 2020 / Corte : 231030,2020T1,Enero-Marzo,2020,2020-03-31,CAMPECHE,Campeche
bienestar_padron_unico__Padrón_único_de_beneficiarios_consolidado_po.csv,5,COAHUILA DE ZARAGOZA,615148,2809956.0,6,11,10,Trimestre : Enero - Marzo 2020 / Corte : 231030,2020T1,Enero-Marzo,2020,2020-03-31,COAHUILA,Coahuila
bienestar_padron_unico__Padrón_único_de_beneficiarios_consolidado_po.csv,6,COLIMA,122825,1125491.0,5,10,9,Trimestre : Enero - Marzo 2020 / Corte : 231030,2020T1,Enero-Marzo,2020,2020-03-31,COLIMA,Colima
bienestar_padron_unico__Padrón_único_de_beneficiarios_consolidado_po.csv,7,CHIAPAS,3076370,9737925.0,6,15,12,Trimestre : Enero - Marzo 2020 / Corte : 231030,2020T1,Enero-Marzo,2020,2020-03-31,CHIAPAS,Chiapas
bienestar_padron_unico__Padrón_único_de_beneficiarios_consolidado_po.csv,8,CHIHUAHUA,766896,3962143.0,7,23,18,Trimestre : Enero - Marzo 2020 / Corte : 231030,2020T1,Enero-Marzo,2020,2020-03-31,CHIHUAHUA,Chihuahua
bienestar_padron_unico__Padrón_único_de_beneficiarios_consolidado_po.csv,9,CIUDAD DE MÉXICO,2283215,34055990.0,6,13,11,Trimestre : Enero - Marzo 2020 / Corte : 231030,2020T1,Enero-Marzo,2020,2020-03-31,CIUDAD DE MÉXICO,Ciudad de México
bienestar_padron_unico__Padrón_único_de_beneficiarios_consolidado_po.csv,10,DURANGO,646969,4749868.0,7,16,13,Trimestre : Enero - Marzo 2020 / Corte : 231030,2020T1,Enero-Marzo,2020,2020-03-31,DURANGO,Durango
bienestar_padron_unico__Padrón_único_de_beneficiarios_consolidado_po.csv,11,GUANAJUATO,972945,9714999.0,5,13,10,Trimestre : Enero - Marzo 2020 / Corte : 231030,2020T1,Enero-Marzo,2020,2020-03-31,GUANAJUATO,Guanajuato
bienestar_padron_unico__Padrón_único_de_beneficiarios_consolidado_po.csv,12,GUERRERO,1103224,8926863.0,7,18,12,Trimestre : Enero - Marzo 2020 / Corte : 231030,2020T1,Enero-Marzo,2020,2020-03-31,GUERRERO,Guerrero
bienestar_padron_unico__Padrón_único_de_beneficiarios_consolidado_po.csv,13,HIDALGO,1241882,7887371.0,7,15,12,Trimestre : Enero - Marzo 2020 / Corte : 231030,2020T1,Enero-Marzo,2020,2020-03-31,HIDALGO,Hidalgo
bienestar_padron_unico__Padrón_único_de_beneficiarios_consolidado_po.csv,14,JALISCO,1233497,13494432.0,7,16,12,Trimestre : Enero - Marzo 2020 / Corte : 231030,2020T1,Enero-Marzo,2020,2020-03-31,JALISCO,Jalisco
bienestar_padron_unico__Padrón_único_de_beneficiarios_consolidado_po.csv,15,MÉXICO,3749660,64278808.0,6,16,11,Trimestre : Enero - Marzo 2020 / Corte : 231030,2020T1,Enero-Marzo,2020,2020-03-31,ESTADO DE MÉXICO,Estado de México
bienestar_padron_unico__Padrón_único_de_beneficiarios_consolidado_po.csv,16,MICHOACÁN DE OCAMPO,2002876,11039669.0,6,14,11,Trimestre : Enero - Marzo 2020 / Corte : 231030,2020T1,Enero-Marzo,2020,2020-03-31,MICHOACÁN,Michoacán
bienestar_padron_unico__Padrón_único_de_beneficiarios_consolidado_po.csv,17,MORELOS,366239,4677959.0,5,14,10,Trimestre : Enero - Marzo 2020 / Corte : 231030,2020T1,Enero-Marzo,2020,2020-03-31,MORELOS,Morelos
bienestar_padron_unico__Padrón_único_de_beneficiarios_consolidado_po.csv,18,NAYARIT,427227,4438070.0,6,16,11,Trimestre : Enero - Marzo 2020 / Corte : 231030,2020T1,Enero-Marzo,2020,2020-03-31,NAYARIT,Nayarit
bienestar_padron_unico__Padrón_único_de_beneficiarios_consolidado_po.csv,19,NUEVO LEÓN,535715,2679749.0,7,13,12,Trimestre : Enero - Marzo 2020 / Corte : 231030,2020T1,Enero-Marzo,2020,2020-03-31,NUEVO LEÓN,Nuevo León
bienestar_padron_unico__Padrón_único_de_beneficiarios_consolidado_po.csv,20,OAXACA,2146743,8295003.0,6,17,11,Trimestre : Enero - Marzo 2020 / Corte : 231030,2020T1,Enero-Marzo,2020,2020-03-31,OAXACA,Oaxaca
bienestar_padron_unico__Padrón_único_de_beneficiarios_consolidado_po.csv,21,PUEBLA,2253383,9262128.0,6,16,12,Trimestre : Enero - Marzo 2020 / Corte : 231030,2020T1,Enero-Marzo,2020,2020-03-31,PUEBLA,Puebla
bienestar_padron_unico__Padrón_único_de_beneficiarios_consolidado_po.csv,22,QUERÉTARO,310418,3041876.0,6,14,11,Trimestre : Enero - Marzo 2020 / Corte : 231030,2020T1,Enero-Marzo,2020,2020-03-31,QUERÉTARO,Querétaro
bienestar_padron_unico__Padrón_único_de_beneficiarios_consolidado_po.csv,23,QUINTANA ROO,191611,1465417.0,5,14,11,Trimestre : Enero - Marzo 2020 / Corte : 231030,2020T1,Enero-Marzo,2020,2020-03-31,QUINTANA ROO,Quintana Roo
bienestar_padron_unico__Padrón_único_de_beneficiarios_consolidado_po.csv,24,SAN LUIS POTOSÍ,1190362,6110939.0,6,15,11,Trimestre : Enero - Marzo 2020 / Corte : 231030,2020T1,Enero-Marzo,2020,2020-03-31,SAN LUIS POTOSÍ,San Luis Potosí
bienestar_padron_unico__Padrón_único_de_beneficiarios_consolidado_po.csv,25,SINALOA,778448,3815296.0,6,15,11,Trimestre : Enero - Marzo 2020 / Corte : 231030,2020T1,Enero-Marzo,2020,2020-03-31,SINALOA,Sinaloa
bienestar_padron_unico__Padrón_único_de_beneficiarios_consolidado_po.csv,26,SONORA,373121,2299132.0,5,14,10,Trimestre : Enero - Marzo 2020 / Corte : 231030,2020T1,Enero-Marzo,2020,2020-03-31,SONORA,Sonora
bienestar_padron_unico__Padrón_único_de_beneficiarios_consolidado_po.csv,27,TABASCO,466729,2871210.0,5,15,11,Trimestre : Enero - Marzo 2020 / Corte : 231030,2020T1,Enero-Marzo,2020,2020-03-31,TABASCO,Tabasco
bienestar_padron_unico__Padrón_único_de_beneficiarios_consolidado_po.csv,28,TAMAULIPAS,694293,2389191.0,6,11,10,Trimestre : Enero - Marzo 2020 / Corte : 231030,2020T1,Enero-Marzo,2020,2020-03-31,TAMAULIPAS,Tamaulipas
bienestar_padron_unico__Padrón_único_de_beneficiarios_consolidado_po.csv,29,TLAXCALA,254864,3150124.0,5,13,10,Trimestre : Enero - Marzo 2020 / Corte : 231030,2020T1,Enero-Marzo,2020,2020-03-31,TLAXCALA,Tlaxcala
bienestar_padron_unico__Padrón_único_de_beneficiarios_consolidado_po.csv,30,VERACRUZ DE IGNACIO DE LA LLAVE,2839147,9615246.0,6,17,12,Trimestre : Enero - Marzo 2020 / Corte : 231030,2020T1,Enero-Marzo,2020,2020-03-31,VERACRUZ,Veracruz
bienestar_padron_unico__Padrón_único_de_beneficiarios_consolidado_po.csv,31,YUCATÁN,819291,2998506.0,6,16,12,Trimestre : Enero - Marzo 2020 / Corte : 231030,2020T1,Enero-Marzo,2020,2020-03-31,YUCATÁN,Yucatán
bienestar_padron_unico__Padrón_único_de_beneficiarios_consolidado_po.csv,32,ZACATECAS,753971,5213976.0,5,11,10,Trimestre : Enero - Marzo 2020 / Corte : 231030,2020T1,Enero-Marzo,2020,2020-03-31,ZACATECAS,Zacatecas
bienestar_padron_unico__Padrón_único_de_beneficiarios_consolidado_po.csv,99,NO ESPECIFICADO,208,437.0,2,4,3,Trimestre : Enero - Marzo 2020 / Corte : 231030,2020T1,Enero-Marzo,2020,2020-03-31,NO ESPECIFICADO,No Especificado
bienestar_padron_unico__Padrón_único_de_beneficiarios_consolidado_po.csv,1,AGUASCALIENTES,191329,2118316.0,5,11,10,Trimestre : Abril - Junio 2020 / Corte : 231010,2020T2,Abril-Junio,2020,2020-06-30,AGUASCALIENTES,Aguascalientes
bienestar_padron_unico__Padrón_único_de_beneficiarios_consolidado_po.csv,2,BAJA CALIFORNIA,426556,2601751.0,6,18,14,Trimestre : Abril - Junio 2020 / Corte : 231010,2020T2,Abril-Junio,2020,2020-06-30,BAJA CALIFORNIA,Baja California
bienestar_padron_unico__Padrón_único_de_beneficiarios_consolidado_po.csv,3,BAJA CALIFORNIA SUR,120111,1343779.0,5,11,11,Trimestre : Abril - Junio 2020 / Corte : 231010,2020T2,Abril-Junio,2020,2020-06-30,BAJA CALIFORNIA SUR,Baja California Sur
bienestar_padron_unico__Padrón_único_de_beneficiarios_consolidado_po.csv,4,CAMPECHE,311656,1833066.0,7,19,15,Trimestre : Abril - Junio 2020 / Corte : 231010,2020T2,Abril-Junio,2020,2020-06-30,CAMPECHE,Campeche
bienestar_padron_unico__Padrón_único_de_beneficiarios_consolidado_po.csv,5,COAHUILA DE ZARAGOZA,617483,3468766.0,7,15,14,Trimestre : Abril - Junio 2020 / Corte : 231010,2020T2,Abril-Junio,2020,2020-06-30,COAHUILA,Coahuila
bienestar_padron_unico__Padrón_único_de_beneficiarios_consolidado_po.csv,6,COLIMA,129619,1338014.0,6,15,14,Trimestre : Abril - Junio 2020 / Corte : 231010,2020T2,Abril-Junio,2020,2020-06-30,COLIMA,Colima
bienestar_padron_unico__Padrón_único_de_beneficiarios_consolidado_po.csv,7,CHIAPAS,3069359,11410604.0,7,18,15,Trimestre : Abril - Junio 2020 / Corte : 231010,2020T2,Abril-Junio,2020,2020-06-30,CHIAPAS,Chiapas
bienestar_padron_unico__Padrón_único_de_beneficiarios_consolidado_po.csv,8,CHIHUAHUA,766169,4752186.0,8,25,22,Trimestre : Abril - Junio 2020 / Corte : 231010,2020T2,Abril-Junio,2020,2020-06-30,CHIHUAHUA,Chihuahua
bienestar_padron_unico__Padrón_único_de_beneficiarios_consolidado_po.csv,9,CIUDAD DE MÉXICO,2329959,37067105.0,6,15,13,Trimestre : Abril - Junio 2020 / Corte : 231010,2020T2,Abril-Junio,2020,2020-06-30,CIUDAD DE MÉXICO,Ciudad de México
bienestar_padron_unico__Padrón_único_de_beneficiarios_consolidado_po.csv,10,DURANGO,649251,5264311.0,7,18,15,Trimestre : Abril - Junio 2020 / Corte : 231010,2020T2,Abril-Junio,2020,2020-06-30,DURANGO,Durango
bienestar_padron_unico__Padrón_único_de_beneficiarios_consolidado_po.csv,11,GUANAJUATO,977474,11033700.0,6,15,13,Trimestre : Abril - Junio 2020 / Corte : 231010,2020T2,Abril-Junio,2020,2020-06-30,GUANAJUATO,Guanajuato
bienestar_padron_unico__Padrón_único_de_beneficiarios_consolidado_po.csv,12,GUERRERO,1126466,10140490.0,7,20,15,Trimestre : Abril - Junio 2020 / Corte : 231010,2020T2,Abril-Junio,2020,2020-06-30,GUERRERO,Guerrero
bienestar_padron_unico__Padrón_único_de_beneficiarios_consolidado_po.csv,13,HIDALGO,1255819,9024079.0,7,18,15,Trimestre : Abril - Junio 2020 / Corte : 231010,2020T2,Abril-Junio,2020,2020-06-30,HIDALGO,Hidalgo
bienestar_padron_unico__Padrón_único_de_beneficiarios_consolidado_po.csv,14,JALISCO,1258260,15331604.0,7,19,15,Trimestre : Abril - Junio 2020 / Corte : 231010,2020T2,Abril-Junio,2020,2020-06-30,JALISCO,Jalisco
bienestar_padron_unico__Padrón_único_de_beneficiarios_consolidado_po.csv,15,MÉXICO,3817951,68381619.0,6,18,14,Trimestre : Abril - Junio 2020 / Corte : 231010,2020T2,Abril-Junio,2020,2020-06-30,ESTADO DE MÉXICO,Estado de México
bienestar_padron_unico__Padrón_único_de_beneficiarios_consolidado_po.csv,16,MICHOACÁN DE OCAMPO,2003116,12095864.0,7,18,15,Trimestre : Abril - Junio 2020 / Corte : 231010,2020T2,Abril-Junio,2020,2020-06-30,MICHOACÁN,Michoacán
bienestar_padron_unico__Padrón_único_de_beneficiarios_consolidado_po.csv,17,MORELOS,380637,5251481.0,5,17,13,Trimestre : Abril - Junio 2020 / Corte : 231010,2020T2,Abril-Junio,2020,2020-06-30,MORELOS,Morelos
bienestar_padron_unico__Padrón_único_de_beneficiarios_consolidado_po.csv,18,NAYARIT,436115,4764252.0,7,19,15,Trimestre : Abril - Junio 2020 / Corte : 231010,2020T2,Abril-Junio,2020,2020-06-30,NAYARIT,Nayarit
bienestar_padron_unico__Padrón_único_de_beneficiarios_consolidado_po.csv,19,NUEVO LEÓN,538266,3758061.0,8,17,15,Trimestre : Abril - Junio 2020 / Corte : 231010,2020T2,Abril-Junio,2020,2020-06-30,NUEVO LEÓN,Nuevo León
bienestar_padron_unico__Padrón_único_de_beneficiarios_consolidado_po.csv,20,OAXACA,2176504,9711265.0,7,20,15,Trimestre : Abril - Junio 2020 / Corte : 231010,2020T2,Abril-Junio,2020,2020-06-30,OAXACA,Oaxaca
bienestar_padron_unico__Padrón_único_de_beneficiarios_consolidado_po.csv,21,PUEBLA,2281226,11130045.0,7,19,15,Trimestre : Abril - Junio 2020 / Corte : 231010,2020T2,Abril-Junio,2020,2020-06-30,PUEBLA,Puebla
bienestar_padron_unico__Padrón_único_de_beneficiarios_consolidado_po.csv,22,QUERÉTARO,314373,3474490.0,7,16,13,Trimestre : Abril - Junio 2020 / Corte : 231010,2020T2,Abril-Junio,2020,2020-06-30,QUERÉTARO,Querétaro
bienestar_padron_unico__Padrón_único_de_beneficiarios_consolidado_po.csv,23,QUINTANA ROO,199153,1796177.0,6,17,14,Trimestre : Abril - Junio 2020 / Corte : 231010,2020T2,Abril-Junio,2020,2020-06-30,QUINTANA ROO,Quintana Roo
bienestar_padron_unico__Padrón_único_de_beneficiarios_consolidado_po.csv,24,SAN LUIS POTOSÍ,1192538,6881519.0,6,17,13,Trimestre : Abril - Junio 2020 / Corte : 231010,2020T2,Abril-Junio,2020,2020-06-30,SAN LUIS POTOSÍ,San Luis Potosí
bienestar_padron_unico__Padrón_único_de_beneficiarios_consolidado_po.csv,25,SINALOA,793062,4697053.0,5,17,13,Trimestre : Abril - Junio 2020 / Corte : 231010,2020T2,Abril-Junio,2020,2020-06-30,SINALOA,Sinaloa
bienestar_padron_unico__Padrón_único_de_beneficiarios_consolidado_po.csv,26,SONORA,379856,2998752.0,5,15,12,Trimestre : Abril - Junio 2020 / Corte : 231010,2020T2,Abril-Junio,2020,2020-06-30,SONORA,Sonora
bienestar_padron_unico__Padrón_único_de_beneficiarios_consolidado_po.csv,27,TABASCO,471384,3594531.0,6,18,14,Trimestre : Abril - Junio 2020 / Corte : 231010,2020T2,Abril-Junio,2020,2020-06-30,TABASCO,Tabasco
bienestar_padron_unico__Padrón_único_de_beneficiarios_consolidado_po.csv,28,TAMAULIPAS,697040,3155648.0,6,13,12,Trimestre : Abril - Junio 2020 / Corte : 231010,2020T2,Abril-Junio,2020,2020-06-30,TAMAULIPAS,Tamaulipas
bienestar_padron_unico__Padrón_único_de_beneficiarios_consolidado_po.csv,29,TLAXCALA,260806,3511491.0,5,15,12,Trimestre : Abril - Junio 2020 / Corte : 231010,2020T2,Abril-Junio,2020,2020-06-30,TLAXCALA,Tlaxcala
bienestar_padron_unico__Padrón_único_de_beneficiarios_consolidado_po.csv,30,VERACRUZ DE IGNACIO DE LA LLAVE,2867973,11931071.0,8,21,17,Trimestre : Abril - Junio 2020 / Corte : 231010,2020T2,Abril-Junio,2020,2020-06-30,VERACRUZ,Veracruz
bienestar_padron_unico__Padrón_único_de_beneficiarios_consolidado_po.csv,31,YUCATÁN,822365,3643799.0,7,18,14,Trimestre : Abril - Junio 2020 / Corte : 231010,2020T2,Abril-Junio,2020,2020-06-30,YUCATÁN,Yucatán
bienestar_padron_unico__Padrón_único_de_beneficiarios_consolidado_po.csv,32,ZACATECAS,757090,5661376.0,6,14,13,Trimestre : Abril - Junio 2020 / Corte : 231010,2020T2,Abril-Junio,2020,2020-06-30,ZACATECAS,Zacatecas
bienestar_padron_unico__Padrón_único_de_beneficiarios_consolidado_po.csv,99,NO ESPECIFICADO,12,30.0,3,5,5,Trimestre : Abril - Junio 2020 / Corte : 231010,2020T2,Abril-Junio,2020,2020-06-30,NO ESPECIFICADO,No Especificado
bienestar_padron_unico__Padrón_único_de_beneficiarios_consolidado_po.csv,1,AGUASCALIENTES,131755,1880598.0,5,8,7,Trimestre : Julio - Septiembre 2020 / Corte : 231010,2020T3,Julio-Septiembre,2020,2020-09-30,AGUASCALIENTES,Aguascalientes
bienestar_padron_unico__Padrón_único_de_beneficiarios_consolidado_po.csv,2,BAJA CALIFORNIA,284975,2147061.0,5,14,10,Trimestre : Julio - Septiembre 2020 / Corte : 231010,2020T3,Julio-Septiembre,2020,2020-09-30,BAJA CALIFORNIA,Baja California
bienestar_padron_unico__Padrón_único_de_beneficiarios_consolidado_po.csv,3,BAJA CALIFORNIA SUR,72843,1235190.0,4,7,7,Trimestre : Julio - Septiembre 2020 / Corte : 231010,2020T3,Julio-Septiembre,2020,2020-09-30,BAJA CALIFORNIA SUR,Baja California Sur
bienestar_padron_unico__Padrón_único_de_beneficiarios_consolidado_po.csv,4,CAMPECHE,258798,1653688.0,6,17,13,Trimestre : Julio - Septiembre 2020 / Corte : 231010,2020T3,Julio-Septiembre,2020,2020-09-30,CAMPECHE,Campeche
bienestar_padron_unico__Padrón_único_de_beneficiarios_consolidado_po.csv,5,COAHUILA DE ZARAGOZA,529744,3141626.0,7,12,11,Trimestre : Julio - Septiembre 2020 / Corte : 231010,2020T3,Julio-Septiembre,2020,2020-09-30,COAHUILA,Coahuila
bienestar_padron_unico__Padrón_único_de_beneficiarios_consolidado_po.csv,6,COLIMA,92081,1224746.0,6,12,11,Trimestre : Julio - Septiembre 2020 / Corte : 231010,2020T3,Julio-Septiembre,2020,2020-09-30,COLIMA,Colima
bienestar_padron_unico__Padrón_único_de_beneficiarios_consolidado_po.csv,7,CHIAPAS,2703378,9899839.0,6,15,12,Trimestre : Julio - Septiembre 2020 / Corte : 231010,2020T3,Julio-Septiembre,2020,2020-09-30,CHIAPAS,Chiapas
bienestar_padron_unico__Padrón_único_de_beneficiarios_consolidado_po.csv,8,CHIHUAHUA,607019,4295403.0,7,22,19,Trimestre : Julio - Septiembre 2020 / Corte : 231010,2020T3,Julio-Septiembre,2020,2020-09-30,CHIHUAHUA,Chihuahua
bienestar_padron_unico__Padrón_único_de_beneficiarios_consolidado_po.csv,9,CIUDAD DE MÉXICO,1975490,35545915.0,6,13,10,Trimestre : Julio - Septiembre 2020 / Corte : 231010,2020T3,Julio-Septiembre,2020,2020-09-30,CIUDAD DE MÉXICO,Ciudad de México
bienestar_padron_unico__Padrón_único_de_beneficiarios_consolidado_po.csv,10,DURANGO,570907,4975013.0,6,15,12,Trimestre : Julio - Septiembre 2020 / Corte : 231010,2020T3,Julio-Septiembre,2020,2020-09-30,DURANGO,Durango
bienestar_padron_unico__Padrón_único_de_beneficiarios_consolidado_po.csv,11,GUANAJUATO,674280,10127611.0,5,11,9,Trimestre : Julio - Septiembre 2020 / Corte : 231010,2020T3,Julio-Septiembre,2020,2020-09-30,GUANAJUATO,Guanajuato
bienestar_padron_unico__Padrón_único_de_beneficiarios_consolidado_po.csv,12,GUERRERO,803553,9130090.0,6,17,12,Trimestre : Julio - Septiembre 2020 / Corte : 231010,2020T3,Julio-Septiembre,2020,2020-09-30,GUERRERO,Guerrero
bienestar_padron_unico__Padrón_único_de_beneficiarios_consolidado_po.csv,13,HIDALGO,1061512,8427938.0,6,15,12,Trimestre : Julio - Septiembre 2020 / Corte : 231010,2020T3,Julio-Septiembre,2020,2020-09-30,HIDALGO,Hidalgo
bienestar_padron_unico__Padrón_único_de_beneficiarios_consolidado_po.csv,14,JALISCO,934336,14273259.0,6,15,11,Trimestre : Julio - Septiembre 2020 / Corte : 231010,2020T3,Julio-Septiembre,2020,2020-09-30,JALISCO,Jalisco
bienestar_padron_unico__Padrón_único_de_beneficiarios_consolidado_po.csv,15,MÉXICO,3041776,66645257.0,6,15,11,Trimestre : Julio - Septiembre 2020 / Corte : 231010,2020T3,Julio-Septiembre,2020,2020-09-30,ESTADO DE MÉXICO,Estado de México
bienestar_padron_unico__Padrón_único_de_beneficiarios_consolidado_po.csv,16,MICHOACÁN DE OCAMPO,1802293,11033997.0,6,15,12,Trimestre : Julio - Septiembre 2020 / Corte : 231010,2020T3,Julio-Septiembre,2020,2020-09-30,MICHOACÁN,Michoacán
bienestar_padron_unico__Padrón_único_de_beneficiarios_consolidado_po.csv,17,MORELOS,291914,4970744.0,5,14,10,Trimestre : Julio - Septiembre 2020 / Corte : 231010,2020T3,Julio-Septiembre,2020,2020-09-30,MORELOS,Morelos
bienestar_padron_unico__Padrón_único_de_beneficiarios_consolidado_po.csv,18,NAYARIT,389513,4597507.0,5,14,10,Trimestre : Julio - Septiembre 2020 / Corte : 231010,2020T3,Julio-Septiembre,2020,2020-09-30,NAYARIT,Nayarit
bienestar_padron_unico__Padrón_único_de_beneficiarios_consolidado_po.csv,19,NUEVO LEÓN,394080,3258184.0,7,12,10,Trimestre : Julio - Septiembre 2020 / Corte : 231010,2020T3,Julio-Septiembre,2020,2020-09-30,NUEVO LEÓN,Nuevo León
bienestar_padron_unico__Padrón_único_de_beneficiarios_consolidado_po.csv,20,OAXACA,1921789,9060901.0,5,16,11,Trimestre : Julio - Septiembre 2020 / Corte : 231010,2020T3,Julio-Septiembre,2020,2020-09-30,OAXACA,Oaxaca
bienestar_padron_unico__Padrón_único_de_beneficiarios_consolidado_po.csv,21,PUEBLA,1861167,9587775.0,6,15,11,Trimestre : Julio - Septiembre 2020 / Corte : 231010,2020T3,Julio-Septiembre,2020,2020-09-30,PUEBLA,Puebla
bienestar_padron_unico__Padrón_único_de_beneficiarios_consolidado_po.csv,22,QUERÉTARO,214752,3209384.0,5,12,9,Trimestre : Julio - Septiembre 2020 / Corte : 231010,2020T3,Julio-Septiembre,2020,2020-09-30,QUERÉTARO,Querétaro
bienestar_padron_unico__Padrón_único_de_beneficiarios_consolidado_po.csv,23,QUINTANA ROO,110674,1516706.0,5,13,10,Trimestre : Julio - Septiembre 2020 / Corte : 231010,2020T3,Julio-Septiembre,2020,2020-09-30,QUINTANA ROO,Quintana Roo
bienestar_padron_unico__Padrón_único_de_beneficiarios_consolidado_po.csv,24,SAN LUIS POTOSÍ,1059517,6293876.0,6,15,11,Trimestre : Julio - Septiembre 2020 / Corte : 231010,2020T3,Julio-Septiembre,2020,2020-09-30,SAN LUIS POTOSÍ,San Luis Potosí
bienestar_padron_unico__Padrón_único_de_beneficiarios_consolidado_po.csv,25,SINALOA,629392,4085852.0,5,15,11,Trimestre : Julio - Septiembre 2020 / Corte : 231010,2020T3,Julio-Septiembre,2020,2020-09-30,SINALOA,Sinaloa
bienestar_padron_unico__Padrón_único_de_beneficiarios_consolidado_po.csv,26,SONORA,250104,2591380.0,6,14,10,Trimestre : Julio - Septiembre 2020 / Corte : 231010,2020T3,Julio-Septiembre,2020,2020-09-30,SONORA,Sonora
bienestar_padron_unico__Padrón_único_de_beneficiarios_consolidado_po.csv,27,TABASCO,268587,2869626.0,6,15,11,Trimestre : Julio - Septiembre 2020 / Corte : 231010,2020T3,Julio-Septiembre,2020,2020-09-30,TABASCO,Tabasco
bienestar_padron_unico__Padrón_único_de_beneficiarios_consolidado_po.csv,28,TAMAULIPAS,561791,2700931.0,6,11,10,Trimestre : Julio - Septiembre 2020 / Corte : 231010,2020T3,Julio-Septiembre,2020,2020-09-30,TAMAULIPAS,Tamaulipas
bienestar_padron_unico__Padrón_único_de_beneficiarios_consolidado_po.csv,29,TLAXCALA,185424,3231604.0,5,11,9,Trimestre : Julio - Septiembre 2020 / Corte : 231010,2020T3,Julio-Septiembre,2020,2020-09-30,TLAXCALA,Tlaxcala
bienestar_padron_unico__Padrón_único_de_beneficiarios_consolidado_po.csv,30,VERACRUZ DE IGNACIO DE LA LLAVE,2419528,10320365.0,6,17,13,Trimestre : Julio - Septiembre 2020 / Corte : 231010,2020T3,Julio-Septiembre,2020,2020-09-30,VERACRUZ,Veracruz
bienestar_padron_unico__Padrón_único_de_beneficiarios_consolidado_po.csv,31,YUCATÁN,711020,3208353.0,5,13,9,Trimestre : Julio - Septiembre 2020 / Corte : 231010,2020T3,Julio-Septiembre,2020,2020-09-30,YUCATÁN,Yucatán
bienestar_padron_unico__Padrón_único_de_beneficiarios_consolidado_po.csv,32,ZACATECAS,689221,5372917.0,4,10,9,Trimestre : Julio - Septiembre 2020 / Corte : 231010,2020T3,Julio-Septiembre,2020,2020-09-30,ZACATECAS,Zacatecas
bienestar_padron_unico__Padrón_único_de_beneficiarios_consolidado_po.csv,99,NO ESPECIFICADO,237,607.0,3,6,4,Trimestre : Julio - Septiembre 2020 / Corte : 231010,2020T3,Julio-Septiembre,2020,2020-09-30,NO ESPECIFICADO,No Especificado
bienestar_padron_unico__Padrón_único_de_beneficiarios_consolidado_po.csv,1,AGUASCALIENTES,361699,1657389.0,8,28,21,Trimestre : Octubre - Diciembre 2020 / Corte : 231010,2020T4,Octubre-Diciembre,2020,2020-12-31,AGUASCALIENTES,Aguascalientes
bienestar_padron_unico__Padrón_único_de_beneficiarios_consolidado_po.csv,2,BAJA CALIFORNIA,621403,2227087.0,8,36,24,Trimestre : Octubre - Diciembre 2020 / Corte : 231010,2020T4,Octubre-Diciembre,2020,2020-12-31,BAJA CALIFORNIA,Baja California
bienestar_padron_unico__Padrón_único_de_beneficiarios_consolidado_po.csv,3,BAJA CALIFORNIA SUR,189509,1131851.0,8,24,19,Trimestre : Octubre - Diciembre 2020 / Corte : 231010,2020T4,Octubre-Diciembre,2020,2020-12-31,BAJA CALIFORNIA SUR,Baja California Sur
bienestar_padron_unico__Padrón_único_de_beneficiarios_consolidado_po.csv,4,CAMPECHE,398588,1748630.0,8,39,27,Trimestre : Octubre - Diciembre 2020 / Corte : 231010,2020T4,Octubre-Diciembre,2020,2020-12-31,CAMPECHE,Campeche
bienestar_padron_unico__Padrón_único_de_beneficiarios_consolidado_po.csv,5,COAHUILA DE ZARAGOZA,728006,2703323.0,9,29,23,Trimestre : Octubre - Diciembre 2020 / Corte : 231010,2020T4,Octubre-Diciembre,2020,2020-12-31,COAHUILA,Coahuila
bienestar_padron_unico__Padrón_único_de_beneficiarios_consolidado_po.csv,6,COLIMA,232745,1072336.0,7,30,23,Trimestre : Octubre - Diciembre 2020 / Corte : 231010,2020T4,Octubre-Diciembre,2020,2020-12-31,COLIMA,Colima
bienestar_padron_unico__Padrón_único_de_beneficiarios_consolidado_po.csv,7,CHIAPAS,3335535,11320482.0,9,39,29,Trimestre : Octubre - Diciembre 2020 / Corte : 231010,2020T4,Octubre-Diciembre,2020,2020-12-31,CHIAPAS,Chiapas
bienestar_padron_unico__Padrón_único_de_beneficiarios_consolidado_po.csv,8,CHIHUAHUA,893427,4002937.0,9,39,31,Trimestre : Octubre - Diciembre 2020 / Corte : 231010,2020T4,Octubre-Diciembre,2020,2020-12-31,CHIHUAHUA,Chihuahua
bienestar_padron_unico__Padrón_único_de_beneficiarios_consolidado_po.csv,9,CIUDAD DE MÉXICO,2821052,25404506.0,11,39,30,Trimestre : Octubre - Diciembre 2020 / Corte : 231010,2020T4,Octubre-Diciembre,2020,2020-12-31,CIUDAD DE MÉXICO,Ciudad de México
bienestar_padron_unico__Padrón_único_de_beneficiarios_consolidado_po.csv,10,DURANGO,731298,4081095.0,8,30,22,Trimestre : Octubre - Diciembre 2020 / Corte : 231010,2020T4,Octubre-Diciembre,2020,2020-12-31,DURANGO,Durango
bienestar_padron_unico__Padrón_único_de_beneficiarios_consolidado_po.csv,11,GUANAJUATO,1133029,8192036.0,7,28,22,Trimestre : Octubre - Diciembre 2020 / Corte : 231010,2020T4,Octubre-Diciembre,2020,2020-12-31,GUANAJUATO,Guanajuato
bienestar_padron_unico__Padrón_único_de_beneficiarios_consolidado_po.csv,12,GUERRERO,1474269,9023472.0,8,41,28,Trimestre : Octubre - Diciembre 2020 / Corte : 231010,2020T4,Octubre-Diciembre,2020,2020-12-31,GUERRERO,Guerrero
bienestar_padron_unico__Padrón_único_de_beneficiarios_consolidado_po.csv,13,HIDALGO,1366182,7254125.0,9,34,25,Trimestre : Octubre - Diciembre 2020 / Corte : 231010,2020T4,Octubre-Diciembre,2020,2020-12-31,HIDALGO,Hidalgo
bienestar_padron_unico__Padrón_único_de_beneficiarios_consolidado_po.csv,14,JALISCO,1453960,10945371.0,9,38,27,Trimestre : Octubre - Diciembre 2020 / Corte : 231010,2020T4,Octubre-Diciembre,2020,2020-12-31,JALISCO,Jalisco
bienestar_padron_unico__Padrón_único_de_beneficiarios_consolidado_po.csv,15,MÉXICO,4648200,48982805.0,10,41,29,Trimestre : Octubre - Diciembre 2020 / Corte : 231010,2020T4,Octubre-Diciembre,2020,2020-12-31,ESTADO DE MÉXICO,Estado de México
bienestar_padron_unico__Padrón_único_de_beneficiarios_consolidado_po.csv,16,MICHOACÁN DE OCAMPO,2076133,9274994.0,8,33,24,Trimestre : Octubre - Diciembre 2020 / Corte : 231010,2020T4,Octubre-Diciembre,2020,2020-12-31,MICHOACÁN,Michoacán
bienestar_padron_unico__Padrón_único_de_beneficiarios_consolidado_po.csv,17,MORELOS,510941,4160855.0,8,39,28,Trimestre : Octubre - Diciembre 2020 / Corte : 231010,2020T4,Octubre-Diciembre,2020,2020-12-31,MORELOS,Morelos
bienestar_padron_unico__Padrón_único_de_beneficiarios_consolidado_po.csv,18,NAYARIT,584770,3618686.0,8,33,23,Trimestre : Octubre - Diciembre 2020 / Corte : 231010,2020T4,Octubre-Diciembre,2020,2020-12-31,NAYARIT,Nayarit
bienestar_padron_unico__Padrón_único_de_beneficiarios_consolidado_po.csv,19,NUEVO LEÓN,665958,2755644.0,9,30,23,Trimestre : Octubre - Diciembre 2020 / Corte : 231010,2020T4,Octubre-Diciembre,2020,2020-12-31,NUEVO LEÓN,Nuevo León
bienestar_padron_unico__Padrón_único_de_beneficiarios_consolidado_po.csv,20,OAXACA,2833442,10315823.0,10,43,31,Trimestre : Octubre - Diciembre 2020 / Corte : 231010,2020T4,Octubre-Diciembre,2020,2020-12-31,OAXACA,Oaxaca
bienestar_padron_unico__Padrón_único_de_beneficiarios_consolidado_po.csv,21,PUEBLA,2480585,9586250.0,11,41,30,Trimestre : Octubre - Diciembre 2020 / Corte : 231010,2020T4,Octubre-Diciembre,2020,2020-12-31,PUEBLA,Puebla
bienestar_padron_unico__Padrón_único_de_beneficiarios_consolidado_po.csv,22,QUERÉTARO,388123,2750325.0,8,32,23,Trimestre : Octubre - Diciembre 2020 / Corte : 231010,2020T4,Octubre-Diciembre,2020,2020-12-31,QUERÉTARO,Querétaro
bienestar_padron_unico__Padrón_único_de_beneficiarios_consolidado_po.csv,23,QUINTANA ROO,289802,1582598.0,8,34,25,Trimestre : Octubre - Diciembre 2020 / Corte : 231010,2020T4,Octubre-Diciembre,2020,2020-12-31,QUINTANA ROO,Quintana Roo
bienestar_padron_unico__Padrón_único_de_beneficiarios_consolidado_po.csv,24,SAN LUIS POTOSÍ,1277364,5497994.0,8,33,23,Trimestre : Octubre - Diciembre 2020 / Corte : 231010,2020T4,Octubre-Diciembre,2020,2020-12-31,SAN LUIS POTOSÍ,San Luis Potosí
bienestar_padron_unico__Padrón_único_de_beneficiarios_consolidado_po.csv,25,SINALOA,907830,3734002.0,8,32,23,Trimestre : Octubre - Diciembre 2020 / Corte : 231010,2020T4,Octubre-Diciembre,2020,2020-12-31,SINALOA,Sinaloa
bienestar_padron_unico__Padrón_único_de_beneficiarios_consolidado_po.csv,26,SONORA,493705,2421027.0,8,37,25,Trimestre : Octubre - Diciembre 2020 / Corte : 231010,2020T4,Octubre-Diciembre,2020,2020-12-31,SONORA,Sonora
bienestar_padron_unico__Padrón_único_de_beneficiarios_consolidado_po.csv,27,TABASCO,874224,3813341.0,8,36,27,Trimestre : Octubre - Diciembre 2020 / Corte : 231010,2020T4,Octubre-Diciembre,2020,2020-12-31,TABASCO,Tabasco
bienestar_padron_unico__Padrón_único_de_beneficiarios_consolidado_po.csv,28,TAMAULIPAS,854492,2836892.0,9,29,22,Trimestre : Octubre - Diciembre 2020 / Corte : 231010,2020T4,Octubre-Diciembre,2020,2020-12-31,TAMAULIPAS,Tamaulipas
bienestar_padron_unico__Padrón_único_de_beneficiarios_consolidado_po.csv,29,TLAXCALA,448803,4064391.0,18,61,53,Trimestre : Octubre - Diciembre 2020 / Corte : 231010,2020T4,Octubre-Diciembre,2020,2020-12-31,TLAXCALA,Tlaxcala
bienestar_padron_unico__Padrón_único_de_beneficiarios_consolidado_po.csv,30,VERACRUZ DE IGNACIO DE LA LLAVE,3327142,10940164.0,9,40,29,Trimestre : Octubre - Diciembre 2020 / Corte : 231010,2020T4,Octubre-Diciembre,2020,2020-12-31,VERACRUZ,Veracruz
bienestar_padron_unico__Padrón_único_de_beneficiarios_consolidado_po.csv,31,YUCATÁN,923281,3274597.0,8,36,26,Trimestre : Octubre - Diciembre 2020 / Corte : 231010,2020T4,Octubre-Diciembre,2020,2020-12-31,YUCATÁN,Yucatán
bienestar_padron_unico__Padrón_único_de_beneficiarios_consolidado_po.csv,32,ZACATECAS,858061,4300474.0,8,31,25,Trimestre : Octubre - Diciembre 2020 / Corte : 231010,2020T4,Octubre-Diciembre,2020,2020-12-31,ZACATECAS,Zacatecas
bienestar_padron_unico__Padrón_único_de_beneficiarios_consolidado_po.csv,99,NO ESPECIFICADO,215412,227195.0,5,9,6,Trimestre : Octubre - Diciembre 2020 / Corte : 231010,2020T4,Octubre-Diciembre,2020,2020-12-31,NO ESPECIFICADO,No Especificado
bienestar_padron_unico__Padrón_único_de_beneficiarios_consolidado_po.csv,1,AGUASCALIENTES,192715,1715908.0,4,9,8,Trimestre : Enero - Marzo 2021 / Corte : 231010,2021T1,Enero-Marzo,2021,2021-03-31,AGUASCALIENTES,Aguascalientes
bienestar_padron_unico__Padrón_único_de_beneficiarios_consolidado_po.csv,2,BAJA CALIFORNIA,431601,1972940.0,6,10,10,Trimestre : Enero - Marzo 2021 / Corte : 231010,2021T1,Enero-Marzo,2021,2021-03-31,BAJA CALIFORNIA,Baja California
bienestar_padron_unico__Padrón_único_de_beneficiarios_consolidado_po.csv,3,BAJA CALIFORNIA SUR,122279,1255535.0,4,8,8,Trimestre : Enero - Marzo 2021 / Corte : 231010,2021T1,Enero-Marzo,2021,2021-03-31,BAJA CALIFORNIA SUR,Baja California Sur
bienestar_padron_unico__Padrón_único_de_beneficiarios_consolidado_po.csv,4,CAMPECHE,298102,1574670.0,5,11,10,Trimestre : Enero - Marzo 2021 / Corte : 231010,2021T1,Enero-Marzo,2021,2021-03-31,CAMPECHE,Campeche
bienestar_padron_unico__Padrón_único_de_beneficiarios_consolidado_po.csv,5,COAHUILA DE ZARAGOZA,601015,2868552.0,6,11,11,Trimestre : Enero - Marzo 2021 / Corte : 231010,2021T1,Enero-Marzo,2021,2021-03-31,COAHUILA,Coahuila
bienestar_padron_unico__Padrón_único_de_beneficiarios_consolidado_po.csv,6,COLIMA,128659,1144640.0,4,10,9,Trimestre : Enero - Marzo 2021 / Corte : 231010,2021T1,Enero-Marzo,2021,2021-03-31,COLIMA,Colima
bienestar_padron_unico__Padrón_único_de_beneficiarios_consolidado_po.csv,7,CHIAPAS,2942793,9650445.0,4,9,9,Trimestre : Enero - Marzo 2021 / Corte : 231010,2021T1,Enero-Marzo,2021,2021-03-31,CHIAPAS,Chiapas
bienestar_padron_unico__Padrón_único_de_beneficiarios_consolidado_po.csv,8,CHIHUAHUA,776644,3921344.0,6,17,17,Trimestre : Enero - Marzo 2021 / Corte : 231010,2021T1,Enero-Marzo,2021,2021-03-31,CHIHUAHUA,Chihuahua
bienestar_padron_unico__Padrón_único_de_beneficiarios_consolidado_po.csv,9,CIUDAD DE MÉXICO,2251444,33774699.0,5,11,10,Trimestre : Enero - Marzo 2021 / Corte : 231010,2021T1,Enero-Marzo,2021,2021-03-31,CIUDAD DE MÉXICO,Ciudad de México
bienestar_padron_unico__Padrón_único_de_beneficiarios_consolidado_po.csv,10,DURANGO,644545,4820410.0,5,10,10,Trimestre : Enero - Marzo 2021 / Corte : 231010,2021T1,Enero-Marzo,2021,2021-03-31,DURANGO,Durango
bienestar_padron_unico__Padrón_único_de_beneficiarios_consolidado_po.csv,11,GUANAJUATO,967085,9711147.0,3,8,7,Trimestre : Enero - Marzo 2021 / Corte : 231010,2021T1,Enero-Marzo,2021,2021-03-31,GUANAJUATO,Guanajuato
bienestar_padron_unico__Padrón_único_de_beneficiarios_consolidado_po.csv,12,GUERRERO,1007965,8810239.0,5,11,10,Trimestre : Enero - Marzo 2021 / Corte : 231010,2021T1,Enero-Marzo,2021,2021-03-31,GUERRERO,Guerrero
bienestar_padron_unico__Padrón_único_de_beneficiarios_consolidado_po.csv,13,HIDALGO,1254250,8293541.0,6,11,11,Trimestre : Enero - Marzo 2021 / Corte : 231010,2021T1,Enero-Marzo,2021,2021-03-31,HIDALGO,Hidalgo
bienestar_padron_unico__Padrón_único_de_beneficiarios_consolidado_po.csv,14,JALISCO,1256878,13590904.0,5,10,9,Trimestre : Enero - Marzo 2021 / Corte : 231010,2021T1,Enero-Marzo,2021,2021-03-31,JALISCO,Jalisco
bienestar_padron_unico__Padrón_único_de_beneficiarios_consolidado_po.csv,15,MÉXICO,3816038,65136222.0,6,11,10,Trimestre : Enero - Marzo 2021 / Corte : 231010,2021T1,Enero-Marzo,2021,2021-03-31,ESTADO DE MÉXICO,Estado de México
bienestar_padron_unico__Padrón_único_de_beneficiarios_consolidado_po.csv,16,MICHOACÁN DE OCAMPO,1891082,10269385.0,5,11,10,Trimestre : Enero - Marzo 2021 / Corte : 231010,2021T1,Enero-Marzo,2021,2021-03-31,MICHOACÁN,Michoacán
bienestar_padron_unico__Padrón_único_de_beneficiarios_consolidado_po.csv,17,MORELOS,402628,4995921.0,3,9,8,Trimestre : Enero - Marzo 2021 / Corte : 231010,2021T1,Enero-Marzo,2021,2021-03-31,MORELOS,Morelos
bienestar_padron_unico__Padrón_único_de_beneficiarios_consolidado_po.csv,18,NAYARIT,440926,4434729.0,5,11,10,Trimestre : Enero - Marzo 2021 / Corte : 231010,2021T1,Enero-Marzo,2021,2021-03-31,NAYARIT,Nayarit
bienestar_padron_unico__Padrón_único_de_beneficiarios_consolidado_po.csv,19,NUEVO LEÓN,537673,2783182.0,6,11,10,Trimestre : Enero - Marzo 2021 / Corte : 231010,2021T1,Enero-Marzo,2021,2021-03-31,NUEVO LEÓN,Nuevo León
bienestar_padron_unico__Padrón_único_de_beneficiarios_consolidado_po.csv,20,OAXACA,2104769,8857201.0,4,10,9,Trimestre : Enero - Marzo 2021 / Corte : 231010,2021T1,Enero-Marzo,2021,2021-03-31,OAXACA,Oaxaca
bienestar_padron_unico__Padrón_único_de_beneficiarios_consolidado_po.csv,21,PUEBLA,2267077,9330007.0,5,11,10,Trimestre : Enero - Marzo 2021 / Corte : 231010,2021T1,Enero-Marzo,2021,2021-03-31,PUEBLA,Puebla
bienestar_padron_unico__Padrón_único_de_beneficiarios_consolidado_po.csv,22,QUERÉTARO,319501,3110367.0,5,10,9,Trimestre : Enero - Marzo 2021 / Corte : 231010,2021T1,Enero-Marzo,2021,2021-03-31,QUERÉTARO,Querétaro
bienestar_padron_unico__Padrón_único_de_beneficiarios_consolidado_po.csv,23,QUINTANA ROO,205463,1498793.0,6,11,11,Trimestre : Enero - Marzo 2021 / Corte : 231010,2021T1,Enero-Marzo,2021,2021-03-31,QUINTANA ROO,Quintana Roo
bienestar_padron_unico__Padrón_único_de_beneficiarios_consolidado_po.csv,24,SAN LUIS POTOSÍ,1145931,6115496.0,4,10,9,Trimestre : Enero - Marzo 2021 / Corte : 231010,2021T1,Enero-Marzo,2021,2021-03-31,SAN LUIS POTOSÍ,San Luis Potosí
bienestar_padron_unico__Padrón_único_de_beneficiarios_consolidado_po.csv,25,SINALOA,791591,3848226.0,5,11,10,Trimestre : Enero - Marzo 2021 / Corte : 231010,2021T1,Enero-Marzo,2021,2021-03-31,SINALOA,Sinaloa
bienestar_padron_unico__Padrón_único_de_beneficiarios_consolidado_po.csv,26,SONORA,389160,2390825.0,4,9,8,Trimestre : Enero - Marzo 2021 / Corte : 231010,2021T1,Enero-Marzo,2021,2021-03-31,SONORA,Sonora
bienestar_padron_unico__Padrón_único_de_beneficiarios_consolidado_po.csv,27,TABASCO,455653,2698545.0,3,8,8,Trimestre : Enero - Marzo 2021 / Corte : 231010,2021T1,Enero-Marzo,2021,2021-03-31,TABASCO,Tabasco
bienestar_padron_unico__Padrón_único_de_beneficiarios_consolidado_po.csv,28,TAMAULIPAS,715925,2465809.0,6,12,11,Trimestre : Enero - Marzo 2021 / Corte : 231010,2021T1,Enero-Marzo,2021,2021-03-31,TAMAULIPAS,Tamaulipas
bienestar_padron_unico__Padrón_único_de_beneficiarios_consolidado_po.csv,29,TLAXCALA,268021,3161522.0,4,9,9,Trimestre : Enero - Marzo 2021 / Corte : 231010,2021T1,Enero-Marzo,2021,2021-03-31,TLAXCALA,Tlaxcala
bienestar_padron_unico__Padrón_único_de_beneficiarios_consolidado_po.csv,30,VERACRUZ DE IGNACIO DE LA LLAVE,2874256,9561200.0,4,11,10,Trimestre : Enero - Marzo 2021 / Corte : 231010,2021T1,Enero-Marzo,2021,2021-03-31,VERACRUZ,Veracruz
bienestar_padron_unico__Padrón_único_de_beneficiarios_consolidado_po.csv,31,YUCATÁN,830254,3039293.0,5,10,10,Trimestre : Enero - Marzo 2021 / Corte : 231010,2021T1,Enero-Marzo,2021,2021-03-31,YUCATÁN,Yucatán
bienestar_padron_unico__Padrón_único_de_beneficiarios_consolidado_po.csv,32,ZACATECAS,753385,5056319.0,5,10,10,Trimestre : Enero - Marzo 2021 / Corte : 231010,2021T1,Enero-Marzo,2021,2021-03-31,ZACATECAS,Zacatecas
bienestar_padron_unico__Padrón_único_de_beneficiarios_consolidado_po.csv,99,NO ESPECIFICADO,6,19.0,2,3,3,Trimestre : Enero - Marzo 2021 / Corte : 231010,2021T1,Enero-Marzo,2021,2021-03-31,NO ESPECIFICADO,No Especificado
bienestar_padron_unico__Padrón_único_de_beneficiarios_consolidado_po.csv,1,AGUASCALIENTES,228049,2131471.0,3,14,10,Trimestre : Abril - Junio 2021 / Corte : 231010,2021T2,Abril-Junio,2021,2021-06-30,AGUASCALIENTES,Aguascalientes
bienestar_padron_unico__Padrón_único_de_beneficiarios_consolidado_po.csv,2,BAJA CALIFORNIA,466570,2959311.0,6,16,12,Trimestre : Abril - Junio 2021 / Corte : 231010,2021T2,Abril-Junio,2021,2021-06-30,BAJA CALIFORNIA,Baja California
bienestar_padron_unico__Padrón_único_de_beneficiarios_consolidado_po.csv,3,BAJA CALIFORNIA SUR,145623,1502587.0,4,13,10,Trimestre : Abril - Junio 2021 / Corte : 231010,2021T2,Abril-Junio,2021,2021-06-30,BAJA CALIFORNIA SUR,Baja California Sur
bienestar_padron_unico__Padrón_único_de_beneficiarios_consolidado_po.csv,4,CAMPECHE,310220,1869863.0,5,18,14,Trimestre : Abril - Junio 2021 / Corte : 231010,2021T2,Abril-Junio,2021,2021-06-30,CAMPECHE,Campeche
bienestar_padron_unico__Padrón_único_de_beneficiarios_consolidado_po.csv,5,COAHUILA DE ZARAGOZA,639408,3803148.0,6,16,12,Trimestre : Abril - Junio 2021 / Corte : 231010,2021T2,Abril-Junio,2021,2021-06-30,COAHUILA,Coahuila
bienestar_padron_unico__Padrón_único_de_beneficiarios_consolidado_po.csv,6,COLIMA,137979,1391030.0,4,15,11,Trimestre : Abril - Junio 2021 / Corte : 231010,2021T2,Abril-Junio,2021,2021-06-30,COLIMA,Colima
bienestar_padron_unico__Padrón_único_de_beneficiarios_consolidado_po.csv,7,CHIAPAS,2963795,11687808.0,6,17,14,Trimestre : Abril - Junio 2021 / Corte : 231010,2021T2,Abril-Junio,2021,2021-06-30,CHIAPAS,Chiapas
bienestar_padron_unico__Padrón_único_de_beneficiarios_consolidado_po.csv,8,CHIHUAHUA,807687,5144109.0,6,21,18,Trimestre : Abril - Junio 2021 / Corte : 231010,2021T2,Abril-Junio,2021,2021-06-30,CHIHUAHUA,Chihuahua
bienestar_padron_unico__Padrón_único_de_beneficiarios_consolidado_po.csv,9,CIUDAD DE MÉXICO,2318241,37952622.0,6,18,14,Trimestre : Abril - Junio 2021 / Corte : 231010,2021T2,Abril-Junio,2021,2021-06-30,CIUDAD DE MÉXICO,Ciudad de México
bienestar_padron_unico__Padrón_único_de_beneficiarios_consolidado_po.csv,10,DURANGO,669825,5470370.0,5,15,12,Trimestre : Abril - Junio 2021 / Corte : 231010,2021T2,Abril-Junio,2021,2021-06-30,DURANGO,Durango
bienestar_padron_unico__Padrón_único_de_beneficiarios_consolidado_po.csv,11,GUANAJUATO,1009625,11617764.0,4,14,10,Trimestre : Abril - Junio 2021 / Corte : 231010,2021T2,Abril-Junio,2021,2021-06-30,GUANAJUATO,Guanajuato
bienestar_padron_unico__Padrón_único_de_beneficiarios_consolidado_po.csv,12,GUERRERO,1000064,10320937.0,5,17,13,Trimestre : Abril - Junio 2021 / Corte : 231010,2021T2,Abril-Junio,2021,2021-06-30,GUERRERO,Guerrero
bienestar_padron_unico__Padrón_único_de_beneficiarios_consolidado_po.csv,13,HIDALGO,1265316,9459904.0,5,16,13,Trimestre : Abril - Junio 2021 / Corte : 231010,2021T2,Abril-Junio,2021,2021-06-30,HIDALGO,Hidalgo
bienestar_padron_unico__Padrón_único_de_beneficiarios_consolidado_po.csv,14,JALISCO,1309390,16201040.0,6,17,13,Trimestre : Abril - Junio 2021 / Corte : 231010,2021T2,Abril-Junio,2021,2021-06-30,JALISCO,Jalisco
bienestar_padron_unico__Padrón_único_de_beneficiarios_consolidado_po.csv,15,MÉXICO,3902957,70023984.0,5,16,12,Trimestre : Abril - Junio 2021 / Corte : 231010,2021T2,Abril-Junio,2021,2021-06-30,ESTADO DE MÉXICO,Estado de México
bienestar_padron_unico__Padrón_único_de_beneficiarios_consolidado_po.csv,16,MICHOACÁN DE OCAMPO,1915064,11966424.0,7,19,15,Trimestre : Abril - Junio 2021 / Corte : 231010,2021T2,Abril-Junio,2021,2021-06-30,MICHOACÁN,Michoacán
bienestar_padron_unico__Padrón_único_de_beneficiarios_consolidado_po.csv,17,MORELOS,409734,5620330.0,3,15,11,Trimestre : Abril - Junio 2021 / Corte : 231010,2021T2,Abril-Junio,2021,2021-06-30,MORELOS,Morelos
bienestar_padron_unico__Padrón_único_de_beneficiarios_consolidado_po.csv,18,NAYARIT,449271,4869751.0,5,16,12,Trimestre : Abril - Junio 2021 / Corte : 231010,2021T2,Abril-Junio,2021,2021-06-30,NAYARIT,Nayarit
bienestar_padron_unico__Padrón_único_de_beneficiarios_consolidado_po.csv,19,NUEVO LEÓN,558418,4316422.0,6,16,12,Trimestre : Abril - Junio 2021 / Corte : 231010,2021T2,Abril-Junio,2021,2021-06-30,NUEVO LEÓN,Nuevo León
bienestar_padron_unico__Padrón_único_de_beneficiarios_consolidado_po.csv,20,OAXACA,2123561,10780160.0,6,18,14,Trimestre : Abril - Junio 2021 / Corte : 231010,2021T2,Abril-Junio,2021,2021-06-30,OAXACA,Oaxaca
bienestar_padron_unico__Padrón_único_de_beneficiarios_consolidado_po.csv,21,PUEBLA,2296580,11816860.0,5,16,12,Trimestre : Abril - Junio 2021 / Corte : 231010,2021T2,Abril-Junio,2021,2021-06-30,PUEBLA,Puebla
bienestar_padron_unico__Padrón_único_de_beneficiarios_consolidado_po.csv,22,QUERÉTARO,329720,3755284.0,4,14,10,Trimestre : Abril - Junio 2021 / Corte : 231010,2021T2,Abril-Junio,2021,2021-06-30,QUERÉTARO,Querétaro
bienestar_padron_unico__Padrón_único_de_beneficiarios_consolidado_po.csv,23,QUINTANA ROO,211901,1860855.0,3,14,11,Trimestre : Abril - Junio 2021 / Corte : 231010,2021T2,Abril-Junio,2021,2021-06-30,QUINTANA ROO,Quintana Roo
bienestar_padron_unico__Padrón_único_de_beneficiarios_consolidado_po.csv,24,SAN LUIS POTOSÍ,1147034,7064049.0,4,16,12,Trimestre : Abril - Junio 2021 / Corte : 231010,2021T2,Abril-Junio,2021,2021-06-30,SAN LUIS POTOSÍ,San Luis Potosí
bienestar_padron_unico__Padrón_único_de_beneficiarios_consolidado_po.csv,25,SINALOA,813561,5003913.0,4,15,11,Trimestre : Abril - Junio 2021 / Corte : 231010,2021T2,Abril-Junio,2021,2021-06-30,SINALOA,Sinaloa
bienestar_padron_unico__Padrón_único_de_beneficiarios_consolidado_po.csv,26,SONORA,395602,3327733.0,3,13,9,Trimestre : Abril - Junio 2021 / Corte : 231010,2021T2,Abril-Junio,2021,2021-06-30,SONORA,Sonora
bienestar_padron_unico__Padrón_único_de_beneficiarios_consolidado_po.csv,27,TABASCO,466418,3452363.0,4,17,13,Trimestre : Abril - Junio 2021 / Corte : 231010,2021T2,Abril-Junio,2021,2021-06-30,TABASCO,Tabasco
bienestar_padron_unico__Padrón_único_de_beneficiarios_consolidado_po.csv,28,TAMAULIPAS,732925,3611463.0,5,16,12,Trimestre : Abril - Junio 2021 / Corte : 231010,2021T2,Abril-Junio,2021,2021-06-30,TAMAULIPAS,Tamaulipas
bienestar_padron_unico__Padrón_único_de_beneficiarios_consolidado_po.csv,29,TLAXCALA,270035,3564039.0,8,19,15,Trimestre : Abril - Junio 2021 / Corte : 231010,2021T2,Abril-Junio,2021,2021-06-30,TLAXCALA,Tlaxcala
bienestar_padron_unico__Padrón_único_de_beneficiarios_consolidado_po.csv,30,VERACRUZ DE IGNACIO DE LA LLAVE,2910089,12979562.0,6,19,15,Trimestre : Abril - Junio 2021 / Corte : 231010,2021T2,Abril-Junio,2021,2021-06-30,VERACRUZ,Veracruz
bienestar_padron_unico__Padrón_único_de_beneficiarios_consolidado_po.csv,31,YUCATÁN,842825,4038350.0,4,16,12,Trimestre : Abril - Junio 2021 / Corte : 231010,2021T2,Abril-Junio,2021,2021-06-30,YUCATÁN,Yucatán
bienestar_padron_unico__Padrón_único_de_beneficiarios_consolidado_po.csv,32,ZACATECAS,767646,5774597.0,4,14,11,Trimestre : Abril - Junio 2021 / Corte : 231010,2021T2,Abril-Junio,2021,2021-06-30,ZACATECAS,Zacatecas
bienestar_padron_unico__Padrón_único_de_beneficiarios_consolidado_po.csv,99,NO ESPECIFICADO,49055,49445.0,4,6,6,Trimestre : Abril - Junio 2021 / Corte : 231010,2021T2,Abril-Junio,2021,2021-06-30,NO ESPECIFICADO,No Especificado
bienestar_padron_unico__Padrón_único_de_beneficiarios_consolidado_po.csv,1,AGUASCALIENTES,131883,1630372.0,3,8,6,Trimestre : Julio - Septiembre 2021 / Corte : 231010,2021T3,Julio-Septiembre,2021,2021-09-30,AGUASCALIENTES,Aguascalientes
bienestar_padron_unico__Padrón_único_de_beneficiarios_consolidado_po.csv,2,BAJA CALIFORNIA,300924,1847998.0,3,7,5,Trimestre : Julio - Septiembre 2021 / Corte : 231010,2021T3,Julio-Septiembre,2021,2021-09-30,BAJA CALIFORNIA,Baja California
bienestar_padron_unico__Padrón_único_de_beneficiarios_consolidado_po.csv,3,BAJA CALIFORNIA SUR,75193,1233056.0,4,8,7,Trimestre : Julio - Septiembre 2021 / Corte : 231010,2021T3,Julio-Septiembre,2021,2021-09-30,BAJA CALIFORNIA SUR,Baja California Sur
bienestar_padron_unico__Padrón_único_de_beneficiarios_consolidado_po.csv,4,CAMPECHE,241954,1502581.0,4,10,8,Trimestre : Julio - Septiembre 2021 / Corte : 231010,2021T3,Julio-Septiembre,2021,2021-09-30,CAMPECHE,Campeche
bienestar_padron_unico__Padrón_único_de_beneficiarios_consolidado_po.csv,5,COAHUILA DE ZARAGOZA,517206,2772580.0,4,8,6,Trimestre : Julio - Septiembre 2021 / Corte : 231010,2021T3,Julio-Septiembre,2021,2021-09-30,COAHUILA,Coahuila
bienestar_padron_unico__Padrón_único_de_beneficiarios_consolidado_po.csv,6,COLIMA,89919,1028609.0,3,8,6,Trimestre : Julio - Septiembre 2021 / Corte : 231010,2021T3,Julio-Septiembre,2021,2021-09-30,COLIMA,Colima
bienestar_padron_unico__Padrón_único_de_beneficiarios_consolidado_po.csv,7,CHIAPAS,2553940,9042255.0,3,8,7,Trimestre : Julio - Septiembre 2021 / Corte : 231010,2021T3,Julio-Septiembre,2021,2021-09-30,CHIAPAS,Chiapas
bienestar_padron_unico__Padrón_único_de_beneficiarios_consolidado_po.csv,8,CHIHUAHUA,628223,3817014.0,4,13,12,Trimestre : Julio - Septiembre 2021 / Corte : 231010,2021T3,Julio-Septiembre,2021,2021-09-30,CHIHUAHUA,Chihuahua
bienestar_padron_unico__Padrón_único_de_beneficiarios_consolidado_po.csv,9,CIUDAD DE MÉXICO,1956258,32698211.0,3,8,6,Trimestre : Julio - Septiembre 2021 / Corte : 231010,2021T3,Julio-Septiembre,2021,2021-09-30,CIUDAD DE MÉXICO,Ciudad de México
bienestar_padron_unico__Padrón_único_de_beneficiarios_consolidado_po.csv,10,DURANGO,551821,4681369.0,4,8,7,Trimestre : Julio - Septiembre 2021 / Corte : 231010,2021T3,Julio-Septiembre,2021,2021-09-30,DURANGO,Durango
bienestar_padron_unico__Padrón_único_de_beneficiarios_consolidado_po.csv,11,GUANAJUATO,680001,9440409.0,4,8,6,Trimestre : Julio - Septiembre 2021 / Corte : 231010,2021T3,Julio-Septiembre,2021,2021-09-30,GUANAJUATO,Guanajuato
bienestar_padron_unico__Padrón_único_de_beneficiarios_consolidado_po.csv,12,GUERRERO,663573,8402373.0,4,10,8,Trimestre : Julio - Septiembre 2021 / Corte : 231010,2021T3,Julio-Septiembre,2021,2021-09-30,GUERRERO,Guerrero
bienestar_padron_unico__Padrón_único_de_beneficiarios_consolidado_po.csv,13,HIDALGO,1058733,7935723.0,4,9,8,Trimestre : Julio - Septiembre 2021 / Corte : 231010,2021T3,Julio-Septiembre,2021,2021-09-30,HIDALGO,Hidalgo
bienestar_padron_unico__Padrón_único_de_beneficiarios_consolidado_po.csv,14,JALISCO,943937,13195380.0,4,9,7,Trimestre : Julio - Septiembre 2021 / Corte : 231010,2021T3,Julio-Septiembre,2021,2021-09-30,JALISCO,Jalisco
bienestar_padron_unico__Padrón_único_de_beneficiarios_consolidado_po.csv,15,MÉXICO,3063260,63063702.0,4,9,7,Trimestre : Julio - Septiembre 2021 / Corte : 231010,2021T3,Julio-Septiembre,2021,2021-09-30,ESTADO DE MÉXICO,Estado de México
bienestar_padron_unico__Padrón_único_de_beneficiarios_consolidado_po.csv,16,MICHOACÁN DE OCAMPO,1689516,9936397.0,4,10,8,Trimestre : Julio - Septiembre 2021 / Corte : 231010,2021T3,Julio-Septiembre,2021,2021-09-30,MICHOACÁN,Michoacán
bienestar_padron_unico__Padrón_único_de_beneficiarios_consolidado_po.csv,17,MORELOS,298280,4872029.0,4,10,8,Trimestre : Julio - Septiembre 2021 / Corte : 231010,2021T3,Julio-Septiembre,2021,2021-09-30,MORELOS,Morelos
bienestar_padron_unico__Padrón_único_de_beneficiarios_consolidado_po.csv,18,NAYARIT,392898,4185654.0,3,8,6,Trimestre : Julio - Septiembre 2021 / Corte : 231010,2021T3,Julio-Septiembre,2021,2021-09-30,NAYARIT,Nayarit
bienestar_padron_unico__Padrón_único_de_beneficiarios_consolidado_po.csv,19,NUEVO LEÓN,389582,2677635.0,4,8,6,Trimestre : Julio - Septiembre 2021 / Corte : 231010,2021T3,Julio-Septiembre,2021,2021-09-30,NUEVO LEÓN,Nuevo León
bienestar_padron_unico__Padrón_único_de_beneficiarios_consolidado_po.csv,20,OAXACA,1802355,8353416.0,4,10,8,Trimestre : Julio - Septiembre 2021 / Corte : 231010,2021T3,Julio-Septiembre,2021,2021-09-30,OAXACA,Oaxaca
bienestar_padron_unico__Padrón_único_de_beneficiarios_consolidado_po.csv,21,PUEBLA,1816765,8744224.0,4,9,7,Trimestre : Julio - Septiembre 2021 / Corte : 231010,2021T3,Julio-Septiembre,2021,2021-09-30,PUEBLA,Puebla
bienestar_padron_unico__Padrón_único_de_beneficiarios_consolidado_po.csv,22,QUERÉTARO,225018,2991138.0,4,8,6,Trimestre : Julio - Septiembre 2021 / Corte : 231010,2021T3,Julio-Septiembre,2021,2021-09-30,QUERÉTARO,Querétaro
bienestar_padron_unico__Padrón_único_de_beneficiarios_consolidado_po.csv,23,QUINTANA ROO,115241,1409920.0,4,9,8,Trimestre : Julio - Septiembre 2021 / Corte : 231010,2021T3,Julio-Septiembre,2021,2021-09-30,QUINTANA ROO,Quintana Roo
bienestar_padron_unico__Padrón_único_de_beneficiarios_consolidado_po.csv,24,SAN LUIS POTOSÍ,1012289,5738122.0,3,9,7,Trimestre : Julio - Septiembre 2021 / Corte : 231010,2021T3,Julio-Septiembre,2021,2021-09-30,SAN LUIS POTOSÍ,San Luis Potosí
bienestar_padron_unico__Padrón_único_de_beneficiarios_consolidado_po.csv,25,SINALOA,632909,3657558.0,3,8,6,Trimestre : Julio - Septiembre 2021 / Corte : 231010,2021T3,Julio-Septiembre,2021,2021-09-30,SINALOA,Sinaloa
bienestar_padron_unico__Padrón_único_de_beneficiarios_consolidado_po.csv,26,SONORA,260061,2232718.0,4,8,6,Trimestre : Julio - Septiembre 2021 / Corte : 231010,2021T3,Julio-Septiembre,2021,2021-09-30,SONORA,Sonora
bienestar_padron_unico__Padrón_único_de_beneficiarios_consolidado_po.csv,27,TABASCO,267286,2569914.0,4,10,8,Trimestre : Julio - Septiembre 2021 / Corte : 231010,2021T3,Julio-Septiembre,2021,2021-09-30,TABASCO,Tabasco
bienestar_padron_unico__Padrón_único_de_beneficiarios_consolidado_po.csv,28,TAMAULIPAS,574701,2307746.0,4,9,7,Trimestre : Julio - Septiembre 2021 / Corte : 231010,2021T3,Julio-Septiembre,2021,2021-09-30,TAMAULIPAS,Tamaulipas
bienestar_padron_unico__Padrón_único_de_beneficiarios_consolidado_po.csv,29,TLAXCALA,183557,3070752.0,4,9,7,Trimestre : Julio - Septiembre 2021 / Corte : 231010,2021T3,Julio-Septiembre,2021,2021-09-30,TLAXCALA,Tlaxcala
bienestar_padron_unico__Padrón_único_de_beneficiarios_consolidado_po.csv,30,VERACRUZ DE IGNACIO DE LA LLAVE,2393735,8839493.0,4,10,8,Trimestre : Julio - Septiembre 2021 / Corte : 231010,2021T3,Julio-Septiembre,2021,2021-09-30,VERACRUZ,Veracruz
bienestar_padron_unico__Padrón_único_de_beneficiarios_consolidado_po.csv,31,YUCATÁN,697225,2853812.0,3,9,7,Trimestre : Julio - Septiembre 2021 / Corte : 231010,2021T3,Julio-Septiembre,2021,2021-09-30,YUCATÁN,Yucatán
bienestar_padron_unico__Padrón_único_de_beneficiarios_consolidado_po.csv,32,ZACATECAS,679520,4938378.0,3,7,6,Trimestre : Julio - Septiembre 2021 / Corte : 231010,2021T3,Julio-Septiembre,2021,2021-09-30,ZACATECAS,Zacatecas
bienestar_padron_unico__Padrón_único_de_beneficiarios_consolidado_po.csv,99,NO ESPECIFICADO,353,714.0,1,1,1,Trimestre : Julio - Septiembre 2021 / Corte : 231010,2021T3,Julio-Septiembre,2021,2021-09-30,NO ESPECIFICADO,No Especificado
bienestar_padron_unico__Padrón_único_de_beneficiarios_consolidado_po.csv,1,AGUASCALIENTES,353065,1923971.0,8,25,19,Trimestre : Octubre - Diciembre 2021 / Corte : 231010,2021T4,Octubre-Diciembre,2021,2021-12-31,AGUASCALIENTES,Aguascalientes
bienestar_padron_unico__Padrón_único_de_beneficiarios_consolidado_po.csv,2,BAJA CALIFORNIA,640484,2481654.0,10,37,25,Trimestre : Octubre - Diciembre 2021 / Corte : 231010,2021T4,Octubre-Diciembre,2021,2021-12-31,BAJA CALIFORNIA,Baja California
bienestar_padron_unico__Padrón_único_de_beneficiarios_consolidado_po.csv,3,BAJA CALIFORNIA SUR,182506,1446753.0,8,25,19,Trimestre : Octubre - Diciembre 2021 / Corte : 231010,2021T4,Octubre-Diciembre,2021,2021-12-31,BAJA CALIFORNIA SUR,Baja California Sur
bienestar_padron_unico__Padrón_único_de_beneficiarios_consolidado_po.csv,4,CAMPECHE,378564,1957994.0,9,38,25,Trimestre : Octubre - Diciembre 2021 / Corte : 231010,2021T4,Octubre-Diciembre,2021,2021-12-31,CAMPECHE,Campeche
bienestar_padron_unico__Padrón_único_de_beneficiarios_consolidado_po.csv,5,COAHUILA DE ZARAGOZA,711213,3169648.0,9,28,23,Trimestre : Octubre - Diciembre 2021 / Corte : 231010,2021T4,Octubre-Diciembre,2021,2021-12-31,COAHUILA,Coahuila
bienestar_padron_unico__Padrón_único_de_beneficiarios_consolidado_po.csv,6,COLIMA,221679,1277622.0,9,26,21,Trimestre : Octubre - Diciembre 2021 / Corte : 231010,2021T4,Octubre-Diciembre,2021,2021-12-31,COLIMA,Colima
bienestar_padron_unico__Padrón_único_de_beneficiarios_consolidado_po.csv,7,CHIAPAS,3178654,11516094.0,9,38,27,Trimestre : Octubre - Diciembre 2021 / Corte : 231010,2021T4,Octubre-Diciembre,2021,2021-12-31,CHIAPAS,Chiapas
bienestar_padron_unico__Padrón_único_de_beneficiarios_consolidado_po.csv,8,CHIHUAHUA,872037,4628006.0,9,39,29,Trimestre : Octubre - Diciembre 2021 / Corte : 231010,2021T4,Octubre-Diciembre,2021,2021-12-31,CHIHUAHUA,Chihuahua
bienestar_padron_unico__Padrón_único_de_beneficiarios_consolidado_po.csv,9,CIUDAD DE MÉXICO,2940180,34882654.0,10,34,23,Trimestre : Octubre - Diciembre 2021 / Corte : 231010,2021T4,Octubre-Diciembre,2021,2021-12-31,CIUDAD DE MÉXICO,Ciudad de México
bienestar_padron_unico__Padrón_único_de_beneficiarios_consolidado_po.csv,10,DURANGO,747719,5199009.0,9,32,23,Trimestre : Octubre - Diciembre 2021 / Corte : 231010,2021T4,Octubre-Diciembre,2021,2021-12-31,DURANGO,Durango
bienestar_padron_unico__Padrón_único_de_beneficiarios_consolidado_po.csv,11,GUANAJUATO,1134664,10280818.0,8,29,20,Trimestre : Octubre - Diciembre 2021 / Corte : 231010,2021T4,Octubre-Diciembre,2021,2021-12-31,GUANAJUATO,Guanajuato
bienestar_padron_unico__Padrón_único_de_beneficiarios_consolidado_po.csv,12,GUERRERO,1405109,10532982.0,9,41,28,Trimestre : Octubre - Diciembre 2021 / Corte : 231010,2021T4,Octubre-Diciembre,2021,2021-12-31,GUERRERO,Guerrero
bienestar_padron_unico__Padrón_único_de_beneficiarios_consolidado_po.csv,13,HIDALGO,1367256,8896827.0,11,38,28,Trimestre : Octubre - Diciembre 2021 / Corte : 231010,2021T4,Octubre-Diciembre,2021,2021-12-31,HIDALGO,Hidalgo
bienestar_padron_unico__Padrón_único_de_beneficiarios_consolidado_po.csv,14,JALISCO,1501573,14414674.0,10,36,25,Trimestre : Octubre - Diciembre 2021 / Corte : 231010,2021T4,Octubre-Diciembre,2021,2021-12-31,JALISCO,Jalisco
bienestar_padron_unico__Padrón_único_de_beneficiarios_consolidado_po.csv,15,MÉXICO,4540612,64431575.0,8,38,25,Trimestre : Octubre - Diciembre 2021 / Corte : 231010,2021T4,Octubre-Diciembre,2021,2021-12-31,ESTADO DE MÉXICO,Estado de México
bienestar_padron_unico__Padrón_único_de_beneficiarios_consolidado_po.csv,16,MICHOACÁN DE OCAMPO,2027639,10816799.0,9,34,24,Trimestre : Octubre - Diciembre 2021 / Corte : 231010,2021T4,Octubre-Diciembre,2021,2021-12-31,MICHOACÁN,Michoacán
bienestar_padron_unico__Padrón_único_de_beneficiarios_consolidado_po.csv,17,MORELOS,523523,5343114.0,8,36,25,Trimestre : Octubre - Diciembre 2021 / Corte : 231010,2021T4,Octubre-Diciembre,2021,2021-12-31,MORELOS,Morelos
bienestar_padron_unico__Padrón_único_de_beneficiarios_consolidado_po.csv,18,NAYARIT,584888,4584170.0,9,35,24,Trimestre : Octubre - Diciembre 2021 / Corte : 231010,2021T4,Octubre-Diciembre,2021,2021-12-31,NAYARIT,Nayarit
bienestar_padron_unico__Padrón_único_de_beneficiarios_consolidado_po.csv,19,NUEVO LEÓN,616997,3195841.0,10,29,23,Trimestre : Octubre - Diciembre 2021 / Corte : 231010,2021T4,Octubre-Diciembre,2021,2021-12-31,NUEVO LEÓN,Nuevo León
bienestar_padron_unico__Padrón_único_de_beneficiarios_consolidado_po.csv,20,OAXACA,2324191,10478206.0,11,41,28,Trimestre : Octubre - Diciembre 2021 / Corte : 231010,2021T4,Octubre-Diciembre,2021,2021-12-31,OAXACA,Oaxaca
bienestar_padron_unico__Padrón_único_de_beneficiarios_consolidado_po.csv,21,PUEBLA,2515709,10749133.0,10,41,29,Trimestre : Octubre - Diciembre 2021 / Corte : 231010,2021T4,Octubre-Diciembre,2021,2021-12-31,PUEBLA,Puebla
bienestar_padron_unico__Padrón_único_de_beneficiarios_consolidado_po.csv,22,QUERÉTARO,396119,3316762.0,8,29,20,Trimestre : Octubre - Diciembre 2021 / Corte : 231010,2021T4,Octubre-Diciembre,2021,2021-12-31,QUERÉTARO,Querétaro
bienestar_padron_unico__Padrón_único_de_beneficiarios_consolidado_po.csv,23,QUINTANA ROO,290681,1798049.0,9,34,24,Trimestre : Octubre - Diciembre 2021 / Corte : 231010,2021T4,Octubre-Diciembre,2021,2021-12-31,QUINTANA ROO,Quintana Roo
bienestar_padron_unico__Padrón_único_de_beneficiarios_consolidado_po.csv,24,SAN LUIS POTOSÍ,1249666,6331668.0,8,33,22,Trimestre : Octubre - Diciembre 2021 / Corte : 231010,2021T4,Octubre-Diciembre,2021,2021-12-31,SAN LUIS POTOSÍ,San Luis Potosí
bienestar_padron_unico__Padrón_único_de_beneficiarios_consolidado_po.csv,25,SINALOA,917936,4392574.0,9,35,25,Trimestre : Octubre - Diciembre 2021 / Corte : 231010,2021T4,Octubre-Diciembre,2021,2021-12-31,SINALOA,Sinaloa
bienestar_padron_unico__Padrón_único_de_beneficiarios_consolidado_po.csv,26,SONORA,492888,2730771.0,9,36,24,Trimestre : Octubre - Diciembre 2021 / Corte : 231010,2021T4,Octubre-Diciembre,2021,2021-12-31,SONORA,Sonora
bienestar_padron_unico__Padrón_único_de_beneficiarios_consolidado_po.csv,27,TABASCO,669746,3614736.0,9,34,24,Trimestre : Octubre - Diciembre 2021 / Corte : 231010,2021T4,Octubre-Diciembre,2021,2021-12-31,TABASCO,Tabasco
bienestar_padron_unico__Padrón_único_de_beneficiarios_consolidado_po.csv,28,TAMAULIPAS,830557,2950201.0,9,28,23,Trimestre : Octubre - Diciembre 2021 / Corte : 231010,2021T4,Octubre-Diciembre,2021,2021-12-31,TAMAULIPAS,Tamaulipas
bienestar_padron_unico__Padrón_único_de_beneficiarios_consolidado_po.csv,29,TLAXCALA,378349,3626111.0,11,38,32,Trimestre : Octubre - Diciembre 2021 / Corte : 231010,2021T4,Octubre-Diciembre,2021,2021-12-31,TLAXCALA,Tlaxcala
bienestar_padron_unico__Padrón_único_de_beneficiarios_consolidado_po.csv,30,VERACRUZ DE IGNACIO DE LA LLAVE,3192490,11445454.0,10,40,28,Trimestre : Octubre - Diciembre 2021 / Corte : 231010,2021T4,Octubre-Diciembre,2021,2021-12-31,VERACRUZ,Veracruz
bienestar_padron_unico__Padrón_único_de_beneficiarios_consolidado_po.csv,31,YUCATÁN,918349,3575326.0,9,37,25,Trimestre : Octubre - Diciembre 2021 / Corte : 231010,2021T4,Octubre-Diciembre,2021,2021-12-31,YUCATÁN,Yucatán
bienestar_padron_unico__Padrón_único_de_beneficiarios_consolidado_po.csv,32,ZACATECAS,835056,5281584.0,9,29,23,Trimestre : Octubre - Diciembre 2021 / Corte : 231010,2021T4,Octubre-Diciembre,2021,2021-12-31,ZACATECAS,Zacatecas
bienestar_padron_unico__Padrón_único_de_beneficiarios_consolidado_po.csv,99,NO ESPECIFICADO,34568,42794.0,4,9,4,Trimestre : Octubre - Diciembre 2021 / Corte : 231010,2021T4,Octubre-Diciembre,2021,2021-12-31,NO ESPECIFICADO,No Especificado
bienestar_padron_unico__Padrón_único_de_beneficiarios_consolidado_po.csv,1,AGUASCALIENTES,153587,1525199.0,6,12,8,Trimestre : Enero - Marzo 2022 / Corte : 2025/01/28,2022T1,Enero-Marzo,2022,2022-03-31,AGUASCALIENTES,Aguascalientes
bienestar_padron_unico__Padrón_único_de_beneficiarios_consolidado_po.csv,2,BAJA CALIFORNIA,370954,1935244.0,7,16,10,Trimestre : Enero - Marzo 2022 / Corte : 2025/01/28,2022T1,Enero-Marzo,2022,2022-03-31,BAJA CALIFORNIA,Baja California
bienestar_padron_unico__Padrón_único_de_beneficiarios_consolidado_po.csv,3,BAJA CALIFORNIA SUR,92867,1280833.0,6,9,8,Trimestre : Enero - Marzo 2022 / Corte : 2025/01/28,2022T1,Enero-Marzo,2022,2022-03-31,BAJA CALIFORNIA SUR,Baja California Sur
bienestar_padron_unico__Padrón_único_de_beneficiarios_consolidado_po.csv,4,CAMPECHE,272560,1575494.0,7,17,11,Trimestre : Enero - Marzo 2022 / Corte : 2025/01/28,2022T1,Enero-Marzo,2022,2022-03-31,CAMPECHE,Campeche
bienestar_padron_unico__Padrón_único_de_beneficiarios_consolidado_po.csv,5,COAHUILA DE ZARAGOZA,556476,2875515.0,6,14,8,Trimestre : Enero - Marzo 2022 / Corte : 2025/01/28,2022T1,Enero-Marzo,2022,2022-03-31,COAHUILA,Coahuila
bienestar_padron_unico__Padrón_único_de_beneficiarios_consolidado_po.csv,6,COLIMA,110957,1112490.0,6,13,9,Trimestre : Enero - Marzo 2022 / Corte : 2025/01/28,2022T1,Enero-Marzo,2022,2022-03-31,COLIMA,Colima
bienestar_padron_unico__Padrón_único_de_beneficiarios_consolidado_po.csv,7,CHIAPAS,2658365,9436860.0,7,19,12,Trimestre : Enero - Marzo 2022 / Corte : 2025/01/28,2022T1,Enero-Marzo,2022,2022-03-31,CHIAPAS,Chiapas
bienestar_padron_unico__Padrón_único_de_beneficiarios_consolidado_po.csv,8,CHIHUAHUA,678623,3842159.0,8,25,19,Trimestre : Enero - Marzo 2022 / Corte : 2025/01/28,2022T1,Enero-Marzo,2022,2022-03-31,CHIHUAHUA,Chihuahua
bienestar_padron_unico__Padrón_único_de_beneficiarios_consolidado_po.csv,9,CIUDAD DE MÉXICO,2203548,30574728.0,7,25,12,Trimestre : Enero - Marzo 2022 / Corte : 2025/01/28,2022T1,Enero-Marzo,2022,2022-03-31,CIUDAD DE MÉXICO,Ciudad de México
bienestar_padron_unico__Padrón_único_de_beneficiarios_consolidado_po.csv,10,DURANGO,593793,4681765.0,7,17,11,Trimestre : Enero - Marzo 2022 / Corte : 2025/01/28,2022T1,Enero-Marzo,2022,2022-03-31,DURANGO,Durango
bienestar_padron_unico__Padrón_único_de_beneficiarios_consolidado_po.csv,11,GUANAJUATO,769180,9208177.0,6,15,9,Trimestre : Enero - Marzo 2022 / Corte : 2025/01/28,2022T1,Enero-Marzo,2022,2022-03-31,GUANAJUATO,Guanajuato
bienestar_padron_unico__Padrón_único_de_beneficiarios_consolidado_po.csv,12,GUERRERO,751818,8330174.0,7,21,11,Trimestre : Enero - Marzo 2022 / Corte : 2025/01/28,2022T1,Enero-Marzo,2022,2022-03-31,GUERRERO,Guerrero
bienestar_padron_unico__Padrón_único_de_beneficiarios_consolidado_po.csv,13,HIDALGO,1111209,7775727.0,7,18,11,Trimestre : Enero - Marzo 2022 / Corte : 2025/01/28,2022T1,Enero-Marzo,2022,2022-03-31,HIDALGO,Hidalgo
bienestar_padron_unico__Padrón_único_de_beneficiarios_consolidado_po.csv,14,JALISCO,1099142,13467100.0,7,20,10,Trimestre : Enero - Marzo 2022 / Corte : 2025/01/28,2022T1,Enero-Marzo,2022,2022-03-31,JALISCO,Jalisco
bienestar_padron_unico__Padrón_único_de_beneficiarios_consolidado_po.csv,15,MÉXICO,3169648,58192719.0,7,18,10,Trimestre : Enero - Marzo 2022 / Corte : 2025/01/28,2022T1,Enero-Marzo,2022,2022-03-31,ESTADO DE MÉXICO,Estado de México
bienestar_padron_unico__Padrón_único_de_beneficiarios_consolidado_po.csv,16,MICHOACÁN DE OCAMPO,1822904,9922044.0,7,19,12,Trimestre : Enero - Marzo 2022 / Corte : 2025/01/28,2022T1,Enero-Marzo,2022,2022-03-31,MICHOACÁN,Michoacán
bienestar_padron_unico__Padrón_único_de_beneficiarios_consolidado_po.csv,17,MORELOS,344181,4634012.0,7,18,11,Trimestre : Enero - Marzo 2022 / Corte : 2025/01/28,2022T1,Enero-Marzo,2022,2022-03-31,MORELOS,Morelos
bienestar_padron_unico__Padrón_único_de_beneficiarios_consolidado_po.csv,18,NAYARIT,420961,4225821.0,7,16,11,Trimestre : Enero - Marzo 2022 / Corte : 2025/01/28,2022T1,Enero-Marzo,2022,2022-03-31,NAYARIT,Nayarit
bienestar_padron_unico__Padrón_único_de_beneficiarios_consolidado_po.csv,19,NUEVO LEÓN,471334,2873572.0,7,15,10,Trimestre : Enero - Marzo 2022 / Corte : 2025/01/28,2022T1,Enero-Marzo,2022,2022-03-31,NUEVO LEÓN,Nuevo León
bienestar_padron_unico__Padrón_único_de_beneficiarios_consolidado_po.csv,20,OAXACA,1818737,8250589.0,7,23,12,Trimestre : Enero - Marzo 2022 / Corte : 2025/01/28,2022T1,Enero-Marzo,2022,2022-03-31,OAXACA,Oaxaca
bienestar_padron_unico__Padrón_único_de_beneficiarios_consolidado_po.csv,21,PUEBLA,1974305,8733991.0,7,20,11,Trimestre : Enero - Marzo 2022 / Corte : 2025/01/28,2022T1,Enero-Marzo,2022,2022-03-31,PUEBLA,Puebla
bienestar_padron_unico__Padrón_único_de_beneficiarios_consolidado_po.csv,22,QUERÉTARO,257322,2907367.0,6,17,10,Trimestre : Enero - Marzo 2022 / Corte : 2025/01/28,2022T1,Enero-Marzo,2022,2022-03-31,QUERÉTARO,Querétaro
bienestar_padron_unico__Padrón_único_de_beneficiarios_consolidado_po.csv,23,QUINTANA ROO,149841,1445521.0,6,16,11,Trimestre : Enero - Marzo 2022 / Corte : 2025/01/28,2022T1,Enero-Marzo,2022,2022-03-31,QUINTANA ROO,Quintana Roo
bienestar_padron_unico__Padrón_único_de_beneficiarios_consolidado_po.csv,24,SAN LUIS POTOSÍ,1060803,5818303.0,7,17,11,Trimestre : Enero - Marzo 2022 / Corte : 2025/01/28,2022T1,Enero-Marzo,2022,2022-03-31,SAN LUIS POTOSÍ,San Luis Potosí
bienestar_padron_unico__Padrón_único_de_beneficiarios_consolidado_po.csv,25,SINALOA,676392,3680908.0,7,18,11,Trimestre : Enero - Marzo 2022 / Corte : 2025/01/28,2022T1,Enero-Marzo,2022,2022-03-31,SINALOA,Sinaloa
bienestar_padron_unico__Padrón_único_de_beneficiarios_consolidado_po.csv,26,SONORA,317733,2360027.0,7,18,10,Trimestre : Enero - Marzo 2022 / Corte : 2025/01/28,2022T1,Enero-Marzo,2022,2022-03-31,SONORA,Sonora
bienestar_padron_unico__Padrón_único_de_beneficiarios_consolidado_po.csv,27,TABASCO,357973,2789708.0,6,16,10,Trimestre : Enero - Marzo 2022 / Corte : 2025/01/28,2022T1,Enero-Marzo,2022,2022-03-31,TABASCO,Tabasco
bienestar_padron_unico__Padrón_único_de_beneficiarios_consolidado_po.csv,28,TAMAULIPAS,634843,2420229.0,7,13,10,Trimestre : Enero - Marzo 2022 / Corte : 2025/01/28,2022T1,Enero-Marzo,2022,2022-03-31,TAMAULIPAS,Tamaulipas
bienestar_padron_unico__Padrón_único_de_beneficiarios_consolidado_po.csv,29,TLAXCALA,222717,3139678.0,6,16,10,Trimestre : Enero - Marzo 2022 / Corte : 2025/01/28,2022T1,Enero-Marzo,2022,2022-03-31,TLAXCALA,Tlaxcala
bienestar_padron_unico__Padrón_único_de_beneficiarios_consolidado_po.csv,30,VERACRUZ DE IGNACIO DE LA LLAVE,2560691,9399317.0,7,20,11,Trimestre : Enero - Marzo 2022 / Corte : 2025/01/28,2022T1,Enero-Marzo,2022,2022-03-31,VERACRUZ,Veracruz
bienestar_padron_unico__Padrón_único_de_beneficiarios_consolidado_po.csv,31,YUCATÁN,741760,2904500.0,7,21,11,Trimestre : Enero - Marzo 2022 / Corte : 2025/01/28,2022T1,Enero-Marzo,2022,2022-03-31,YUCATÁN,Yucatán
bienestar_padron_unico__Padrón_único_de_beneficiarios_consolidado_po.csv,32,ZACATECAS,699931,4777775.0,7,15,10,Trimestre : Enero - Marzo 2022 / Corte : 2025/01/28,2022T1,Enero-Marzo,2022,2022-03-31,ZACATECAS,Zacatecas
bienestar_padron_unico__Padrón_único_de_beneficiarios_consolidado_po.csv,1,AGUASCALIENTES,216434,1836436.0,6,16,11,Trimestre : Abril - Junio 2022 / Corte : 2025/01/28,2022T2,Abril-Junio,2022,2022-06-30,AGUASCALIENTES,Aguascalientes
bienestar_padron_unico__Padrón_único_de_beneficiarios_consolidado_po.csv,2,BAJA CALIFORNIA,512456,2717987.0,8,20,14,Trimestre : Abril - Junio 2022 / Corte : 2025/01/28,2022T2,Abril-Junio,2022,2022-06-30,BAJA CALIFORNIA,Baja California
bienestar_padron_unico__Padrón_único_de_beneficiarios_consolidado_po.csv,3,BAJA CALIFORNIA SUR,138334,1483129.0,7,14,12,Trimestre : Abril - Junio 2022 / Corte : 2025/01/28,2022T2,Abril-Junio,2022,2022-06-30,BAJA CALIFORNIA SUR,Baja California Sur
bienestar_padron_unico__Padrón_único_de_beneficiarios_consolidado_po.csv,4,CAMPECHE,322049,1895776.0,8,23,16,Trimestre : Abril - Junio 2022 / Corte : 2025/01/28,2022T2,Abril-Junio,2022,2022-06-30,CAMPECHE,Campeche
bienestar_padron_unico__Padrón_único_de_beneficiarios_consolidado_po.csv,5,COAHUILA DE ZARAGOZA,644200,3531888.0,6,16,11,Trimestre : Abril - Junio 2022 / Corte : 2025/01/28,2022T2,Abril-Junio,2022,2022-06-30,COAHUILA,Coahuila
bienestar_padron_unico__Padrón_único_de_beneficiarios_consolidado_po.csv,6,COLIMA,145280,1351247.0,6,17,12,Trimestre : Abril - Junio 2022 / Corte : 2025/01/28,2022T2,Abril-Junio,2022,2022-06-30,COLIMA,Colima
bienestar_padron_unico__Padrón_único_de_beneficiarios_consolidado_po.csv,7,CHIAPAS,2903078,11086734.0,8,24,16,Trimestre : Abril - Junio 2022 / Corte : 2025/01/28,2022T2,Abril-Junio,2022,2022-06-30,CHIAPAS,Chiapas
bienestar_padron_unico__Padrón_único_de_beneficiarios_consolidado_po.csv,8,CHIHUAHUA,836532,4847221.0,9,31,24,Trimestre : Abril - Junio 2022 / Corte : 2025/01/28,2022T2,Abril-Junio,2022,2022-06-30,CHIHUAHUA,Chihuahua
bienestar_padron_unico__Padrón_único_de_beneficiarios_consolidado_po.csv,9,CIUDAD DE MÉXICO,2526266,32000991.0,8,26,15,Trimestre : Abril - Junio 2022 / Corte : 2025/01/28,2022T2,Abril-Junio,2022,2022-06-30,CIUDAD DE MÉXICO,Ciudad de México
bienestar_padron_unico__Padrón_único_de_beneficiarios_consolidado_po.csv,10,DURANGO,678689,5294341.0,8,19,14,Trimestre : Abril - Junio 2022 / Corte : 2025/01/28,2022T2,Abril-Junio,2022,2022-06-30,DURANGO,Durango
bienestar_padron_unico__Padrón_único_de_beneficiarios_consolidado_po.csv,11,GUANAJUATO,1045932,10828663.0,7,21,14,Trimestre : Abril - Junio 2022 / Corte : 2025/01/28,2022T2,Abril-Junio,2022,2022-06-30,GUANAJUATO,Guanajuato
bienestar_padron_unico__Padrón_único_de_beneficiarios_consolidado_po.csv,12,GUERRERO,961100,9655585.0,7,25,16,Trimestre : Abril - Junio 2022 / Corte : 2025/01/28,2022T2,Abril-Junio,2022,2022-06-30,GUERRERO,Guerrero
bienestar_padron_unico__Padrón_único_de_beneficiarios_consolidado_po.csv,13,HIDALGO,1251742,8107531.0,8,21,15,Trimestre : Abril - Junio 2022 / Corte : 2025/01/28,2022T2,Abril-Junio,2022,2022-06-30,HIDALGO,Hidalgo
bienestar_padron_unico__Padrón_único_de_beneficiarios_consolidado_po.csv,14,JALISCO,1416977,15428071.0,8,24,16,Trimestre : Abril - Junio 2022 / Corte : 2025/01/28,2022T2,Abril-Junio,2022,2022-06-30,JALISCO,Jalisco
bienestar_padron_unico__Padrón_único_de_beneficiarios_consolidado_po.csv,15,MÉXICO,3917439,60232507.0,8,24,16,Trimestre : Abril - Junio 2022 / Corte : 2025/01/28,2022T2,Abril-Junio,2022,2022-06-30,ESTADO DE MÉXICO,Estado de México
bienestar_padron_unico__Padrón_único_de_beneficiarios_consolidado_po.csv,16,MICHOACÁN DE OCAMPO,1985283,11208269.0,8,23,16,Trimestre : Abril - Junio 2022 / Corte : 2025/01/28,2022T2,Abril-Junio,2022,2022-06-30,MICHOACÁN,Michoacán
bienestar_padron_unico__Padrón_único_de_beneficiarios_consolidado_po.csv,17,MORELOS,455943,5225910.0,7,22,16,Trimestre : Abril - Junio 2022 / Corte : 2025/01/28,2022T2,Abril-Junio,2022,2022-06-30,MORELOS,Morelos
bienestar_padron_unico__Padrón_único_de_beneficiarios_consolidado_po.csv,18,NAYARIT,472624,4619962.0,8,20,15,Trimestre : Abril - Junio 2022 / Corte : 2025/01/28,2022T2,Abril-Junio,2022,2022-06-30,NAYARIT,Nayarit
bienestar_padron_unico__Padrón_único_de_beneficiarios_consolidado_po.csv,19,NUEVO LEÓN,632707,4041610.0,8,19,13,Trimestre : Abril - Junio 2022 / Corte : 2025/01/28,2022T2,Abril-Junio,2022,2022-06-30,NUEVO LEÓN,Nuevo León
bienestar_padron_unico__Padrón_único_de_beneficiarios_consolidado_po.csv,20,OAXACA,2102081,9526956.0,8,28,18,Trimestre : Abril - Junio 2022 / Corte : 2025/01/28,2022T2,Abril-Junio,2022,2022-06-30,OAXACA,Oaxaca
bienestar_padron_unico__Padrón_único_de_beneficiarios_consolidado_po.csv,21,PUEBLA,2324656,10455055.0,8,23,16,Trimestre : Abril - Junio 2022 / Corte : 2025/01/28,2022T2,Abril-Junio,2022,2022-06-30,PUEBLA,Puebla
bienestar_padron_unico__Padrón_único_de_beneficiarios_consolidado_po.csv,22,QUERÉTARO,357370,3369159.0,7,21,13,Trimestre : Abril - Junio 2022 / Corte : 2025/01/28,2022T2,Abril-Junio,2022,2022-06-30,QUERÉTARO,Querétaro
bienestar_padron_unico__Padrón_único_de_beneficiarios_consolidado_po.csv,23,QUINTANA ROO,239210,1788412.0,7,21,15,Trimestre : Abril - Junio 2022 / Corte : 2025/01/28,2022T2,Abril-Junio,2022,2022-06-30,QUINTANA ROO,Quintana Roo
bienestar_padron_unico__Padrón_único_de_beneficiarios_consolidado_po.csv,24,SAN LUIS POTOSÍ,1190605,6721070.0,8,23,16,Trimestre : Abril - Junio 2022 / Corte : 2025/01/28,2022T2,Abril-Junio,2022,2022-06-30,SAN LUIS POTOSÍ,San Luis Potosí
bienestar_padron_unico__Padrón_único_de_beneficiarios_consolidado_po.csv,25,SINALOA,830622,4639407.0,7,21,14,Trimestre : Abril - Junio 2022 / Corte : 2025/01/28,2022T2,Abril-Junio,2022,2022-06-30,SINALOA,Sinaloa
bienestar_padron_unico__Padrón_único_de_beneficiarios_consolidado_po.csv,26,SONORA,450167,3134404.0,8,22,15,Trimestre : Abril - Junio 2022 / Corte : 2025/01/28,2022T2,Abril-Junio,2022,2022-06-30,SONORA,Sonora
bienestar_padron_unico__Padrón_único_de_beneficiarios_consolidado_po.csv,27,TABASCO,549390,3535245.0,7,20,15,Trimestre : Abril - Junio 2022 / Corte : 2025/01/28,2022T2,Abril-Junio,2022,2022-06-30,TABASCO,Tabasco
bienestar_padron_unico__Padrón_único_de_beneficiarios_consolidado_po.csv,28,TAMAULIPAS,766165,3283787.0,8,17,13,Trimestre : Abril - Junio 2022 / Corte : 2025/01/28,2022T2,Abril-Junio,2022,2022-06-30,TAMAULIPAS,Tamaulipas
bienestar_padron_unico__Padrón_único_de_beneficiarios_consolidado_po.csv,29,TLAXCALA,303624,3531615.0,7,20,14,Trimestre : Abril - Junio 2022 / Corte : 2025/01/28,2022T2,Abril-Junio,2022,2022-06-30,TLAXCALA,Tlaxcala
bienestar_padron_unico__Padrón_único_de_beneficiarios_consolidado_po.csv,30,VERACRUZ DE IGNACIO DE LA LLAVE,3036861,12323745.0,8,24,16,Trimestre : Abril - Junio 2022 / Corte : 2025/01/28,2022T2,Abril-Junio,2022,2022-06-30,VERACRUZ,Veracruz
bienestar_padron_unico__Padrón_único_de_beneficiarios_consolidado_po.csv,31,YUCATÁN,885301,3741514.0,7,21,14,Trimestre : Abril - Junio 2022 / Corte : 2025/01/28,2022T2,Abril-Junio,2022,2022-06-30,YUCATÁN,Yucatán
bienestar_padron_unico__Padrón_único_de_beneficiarios_consolidado_po.csv,32,ZACATECAS,782191,5349801.0,8,20,16,Trimestre : Abril - Junio 2022 / Corte : 2025/01/28,2022T2,Abril-Junio,2022,2022-06-30,ZACATECAS,Zacatecas
bienestar_padron_unico__Padrón_único_de_beneficiarios_consolidado_po.csv,1,AGUASCALIENTES,191928,1624166.0,6,17,11,Trimestre : Julio - Septiembre 2022 / Corte : 2025/01/28,2022T3,Julio-Septiembre,2022,2022-09-30,AGUASCALIENTES,Aguascalientes
bienestar_padron_unico__Padrón_único_de_beneficiarios_consolidado_po.csv,2,BAJA CALIFORNIA,466018,2192883.0,8,23,15,Trimestre : Julio - Septiembre 2022 / Corte : 2025/01/28,2022T3,Julio-Septiembre,2022,2022-09-30,BAJA CALIFORNIA,Baja California
bienestar_padron_unico__Padrón_único_de_beneficiarios_consolidado_po.csv,3,BAJA CALIFORNIA SUR,117834,1358596.0,7,15,12,Trimestre : Julio - Septiembre 2022 / Corte : 2025/01/28,2022T3,Julio-Septiembre,2022,2022-09-30,BAJA CALIFORNIA SUR,Baja California Sur
bienestar_padron_unico__Padrón_único_de_beneficiarios_consolidado_po.csv,4,CAMPECHE,298667,1757628.0,8,24,16,Trimestre : Julio - Septiembre 2022 / Corte : 2025/01/28,2022T3,Julio-Septiembre,2022,2022-09-30,CAMPECHE,Campeche
bienestar_padron_unico__Padrón_único_de_beneficiarios_consolidado_po.csv,5,COAHUILA DE ZARAGOZA,627249,3032406.0,7,20,13,Trimestre : Julio - Septiembre 2022 / Corte : 2025/01/28,2022T3,Julio-Septiembre,2022,2022-09-30,COAHUILA,Coahuila
bienestar_padron_unico__Padrón_único_de_beneficiarios_consolidado_po.csv,6,COLIMA,130629,1226619.0,6,19,12,Trimestre : Julio - Septiembre 2022 / Corte : 2025/01/28,2022T3,Julio-Septiembre,2022,2022-09-30,COLIMA,Colima
bienestar_padron_unico__Padrón_único_de_beneficiarios_consolidado_po.csv,7,CHIAPAS,2771688,10093813.0,8,26,16,Trimestre : Julio - Septiembre 2022 / Corte : 2025/01/28,2022T3,Julio-Septiembre,2022,2022-09-30,CHIAPAS,Chiapas
bienestar_padron_unico__Padrón_único_de_beneficiarios_consolidado_po.csv,8,CHIHUAHUA,797982,4358145.0,9,36,25,Trimestre : Julio - Septiembre 2022 / Corte : 2025/01/28,2022T3,Julio-Septiembre,2022,2022-09-30,CHIHUAHUA,Chihuahua
bienestar_padron_unico__Padrón_único_de_beneficiarios_consolidado_po.csv,9,CIUDAD DE MÉXICO,2423752,29515220.0,8,29,15,Trimestre : Julio - Septiembre 2022 / Corte : 2025/01/28,2022T3,Julio-Septiembre,2022,2022-09-30,CIUDAD DE MÉXICO,Ciudad de México
bienestar_padron_unico__Padrón_único_de_beneficiarios_consolidado_po.csv,10,DURANGO,645685,4991943.0,8,22,15,Trimestre : Julio - Septiembre 2022 / Corte : 2025/01/28,2022T3,Julio-Septiembre,2022,2022-09-30,DURANGO,Durango
bienestar_padron_unico__Padrón_único_de_beneficiarios_consolidado_po.csv,11,GUANAJUATO,939770,9923325.0,7,23,14,Trimestre : Julio - Septiembre 2022 / Corte : 2025/01/28,2022T3,Julio-Septiembre,2022,2022-09-30,GUANAJUATO,Guanajuato
bienestar_padron_unico__Padrón_único_de_beneficiarios_consolidado_po.csv,12,GUERRERO,874046,9106617.0,8,28,17,Trimestre : Julio - Septiembre 2022 / Corte : 2025/01/28,2022T3,Julio-Septiembre,2022,2022-09-30,GUERRERO,Guerrero
bienestar_padron_unico__Padrón_único_de_beneficiarios_consolidado_po.csv,13,HIDALGO,1170116,7311707.0,8,26,16,Trimestre : Julio - Septiembre 2022 / Corte : 2025/01/28,2022T3,Julio-Septiembre,2022,2022-09-30,HIDALGO,Hidalgo
bienestar_padron_unico__Padrón_único_de_beneficiarios_consolidado_po.csv,14,JALISCO,1293660,14299013.0,9,28,16,Trimestre : Julio - Septiembre 2022 / Corte : 2025/01/28,2022T3,Julio-Septiembre,2022,2022-09-30,JALISCO,Jalisco
bienestar_padron_unico__Padrón_único_de_beneficiarios_consolidado_po.csv,15,MÉXICO,3617445,57511501.0,8,28,16,Trimestre : Julio - Septiembre 2022 / Corte : 2025/01/28,2022T3,Julio-Septiembre,2022,2022-09-30,ESTADO DE MÉXICO,Estado de México
bienestar_padron_unico__Padrón_único_de_beneficiarios_consolidado_po.csv,16,MICHOACÁN DE OCAMPO,1907586,10201984.0,8,25,16,Trimestre : Julio - Septiembre 2022 / Corte : 2025/01/28,2022T3,Julio-Septiembre,2022,2022-09-30,MICHOACÁN,Michoacán
bienestar_padron_unico__Padrón_único_de_beneficiarios_consolidado_po.csv,17,MORELOS,402632,4820223.0,7,26,16,Trimestre : Julio - Septiembre 2022 / Corte : 2025/01/28,2022T3,Julio-Septiembre,2022,2022-09-30,MORELOS,Morelos
bienestar_padron_unico__Padrón_único_de_beneficiarios_consolidado_po.csv,18,NAYARIT,454125,4405580.0,8,23,16,Trimestre : Julio - Septiembre 2022 / Corte : 2025/01/28,2022T3,Julio-Septiembre,2022,2022-09-30,NAYARIT,Nayarit
bienestar_padron_unico__Padrón_único_de_beneficiarios_consolidado_po.csv,19,NUEVO LEÓN,602521,3241478.0,8,21,14,Trimestre : Julio - Septiembre 2022 / Corte : 2025/01/28,2022T3,Julio-Septiembre,2022,2022-09-30,NUEVO LEÓN,Nuevo León
bienestar_padron_unico__Padrón_único_de_beneficiarios_consolidado_po.csv,20,OAXACA,1913900,8324534.0,8,29,17,Trimestre : Julio - Septiembre 2022 / Corte : 2025/01/28,2022T3,Julio-Septiembre,2022,2022-09-30,OAXACA,Oaxaca
bienestar_padron_unico__Padrón_único_de_beneficiarios_consolidado_po.csv,21,PUEBLA,2152710,9102581.0,8,27,17,Trimestre : Julio - Septiembre 2022 / Corte : 2025/01/28,2022T3,Julio-Septiembre,2022,2022-09-30,PUEBLA,Puebla
bienestar_padron_unico__Padrón_único_de_beneficiarios_consolidado_po.csv,22,QUERÉTARO,304332,2993311.0,7,22,13,Trimestre : Julio - Septiembre 2022 / Corte : 2025/01/28,2022T3,Julio-Septiembre,2022,2022-09-30,QUERÉTARO,Querétaro
bienestar_padron_unico__Padrón_único_de_beneficiarios_consolidado_po.csv,23,QUINTANA ROO,187610,1559154.0,8,23,16,Trimestre : Julio - Septiembre 2022 / Corte : 2025/01/28,2022T3,Julio-Septiembre,2022,2022-09-30,QUINTANA ROO,Quintana Roo
bienestar_padron_unico__Padrón_único_de_beneficiarios_consolidado_po.csv,24,SAN LUIS POTOSÍ,1141965,6220513.0,7,24,15,Trimestre : Julio - Septiembre 2022 / Corte : 2025/01/28,2022T3,Julio-Septiembre,2022,2022-09-30,SAN LUIS POTOSÍ,San Luis Potosí
bienestar_padron_unico__Padrón_único_de_beneficiarios_consolidado_po.csv,25,SINALOA,777008,4030114.0,8,27,16,Trimestre : Julio - Septiembre 2022 / Corte : 2025/01/28,2022T3,Julio-Septiembre,2022,2022-09-30,SINALOA,Sinaloa
bienestar_padron_unico__Padrón_único_de_beneficiarios_consolidado_po.csv,26,SONORA,407094,2622409.0,8,25,16,Trimestre : Julio - Septiembre 2022 / Corte : 2025/01/28,2022T3,Julio-Septiembre,2022,2022-09-30,SONORA,Sonora
bienestar_padron_unico__Padrón_único_de_beneficiarios_consolidado_po.csv,27,TABASCO,441280,3060546.0,7,21,14,Trimestre : Julio - Septiembre 2022 / Corte : 2025/01/28,2022T3,Julio-Septiembre,2022,2022-09-30,TABASCO,Tabasco
bienestar_padron_unico__Padrón_único_de_beneficiarios_consolidado_po.csv,28,TAMAULIPAS,710299,2592763.0,8,19,13,Trimestre : Julio - Septiembre 2022 / Corte : 2025/01/28,2022T3,Julio-Septiembre,2022,2022-09-30,TAMAULIPAS,Tamaulipas
bienestar_padron_unico__Padrón_único_de_beneficiarios_consolidado_po.csv,29,TLAXCALA,269386,3392028.0,7,23,15,Trimestre : Julio - Septiembre 2022 / Corte : 2025/01/28,2022T3,Julio-Septiembre,2022,2022-09-30,TLAXCALA,Tlaxcala
bienestar_padron_unico__Padrón_único_de_beneficiarios_consolidado_po.csv,30,VERACRUZ DE IGNACIO DE LA LLAVE,2758662,10156874.0,8,28,17,Trimestre : Julio - Septiembre 2022 / Corte : 2025/01/28,2022T3,Julio-Septiembre,2022,2022-09-30,VERACRUZ,Veracruz
bienestar_padron_unico__Padrón_único_de_beneficiarios_consolidado_po.csv,31,YUCATÁN,802598,3183247.0,7,25,15,Trimestre : Julio - Septiembre 2022 / Corte : 2025/01/28,2022T3,Julio-Septiembre,2022,2022-09-30,YUCATÁN,Yucatán
bienestar_padron_unico__Padrón_único_de_beneficiarios_consolidado_po.csv,32,ZACATECAS,736032,4865050.0,8,22,16,Trimestre : Julio - Septiembre 2022 / Corte : 2025/01/28,2022T3,Julio-Septiembre,2022,2022-09-30,ZACATECAS,Zacatecas
bienestar_padron_unico__Padrón_único_de_beneficiarios_consolidado_po.csv,1,AGUASCALIENTES,219704,1900081.0,7,25,17,Trimestre : Octubre - Diciembre 2022 / Corte : 2025/01/28,2022T4,Octubre-Diciembre,2022,2022-12-31,AGUASCALIENTES,Aguascalientes
bienestar_padron_unico__Padrón_único_de_beneficiarios_consolidado_po.csv,2,BAJA CALIFORNIA,541917,2917297.0,8,34,20,Trimestre : Octubre - Diciembre 2022 / Corte : 2025/01/28,2022T4,Octubre-Diciembre,2022,2022-12-31,BAJA CALIFORNIA,Baja California
bienestar_padron_unico__Padrón_único_de_beneficiarios_consolidado_po.csv,3,BAJA CALIFORNIA SUR,143505,1534713.0,9,27,20,Trimestre : Octubre - Diciembre 2022 / Corte : 2025/01/28,2022T4,Octubre-Diciembre,2022,2022-12-31,BAJA CALIFORNIA SUR,Baja California Sur
bienestar_padron_unico__Padrón_único_de_beneficiarios_consolidado_po.csv,4,CAMPECHE,359336,2113605.0,8,39,25,Trimestre : Octubre - Diciembre 2022 / Corte : 2025/01/28,2022T4,Octubre-Diciembre,2022,2022-12-31,CAMPECHE,Campeche
bienestar_padron_unico__Padrón_único_de_beneficiarios_consolidado_po.csv,5,COAHUILA DE ZARAGOZA,675388,3586825.0,7,28,19,Trimestre : Octubre - Diciembre 2022 / Corte : 2025/01/28,2022T4,Octubre-Diciembre,2022,2022-12-31,COAHUILA,Coahuila
bienestar_padron_unico__Padrón_único_de_beneficiarios_consolidado_po.csv,6,COLIMA,165771,1475599.0,6,32,19,Trimestre : Octubre - Diciembre 2022 / Corte : 2025/01/28,2022T4,Octubre-Diciembre,2022,2022-12-31,COLIMA,Colima
bienestar_padron_unico__Padrón_único_de_beneficiarios_consolidado_po.csv,7,CHIAPAS,3257644,12662776.0,8,42,26,Trimestre : Octubre - Diciembre 2022 / Corte : 2025/01/28,2022T4,Octubre-Diciembre,2022,2022-12-31,CHIAPAS,Chiapas
bienestar_padron_unico__Padrón_único_de_beneficiarios_consolidado_po.csv,8,CHIHUAHUA,891826,5489143.0,10,47,32,Trimestre : Octubre - Diciembre 2022 / Corte : 2025/01/28,2022T4,Octubre-Diciembre,2022,2022-12-31,CHIHUAHUA,Chihuahua
bienestar_padron_unico__Padrón_único_de_beneficiarios_consolidado_po.csv,9,CIUDAD DE MÉXICO,2566566,33208817.0,9,44,21,Trimestre : Octubre - Diciembre 2022 / Corte : 2025/01/28,2022T4,Octubre-Diciembre,2022,2022-12-31,CIUDAD DE MÉXICO,Ciudad de México
bienestar_padron_unico__Padrón_único_de_beneficiarios_consolidado_po.csv,10,DURANGO,708633,5466827.0,9,33,22,Trimestre : Octubre - Diciembre 2022 / Corte : 2025/01/28,2022T4,Octubre-Diciembre,2022,2022-12-31,DURANGO,Durango
bienestar_padron_unico__Padrón_único_de_beneficiarios_consolidado_po.csv,11,GUANAJUATO,1154557,11542416.0,8,36,20,Trimestre : Octubre - Diciembre 2022 / Corte : 2025/01/28,2022T4,Octubre-Diciembre,2022,2022-12-31,GUANAJUATO,Guanajuato
bienestar_padron_unico__Padrón_único_de_beneficiarios_consolidado_po.csv,12,GUERRERO,1325860,11287094.0,9,44,28,Trimestre : Octubre - Diciembre 2022 / Corte : 2025/01/28,2022T4,Octubre-Diciembre,2022,2022-12-31,GUERRERO,Guerrero
bienestar_padron_unico__Padrón_único_de_beneficiarios_consolidado_po.csv,13,HIDALGO,1329323,8256776.0,8,37,22,Trimestre : Octubre - Diciembre 2022 / Corte : 2025/01/28,2022T4,Octubre-Diciembre,2022,2022-12-31,HIDALGO,Hidalgo
bienestar_padron_unico__Padrón_único_de_beneficiarios_consolidado_po.csv,14,JALISCO,1492663,16362039.0,8,40,22,Trimestre : Octubre - Diciembre 2022 / Corte : 2025/01/28,2022T4,Octubre-Diciembre,2022,2022-12-31,JALISCO,Jalisco
bienestar_padron_unico__Padrón_único_de_beneficiarios_consolidado_po.csv,15,MÉXICO,4031679,61601622.0,8,42,25,Trimestre : Octubre - Diciembre 2022 / Corte : 2025/01/28,2022T4,Octubre-Diciembre,2022,2022-12-31,ESTADO DE MÉXICO,Estado de México
bienestar_padron_unico__Padrón_único_de_beneficiarios_consolidado_po.csv,16,MICHOACÁN DE OCAMPO,2049546,11748511.0,9,40,24,Trimestre : Octubre - Diciembre 2022 / Corte : 2025/01/28,2022T4,Octubre-Diciembre,2022,2022-12-31,MICHOACÁN,Michoacán
bienestar_padron_unico__Padrón_único_de_beneficiarios_consolidado_po.csv,17,MORELOS,474387,5401958.0,8,42,26,Trimestre : Octubre - Diciembre 2022 / Corte : 2025/01/28,2022T4,Octubre-Diciembre,2022,2022-12-31,MORELOS,Morelos
bienestar_padron_unico__Padrón_único_de_beneficiarios_consolidado_po.csv,18,NAYARIT,503667,4865368.0,8,37,24,Trimestre : Octubre - Diciembre 2022 / Corte : 2025/01/28,2022T4,Octubre-Diciembre,2022,2022-12-31,NAYARIT,Nayarit
bienestar_padron_unico__Padrón_único_de_beneficiarios_consolidado_po.csv,19,NUEVO LEÓN,665263,4355847.0,8,29,20,Trimestre : Octubre - Diciembre 2022 / Corte : 2025/01/28,2022T4,Octubre-Diciembre,2022,2022-12-31,NUEVO LEÓN,Nuevo León
bienestar_padron_unico__Padrón_único_de_beneficiarios_consolidado_po.csv,20,OAXACA,2183600,10220447.0,8,46,26,Trimestre : Octubre - Diciembre 2022 / Corte : 2025/01/28,2022T4,Octubre-Diciembre,2022,2022-12-31,OAXACA,Oaxaca
bienestar_padron_unico__Padrón_único_de_beneficiarios_consolidado_po.csv,21,PUEBLA,2459431,11038981.0,9,45,27,Trimestre : Octubre - Diciembre 2022 / Corte : 2025/01/28,2022T4,Octubre-Diciembre,2022,2022-12-31,PUEBLA,Puebla
bienestar_padron_unico__Padrón_único_de_beneficiarios_consolidado_po.csv,22,QUERÉTARO,380672,3486816.0,8,35,20,Trimestre : Octubre - Diciembre 2022 / Corte : 2025/01/28,2022T4,Octubre-Diciembre,2022,2022-12-31,QUERÉTARO,Querétaro
bienestar_padron_unico__Padrón_único_de_beneficiarios_consolidado_po.csv,23,QUINTANA ROO,268446,1967509.0,8,36,24,Trimestre : Octubre - Diciembre 2022 / Corte : 2025/01/28,2022T4,Octubre-Diciembre,2022,2022-12-31,QUINTANA ROO,Quintana Roo
bienestar_padron_unico__Padrón_único_de_beneficiarios_consolidado_po.csv,24,SAN LUIS POTOSÍ,1244718,7214603.0,8,37,22,Trimestre : Octubre - Diciembre 2022 / Corte : 2025/01/28,2022T4,Octubre-Diciembre,2022,2022-12-31,SAN LUIS POTOSÍ,San Luis Potosí
bienestar_padron_unico__Padrón_único_de_beneficiarios_consolidado_po.csv,25,SINALOA,895050,5191731.0,8,39,22,Trimestre : Octubre - Diciembre 2022 / Corte : 2025/01/28,2022T4,Octubre-Diciembre,2022,2022-12-31,SINALOA,Sinaloa
bienestar_padron_unico__Padrón_único_de_beneficiarios_consolidado_po.csv,26,SONORA,488479,3384089.0,8,39,24,Trimestre : Octubre - Diciembre 2022 / Corte : 2025/01/28,2022T4,Octubre-Diciembre,2022,2022-12-31,SONORA,Sonora
bienestar_padron_unico__Padrón_único_de_beneficiarios_consolidado_po.csv,27,TABASCO,559711,3718829.0,9,37,24,Trimestre : Octubre - Diciembre 2022 / Corte : 2025/01/28,2022T4,Octubre-Diciembre,2022,2022-12-31,TABASCO,Tabasco
bienestar_padron_unico__Padrón_único_de_beneficiarios_consolidado_po.csv,28,TAMAULIPAS,781350,3516166.0,9,25,19,Trimestre : Octubre - Diciembre 2022 / Corte : 2025/01/28,2022T4,Octubre-Diciembre,2022,2022-12-31,TAMAULIPAS,Tamaulipas
bienestar_padron_unico__Padrón_único_de_beneficiarios_consolidado_po.csv,29,TLAXCALA,331637,3901486.0,8,35,23,Trimestre : Octubre - Diciembre 2022 / Corte : 2025/01/28,2022T4,Octubre-Diciembre,2022,2022-12-31,TLAXCALA,Tlaxcala
bienestar_padron_unico__Padrón_único_de_beneficiarios_consolidado_po.csv,30,VERACRUZ DE IGNACIO DE LA LLAVE,3096235,12518073.0,9,44,26,Trimestre : Octubre - Diciembre 2022 / Corte : 2025/01/28,2022T4,Octubre-Diciembre,2022,2022-12-31,VERACRUZ,Veracruz
bienestar_padron_unico__Padrón_único_de_beneficiarios_consolidado_po.csv,31,YUCATÁN,927305,4016118.0,8,36,22,Trimestre : Octubre - Diciembre 2022 / Corte : 2025/01/28,2022T4,Octubre-Diciembre,2022,2022-12-31,YUCATÁN,Yucatán
bienestar_padron_unico__Padrón_único_de_beneficiarios_consolidado_po.csv,32,ZACATECAS,875455,5787523.0,7,30,21,Trimestre : Octubre - Diciembre 2022 / Corte : 2025/01/28,2022T4,Octubre-Diciembre,2022,2022-12-31,ZACATECAS,Zacatecas
bienestar_padron_unico__Padrón_único_de_beneficiarios_consolidado_po.csv,1,AGUASCALIENTES,218593,1725288.0,8,21,15,Trimestre : Enero - Marzo 2023 / Corte : 2025/01/28,2023T1,Enero-Marzo,2023,2023-03-31,AGUASCALIENTES,Aguascalientes
bienestar_padron_unico__Padrón_único_de_beneficiarios_consolidado_po.csv,2,BAJA CALIFORNIA,543393,2587727.0,8,24,15,Trimestre : Enero - Marzo 2023 / Corte : 2025/01/28,2023T1,Enero-Marzo,2023,2023-03-31,BAJA CALIFORNIA,Baja California
bienestar_padron_unico__Padrón_único_de_beneficiarios_consolidado_po.csv,3,BAJA CALIFORNIA SUR,143388,1489103.0,7,17,13,Trimestre : Enero - Marzo 2023 / Corte : 2025/01/28,2023T1,Enero-Marzo,2023,2023-03-31,BAJA CALIFORNIA SUR,Baja California Sur
bienestar_padron_unico__Padrón_único_de_beneficiarios_consolidado_po.csv,4,CAMPECHE,370433,2043039.0,8,26,18,Trimestre : Enero - Marzo 2023 / Corte : 2025/01/28,2023T1,Enero-Marzo,2023,2023-03-31,CAMPECHE,Campeche
bienestar_padron_unico__Padrón_único_de_beneficiarios_consolidado_po.csv,5,COAHUILA DE ZARAGOZA,698749,3615242.0,8,19,14,Trimestre : Enero - Marzo 2023 / Corte : 2025/01/28,2023T1,Enero-Marzo,2023,2023-03-31,COAHUILA,Coahuila
bienestar_padron_unico__Padrón_único_de_beneficiarios_consolidado_po.csv,6,COLIMA,166932,1374916.0,7,21,16,Trimestre : Enero - Marzo 2023 / Corte : 2025/01/28,2023T1,Enero-Marzo,2023,2023-03-31,COLIMA,Colima
bienestar_padron_unico__Padrón_único_de_beneficiarios_consolidado_po.csv,7,CHIAPAS,3243869,11860361.0,7,27,16,Trimestre : Enero - Marzo 2023 / Corte : 2025/01/28,2023T1,Enero-Marzo,2023,2023-03-31,CHIAPAS,Chiapas
bienestar_padron_unico__Padrón_único_de_beneficiarios_consolidado_po.csv,8,CHIHUAHUA,882222,4828734.0,8,34,24,Trimestre : Enero - Marzo 2023 / Corte : 2025/01/28,2023T1,Enero-Marzo,2023,2023-03-31,CHIHUAHUA,Chihuahua
bienestar_padron_unico__Padrón_único_de_beneficiarios_consolidado_po.csv,9,CIUDAD DE MÉXICO,2729580,31067977.0,8,31,16,Trimestre : Enero - Marzo 2023 / Corte : 2025/01/28,2023T1,Enero-Marzo,2023,2023-03-31,CIUDAD DE MÉXICO,Ciudad de México
bienestar_padron_unico__Padrón_único_de_beneficiarios_consolidado_po.csv,10,DURANGO,734202,5324373.0,9,24,18,Trimestre : Enero - Marzo 2023 / Corte : 2025/01/28,2023T1,Enero-Marzo,2023,2023-03-31,DURANGO,Durango
bienestar_padron_unico__Padrón_único_de_beneficiarios_consolidado_po.csv,11,GUANAJUATO,1126677,10663539.0,8,26,16,Trimestre : Enero - Marzo 2023 / Corte : 2025/01/28,2023T1,Enero-Marzo,2023,2023-03-31,GUANAJUATO,Guanajuato
bienestar_padron_unico__Padrón_único_de_beneficiarios_consolidado_po.csv,12,GUERRERO,1191593,10520686.0,9,29,18,Trimestre : Enero - Marzo 2023 / Corte : 2025/01/28,2023T1,Enero-Marzo,2023,2023-03-31,GUERRERO,Guerrero
bienestar_padron_unico__Padrón_único_de_beneficiarios_consolidado_po.csv,13,HIDALGO,1365148,7813269.0,9,27,18,Trimestre : Enero - Marzo 2023 / Corte : 2025/01/28,2023T1,Enero-Marzo,2023,2023-03-31,HIDALGO,Hidalgo
bienestar_padron_unico__Padrón_único_de_beneficiarios_consolidado_po.csv,14,JALISCO,1459469,14703948.0,9,28,17,Trimestre : Enero - Marzo 2023 / Corte : 2025/01/28,2023T1,Enero-Marzo,2023,2023-03-31,JALISCO,Jalisco
bienestar_padron_unico__Padrón_único_de_beneficiarios_consolidado_po.csv,15,MÉXICO,4163757,62810445.0,9,32,17,Trimestre : Enero - Marzo 2023 / Corte : 2025/01/28,2023T1,Enero-Marzo,2023,2023-03-31,ESTADO DE MÉXICO,Estado de México
bienestar_padron_unico__Padrón_único_de_beneficiarios_consolidado_po.csv,16,MICHOACÁN DE OCAMPO,2089501,10766620.0,9,28,18,Trimestre : Enero - Marzo 2023 / Corte : 2025/01/28,2023T1,Enero-Marzo,2023,2023-03-31,MICHOACÁN,Michoacán
bienestar_padron_unico__Padrón_único_de_beneficiarios_consolidado_po.csv,17,MORELOS,497630,5305251.0,8,26,16,Trimestre : Enero - Marzo 2023 / Corte : 2025/01/28,2023T1,Enero-Marzo,2023,2023-03-31,MORELOS,Morelos
bienestar_padron_unico__Padrón_único_de_beneficiarios_consolidado_po.csv,18,NAYARIT,513935,4688401.0,8,25,16,Trimestre : Enero - Marzo 2023 / Corte : 2025/01/28,2023T1,Enero-Marzo,2023,2023-03-31,NAYARIT,Nayarit
bienestar_padron_unico__Padrón_único_de_beneficiarios_consolidado_po.csv,19,NUEVO LEÓN,675233,3558308.0,8,20,15,Trimestre : Enero - Marzo 2023 / Corte : 2025/01/28,2023T1,Enero-Marzo,2023,2023-03-31,NUEVO LEÓN,Nuevo León
bienestar_padron_unico__Padrón_único_de_beneficiarios_consolidado_po.csv,20,OAXACA,2242273,9591308.0,8,31,17,Trimestre : Enero - Marzo 2023 / Corte : 2025/01/28,2023T1,Enero-Marzo,2023,2023-03-31,OAXACA,Oaxaca
bienestar_padron_unico__Padrón_único_de_beneficiarios_consolidado_po.csv,21,PUEBLA,2499530,10291300.0,9,30,18,Trimestre : Enero - Marzo 2023 / Corte : 2025/01/28,2023T1,Enero-Marzo,2023,2023-03-31,PUEBLA,Puebla
bienestar_padron_unico__Padrón_único_de_beneficiarios_consolidado_po.csv,22,QUERÉTARO,370861,3160165.0,8,24,16,Trimestre : Enero - Marzo 2023 / Corte : 2025/01/28,2023T1,Enero-Marzo,2023,2023-03-31,QUERÉTARO,Querétaro
bienestar_padron_unico__Padrón_único_de_beneficiarios_consolidado_po.csv,23,QUINTANA ROO,262604,1867738.0,7,24,17,Trimestre : Enero - Marzo 2023 / Corte : 2025/01/28,2023T1,Enero-Marzo,2023,2023-03-31,QUINTANA ROO,Quintana Roo
bienestar_padron_unico__Padrón_único_de_beneficiarios_consolidado_po.csv,24,SAN LUIS POTOSÍ,1274038,6907304.0,7,26,16,Trimestre : Enero - Marzo 2023 / Corte : 2025/01/28,2023T1,Enero-Marzo,2023,2023-03-31,SAN LUIS POTOSÍ,San Luis Potosí
bienestar_padron_unico__Padrón_único_de_beneficiarios_consolidado_po.csv,25,SINALOA,887414,4551934.0,9,28,17,Trimestre : Enero - Marzo 2023 / Corte : 2025/01/28,2023T1,Enero-Marzo,2023,2023-03-31,SINALOA,Sinaloa
bienestar_padron_unico__Padrón_único_de_beneficiarios_consolidado_po.csv,26,SONORA,471905,3019221.0,9,27,17,Trimestre : Enero - Marzo 2023 / Corte : 2025/01/28,2023T1,Enero-Marzo,2023,2023-03-31,SONORA,Sonora
bienestar_padron_unico__Padrón_único_de_beneficiarios_consolidado_po.csv,27,TABASCO,590673,3527932.0,8,23,17,Trimestre : Enero - Marzo 2023 / Corte : 2025/01/28,2023T1,Enero-Marzo,2023,2023-03-31,TABASCO,Tabasco
bienestar_padron_unico__Padrón_único_de_beneficiarios_consolidado_po.csv,28,TAMAULIPAS,792699,3030986.0,7,17,14,Trimestre : Enero - Marzo 2023 / Corte : 2025/01/28,2023T1,Enero-Marzo,2023,2023-03-31,TAMAULIPAS,Tamaulipas
bienestar_padron_unico__Padrón_único_de_beneficiarios_consolidado_po.csv,29,TLAXCALA,333742,3799991.0,8,22,16,Trimestre : Enero - Marzo 2023 / Corte : 2025/01/28,2023T1,Enero-Marzo,2023,2023-03-31,TLAXCALA,Tlaxcala
bienestar_padron_unico__Padrón_único_de_beneficiarios_consolidado_po.csv,30,VERACRUZ DE IGNACIO DE LA LLAVE,3175836,11328505.0,8,28,17,Trimestre : Enero - Marzo 2023 / Corte : 2025/01/28,2023T1,Enero-Marzo,2023,2023-03-31,VERACRUZ,Veracruz
bienestar_padron_unico__Padrón_único_de_beneficiarios_consolidado_po.csv,31,YUCATÁN,940430,3733183.0,8,27,17,Trimestre : Enero - Marzo 2023 / Corte : 2025/01/28,2023T1,Enero-Marzo,2023,2023-03-31,YUCATÁN,Yucatán
bienestar_padron_unico__Padrón_único_de_beneficiarios_consolidado_po.csv,32,ZACATECAS,835177,5283069.0,8,19,15,Trimestre : Enero - Marzo 2023 / Corte : 2025/01/28,2023T1,Enero-Marzo,2023,2023-03-31,ZACATECAS,Zacatecas
bienestar_padron_unico__Padrón_único_de_beneficiarios_consolidado_po.csv,1,AGUASCALIENTES,225958,2114558.0,8,19,15,Trimestre : Abril - Junio 2023 / Corte : 2025/01/28,2023T2,Abril-Junio,2023,2023-06-30,AGUASCALIENTES,Aguascalientes
bienestar_padron_unico__Padrón_único_de_beneficiarios_consolidado_po.csv,2,BAJA CALIFORNIA,552436,3355443.0,8,23,15,Trimestre : Abril - Junio 2023 / Corte : 2025/01/28,2023T2,Abril-Junio,2023,2023-06-30,BAJA CALIFORNIA,Baja California
bienestar_padron_unico__Padrón_único_de_beneficiarios_consolidado_po.csv,3,BAJA CALIFORNIA SUR,149274,1725126.0,8,18,14,Trimestre : Abril - Junio 2023 / Corte : 2025/01/28,2023T2,Abril-Junio,2023,2023-06-30,BAJA CALIFORNIA SUR,Baja California Sur
bienestar_padron_unico__Padrón_único_de_beneficiarios_consolidado_po.csv,4,CAMPECHE,356138,2289823.0,8,26,18,Trimestre : Abril - Junio 2023 / Corte : 2025/01/28,2023T2,Abril-Junio,2023,2023-06-30,CAMPECHE,Campeche
bienestar_padron_unico__Padrón_único_de_beneficiarios_consolidado_po.csv,5,COAHUILA DE ZARAGOZA,604330,3737766.0,6,13,11,Trimestre : Abril - Junio 2023 / Corte : 2025/01/28,2023T2,Abril-Junio,2023,2023-06-30,COAHUILA,Coahuila
bienestar_padron_unico__Padrón_único_de_beneficiarios_consolidado_po.csv,6,COLIMA,161558,1546178.0,7,21,16,Trimestre : Abril - Junio 2023 / Corte : 2025/01/28,2023T2,Abril-Junio,2023,2023-06-30,COLIMA,Colima
bienestar_padron_unico__Padrón_único_de_beneficiarios_consolidado_po.csv,7,CHIAPAS,3101591,13888417.0,9,28,18,Trimestre : Abril - Junio 2023 / Corte : 2025/01/28,2023T2,Abril-Junio,2023,2023-06-30,CHIAPAS,Chiapas
bienestar_padron_unico__Padrón_único_de_beneficiarios_consolidado_po.csv,8,CHIHUAHUA,893869,5974605.0,9,36,27,Trimestre : Abril - Junio 2023 / Corte : 2025/01/28,2023T2,Abril-Junio,2023,2023-06-30,CHIHUAHUA,Chihuahua
bienestar_padron_unico__Padrón_único_de_beneficiarios_consolidado_po.csv,9,CIUDAD DE MÉXICO,2646302,35195910.0,8,27,17,Trimestre : Abril - Junio 2023 / Corte : 2025/01/28,2023T2,Abril-Junio,2023,2023-06-30,CIUDAD DE MÉXICO,Ciudad de México
bienestar_padron_unico__Padrón_único_de_beneficiarios_consolidado_po.csv,10,DURANGO,683335,5748579.0,9,25,19,Trimestre : Abril - Junio 2023 / Corte : 2025/01/28,2023T2,Abril-Junio,2023,2023-06-30,DURANGO,Durango
bienestar_padron_unico__Padrón_único_de_beneficiarios_consolidado_po.csv,11,GUANAJUATO,1146841,12603058.0,9,25,17,Trimestre : Abril - Junio 2023 / Corte : 2025/01/28,2023T2,Abril-Junio,2023,2023-06-30,GUANAJUATO,Guanajuato
bienestar_padron_unico__Padrón_único_de_beneficiarios_consolidado_po.csv,12,GUERRERO,1076234,11778340.0,9,29,19,Trimestre : Abril - Junio 2023 / Corte : 2025/01/28,2023T2,Abril-Junio,2023,2023-06-30,GUERRERO,Guerrero
bienestar_padron_unico__Padrón_único_de_beneficiarios_consolidado_po.csv,13,HIDALGO,1307188,9094514.0,9,27,19,Trimestre : Abril - Junio 2023 / Corte : 2025/01/28,2023T2,Abril-Junio,2023,2023-06-30,HIDALGO,Hidalgo
bienestar_padron_unico__Padrón_único_de_beneficiarios_consolidado_po.csv,14,JALISCO,1440105,16954810.0,9,26,17,Trimestre : Abril - Junio 2023 / Corte : 2025/01/28,2023T2,Abril-Junio,2023,2023-06-30,JALISCO,Jalisco
bienestar_padron_unico__Padrón_único_de_beneficiarios_consolidado_po.csv,15,MÉXICO,3280775,62196621.0,9,27,16,Trimestre : Abril - Junio 2023 / Corte : 2025/01/28,2023T2,Abril-Junio,2023,2023-06-30,ESTADO DE MÉXICO,Estado de México
bienestar_padron_unico__Padrón_único_de_beneficiarios_consolidado_po.csv,16,MICHOACÁN DE OCAMPO,2042194,12504024.0,9,26,18,Trimestre : Abril - Junio 2023 / Corte : 2025/01/28,2023T2,Abril-Junio,2023,2023-06-30,MICHOACÁN,Michoacán
bienestar_padron_unico__Padrón_único_de_beneficiarios_consolidado_po.csv,17,MORELOS,487407,6155637.0,9,27,19,Trimestre : Abril - Junio 2023 / Corte : 2025/01/28,2023T2,Abril-Junio,2023,2023-06-30,MORELOS,Morelos
bienestar_padron_unico__Padrón_único_de_beneficiarios_consolidado_po.csv,18,NAYARIT,495952,5136778.0,8,26,17,Trimestre : Abril - Junio 2023 / Corte : 2025/01/28,2023T2,Abril-Junio,2023,2023-06-30,NAYARIT,Nayarit
bienestar_padron_unico__Padrón_único_de_beneficiarios_consolidado_po.csv,19,NUEVO LEÓN,691195,4803515.0,9,18,15,Trimestre : Abril - Junio 2023 / Corte : 2025/01/28,2023T2,Abril-Junio,2023,2023-06-30,NUEVO LEÓN,Nuevo León
bienestar_padron_unico__Padrón_único_de_beneficiarios_consolidado_po.csv,20,OAXACA,2071349,10673748.0,9,31,20,Trimestre : Abril - Junio 2023 / Corte : 2025/01/28,2023T2,Abril-Junio,2023,2023-06-30,OAXACA,Oaxaca
bienestar_padron_unico__Padrón_único_de_beneficiarios_consolidado_po.csv,21,PUEBLA,2379237,12553521.0,9,28,19,Trimestre : Abril - Junio 2023 / Corte : 2025/01/28,2023T2,Abril-Junio,2023,2023-06-30,PUEBLA,Puebla
bienestar_padron_unico__Padrón_único_de_beneficiarios_consolidado_po.csv,22,QUERÉTARO,370562,3720292.0,7,21,15,Trimestre : Abril - Junio 2023 / Corte : 2025/01/28,2023T2,Abril-Junio,2023,2023-06-30,QUERÉTARO,Querétaro
bienestar_padron_unico__Padrón_único_de_beneficiarios_consolidado_po.csv,23,QUINTANA ROO,257125,2280904.0,8,25,18,Trimestre : Abril - Junio 2023 / Corte : 2025/01/28,2023T2,Abril-Junio,2023,2023-06-30,QUINTANA ROO,Quintana Roo
bienestar_padron_unico__Padrón_único_de_beneficiarios_consolidado_po.csv,24,SAN LUIS POTOSÍ,1226767,7927725.0,8,25,17,Trimestre : Abril - Junio 2023 / Corte : 2025/01/28,2023T2,Abril-Junio,2023,2023-06-30,SAN LUIS POTOSÍ,San Luis Potosí
bienestar_padron_unico__Padrón_único_de_beneficiarios_consolidado_po.csv,25,SINALOA,893882,5687484.0,8,27,17,Trimestre : Abril - Junio 2023 / Corte : 2025/01/28,2023T2,Abril-Junio,2023,2023-06-30,SINALOA,Sinaloa
bienestar_padron_unico__Padrón_único_de_beneficiarios_consolidado_po.csv,26,SONORA,492844,3858399.0,9,26,18,Trimestre : Abril - Junio 2023 / Corte : 2025/01/28,2023T2,Abril-Junio,2023,2023-06-30,SONORA,Sonora
bienestar_padron_unico__Padrón_único_de_beneficiarios_consolidado_po.csv,27,TABASCO,565713,4517615.0,8,24,17,Trimestre : Abril - Junio 2023 / Corte : 2025/01/28,2023T2,Abril-Junio,2023,2023-06-30,TABASCO,Tabasco
bienestar_padron_unico__Padrón_único_de_beneficiarios_consolidado_po.csv,28,TAMAULIPAS,777257,3956957.0,9,20,17,Trimestre : Abril - Junio 2023 / Corte : 2025/01/28,2023T2,Abril-Junio,2023,2023-06-30,TAMAULIPAS,Tamaulipas
bienestar_padron_unico__Padrón_único_de_beneficiarios_consolidado_po.csv,29,TLAXCALA,327892,4258232.0,9,24,18,Trimestre : Abril - Junio 2023 / Corte : 2025/01/28,2023T2,Abril-Junio,2023,2023-06-30,TLAXCALA,Tlaxcala
bienestar_padron_unico__Padrón_único_de_beneficiarios_consolidado_po.csv,30,VERACRUZ DE IGNACIO DE LA LLAVE,3076003,14854625.0,9,28,19,Trimestre : Abril - Junio 2023 / Corte : 2025/01/28,2023T2,Abril-Junio,2023,2023-06-30,VERACRUZ,Veracruz
bienestar_padron_unico__Padrón_único_de_beneficiarios_consolidado_po.csv,31,YUCATÁN,913081,4698787.0,8,25,17,Trimestre : Abril - Junio 2023 / Corte : 2025/01/28,2023T2,Abril-Junio,2023,2023-06-30,YUCATÁN,Yucatán
bienestar_padron_unico__Padrón_único_de_beneficiarios_consolidado_po.csv,32,ZACATECAS,825844,6051358.0,7,18,15,Trimestre : Abril - Junio 2023 / Corte : 2025/01/28,2023T2,Abril-Junio,2023,2023-06-30,ZACATECAS,Zacatecas
bienestar_padron_unico__Padrón_único_de_beneficiarios_consolidado_po.csv,1,AGUASCALIENTES,180986,1690082.0,8,16,13,Trimestre : Julio - Septiembre 2023 / Corte : 2025/01/28,2023T3,Julio-Septiembre,2023,2023-09-30,AGUASCALIENTES,Aguascalientes
bienestar_padron_unico__Padrón_único_de_beneficiarios_consolidado_po.csv,2,BAJA CALIFORNIA,465397,2486524.0,7,20,12,Trimestre : Julio - Septiembre 2023 / Corte : 2025/01/28,2023T3,Julio-Septiembre,2023,2023-09-30,BAJA CALIFORNIA,Baja California
bienestar_padron_unico__Padrón_único_de_beneficiarios_consolidado_po.csv,3,BAJA CALIFORNIA SUR,112661,1488344.0,8,16,12,Trimestre : Julio - Septiembre 2023 / Corte : 2025/01/28,2023T3,Julio-Septiembre,2023,2023-09-30,BAJA CALIFORNIA SUR,Baja California Sur
bienestar_padron_unico__Padrón_único_de_beneficiarios_consolidado_po.csv,4,CAMPECHE,306840,1880792.0,9,24,16,Trimestre : Julio - Septiembre 2023 / Corte : 2025/01/28,2023T3,Julio-Septiembre,2023,2023-09-30,CAMPECHE,Campeche
bienestar_padron_unico__Padrón_único_de_beneficiarios_consolidado_po.csv,5,COAHUILA DE ZARAGOZA,605395,3226224.0,9,18,14,Trimestre : Julio - Septiembre 2023 / Corte : 2025/01/28,2023T3,Julio-Septiembre,2023,2023-09-30,COAHUILA,Coahuila
bienestar_padron_unico__Padrón_único_de_beneficiarios_consolidado_po.csv,6,COLIMA,131116,1247242.0,6,18,13,Trimestre : Julio - Septiembre 2023 / Corte : 2025/01/28,2023T3,Julio-Septiembre,2023,2023-09-30,COLIMA,Colima
bienestar_padron_unico__Padrón_único_de_beneficiarios_consolidado_po.csv,7,CHIAPAS,2774111,10783468.0,9,26,16,Trimestre : Julio - Septiembre 2023 / Corte : 2025/01/28,2023T3,Julio-Septiembre,2023,2023-09-30,CHIAPAS,Chiapas
bienestar_padron_unico__Padrón_único_de_beneficiarios_consolidado_po.csv,8,CHIHUAHUA,779733,4788325.0,10,32,23,Trimestre : Julio - Septiembre 2023 / Corte : 2025/01/28,2023T3,Julio-Septiembre,2023,2023-09-30,CHIHUAHUA,Chihuahua
bienestar_padron_unico__Padrón_único_de_beneficiarios_consolidado_po.csv,9,CIUDAD DE MÉXICO,2332810,30990128.0,8,26,15,Trimestre : Julio - Septiembre 2023 / Corte : 2025/01/28,2023T3,Julio-Septiembre,2023,2023-09-30,CIUDAD DE MÉXICO,Ciudad de México
bienestar_padron_unico__Padrón_único_de_beneficiarios_consolidado_po.csv,10,DURANGO,641386,5068415.0,9,23,16,Trimestre : Julio - Septiembre 2023 / Corte : 2025/01/28,2023T3,Julio-Septiembre,2023,2023-09-30,DURANGO,Durango
bienestar_padron_unico__Padrón_único_de_beneficiarios_consolidado_po.csv,11,GUANAJUATO,893341,10648657.0,9,22,15,Trimestre : Julio - Septiembre 2023 / Corte : 2025/01/28,2023T3,Julio-Septiembre,2023,2023-09-30,GUANAJUATO,Guanajuato
bienestar_padron_unico__Padrón_único_de_beneficiarios_consolidado_po.csv,12,GUERRERO,908531,10341039.0,9,28,18,Trimestre : Julio - Septiembre 2023 / Corte : 2025/01/28,2023T3,Julio-Septiembre,2023,2023-09-30,GUERRERO,Guerrero
bienestar_padron_unico__Padrón_único_de_beneficiarios_consolidado_po.csv,13,HIDALGO,1140363,7641926.0,9,24,15,Trimestre : Julio - Septiembre 2023 / Corte : 2025/01/28,2023T3,Julio-Septiembre,2023,2023-09-30,HIDALGO,Hidalgo
bienestar_padron_unico__Padrón_único_de_beneficiarios_consolidado_po.csv,14,JALISCO,1218313,14752852.0,9,23,14,Trimestre : Julio - Septiembre 2023 / Corte : 2025/01/28,2023T3,Julio-Septiembre,2023,2023-09-30,JALISCO,Jalisco
bienestar_padron_unico__Padrón_único_de_beneficiarios_consolidado_po.csv,15,MÉXICO,3297535,59585715.0,9,28,17,Trimestre : Julio - Septiembre 2023 / Corte : 2025/01/28,2023T3,Julio-Septiembre,2023,2023-09-30,ESTADO DE MÉXICO,Estado de México
bienestar_padron_unico__Padrón_único_de_beneficiarios_consolidado_po.csv,16,MICHOACÁN DE OCAMPO,1913052,10984629.0,9,25,17,Trimestre : Julio - Septiembre 2023 / Corte : 2025/01/28,2023T3,Julio-Septiembre,2023,2023-09-30,MICHOACÁN,Michoacán
bienestar_padron_unico__Padrón_único_de_beneficiarios_consolidado_po.csv,17,MORELOS,412186,5462993.0,9,26,18,Trimestre : Julio - Septiembre 2023 / Corte : 2025/01/28,2023T3,Julio-Septiembre,2023,2023-09-30,MORELOS,Morelos
bienestar_padron_unico__Padrón_único_de_beneficiarios_consolidado_po.csv,18,NAYARIT,451620,4709428.0,9,26,16,Trimestre : Julio - Septiembre 2023 / Corte : 2025/01/28,2023T3,Julio-Septiembre,2023,2023-09-30,NAYARIT,Nayarit
bienestar_padron_unico__Padrón_único_de_beneficiarios_consolidado_po.csv,19,NUEVO LEÓN,577748,3505807.0,8,16,13,Trimestre : Julio - Septiembre 2023 / Corte : 2025/01/28,2023T3,Julio-Septiembre,2023,2023-09-30,NUEVO LEÓN,Nuevo León
bienestar_padron_unico__Padrón_único_de_beneficiarios_consolidado_po.csv,20,OAXACA,1882807,8623195.0,8,27,16,Trimestre : Julio - Septiembre 2023 / Corte : 2025/01/28,2023T3,Julio-Septiembre,2023,2023-09-30,OAXACA,Oaxaca
bienestar_padron_unico__Padrón_único_de_beneficiarios_consolidado_po.csv,21,PUEBLA,2050640,9612979.0,9,28,18,Trimestre : Julio - Septiembre 2023 / Corte : 2025/01/28,2023T3,Julio-Septiembre,2023,2023-09-30,PUEBLA,Puebla
bienestar_padron_unico__Padrón_único_de_beneficiarios_consolidado_po.csv,22,QUERÉTARO,286486,2959950.0,8,19,13,Trimestre : Julio - Septiembre 2023 / Corte : 2025/01/28,2023T3,Julio-Septiembre,2023,2023-09-30,QUERÉTARO,Querétaro
bienestar_padron_unico__Padrón_único_de_beneficiarios_consolidado_po.csv,23,QUINTANA ROO,174569,1720137.0,8,22,15,Trimestre : Julio - Septiembre 2023 / Corte : 2025/01/28,2023T3,Julio-Septiembre,2023,2023-09-30,QUINTANA ROO,Quintana Roo
bienestar_padron_unico__Padrón_único_de_beneficiarios_consolidado_po.csv,24,SAN LUIS POTOSÍ,1127798,6772158.0,9,25,17,Trimestre : Julio - Septiembre 2023 / Corte : 2025/01/28,2023T3,Julio-Septiembre,2023,2023-09-30,SAN LUIS POTOSÍ,San Luis Potosí
bienestar_padron_unico__Padrón_único_de_beneficiarios_consolidado_po.csv,25,SINALOA,750845,4447019.0,9,26,16,Trimestre : Julio - Septiembre 2023 / Corte : 2025/01/28,2023T3,Julio-Septiembre,2023,2023-09-30,SINALOA,Sinaloa
bienestar_padron_unico__Padrón_único_de_beneficiarios_consolidado_po.csv,26,SONORA,386913,2873774.0,8,25,16,Trimestre : Julio - Septiembre 2023 / Corte : 2025/01/28,2023T3,Julio-Septiembre,2023,2023-09-30,SONORA,Sonora
bienestar_padron_unico__Padrón_único_de_beneficiarios_consolidado_po.csv,27,TABASCO,438910,3408799.0,9,23,17,Trimestre : Julio - Septiembre 2023 / Corte : 2025/01/28,2023T3,Julio-Septiembre,2023,2023-09-30,TABASCO,Tabasco
bienestar_padron_unico__Padrón_único_de_beneficiarios_consolidado_po.csv,28,TAMAULIPAS,692875,2923575.0,9,17,14,Trimestre : Julio - Septiembre 2023 / Corte : 2025/01/28,2023T3,Julio-Septiembre,2023,2023-09-30,TAMAULIPAS,Tamaulipas
bienestar_padron_unico__Padrón_único_de_beneficiarios_consolidado_po.csv,29,TLAXCALA,264286,3816453.0,9,20,15,Trimestre : Julio - Septiembre 2023 / Corte : 2025/01/28,2023T3,Julio-Septiembre,2023,2023-09-30,TLAXCALA,Tlaxcala
bienestar_padron_unico__Padrón_único_de_beneficiarios_consolidado_po.csv,30,VERACRUZ DE IGNACIO DE LA LLAVE,2699592,11032447.0,9,25,16,Trimestre : Julio - Septiembre 2023 / Corte : 2025/01/28,2023T3,Julio-Septiembre,2023,2023-09-30,VERACRUZ,Veracruz
bienestar_padron_unico__Padrón_único_de_beneficiarios_consolidado_po.csv,31,YUCATÁN,777849,3474026.0,8,23,15,Trimestre : Julio - Septiembre 2023 / Corte : 2025/01/28,2023T3,Julio-Septiembre,2023,2023-09-30,YUCATÁN,Yucatán
bienestar_padron_unico__Padrón_único_de_beneficiarios_consolidado_po.csv,32,ZACATECAS,750127,5415029.0,9,20,15,Trimestre : Julio - Septiembre 2023 / Corte : 2025/01/28,2023T3,Julio-Septiembre,2023,2023-09-30,ZACATECAS,Zacatecas
bienestar_padron_unico__Padrón_único_de_beneficiarios_consolidado_po.csv,1,AGUASCALIENTES,334042,2083909.0,8,23,18,Trimestre : Octubre - Diciembre 2023 / Corte : 2025/01/28,2023T4,Octubre-Diciembre,2023,2023-12-31,AGUASCALIENTES,Aguascalientes
bienestar_padron_unico__Padrón_único_de_beneficiarios_consolidado_po.csv,2,BAJA CALIFORNIA,879764,3367705.0,8,30,20,Trimestre : Octubre - Diciembre 2023 / Corte : 2025/01/28,2023T4,Octubre-Diciembre,2023,2023-12-31,BAJA CALIFORNIA,Baja California
bienestar_padron_unico__Padrón_único_de_beneficiarios_consolidado_po.csv,3,BAJA CALIFORNIA SUR,212199,1709833.0,8,25,18,Trimestre : Octubre - Diciembre 2023 / Corte : 2025/01/28,2023T4,Octubre-Diciembre,2023,2023-12-31,BAJA CALIFORNIA SUR,Baja California Sur
bienestar_padron_unico__Padrón_único_de_beneficiarios_consolidado_po.csv,4,CAMPECHE,458650,2357454.0,8,33,22,Trimestre : Octubre - Diciembre 2023 / Corte : 2025/01/28,2023T4,Octubre-Diciembre,2023,2023-12-31,CAMPECHE,Campeche
bienestar_padron_unico__Padrón_único_de_beneficiarios_consolidado_po.csv,5,COAHUILA DE ZARAGOZA,917099,3980146.0,8,27,20,Trimestre : Octubre - Diciembre 2023 / Corte : 2025/01/28,2023T4,Octubre-Diciembre,2023,2023-12-31,COAHUILA,Coahuila
bienestar_padron_unico__Padrón_único_de_beneficiarios_consolidado_po.csv,6,COLIMA,238908,1542059.0,8,30,21,Trimestre : Octubre - Diciembre 2023 / Corte : 2025/01/28,2023T4,Octubre-Diciembre,2023,2023-12-31,COLIMA,Colima
bienestar_padron_unico__Padrón_único_de_beneficiarios_consolidado_po.csv,7,CHIAPAS,3471490,13022385.0,8,40,25,Trimestre : Octubre - Diciembre 2023 / Corte : 2025/01/28,2023T4,Octubre-Diciembre,2023,2023-12-31,CHIAPAS,Chiapas
bienestar_padron_unico__Padrón_único_de_beneficiarios_consolidado_po.csv,8,CHIHUAHUA,1237919,6131573.0,10,42,31,Trimestre : Octubre - Diciembre 2023 / Corte : 2025/01/28,2023T4,Octubre-Diciembre,2023,2023-12-31,CHIHUAHUA,Chihuahua
bienestar_padron_unico__Padrón_único_de_beneficiarios_consolidado_po.csv,9,CIUDAD DE MÉXICO,3582660,33713262.0,9,34,21,Trimestre : Octubre - Diciembre 2023 / Corte : 2025/01/28,2023T4,Octubre-Diciembre,2023,2023-12-31,CIUDAD DE MÉXICO,Ciudad de México
bienestar_padron_unico__Padrón_único_de_beneficiarios_consolidado_po.csv,10,DURANGO,875332,5866910.0,9,35,23,Trimestre : Octubre - Diciembre 2023 / Corte : 2025/01/28,2023T4,Octubre-Diciembre,2023,2023-12-31,DURANGO,Durango
bienestar_padron_unico__Padrón_único_de_beneficiarios_consolidado_po.csv,11,GUANAJUATO,1640353,12492019.0,10,33,23,Trimestre : Octubre - Diciembre 2023 / Corte : 2025/01/28,2023T4,Octubre-Diciembre,2023,2023-12-31,GUANAJUATO,Guanajuato
bienestar_padron_unico__Padrón_único_de_beneficiarios_consolidado_po.csv,12,GUERRERO,1939415,13396878.0,9,41,27,Trimestre : Octubre - Diciembre 2023 / Corte : 2025/01/28,2023T4,Octubre-Diciembre,2023,2023-12-31,GUERRERO,Guerrero
bienestar_padron_unico__Padrón_único_de_beneficiarios_consolidado_po.csv,13,HIDALGO,1597286,8942876.0,10,37,24,Trimestre : Octubre - Diciembre 2023 / Corte : 2025/01/28,2023T4,Octubre-Diciembre,2023,2023-12-31,HIDALGO,Hidalgo
bienestar_padron_unico__Padrón_único_de_beneficiarios_consolidado_po.csv,14,JALISCO,2207167,17250032.0,9,35,22,Trimestre : Octubre - Diciembre 2023 / Corte : 2025/01/28,2023T4,Octubre-Diciembre,2023,2023-12-31,JALISCO,Jalisco
bienestar_padron_unico__Padrón_único_de_beneficiarios_consolidado_po.csv,15,MÉXICO,5279164,63920412.0,9,40,25,Trimestre : Octubre - Diciembre 2023 / Corte : 2025/01/28,2023T4,Octubre-Diciembre,2023,2023-12-31,ESTADO DE MÉXICO,Estado de México
bienestar_padron_unico__Padrón_único_de_beneficiarios_consolidado_po.csv,16,MICHOACÁN DE OCAMPO,2473886,12665537.0,10,37,25,Trimestre : Octubre - Diciembre 2023 / Corte : 2025/01/28,2023T4,Octubre-Diciembre,2023,2023-12-31,MICHOACÁN,Michoacán
bienestar_padron_unico__Padrón_único_de_beneficiarios_consolidado_po.csv,17,MORELOS,694693,6136014.0,9,39,27,Trimestre : Octubre - Diciembre 2023 / Corte : 2025/01/28,2023T4,Octubre-Diciembre,2023,2023-12-31,MORELOS,Morelos
bienestar_padron_unico__Padrón_único_de_beneficiarios_consolidado_po.csv,18,NAYARIT,610243,5349893.0,10,36,24,Trimestre : Octubre - Diciembre 2023 / Corte : 2025/01/28,2023T4,Octubre-Diciembre,2023,2023-12-31,NAYARIT,Nayarit
bienestar_padron_unico__Padrón_único_de_beneficiarios_consolidado_po.csv,19,NUEVO LEÓN,1132128,4807772.0,9,24,20,Trimestre : Octubre - Diciembre 2023 / Corte : 2025/01/28,2023T4,Octubre-Diciembre,2023,2023-12-31,NUEVO LEÓN,Nuevo León
bienestar_padron_unico__Padrón_único_de_beneficiarios_consolidado_po.csv,20,OAXACA,2457022,10563582.0,8,40,26,Trimestre : Octubre - Diciembre 2023 / Corte : 2025/01/28,2023T4,Octubre-Diciembre,2023,2023-12-31,OAXACA,Oaxaca
bienestar_padron_unico__Padrón_único_de_beneficiarios_consolidado_po.csv,21,PUEBLA,2904909,11964534.0,8,38,24,Trimestre : Octubre - Diciembre 2023 / Corte : 2025/01/28,2023T4,Octubre-Diciembre,2023,2023-12-31,PUEBLA,Puebla
bienestar_padron_unico__Padrón_único_de_beneficiarios_consolidado_po.csv,22,QUERÉTARO,536169,3505264.0,8,28,21,Trimestre : Octubre - Diciembre 2023 / Corte : 2025/01/28,2023T4,Octubre-Diciembre,2023,2023-12-31,QUERÉTARO,Querétaro
bienestar_padron_unico__Padrón_único_de_beneficiarios_consolidado_po.csv,23,QUINTANA ROO,353921,2128441.0,8,33,22,Trimestre : Octubre - Diciembre 2023 / Corte : 2025/01/28,2023T4,Octubre-Diciembre,2023,2023-12-31,QUINTANA ROO,Quintana Roo
bienestar_padron_unico__Padrón_único_de_beneficiarios_consolidado_po.csv,24,SAN LUIS POTOSÍ,1420705,7837806.0,8,34,23,Trimestre : Octubre - Diciembre 2023 / Corte : 2025/01/28,2023T4,Octubre-Diciembre,2023,2023-12-31,SAN LUIS POTOSÍ,San Luis Potosí
bienestar_padron_unico__Padrón_único_de_beneficiarios_consolidado_po.csv,25,SINALOA,1224397,5973627.0,8,35,22,Trimestre : Octubre - Diciembre 2023 / Corte : 2025/01/28,2023T4,Octubre-Diciembre,2023,2023-12-31,SINALOA,Sinaloa
bienestar_padron_unico__Padrón_único_de_beneficiarios_consolidado_po.csv,26,SONORA,780381,3739273.0,8,35,23,Trimestre : Octubre - Diciembre 2023 / Corte : 2025/01/28,2023T4,Octubre-Diciembre,2023,2023-12-31,SONORA,Sonora
bienestar_padron_unico__Padrón_único_de_beneficiarios_consolidado_po.csv,27,TABASCO,764137,4171489.0,8,33,23,Trimestre : Octubre - Diciembre 2023 / Corte : 2025/01/28,2023T4,Octubre-Diciembre,2023,2023-12-31,TABASCO,Tabasco
bienestar_padron_unico__Padrón_único_de_beneficiarios_consolidado_po.csv,28,TAMAULIPAS,1059171,4436638.0,9,28,22,Trimestre : Octubre - Diciembre 2023 / Corte : 2025/01/28,2023T4,Octubre-Diciembre,2023,2023-12-31,TAMAULIPAS,Tamaulipas
bienestar_padron_unico__Padrón_único_de_beneficiarios_consolidado_po.csv,29,TLAXCALA,450906,4362514.0,8,28,21,Trimestre : Octubre - Diciembre 2023 / Corte : 2025/01/28,2023T4,Octubre-Diciembre,2023,2023-12-31,TLAXCALA,Tlaxcala
bienestar_padron_unico__Padrón_único_de_beneficiarios_consolidado_po.csv,30,VERACRUZ DE IGNACIO DE LA LLAVE,3869433,14253253.0,9,38,24,Trimestre : Octubre - Diciembre 2023 / Corte : 2025/01/28,2023T4,Octubre-Diciembre,2023,2023-12-31,VERACRUZ,Veracruz
bienestar_padron_unico__Padrón_único_de_beneficiarios_consolidado_po.csv,31,YUCATÁN,1124036,4356278.0,9,34,23,Trimestre : Octubre - Diciembre 2023 / Corte : 2025/01/28,2023T4,Octubre-Diciembre,2023,2023-12-31,YUCATÁN,Yucatán
bienestar_padron_unico__Padrón_único_de_beneficiarios_consolidado_po.csv,32,ZACATECAS,1003594,6241576.0,9,30,23,Trimestre : Octubre - Diciembre 2023 / Corte : 2025/01/28,2023T4,Octubre-Diciembre,2023,2023-12-31,ZACATECAS,Zacatecas
bienestar_padron_unico__Padrón_único_de_beneficiarios_consolidado_po.csv,1,AGUASCALIENTES,193006,2322479.0,9,19,14,Trimestre : Enero - Marzo 2024 / Corte : 2025/01/28,2024T1,Enero-Marzo,2024,2024-03-31,AGUASCALIENTES,Aguascalientes
bienestar_padron_unico__Padrón_único_de_beneficiarios_consolidado_po.csv,2,BAJA CALIFORNIA,522493,4173781.0,10,28,16,Trimestre : Enero - Marzo 2024 / Corte : 2025/01/28,2024T1,Enero-Marzo,2024,2024-03-31,BAJA CALIFORNIA,Baja California
bienestar_padron_unico__Padrón_único_de_beneficiarios_consolidado_po.csv,3,BAJA CALIFORNIA SUR,125291,1877984.0,9,19,14,Trimestre : Enero - Marzo 2024 / Corte : 2025/01/28,2024T1,Enero-Marzo,2024,2024-03-31,BAJA CALIFORNIA SUR,Baja California Sur
bienestar_padron_unico__Padrón_único_de_beneficiarios_consolidado_po.csv,4,CAMPECHE,311445,2471837.0,9,27,16,Trimestre : Enero - Marzo 2024 / Corte : 2025/01/28,2024T1,Enero-Marzo,2024,2024-03-31,CAMPECHE,Campeche
bienestar_padron_unico__Padrón_único_de_beneficiarios_consolidado_po.csv,5,COAHUILA DE ZARAGOZA,628008,4600518.0,8,16,12,Trimestre : Enero - Marzo 2024 / Corte : 2025/01/28,2024T1,Enero-Marzo,2024,2024-03-31,COAHUILA,Coahuila
bienestar_padron_unico__Padrón_único_de_beneficiarios_consolidado_po.csv,6,COLIMA,142121,1750006.0,7,20,13,Trimestre : Enero - Marzo 2024 / Corte : 2025/01/28,2024T1,Enero-Marzo,2024,2024-03-31,COLIMA,Colima
bienestar_padron_unico__Padrón_único_de_beneficiarios_consolidado_po.csv,7,CHIAPAS,2681445,13080210.0,9,34,17,Trimestre : Enero - Marzo 2024 / Corte : 2025/01/28,2024T1,Enero-Marzo,2024,2024-03-31,CHIAPAS,Chiapas
bienestar_padron_unico__Padrón_único_de_beneficiarios_consolidado_po.csv,8,CHIHUAHUA,793788,6570390.0,9,35,23,Trimestre : Enero - Marzo 2024 / Corte : 2025/01/28,2024T1,Enero-Marzo,2024,2024-03-31,CHIHUAHUA,Chihuahua
bienestar_padron_unico__Padrón_único_de_beneficiarios_consolidado_po.csv,9,CIUDAD DE MÉXICO,2199211,36050081.0,8,33,14,Trimestre : Enero - Marzo 2024 / Corte : 2025/01/28,2024T1,Enero-Marzo,2024,2024-03-31,CIUDAD DE MÉXICO,Ciudad de México
bienestar_padron_unico__Padrón_único_de_beneficiarios_consolidado_po.csv,10,DURANGO,645932,6087530.0,9,26,16,Trimestre : Enero - Marzo 2024 / Corte : 2025/01/28,2024T1,Enero-Marzo,2024,2024-03-31,DURANGO,Durango
bienestar_padron_unico__Padrón_único_de_beneficiarios_consolidado_po.csv,11,GUANAJUATO,952376,13370226.0,9,26,15,Trimestre : Enero - Marzo 2024 / Corte : 2025/01/28,2024T1,Enero-Marzo,2024,2024-03-31,GUANAJUATO,Guanajuato
bienestar_padron_unico__Padrón_único_de_beneficiarios_consolidado_po.csv,12,GUERRERO,974295,12468440.0,10,30,18,Trimestre : Enero - Marzo 2024 / Corte : 2025/01/28,2024T1,Enero-Marzo,2024,2024-03-31,GUERRERO,Guerrero
bienestar_padron_unico__Padrón_único_de_beneficiarios_consolidado_po.csv,13,HIDALGO,1159337,9173845.0,9,28,16,Trimestre : Enero - Marzo 2024 / Corte : 2025/01/28,2024T1,Enero-Marzo,2024,2024-03-31,HIDALGO,Hidalgo
bienestar_padron_unico__Padrón_único_de_beneficiarios_consolidado_po.csv,14,JALISCO,1333533,18992712.0,9,30,16,Trimestre : Enero - Marzo 2024 / Corte : 2025/01/28,2024T1,Enero-Marzo,2024,2024-03-31,JALISCO,Jalisco
bienestar_padron_unico__Padrón_único_de_beneficiarios_consolidado_po.csv,15,MÉXICO,3443703,66466755.0,9,32,15,Trimestre : Enero - Marzo 2024 / Corte : 2025/01/28,2024T1,Enero-Marzo,2024,2024-03-31,ESTADO DE MÉXICO,Estado de México
bienestar_padron_unico__Padrón_único_de_beneficiarios_consolidado_po.csv,16,MICHOACÁN DE OCAMPO,1923482,13482964.0,9,29,16,Trimestre : Enero - Marzo 2024 / Corte : 2025/01/28,2024T1,Enero-Marzo,2024,2024-03-31,MICHOACÁN,Michoacán
bienestar_padron_unico__Padrón_único_de_beneficiarios_consolidado_po.csv,17,MORELOS,427735,6481016.0,10,29,17,Trimestre : Enero - Marzo 2024 / Corte : 2025/01/28,2024T1,Enero-Marzo,2024,2024-03-31,MORELOS,Morelos
bienestar_padron_unico__Padrón_único_de_beneficiarios_consolidado_po.csv,18,NAYARIT,455304,5629303.0,10,27,17,Trimestre : Enero - Marzo 2024 / Corte : 2025/01/28,2024T1,Enero-Marzo,2024,2024-03-31,NAYARIT,Nayarit
bienestar_padron_unico__Padrón_único_de_beneficiarios_consolidado_po.csv,19,NUEVO LEÓN,616749,5479400.0,9,19,14,Trimestre : Enero - Marzo 2024 / Corte : 2025/01/28,2024T1,Enero-Marzo,2024,2024-03-31,NUEVO LEÓN,Nuevo León
bienestar_padron_unico__Padrón_único_de_beneficiarios_consolidado_po.csv,20,OAXACA,1821450,10745884.0,10,33,17,Trimestre : Enero - Marzo 2024 / Corte : 2025/01/28,2024T1,Enero-Marzo,2024,2024-03-31,OAXACA,Oaxaca
bienestar_padron_unico__Padrón_único_de_beneficiarios_consolidado_po.csv,21,PUEBLA,2073768,12835091.0,9,30,16,Trimestre : Enero - Marzo 2024 / Corte : 2025/01/28,2024T1,Enero-Marzo,2024,2024-03-31,PUEBLA,Puebla
bienestar_padron_unico__Padrón_único_de_beneficiarios_consolidado_po.csv,22,QUERÉTARO,302632,3790183.0,9,25,15,Trimestre : Enero - Marzo 2024 / Corte : 2025/01/28,2024T1,Enero-Marzo,2024,2024-03-31,QUERÉTARO,Querétaro
bienestar_padron_unico__Padrón_único_de_beneficiarios_consolidado_po.csv,23,QUINTANA ROO,189321,2283866.0,8,24,15,Trimestre : Enero - Marzo 2024 / Corte : 2025/01/28,2024T1,Enero-Marzo,2024,2024-03-31,QUINTANA ROO,Quintana Roo
bienestar_padron_unico__Padrón_único_de_beneficiarios_consolidado_po.csv,24,SAN LUIS POTOSÍ,1113464,8412861.0,9,26,16,Trimestre : Enero - Marzo 2024 / Corte : 2025/01/28,2024T1,Enero-Marzo,2024,2024-03-31,SAN LUIS POTOSÍ,San Luis Potosí
bienestar_padron_unico__Padrón_único_de_beneficiarios_consolidado_po.csv,25,SINALOA,767325,6245525.0,9,28,15,Trimestre : Enero - Marzo 2024 / Corte : 2025/01/28,2024T1,Enero-Marzo,2024,2024-03-31,SINALOA,Sinaloa
bienestar_padron_unico__Padrón_único_de_beneficiarios_consolidado_po.csv,26,SONORA,432685,4335205.0,10,26,17,Trimestre : Enero - Marzo 2024 / Corte : 2025/01/28,2024T1,Enero-Marzo,2024,2024-03-31,SONORA,Sonora
bienestar_padron_unico__Padrón_único_de_beneficiarios_consolidado_po.csv,27,TABASCO,438068,4553360.0,9,26,16,Trimestre : Enero - Marzo 2024 / Corte : 2025/01/28,2024T1,Enero-Marzo,2024,2024-03-31,TABASCO,Tabasco
bienestar_padron_unico__Padrón_único_de_beneficiarios_consolidado_po.csv,28,TAMAULIPAS,709297,5562902.0,10,20,15,Trimestre : Enero - Marzo 2024 / Corte : 2025/01/28,2024T1,Enero-Marzo,2024,2024-03-31,TAMAULIPAS,Tamaulipas
bienestar_padron_unico__Padrón_único_de_beneficiarios_consolidado_po.csv,29,TLAXCALA,284063,4590154.0,10,23,17,Trimestre : Enero - Marzo 2024 / Corte : 2025/01/28,2024T1,Enero-Marzo,2024,2024-03-31,TLAXCALA,Tlaxcala
bienestar_padron_unico__Padrón_único_de_beneficiarios_consolidado_po.csv,30,VERACRUZ DE IGNACIO DE LA LLAVE,2700782,15676216.0,10,32,17,Trimestre : Enero - Marzo 2024 / Corte : 2025/01/28,2024T1,Enero-Marzo,2024,2024-03-31,VERACRUZ,Veracruz
bienestar_padron_unico__Padrón_único_de_beneficiarios_consolidado_po.csv,31,YUCATÁN,783976,4564514.0,9,27,16,Trimestre : Enero - Marzo 2024 / Corte : 2025/01/28,2024T1,Enero-Marzo,2024,2024-03-31,YUCATÁN,Yucatán
bienestar_padron_unico__Padrón_único_de_beneficiarios_consolidado_po.csv,32,ZACATECAS,756399,6516718.0,9,22,15,Trimestre : Enero - Marzo 2024 / Corte : 2025/01/28,2024T1,Enero-Marzo,2024,2024-03-31,ZACATECAS,Zacatecas
bienestar_padron_unico__Padrón_único_de_beneficiarios_consolidado_po.csv,1,AGUASCALIENTES,170723,1862527.0,8,20,14,Trimestre : Abril - Junio 2024 / Corte : 2025/01/28,2024T2,Abril-Junio,2024,2024-06-30,AGUASCALIENTES,Aguascalientes
bienestar_padron_unico__Padrón_único_de_beneficiarios_consolidado_po.csv,2,BAJA CALIFORNIA,330956,2796493.0,10,26,16,Trimestre : Abril - Junio 2024 / Corte : 2025/01/28,2024T2,Abril-Junio,2024,2024-06-30,BAJA CALIFORNIA,Baja California
bienestar_padron_unico__Padrón_único_de_beneficiarios_consolidado_po.csv,3,BAJA CALIFORNIA SUR,141181,1737680.0,9,21,16,Trimestre : Abril - Junio 2024 / Corte : 2025/01/28,2024T2,Abril-Junio,2024,2024-06-30,BAJA CALIFORNIA SUR,Baja California Sur
bienestar_padron_unico__Padrón_único_de_beneficiarios_consolidado_po.csv,4,CAMPECHE,324708,2347280.0,10,27,18,Trimestre : Abril - Junio 2024 / Corte : 2025/01/28,2024T2,Abril-Junio,2024,2024-06-30,CAMPECHE,Campeche
bienestar_padron_unico__Padrón_único_de_beneficiarios_consolidado_po.csv,5,COAHUILA DE ZARAGOZA,508531,3404653.0,9,19,14,Trimestre : Abril - Junio 2024 / Corte : 2025/01/28,2024T2,Abril-Junio,2024,2024-06-30,COAHUILA,Coahuila
bienestar_padron_unico__Padrón_único_de_beneficiarios_consolidado_po.csv,6,COLIMA,125694,1444801.0,7,21,15,Trimestre : Abril - Junio 2024 / Corte : 2025/01/28,2024T2,Abril-Junio,2024,2024-06-30,COLIMA,Colima
bienestar_padron_unico__Padrón_único_de_beneficiarios_consolidado_po.csv,7,CHIAPAS,2915039,14197231.0,9,35,18,Trimestre : Abril - Junio 2024 / Corte : 2025/01/28,2024T2,Abril-Junio,2024,2024-06-30,CHIAPAS,Chiapas
bienestar_padron_unico__Padrón_único_de_beneficiarios_consolidado_po.csv,8,CHIHUAHUA,663396,5203103.0,9,30,18,Trimestre : Abril - Junio 2024 / Corte : 2025/01/28,2024T2,Abril-Junio,2024,2024-06-30,CHIHUAHUA,Chihuahua
bienestar_padron_unico__Padrón_único_de_beneficiarios_consolidado_po.csv,9,CIUDAD DE MÉXICO,2170776,30437389.0,9,34,18,Trimestre : Abril - Junio 2024 / Corte : 2025/01/28,2024T2,Abril-Junio,2024,2024-06-30,CIUDAD DE MÉXICO,Ciudad de México
bienestar_padron_unico__Padrón_único_de_beneficiarios_consolidado_po.csv,10,DURANGO,712516,5643065.0,9,27,17,Trimestre : Abril - Junio 2024 / Corte : 2025/01/28,2024T2,Abril-Junio,2024,2024-06-30,DURANGO,Durango
bienestar_padron_unico__Padrón_único_de_beneficiarios_consolidado_po.csv,11,GUANAJUATO,977156,11633844.0,10,27,17,Trimestre : Abril - Junio 2024 / Corte : 2025/01/28,2024T2,Abril-Junio,2024,2024-06-30,GUANAJUATO,Guanajuato
bienestar_padron_unico__Padrón_único_de_beneficiarios_consolidado_po.csv,12,GUERRERO,1183279,12225223.0,10,33,20,Trimestre : Abril - Junio 2024 / Corte : 2025/01/28,2024T2,Abril-Junio,2024,2024-06-30,GUERRERO,Guerrero
bienestar_padron_unico__Padrón_único_de_beneficiarios_consolidado_po.csv,13,HIDALGO,1292481,8810830.0,9,31,18,Trimestre : Abril - Junio 2024 / Corte : 2025/01/28,2024T2,Abril-Junio,2024,2024-06-30,HIDALGO,Hidalgo
bienestar_padron_unico__Padrón_único_de_beneficiarios_consolidado_po.csv,14,JALISCO,1260981,15903942.0,10,33,19,Trimestre : Abril - Junio 2024 / Corte : 2025/01/28,2024T2,Abril-Junio,2024,2024-06-30,JALISCO,Jalisco
bienestar_padron_unico__Padrón_único_de_beneficiarios_consolidado_po.csv,15,MÉXICO,4713429,63775624.0,10,36,19,Trimestre : Abril - Junio 2024 / Corte : 2025/01/28,2024T2,Abril-Junio,2024,2024-06-30,ESTADO DE MÉXICO,Estado de México
bienestar_padron_unico__Padrón_único_de_beneficiarios_consolidado_po.csv,16,MICHOACÁN DE OCAMPO,1938846,11784129.0,10,32,18,Trimestre : Abril - Junio 2024 / Corte : 2025/01/28,2024T2,Abril-Junio,2024,2024-06-30,MICHOACÁN,Michoacán
bienestar_padron_unico__Padrón_único_de_beneficiarios_consolidado_po.csv,17,MORELOS,484354,5738248.0,10,34,20,Trimestre : Abril - Junio 2024 / Corte : 2025/01/28,2024T2,Abril-Junio,2024,2024-06-30,MORELOS,Morelos
bienestar_padron_unico__Padrón_único_de_beneficiarios_consolidado_po.csv,18,NAYARIT,498260,5052900.0,10,29,19,Trimestre : Abril - Junio 2024 / Corte : 2025/01/28,2024T2,Abril-Junio,2024,2024-06-30,NAYARIT,Nayarit
bienestar_padron_unico__Padrón_único_de_beneficiarios_consolidado_po.csv,19,NUEVO LEÓN,321390,3329224.0,10,21,16,Trimestre : Abril - Junio 2024 / Corte : 2025/01/28,2024T2,Abril-Junio,2024,2024-06-30,NUEVO LEÓN,Nuevo León
bienestar_padron_unico__Padrón_único_de_beneficiarios_consolidado_po.csv,20,OAXACA,1924961,10421280.0,10,34,18,Trimestre : Abril - Junio 2024 / Corte : 2025/01/28,2024T2,Abril-Junio,2024,2024-06-30,OAXACA,Oaxaca
bienestar_padron_unico__Padrón_único_de_beneficiarios_consolidado_po.csv,21,PUEBLA,2199231,12457876.0,10,33,20,Trimestre : Abril - Junio 2024 / Corte : 2025/01/28,2024T2,Abril-Junio,2024,2024-06-30,PUEBLA,Puebla
bienestar_padron_unico__Padrón_único_de_beneficiarios_consolidado_po.csv,22,QUERÉTARO,282394,3114064.0,9,26,16,Trimestre : Abril - Junio 2024 / Corte : 2025/01/28,2024T2,Abril-Junio,2024,2024-06-30,QUERÉTARO,Querétaro
bienestar_padron_unico__Padrón_único_de_beneficiarios_consolidado_po.csv,23,QUINTANA ROO,220692,2221072.0,10,27,17,Trimestre : Abril - Junio 2024 / Corte : 2025/01/28,2024T2,Abril-Junio,2024,2024-06-30,QUINTANA ROO,Quintana Roo
bienestar_padron_unico__Padrón_único_de_beneficiarios_consolidado_po.csv,24,SAN LUIS POTOSÍ,1153847,7696696.0,8,27,16,Trimestre : Abril - Junio 2024 / Corte : 2025/01/28,2024T2,Abril-Junio,2024,2024-06-30,SAN LUIS POTOSÍ,San Luis Potosí
bienestar_padron_unico__Padrón_único_de_beneficiarios_consolidado_po.csv,25,SINALOA,630348,4937635.0,9,29,17,Trimestre : Abril - Junio 2024 / Corte : 2025/01/28,2024T2,Abril-Junio,2024,2024-06-30,SINALOA,Sinaloa
bienestar_padron_unico__Padrón_único_de_beneficiarios_consolidado_po.csv,26,SONORA,297222,3191224.0,10,28,19,Trimestre : Abril - Junio 2024 / Corte : 2025/01/28,2024T2,Abril-Junio,2024,2024-06-30,SONORA,Sonora
bienestar_padron_unico__Padrón_único_de_beneficiarios_consolidado_po.csv,27,TABASCO,494865,4421784.0,10,27,18,Trimestre : Abril - Junio 2024 / Corte : 2025/01/28,2024T2,Abril-Junio,2024,2024-06-30,TABASCO,Tabasco
bienestar_padron_unico__Padrón_único_de_beneficiarios_consolidado_po.csv,28,TAMAULIPAS,570973,4405318.0,10,22,18,Trimestre : Abril - Junio 2024 / Corte : 2025/01/28,2024T2,Abril-Junio,2024,2024-06-30,TAMAULIPAS,Tamaulipas
bienestar_padron_unico__Padrón_único_de_beneficiarios_consolidado_po.csv,29,TLAXCALA,368088,4290090.0,10,24,18,Trimestre : Abril - Junio 2024 / Corte : 2025/01/28,2024T2,Abril-Junio,2024,2024-06-30,TLAXCALA,Tlaxcala
bienestar_padron_unico__Padrón_único_de_beneficiarios_consolidado_po.csv,30,VERACRUZ DE IGNACIO DE LA LLAVE,2508936,13518692.0,10,33,18,Trimestre : Abril - Junio 2024 / Corte : 2025/01/28,2024T2,Abril-Junio,2024,2024-06-30,VERACRUZ,Veracruz
bienestar_padron_unico__Padrón_único_de_beneficiarios_consolidado_po.csv,31,YUCATÁN,801092,4399155.0,10,30,18,Trimestre : Abril - Junio 2024 / Corte : 2025/01/28,2024T2,Abril-Junio,2024,2024-06-30,YUCATÁN,Yucatán
bienestar_padron_unico__Padrón_único_de_beneficiarios_consolidado_po.csv,32,ZACATECAS,834319,5997860.0,9,24,16,Trimestre : Abril - Junio 2024 / Corte : 2025/01/28,2024T2,Abril-Junio,2024,2024-06-30,ZACATECAS,Zacatecas
bienestar_padron_unico__Padrón_único_de_beneficiarios_consolidado_po.csv,1,AGUASCALIENTES,182371,1707630.0,9,23,13,Trimestre : Julio - Septiembre 2024 / Corte : 2025/01/28,2024T3,Julio-Septiembre,2024,2024-09-30,AGUASCALIENTES,Aguascalientes
bienestar_padron_unico__Padrón_único_de_beneficiarios_consolidado_po.csv,2,BAJA CALIFORNIA,498446,2675590.0,9,33,16,Trimestre : Julio - Septiembre 2024 / Corte : 2025/01/28,2024T3,Julio-Septiembre,2024,2024-09-30,BAJA CALIFORNIA,Baja California
bienestar_padron_unico__Padrón_único_de_beneficiarios_consolidado_po.csv,3,BAJA CALIFORNIA SUR,116882,1626268.0,8,23,14,Trimestre : Julio - Septiembre 2024 / Corte : 2025/01/28,2024T3,Julio-Septiembre,2024,2024-09-30,BAJA CALIFORNIA SUR,Baja California Sur
bienestar_padron_unico__Padrón_único_de_beneficiarios_consolidado_po.csv,4,CAMPECHE,283368,2045907.0,9,32,17,Trimestre : Julio - Septiembre 2024 / Corte : 2025/01/28,2024T3,Julio-Septiembre,2024,2024-09-30,CAMPECHE,Campeche
bienestar_padron_unico__Padrón_único_de_beneficiarios_consolidado_po.csv,5,COAHUILA DE ZARAGOZA,629942,3455052.0,8,22,14,Trimestre : Julio - Septiembre 2024 / Corte : 2025/01/28,2024T3,Julio-Septiembre,2024,2024-09-30,COAHUILA,Coahuila
bienestar_padron_unico__Padrón_único_de_beneficiarios_consolidado_po.csv,6,COLIMA,131821,1380174.0,8,25,15,Trimestre : Julio - Septiembre 2024 / Corte : 2025/01/28,2024T3,Julio-Septiembre,2024,2024-09-30,COLIMA,Colima
bienestar_padron_unico__Padrón_único_de_beneficiarios_consolidado_po.csv,7,CHIAPAS,2597780,11180652.0,10,41,20,Trimestre : Julio - Septiembre 2024 / Corte : 2025/01/28,2024T3,Julio-Septiembre,2024,2024-09-30,CHIAPAS,Chiapas
bienestar_padron_unico__Padrón_único_de_beneficiarios_consolidado_po.csv,8,CHIHUAHUA,750434,4982137.0,10,35,19,Trimestre : Julio - Septiembre 2024 / Corte : 2025/01/28,2024T3,Julio-Septiembre,2024,2024-09-30,CHIHUAHUA,Chihuahua
bienestar_padron_unico__Padrón_único_de_beneficiarios_consolidado_po.csv,9,CIUDAD DE MÉXICO,2176476,31304571.0,9,38,14,Trimestre : Julio - Septiembre 2024 / Corte : 2025/01/28,2024T3,Julio-Septiembre,2024,2024-09-30,CIUDAD DE MÉXICO,Ciudad de México
bienestar_padron_unico__Padrón_único_de_beneficiarios_consolidado_po.csv,10,DURANGO,623796,5324589.0,10,31,16,Trimestre : Julio - Septiembre 2024 / Corte : 2025/01/28,2024T3,Julio-Septiembre,2024,2024-09-30,DURANGO,Durango
bienestar_padron_unico__Padrón_único_de_beneficiarios_consolidado_po.csv,11,GUANAJUATO,922545,10799119.0,9,33,17,Trimestre : Julio - Septiembre 2024 / Corte : 2025/01/28,2024T3,Julio-Septiembre,2024,2024-09-30,GUANAJUATO,Guanajuato
bienestar_padron_unico__Padrón_único_de_beneficiarios_consolidado_po.csv,12,GUERRERO,860074,10805608.0,10,37,19,Trimestre : Julio - Septiembre 2024 / Corte : 2025/01/28,2024T3,Julio-Septiembre,2024,2024-09-30,GUERRERO,Guerrero
bienestar_padron_unico__Padrón_único_de_beneficiarios_consolidado_po.csv,13,HIDALGO,1137413,7751780.0,9,36,18,Trimestre : Julio - Septiembre 2024 / Corte : 2025/01/28,2024T3,Julio-Septiembre,2024,2024-09-30,HIDALGO,Hidalgo
bienestar_padron_unico__Padrón_único_de_beneficiarios_consolidado_po.csv,14,JALISCO,1308138,15755102.0,10,40,19,Trimestre : Julio - Septiembre 2024 / Corte : 2025/01/28,2024T3,Julio-Septiembre,2024,2024-09-30,JALISCO,Jalisco
bienestar_padron_unico__Padrón_único_de_beneficiarios_consolidado_po.csv,15,MÉXICO,3435755,61902142.0,10,38,17,Trimestre : Julio - Septiembre 2024 / Corte : 2025/01/28,2024T3,Julio-Septiembre,2024,2024-09-30,ESTADO DE MÉXICO,Estado de México
bienestar_padron_unico__Padrón_único_de_beneficiarios_consolidado_po.csv,16,MICHOACÁN DE OCAMPO,1884823,11275409.0,9,37,17,Trimestre : Julio - Septiembre 2024 / Corte : 2025/01/28,2024T3,Julio-Septiembre,2024,2024-09-30,MICHOACÁN,Michoacán
bienestar_padron_unico__Padrón_único_de_beneficiarios_consolidado_po.csv,17,MORELOS,398847,5453699.0,9,37,17,Trimestre : Julio - Septiembre 2024 / Corte : 2025/01/28,2024T3,Julio-Septiembre,2024,2024-09-30,MORELOS,Morelos
bienestar_padron_unico__Padrón_único_de_beneficiarios_consolidado_po.csv,18,NAYARIT,434832,5022237.0,9,31,16,Trimestre : Julio - Septiembre 2024 / Corte : 2025/01/28,2024T3,Julio-Septiembre,2024,2024-09-30,NAYARIT,Nayarit
bienestar_padron_unico__Padrón_único_de_beneficiarios_consolidado_po.csv,19,NUEVO LEÓN,598237,3373605.0,10,27,16,Trimestre : Julio - Septiembre 2024 / Corte : 2025/01/28,2024T3,Julio-Septiembre,2024,2024-09-30,NUEVO LEÓN,Nuevo León
bienestar_padron_unico__Padrón_único_de_beneficiarios_consolidado_po.csv,20,OAXACA,1773505,8533357.0,9,38,18,Trimestre : Julio - Septiembre 2024 / Corte : 2025/01/28,2024T3,Julio-Septiembre,2024,2024-09-30,OAXACA,Oaxaca
bienestar_padron_unico__Padrón_único_de_beneficiarios_consolidado_po.csv,21,PUEBLA,2042867,10309543.0,10,38,18,Trimestre : Julio - Septiembre 2024 / Corte : 2025/01/28,2024T3,Julio-Septiembre,2024,2024-09-30,PUEBLA,Puebla
bienestar_padron_unico__Padrón_único_de_beneficiarios_consolidado_po.csv,22,QUERÉTARO,288972,2784593.0,9,33,17,Trimestre : Julio - Septiembre 2024 / Corte : 2025/01/28,2024T3,Julio-Septiembre,2024,2024-09-30,QUERÉTARO,Querétaro
bienestar_padron_unico__Padrón_único_de_beneficiarios_consolidado_po.csv,23,QUINTANA ROO,173043,1803607.0,8,29,16,Trimestre : Julio - Septiembre 2024 / Corte : 2025/01/28,2024T3,Julio-Septiembre,2024,2024-09-30,QUINTANA ROO,Quintana Roo
bienestar_padron_unico__Padrón_único_de_beneficiarios_consolidado_po.csv,24,SAN LUIS POTOSÍ,1085838,7241709.0,10,31,17,Trimestre : Julio - Septiembre 2024 / Corte : 2025/01/28,2024T3,Julio-Septiembre,2024,2024-09-30,SAN LUIS POTOSÍ,San Luis Potosí
bienestar_padron_unico__Padrón_único_de_beneficiarios_consolidado_po.csv,25,SINALOA,724442,4656289.0,10,34,17,Trimestre : Julio - Septiembre 2024 / Corte : 2025/01/28,2024T3,Julio-Septiembre,2024,2024-09-30,SINALOA,Sinaloa
bienestar_padron_unico__Padrón_único_de_beneficiarios_consolidado_po.csv,26,SONORA,410033,3005413.0,9,33,18,Trimestre : Julio - Septiembre 2024 / Corte : 2025/01/28,2024T3,Julio-Septiembre,2024,2024-09-30,SONORA,Sonora
bienestar_padron_unico__Padrón_único_de_beneficiarios_consolidado_po.csv,27,TABASCO,390910,3661179.0,9,31,18,Trimestre : Julio - Septiembre 2024 / Corte : 2025/01/28,2024T3,Julio-Septiembre,2024,2024-09-30,TABASCO,Tabasco
bienestar_padron_unico__Padrón_único_de_beneficiarios_consolidado_po.csv,28,TAMAULIPAS,695804,4494951.0,10,26,17,Trimestre : Julio - Septiembre 2024 / Corte : 2025/01/28,2024T3,Julio-Septiembre,2024,2024-09-30,TAMAULIPAS,Tamaulipas
bienestar_padron_unico__Padrón_único_de_beneficiarios_consolidado_po.csv,29,TLAXCALA,263388,4044881.0,10,29,17,Trimestre : Julio - Septiembre 2024 / Corte : 2025/01/28,2024T3,Julio-Septiembre,2024,2024-09-30,TLAXCALA,Tlaxcala
bienestar_padron_unico__Padrón_único_de_beneficiarios_consolidado_po.csv,30,VERACRUZ DE IGNACIO DE LA LLAVE,2590666,11860026.0,10,40,20,Trimestre : Julio - Septiembre 2024 / Corte : 2025/01/28,2024T3,Julio-Septiembre,2024,2024-09-30,VERACRUZ,Veracruz
bienestar_padron_unico__Padrón_único_de_beneficiarios_consolidado_po.csv,31,YUCATÁN,757900,3538140.0,8,33,15,Trimestre : Julio - Septiembre 2024 / Corte : 2025/01/28,2024T3,Julio-Septiembre,2024,2024-09-30,YUCATÁN,Yucatán
bienestar_padron_unico__Padrón_único_de_beneficiarios_consolidado_po.csv,32,ZACATECAS,754467,5839757.0,9,27,15,Trimestre : Julio - Septiembre 2024 / Corte : 2025/01/28,2024T3,Julio-Septiembre,2024,2024-09-30,ZACATECAS,Zacatecas
