country,reference_spec,role,lag,n,beta,se,ci_lo,ci_hi,pvalue,amplifying,note,estimator_level
COL,peer_younger,primary,1,42,1.3295513573935689,0.1251709214643729,1.0842208594117064,1.5748818553754311,2.357472056535601e-26,False,,ecological — cells from DANE microdata
COL,peer_younger,primary,2,39,0.0456993652883563,0.0589448760200966,-0.0698304687842117,0.1612291993609244,0.438168393635352,False,,ecological — cells from DANE microdata
COL,peer_older,clean,1,42,0.6074489675610373,0.1516551258670406,0.3102103827907489,0.9046875523313256,6.189617045753591e-05,False,,ecological — cells from DANE microdata
COL,peer_older,clean,2,39,0.0371915788850327,0.0235342535860649,-0.008934710546687,0.0833178683167526,0.1140343094178104,False,,ecological — cells from DANE microdata
COL,pop2039,robustness,1,56,0.9681426466214844,0.3427637200426557,0.2963381001309092,1.6399471931120595,0.0047351637799262,False,,ecological — cells from DANE microdata
COL,pop2039,robustness,2,52,0.0207137636839207,0.0279625013796229,-0.0340917319377917,0.0755192593056333,0.4588333083794235,False,,ecological — cells from DANE microdata
COL,own_lag,comparator,1,56,0.9773201297500752,0.0764805403254377,0.827421025194054,1.1272192343060967,2.1570725466838967e-37,False,MECHANICAL own-lag — comparator only,ecological — cells from DANE microdata
COL,own_lag,comparator,2,40,0.0031877039689692,0.0338717273168438,-0.0631996616662061,0.0695750696041447,0.9250209392904262,False,MECHANICAL own-lag — comparator only,ecological — cells from DANE microdata
