country,reference_spec,lag,n,beta,se,ci_lo,ci_hi,pvalue,amplifying,note
CRI,peer_younger,1,33,0.249911972415823,0.1970471879884659,-0.1362934192964637,0.6361173641281097,0.204696228744032,False,
CRI,peer_younger,2,30,0.2869526437325876,0.1374856485858638,0.0174857241131643,0.556419563352011,0.0368749244019966,False,
CRI,pop2039,1,44,0.6276171197426753,0.3111417758305387,0.0177904450289843,1.2374437944563663,0.0436807048441096,False,
CRI,pop2039,2,40,0.3528490188498978,0.1405425864669757,0.0773906110805189,0.6283074266192767,0.0120519375842375,False,
CRI,own_lag,1,44,0.5020536041651236,0.2474063868556939,0.0171459963827796,0.9869612119474676,0.0424311076280514,False,MECHANICAL own-lag — comparator only
CRI,own_lag,2,28,-0.1373779911230552,0.1567332895284432,-0.4445695937772928,0.1698136115311823,0.3807538980881788,False,MECHANICAL own-lag — comparator only
