LocID,ISO3,country,year,un_published,un_method,tfr1,tfr1_0_14,tfr1_65p,un_0_14,un_65p,tfr2025,tfr2025_un
660,AIA,Anguilla,2025,0.014728,0.014739,0.014739,0.0023079999999999997,0.0019089999999999999,0.0023079999999999997,0.0019089999999999999,1.3485,1.3485
660,AIA,Anguilla,2030,0.014977,0.014939478276608626,0.014851634285891854,0.0020027300428299283,0.0023932281966655843,0.0020905740335466997,0.0023932281966655843,1.3485,1.3485
660,AIA,Anguilla,2035,0.015082,0.01502942260132557,0.014762927566774074,0.0018019943209650635,0.002948304364328491,0.0020684893555165578,0.002948304364328491,1.3485,1.3485
660,AIA,Anguilla,2040,0.015014,0.014953417593177374,0.014509602496955562,0.0015860002880166582,0.0034394999293935356,0.0020298153842384695,0.0034394999293935356,1.3485,1.3485
660,AIA,Anguilla,2045,0.014893,0.014820836889507253,0.014207564144734243,0.0014262967394673193,0.003761142792007377,0.0019518747841003844,0.003761142792007377,1.3485,1.3485
660,AIA,Anguilla,2050,0.014551999999999999,0.014494874265607112,0.013715967120332573,0.0012966268074231476,0.004097714121717193,0.0018095110260692357,0.004097714121717193,1.3485,1.3485
660,AIA,Anguilla,2055,0.014128,0.01406953953114342,0.0131204208163156,0.0011379163783753442,0.004201337854069389,0.0016441091139735614,0.004201337854069389,1.3485,1.3485
660,AIA,Anguilla,2060,0.013637,0.013595211058740585,0.012460189987427176,0.000987630734433419,0.0041343661783862385,0.0015107706848645067,0.0041343661783862385,1.3485,1.3485
660,AIA,Anguilla,2065,0.013097,0.013049873286309573,0.011709940807636095,0.0008601811913271226,0.004127854538770088,0.0014231394101665673,0.004127854538770088,1.3485,1.3485
660,AIA,Anguilla,2070,0.012549,0.012519838423999154,0.01096484723827147,0.0007636289120513879,0.004260750944172837,0.0013720529563800894,0.004260750944172837,1.3485,1.3485
660,AIA,Anguilla,2075,0.012027,0.012001375472688544,0.010232564610423012,0.0006846411215373567,0.004481388764293329,0.0013218313167831387,0.004481388764293329,1.3485,1.3485
660,AIA,Anguilla,2080,0.011496000000000001,0.011483729155065474,0.009508107818256067,0.0006127720512715118,0.004450424597041002,0.0012531523466337217,0.004450424597041002,1.3485,1.3485
660,AIA,Anguilla,2085,0.010954,0.010954595831133264,0.008777312004258929,0.0005457293079192216,0.004250053211773458,0.00117468544924692,0.004250053211773458,1.3485,1.3485
660,AIA,Anguilla,2090,0.010409,0.01042671019179653,0.008049683425183586,0.0004828585292907982,0.004051374873094111,0.0011006763276271033,0.004051374873094111,1.3485,1.3485
660,AIA,Anguilla,2095,0.009862,0.009893282419689316,0.00731637576910793,0.00042598733286328355,0.0037630584655383046,0.0010411999450867235,0.003846204440947113,1.3485,1.3485
660,AIA,Anguilla,2100,0.009309,0.00935641631540696,0.006581197169523438,0.00037692767828156106,0.0034006235906525366,0.0009953264542888133,0.0036513820005920974,1.3485,1.3485
28,ATG,Antigua and Barbuda,2025,0.094209,0.09421299999999999,0.09421299999999999,0.016458999999999998,0.011623999999999999,0.016458999999999998,0.011623999999999999,1.5765,1.5765
28,ATG,Antigua and Barbuda,2030,0.096,0.09594034290588449,0.09499050986901741,0.015045532080246431,0.014663062800173148,0.015995365117113514,0.014663062800173148,1.5765,1.5765
28,ATG,Antigua and Barbuda,2035,0.09700700000000001,0.09690265194876062,0.09415004211384326,0.013021410931549411,0.017755446138160613,0.01577402076646678,0.017755446138160613,1.5765,1.5765
28,ATG,Antigua and Barbuda,2040,0.097133,0.09701251536283541,0.09256134154455856,0.01052289387666291,0.020034884265709773,0.014974067694939761,0.020034884265709773,1.5765,1.5765
28,ATG,Antigua and Barbuda,2045,0.09641899999999999,0.09631624170843149,0.09023343026931033,0.00898849577322037,0.021667394576774704,0.01412446163150528,0.021667394576774704,1.5765,1.5765
28,ATG,Antigua and Barbuda,2050,0.095055,0.09496952321600506,0.0872545701470284,0.00836471865880958,0.02307404707373654,0.013335600013584916,0.02307404707373654,1.5765,1.5765
28,ATG,Antigua and Barbuda,2055,0.09312999999999999,0.09310369744377273,0.08368060385453305,0.007662744047608361,0.02446824398677589,0.0126505352509624,0.02446824398677589,1.5765,1.5765
28,ATG,Antigua and Barbuda,2060,0.090969,0.09097669675940627,0.07971620757954917,0.006882843629824609,0.02564113856943709,0.01208641818860387,0.02564113856943709,1.5765,1.5765
28,ATG,Antigua and Barbuda,2065,0.088552,0.08858086972132707,0.07534566431124853,0.006048045373668465,0.026639100984660827,0.011605986316070769,0.026639100984660827,1.5765,1.5765
28,ATG,Antigua and Barbuda,2070,0.085865,0.08594567814761678,0.07065838143483325,0.005230431386522136,0.027018275805647706,0.011145527459488089,0.027018275805647706,1.5765,1.5765
28,ATG,Antigua and Barbuda,2075,0.082976,0.08314326100002348,0.06581662713415597,0.004515049860859867,0.027349511385077033,0.01064750002135597,0.027349511385077033,1.5765,1.5765
28,ATG,Antigua and Barbuda,2080,0.079913,0.08017050541444891,0.060862329185046075,0.003954138992776028,0.026849747756411822,0.01011345756001911,0.026849747756411822,1.5765,1.5765
28,ATG,Antigua and Barbuda,2085,0.076819,0.07717726976416828,0.05592576403036722,0.0035394825478637895,0.0258584170880491,0.009618107587790446,0.0258584170880491,1.5765,1.5765
28,ATG,Antigua and Barbuda,2090,0.073735,0.07418489953473902,0.05100406215571935,0.0031810051201422826,0.025231150395110813,0.009189622951037245,0.025231150395110813,1.5765,1.5765
28,ATG,Antigua and Barbuda,2095,0.07076099999999999,0.07131261481088005,0.04621964001513664,0.0028270550105047045,0.02372768212537015,0.008823223631747219,0.024604169045289368,1.5765,1.5765
28,ATG,Antigua and Barbuda,2100,0.067975,0.06861227506950991,0.04164861204071578,0.0024808786281398073,0.02146138200717004,0.008486257983564,0.023983825464319007,1.5765,1.5765
533,ABW,Aruba,2025,0.10814700000000001,0.108149,0.108149,0.017865000000000002,0.019209,0.017865000000000002,0.019209,1.605,1.605
533,ABW,Aruba,2030,0.107864,0.10775421121352184,0.1067879098248479,0.015159109612434907,0.022718632141905306,0.016125411001108855,0.022718632141905306,1.605,1.605
533,ABW,Aruba,2035,0.10667700000000001,0.10651922495173025,0.10360668188003175,0.012476793551064248,0.024949613433043936,0.015389336622762777,0.024949613433043936,1.605,1.605
533,ABW,Aruba,2040,0.10488800000000001,0.10468261654987862,0.09980535106692712,0.010562039487845024,0.025734221665626913,0.015439304970796534,0.025734221665626913,1.605,1.605
533,ABW,Aruba,2045,0.10270099999999999,0.10248595602942685,0.0956588561456131,0.009595648662337442,0.025617116717261836,0.015459753990425453,0.025617116717261836,1.605,1.605
533,ABW,Aruba,2050,0.100002,0.09984642044888262,0.09115987693849643,0.009311201890774525,0.024992957368554787,0.015094419802138685,0.024992957368554787,1.605,1.605
533,ABW,Aruba,2055,0.097004,0.09696124486440166,0.08644430793219778,0.008630584681970742,0.024458371688589317,0.014286086685187141,0.024458371688589317,1.605,1.605
533,ABW,Aruba,2060,0.094207,0.09421620414515013,0.08172272457012474,0.007614779122881561,0.023933848578551995,0.013305417276726924,0.023933848578551995,1.605,1.605
533,ABW,Aruba,2065,0.091589,0.09163589655050884,0.07691656892650289,0.006500245450409625,0.02322783480472677,0.012566798364640547,0.02322783480472677,1.605,1.605
533,ABW,Aruba,2070,0.08924299999999999,0.08933367322315534,0.0722232848668323,0.005554251727697127,0.023859018630696633,0.012192159990169862,0.023859018630696633,1.605,1.605
533,ABW,Aruba,2075,0.087086,0.08721087967151843,0.06769165487937275,0.004901985928059096,0.024710724631165727,0.011985728284056266,0.024710724631165727,1.605,1.605
533,ABW,Aruba,2080,0.08493899999999999,0.08513424720209545,0.06327883705160701,0.004477234543973552,0.025609728683020055,0.011690067309956335,0.025609728683020055,1.605,1.605
533,ABW,Aruba,2085,0.082664,0.08296995984294045,0.0588575814313408,0.004117669511097469,0.025701307183718873,0.011223361300437067,0.025701307183718873,1.605,1.605
533,ABW,Aruba,2090,0.080251,0.08067225347133718,0.054341792806008885,0.0037129414827819477,0.025110083822180912,0.0106676993873263,0.025110083822180912,1.605,1.605
533,ABW,Aruba,2095,0.077716,0.07823347022196275,0.04968421093521054,0.0032667109123718403,0.023548454777780777,0.01016350157517746,0.02444559470825862,1.605,1.605
533,ABW,Aruba,2100,0.075169,0.07576359634365858,0.044995989348510235,0.0028459957775898125,0.021166511756096358,0.009795192952022984,0.02385166387213932,1.605,1.605
44,BHS,Bahamas,2025,0.40303300000000003,0.40303300000000003,0.40303300000000003,0.070726,0.048746000000000005,0.070726,0.048746000000000005,1.15,1.3638
44,BHS,Bahamas,2030,0.410267,0.4099154541537443,0.40557833333248844,0.06119008422561906,0.05792644634490705,0.06552720504687494,0.05792644634490705,1.15,1.3638
44,BHS,Bahamas,2035,0.415978,0.415070580452416,0.40539712806710804,0.05358376908408379,0.06837743342392708,0.06325722146939179,0.06837743342392708,1.15,1.3638
44,BHS,Bahamas,2040,0.420346,0.4186120285000053,0.4036341876914233,0.0461306321614487,0.07715429894606984,0.0611084729700307,0.07715429894606984,1.15,1.3638
44,BHS,Bahamas,2045,0.423262,0.4203761662515037,0.40011006127168675,0.04306207847186734,0.08362639918441019,0.059010015567041385,0.08362639918441019,1.15,1.3638
44,BHS,Bahamas,2050,0.424265,0.4198846963926745,0.3942075500962592,0.040579226158900396,0.0892449186460609,0.056637180789468264,0.0892449186460609,1.15,1.3638
44,BHS,Bahamas,2055,0.42344,0.4174085025527618,0.38596203840959287,0.03759604238872153,0.09571835232199923,0.054176152136977136,0.09571835232199923,1.15,1.3638
44,BHS,Bahamas,2060,0.421458,0.41335915072954343,0.37559857689148635,0.03429528373232933,0.1038398403382376,0.05197966844927437,0.1038398403382376,1.15,1.3638
44,BHS,Bahamas,2065,0.418556,0.4079969986102865,0.36340162207549304,0.031035177034434498,0.10938772883187572,0.05023543938490111,0.10938772883187572,1.15,1.3638
44,BHS,Bahamas,2070,0.41492599999999996,0.4015450541454104,0.3498360026264097,0.02821465080773396,0.11293791256578517,0.04886520790512585,0.11293791256578517,1.15,1.3638
44,BHS,Bahamas,2075,0.41059199999999996,0.39398569021016866,0.3351064119717522,0.025977797080383773,0.11701322790495,0.04761024820775452,0.11701322790495,1.15,1.3638
44,BHS,Bahamas,2080,0.405966,0.38576523430425363,0.31975399045155983,0.024219572606497566,0.11896619174148841,0.046300636037490336,0.11896619174148841,1.15,1.3638
44,BHS,Bahamas,2085,0.400748,0.37662702999523967,0.303498613137753,0.022649313056404944,0.11785512519284097,0.04492174557110892,0.11785512519284097,1.15,1.3638
44,BHS,Bahamas,2090,0.395057,0.3667531747406903,0.28647226692592087,0.021061385759150078,0.11626436457565276,0.04354621845525314,0.11626436457565276,1.15,1.3638
44,BHS,Bahamas,2095,0.389789,0.3571582792349528,0.26972594804555955,0.019508567968616233,0.11066330328553683,0.04231704763892457,0.11440957091073177,1.15,1.3638
44,BHS,Bahamas,2100,0.384955,0.34799157737482106,0.25350293407013647,0.01807021991853916,0.10448496234348391,0.041248575967524646,0.11269556218126572,1.15,1.3638
52,BRB,Barbados,2025,0.282623,0.28262300000000007,0.28262300000000007,0.048225000000000004,0.048291,0.048225000000000004,0.048291,1.7047,1.7047
52,BRB,Barbados,2030,0.28249,0.28229011561894035,0.27917877469594315,0.0436553421609222,0.055029824875532325,0.04676668308391943,0.055029824875532325,1.7047,1.7047
52,BRB,Barbados,2035,0.280342,0.2800578142353019,0.270947079737146,0.03622982784477571,0.059400812159090315,0.045340562342931635,0.059400812159090315,1.7047,1.7047
52,BRB,Barbados,2040,0.276346,0.27608183115746465,0.26127138625623114,0.02886024258746956,0.06267662490199508,0.04367068748870309,0.06267662490199508,1.7047,1.7047
52,BRB,Barbados,2045,0.270774,0.27063015663062134,0.2503190667180937,0.024579826277387248,0.06346904469038883,0.04178868326815145,0.06346904469038883,1.7047,1.7047
52,BRB,Barbados,2050,0.264216,0.2642047004135154,0.23830397172969106,0.02304772145590497,0.06431913601745035,0.039866071998947775,0.06431913601745035,1.7047,1.7047
52,BRB,Barbados,2055,0.25752600000000003,0.25765348492454293,0.22581734405724757,0.02100756681131769,0.06433506357789405,0.038086465807409396,0.06433506357789405,1.7047,1.7047
52,BRB,Barbados,2060,0.25087,0.25111386562265947,0.21292465592100518,0.01852209238868844,0.06485674771049448,0.03648425254578182,0.06485674771049448,1.7047,1.7047
52,BRB,Barbados,2065,0.244091,0.24448848249852073,0.19961845603061612,0.015908162289264588,0.06546644431116469,0.03499699068366677,0.06546644431116469,1.7047,1.7047
52,BRB,Barbados,2070,0.23728200000000002,0.237879765394328,0.18619757281114693,0.013565167639412241,0.06643596740764948,0.03357309377905491,0.06643596740764948,1.7047,1.7047
52,BRB,Barbados,2075,0.230487,0.23135792823153253,0.1729276407771776,0.01171239021147099,0.0672798433342419,0.032170376521440586,0.0672798433342419,1.7047,1.7047
52,BRB,Barbados,2080,0.223393,0.22456094487126294,0.15950595030614317,0.010304078728855389,0.06683646408623417,0.030780856705322896,0.06683646408623417,1.7047,1.7047
52,BRB,Barbados,2085,0.216197,0.21768892359317815,0.14610236184633718,0.009161568141641383,0.06608014885427048,0.029458849304330265,0.06608014885427048,1.7047,1.7047
52,BRB,Barbados,2090,0.20899199999999998,0.21083338399830903,0.1327923696601962,0.00809240792707994,0.06524794101110126,0.028232319080756425,0.06524794101110126,1.7047,1.7047
52,BRB,Barbados,2095,0.201716,0.20391061853831474,0.11953884210032542,0.007031842906033193,0.06149699688690485,0.027065551911202707,0.06436036088495053,1.7047,1.7047
52,BRB,Barbados,2100,0.194698,0.1972310542965784,0.10673618201452288,0.006056565153302282,0.055150204516882795,0.02595719845511388,0.06347484106523858,1.7047,1.7047
535,BES,"Bonaire, Sint Eustatius and Saba",2025,0.031338,0.03134800000000001,0.03134800000000001,0.004907999999999999,0.004651000000000001,0.004907999999999999,0.004651000000000001,1.449,1.449
535,BES,"Bonaire, Sint Eustatius and Saba",2030,0.03351,0.03325061612291332,0.033036653824674675,0.004542703188921048,0.005742243180192998,0.004756665487159692,0.005742243180192998,1.449,1.449
535,BES,"Bonaire, Sint Eustatius and Saba",2035,0.03446,0.03410736381452377,0.03343886936469203,0.004022625407346003,0.006605013047825871,0.004691119857177742,0.006605013047825871,1.449,1.449
535,BES,"Bonaire, Sint Eustatius and Saba",2040,0.034806,0.03447609027711507,0.033342644906658135,0.0034161646721336306,0.00712583216082337,0.004549610042590563,0.00712583216082337,1.449,1.449
535,BES,"Bonaire, Sint Eustatius and Saba",2045,0.034928,0.034614561356496994,0.03301017043732796,0.003171978356222816,0.007576881964166221,0.0045630213819656245,0.007576881964166221,1.449,1.449
535,BES,"Bonaire, Sint Eustatius and Saba",2050,0.034741999999999995,0.03444043786005016,0.032357439233549994,0.00307674589443332,0.008112289868743646,0.004493011009324592,0.008112289868743646,1.449,1.449
535,BES,"Bonaire, Sint Eustatius and Saba",2055,0.034364,0.034029090313741066,0.03145401057967217,0.002902540815565208,0.008819065151309544,0.0043471504936437476,0.008819065151309544,1.449,1.449
535,BES,"Bonaire, Sint Eustatius and Saba",2060,0.034005,0.03364440796484312,0.030546267615930354,0.0026665222198111217,0.009459534965509574,0.004164683186552782,0.009459534965509574,1.449,1.449
535,BES,"Bonaire, Sint Eustatius and Saba",2065,0.033467,0.033030753875634866,0.029357840068241346,0.0023828372756178524,0.009691691276973894,0.003978759572188821,0.009691691276973894,1.449,1.449
535,BES,"Bonaire, Sint Eustatius and Saba",2070,0.032888,0.03240863627397399,0.028121247069563236,0.0021287309228684055,0.009763198994284943,0.003848881210020548,0.009763198994284943,1.449,1.449
535,BES,"Bonaire, Sint Eustatius and Saba",2075,0.032213,0.03170327468398514,0.0267823885852456,0.0019382038961620466,0.010003426349355787,0.003771240901831014,0.010003426349355787,1.449,1.449
535,BES,"Bonaire, Sint Eustatius and Saba",2080,0.031386,0.030833664006863153,0.02527647979506981,0.0017944025259939538,0.010094561206715378,0.003692673947068608,0.010094561206715378,1.449,1.449
535,BES,"Bonaire, Sint Eustatius and Saba",2085,0.030477,0.029886566561002414,0.02369894581160382,0.0016727736671979917,0.009916569646852275,0.00359275368826441,0.009916569646852275,1.449,1.449
535,BES,"Bonaire, Sint Eustatius and Saba",2090,0.029593,0.02891926065382839,0.022107919303619872,0.001538414279404737,0.009768900777046355,0.0034574523529727263,0.009768900777046355,1.449,1.449
535,BES,"Bonaire, Sint Eustatius and Saba",2095,0.028757,0.027961176146453,0.020529542500950942,0.0013866044592936303,0.009279804205907538,0.003303099184553912,0.009480417848396984,1.449,1.449
535,BES,"Bonaire, Sint Eustatius and Saba",2100,0.02786,0.02693603866819924,0.018887044028163626,0.0012295447146525257,0.00863515679519087,0.0031540122531951886,0.009257359115473965,1.449,1.449
92,VGB,British Virgin Islands,2025,0.039731999999999996,0.03974099999999999,0.03974099999999999,0.0055969999999999995,0.004019000000000001,0.0055969999999999995,0.004019000000000001,1.0572,1.0572
92,VGB,British Virgin Islands,2030,0.040591999999999996,0.040533696116745316,0.040463652071292655,0.005030349860543421,0.005177477169354941,0.005100393905996084,0.005177477169354941,1.0572,1.0572
92,VGB,British Virgin Islands,2035,0.041072000000000004,0.04094525063782593,0.040719758867212796,0.0045569890628276676,0.006487093218902375,0.004782480833440804,0.006487093218902375,1.0572,1.0572
92,VGB,British Virgin Islands,2040,0.0412,0.040996120313405396,0.040582071034911474,0.004172045281902346,0.007933713043120887,0.004586094560396273,0.007933713043120887,1.0572,1.0572
92,VGB,British Virgin Islands,2045,0.040970999999999994,0.040654306755278126,0.04002981492774624,0.0038492290613844123,0.009608437984412644,0.004403849801148599,0.009608437984412644,1.0572,1.0572
92,VGB,British Virgin Islands,2050,0.04034,0.039914675576145156,0.03907254818069145,0.0035385823330094483,0.011279572396269777,0.0041557370802057575,0.011279572396269777,1.0572,1.0572
92,VGB,British Virgin Islands,2055,0.039519,0.03897211402196964,0.03790132891313552,0.0032093196660300427,0.012326460136892637,0.0038670031215893674,0.012326460136892637,1.0572,1.0572
92,VGB,British Virgin Islands,2060,0.038343,0.03762585691658489,0.03629632929883954,0.002872285378491603,0.012755511133257095,0.0035787846849522687,0.012755511133257095,1.0572,1.0572
92,VGB,British Virgin Islands,2065,0.036904000000000006,0.03602576337289519,0.0344006835451248,0.002592274482415703,0.012717501663747856,0.0033772608912152596,0.012717501663747856,1.0572,1.0572
92,VGB,British Virgin Islands,2070,0.035406,0.03431862348672268,0.032370885196553706,0.0023735695455419847,0.012424169308368292,0.003253246473531825,0.012424169308368292,1.0572,1.0572
92,VGB,British Virgin Islands,2075,0.033814,0.03249216073986385,0.03020769644726417,0.0021770129599637026,0.012351300207673806,0.003135655673845474,0.012351300207673806,1.0572,1.0572
92,VGB,British Virgin Islands,2080,0.03247,0.03087945474659953,0.028254957013380155,0.0020078018202570424,0.011833340849808117,0.003012458555007388,0.011833340849808117,1.0572,1.0572
92,VGB,British Virgin Islands,2085,0.031142,0.029226848676768717,0.02625855413801687,0.0018367499693421794,0.011213111354562091,0.0028649755004084318,0.011213111354562091,1.0572,1.0572
92,VGB,British Virgin Islands,2090,0.029976,0.027782128259440177,0.024466106090834862,0.0016808156507238565,0.010581760481616345,0.0027238476819437534,0.010581760481616345,1.0572,1.0572
92,VGB,British Virgin Islands,2095,0.028933,0.026398342049037345,0.02272438989411684,0.0015400355428959477,0.00995361096401839,0.0026068992701222334,0.010018968742349903,1.0572,1.0572
92,VGB,British Virgin Islands,2100,0.02789,0.02504403475065162,0.02100745668070968,0.0014067018129183854,0.009319713781430306,0.002501679082984743,0.009528405359004566,1.0572,1.0572
136,CYM,Cayman Islands,2025,0.075844,0.07585,0.07585,0.01218,0.007219,0.01218,0.007219,1.5134,1.5134
136,CYM,Cayman Islands,2030,0.082415,0.08222061216245363,0.08156185094836718,0.012017455887034274,0.010281942188809012,0.012676217101120739,0.010281942188809012,1.5134,1.5134
136,CYM,Cayman Islands,2035,0.08846899999999999,0.08804281683513994,0.08608004065628475,0.011010614124865316,0.014041180801284131,0.012973390303720512,0.014041180801284131,1.5134,1.5134
136,CYM,Cayman Islands,2040,0.094116,0.09350315660462039,0.09019890050042935,0.009369683169333683,0.017992633865382662,0.012673939273524734,0.017992633865382662,1.5134,1.5134
136,CYM,Cayman Islands,2045,0.099382,0.09850139342066891,0.0937636026424423,0.008841412963796483,0.021793983500165356,0.01292175528613088,0.021793983500165356,1.5134,1.5134
136,CYM,Cayman Islands,2050,0.10395900000000001,0.10291262378798166,0.0966209507921215,0.00915308515701708,0.025329091313052964,0.013486887011241462,0.025329091313052964,1.5134,1.5134
136,CYM,Cayman Islands,2055,0.10780500000000001,0.10657297162526069,0.09858764387458512,0.009422529938766374,0.02833834335236438,0.014114270737643828,0.02833834335236438,1.5134,1.5134
136,CYM,Cayman Islands,2060,0.11073999999999999,0.10927377238023635,0.0994349453647121,0.009412512013691844,0.03042933382619112,0.014531958503744918,0.03042933382619112,1.5134,1.5134
136,CYM,Cayman Islands,2065,0.112638,0.11092344184067307,0.09906165432479187,0.009018136475993976,0.03105690402435706,0.014615561689431797,0.03105690402435706,1.5134,1.5134
136,CYM,Cayman Islands,2070,0.114165,0.11221806852419826,0.0981971485622885,0.008401273343266723,0.031317992231517724,0.014474216733838682,0.031317992231517724,1.5134,1.5134
136,CYM,Cayman Islands,2075,0.115343,0.11298223936329531,0.0967033842906435,0.0077831067057549976,0.032161864894672244,0.014272592438980759,0.032161864894672244,1.5134,1.5134
136,CYM,Cayman Islands,2080,0.116165,0.11334084801668656,0.09472111021755177,0.007359244791347436,0.033065073834662825,0.014182024148637638,0.033065073834662825,1.5134,1.5134
136,CYM,Cayman Islands,2085,0.116907,0.11356289673892944,0.09252529150857737,0.007129761567194208,0.03396013776092157,0.014231014701480898,0.03396013776092157,1.5134,1.5134
136,CYM,Cayman Islands,2090,0.11749599999999999,0.11354610431688394,0.0900304930067621,0.006907421013360434,0.035446182267318,0.01425390543322225,0.035446182267318,1.5134,1.5134
136,CYM,Cayman Islands,2095,0.118047,0.11338749974199773,0.087357751626012,0.006589306474754165,0.035920815712691186,0.014141276364330444,0.036538543469338325,1.5134,1.5134
136,CYM,Cayman Islands,2100,0.11803100000000001,0.11259467405992629,0.08403620356113294,0.006139529752792749,0.03547056754141127,0.013846541067800481,0.03730428551745868,1.5134,1.5134
192,CUB,Cuba,2025,10.937203,10.937207000000003,10.937207000000003,1.6431790000000002,1.863155,1.6431790000000002,1.863155,1.3,1.4511
192,CUB,Cuba,2030,10.700822,10.700981882479514,10.604018467072065,1.3776332454358124,2.2437301494158657,1.4745966608432612,2.2437301494158657,1.3,1.4511
192,CUB,Cuba,2035,10.431762,10.429556919940715,10.193064239982546,1.1130591117868338,2.619094187620341,1.3495517917450028,2.619094187620341,1.3,1.4511
192,CUB,Cuba,2040,10.125836999999999,10.119567812801256,9.749292326711572,0.9108379317330888,2.887778590103132,1.2811134178227699,2.887778590103132,1.3,1.4511
192,CUB,Cuba,2045,9.775199,9.768153233886771,9.267898458821724,0.8018987120079712,2.87227037374686,1.2054252963896286,2.87227037374686,1.3,1.4511
192,CUB,Cuba,2050,9.381999,9.377841213229749,8.743428600468219,0.7308123125826844,2.8276028162556406,1.1293093124971192,2.8276028162556406,1.3,1.4511
192,CUB,Cuba,2055,8.950039,8.952981568525148,8.175365738512802,0.6483872674078934,2.860187634595522,1.056713114521151,2.860187634595522,1.3,1.4511
192,CUB,Cuba,2060,8.500004,8.513208268591681,7.58325221369398,0.5615802088270017,2.8074460001988526,0.9927583827297867,2.8074460001988526,1.3,1.4511
192,CUB,Cuba,2065,8.064198000000001,8.08590915363476,6.997047481451264,0.48114925962667415,2.737715952748476,0.9376581817764058,2.737715952748476,1.3,1.4511
192,CUB,Cuba,2070,7.662115,7.690802003290623,6.4412657258554775,0.414331198957643,2.666234950841756,0.8890509300027567,2.666234950841756,1.3,1.4511
192,CUB,Cuba,2075,7.2883249999999995,7.323899097052132,5.915897521980139,0.3622875580659956,2.5734799601696055,0.8441522433235598,2.5734799601696055,1.3,1.4511
192,CUB,Cuba,2080,6.923877,6.969674950061103,5.406566858097926,0.32085293587303987,2.5332228236682903,0.8003938527932063,2.5332228236682903,1.3,1.4511
192,CUB,Cuba,2085,6.562449,6.620682592658155,4.9055411679727365,0.28448036426530415,2.4563064152853302,0.7575767345662637,2.4563064152853302,1.3,1.4511
192,CUB,Cuba,2090,6.213693,6.285203343233007,4.420544787256518,0.24992820868797985,2.3355879619825437,0.7173153925191348,2.3355879619825437,1.3,1.4511
192,CUB,Cuba,2095,5.8861229999999995,5.97220601013237,3.9610314019583175,0.21731081132786625,2.1442191897134326,0.6808019132122531,2.234452405799294,1.3,1.4511
192,CUB,Cuba,2100,5.577282,5.678347331283445,3.5255661542782226,0.18824107541543686,1.924644224422455,0.6482162630026232,2.1425698190873783,1.3,1.4511
531,CUW,Curaçao,2025,0.18548699999999999,0.18549,0.18549,0.027088,0.032092999999999997,0.027088,0.032092999999999997,1.0695,1.0695
531,CUW,Curaçao,2030,0.184826,0.18458010845503525,0.18427962787517077,0.022561034095363815,0.0366357303770422,0.022861514675228293,0.0366357303770422,1.0695,1.0695
531,CUW,Curaçao,2035,0.183029,0.18278204956717253,0.18178925507512003,0.020004227087818707,0.03943729331192019,0.020997021579871232,0.03943729331192019,1.0695,1.0695
531,CUW,Curaçao,2040,0.18040199999999998,0.18023354108791126,0.1783817882581904,0.018848475716670497,0.04091108095245454,0.020700228546391346,0.04091108095245454,1.0695,1.0695
531,CUW,Curaçao,2045,0.177194,0.17705710210099768,0.17421268193175296,0.017700796026119518,0.0409526435778156,0.020245758000144807,0.0409526435778156,1.0695,1.0695
531,CUW,Curaçao,2050,0.17349799999999999,0.17333968055041452,0.16942718096047357,0.016532588353177807,0.04125878681676363,0.019455478796706983,0.04125878681676363,1.0695,1.0695
531,CUW,Curaçao,2055,0.169153,0.16905201231581546,0.1640432842622659,0.015169859245656378,0.04246446553465394,0.01833280624849645,0.04246446553465394,1.0695,1.0695
531,CUW,Curaçao,2060,0.16452799999999998,0.1644791084594945,0.15830991277095316,0.01365871617957526,0.04707648259834474,0.01699293242680019,0.04707648259834474,1.0695,1.0695
531,CUW,Curaçao,2065,0.15987,0.15976812654775085,0.15229755293061364,0.012253906214115592,0.05117198445218866,0.015825364705195178,0.05117198445218866,1.0695,1.0695
531,CUW,Curaçao,2070,0.155113,0.15489556678383434,0.14597695715205622,0.011207497511135563,0.05285531491933393,0.015135227320693946,0.05285531491933393,1.0695,1.0695
531,CUW,Curaçao,2075,0.14999500000000002,0.14960627848473354,0.13913863838481774,0.010475861309199575,0.05302288411210829,0.014797798758556848,0.05302288411210829,1.0695,1.0695
531,CUW,Curaçao,2080,0.144386,0.1437298728423405,0.13165503505714288,0.009827705710821909,0.053653518926487315,0.014463471232816097,0.053653518926487315,1.0695,1.0695
531,CUW,Curaçao,2085,0.138286,0.13732978591743422,0.12363307218965562,0.009142165418418717,0.0517827448591535,0.013963733980998785,0.0517827448591535,1.0695,1.0695
531,CUW,Curaçao,2090,0.131982,0.13073558621673667,0.11542943710872397,0.008408303677091706,0.048420222928756855,0.013308161990532938,0.048420222928756855,1.0695,1.0695
531,CUW,Curaçao,2095,0.126003,0.12446673209338485,0.10754254687927739,0.007682763319581737,0.045266625610363036,0.012620021313888535,0.045545421802950126,1.0695,1.0695
531,CUW,Curaçao,2100,0.12045399999999999,0.11868631296941992,0.10011012324690105,0.007027835654497701,0.042470660895240445,0.012035554704675086,0.04338567060309329,1.0695,1.0695
212,DMA,Dominica,2025,0.065871,0.06587699999999998,0.06587699999999998,0.011600999999999998,0.008698000000000001,0.011600999999999998,0.008698000000000001,1.4702,1.4702
212,DMA,Dominica,2030,0.064169,0.06424364795101463,0.06372039796554484,0.010072713931459034,0.009503249355817265,0.010595963916928809,0.009503249355817265,1.4702,1.4702
212,DMA,Dominica,2035,0.063761,0.06393167208844082,0.06243354394813521,0.008470909850157592,0.010598928056553368,0.0099690379904632,0.010598928056553368,1.4702,1.4702
212,DMA,Dominica,2040,0.063799,0.06391202764353977,0.06145336747851573,0.007105483497164592,0.011152773802109842,0.009564143662188638,0.011152773802109842,1.4702,1.4702
212,DMA,Dominica,2045,0.06362899999999999,0.06367819212565227,0.06023907381782566,0.006354767180690659,0.011039741272227042,0.009274095406250451,0.011039741272227042,1.4702,1.4702
212,DMA,Dominica,2050,0.063192,0.06320755725106778,0.05874738924509114,0.0061312255812588385,0.011608388535520379,0.00910248338298825,0.011608388535520379,1.4702,1.4702
212,DMA,Dominica,2055,0.062426,0.062432330518835524,0.05689276749497045,0.005769100970754758,0.012449567313210601,0.008865461470911782,0.012449567313210601,1.4702,1.4702
212,DMA,Dominica,2060,0.061427999999999996,0.06140603375213227,0.054714942768481066,0.005243108480288255,0.013646161912064927,0.008517961656026649,0.013646161912064927,1.4702,1.4702
212,DMA,Dominica,2065,0.060266,0.06015483995727599,0.05223994409078537,0.004637779785094112,0.014065215127448833,0.00812357470959433,0.014065215127448833,1.4702,1.4702
212,DMA,Dominica,2070,0.058963999999999996,0.058719101781430846,0.04953169746118323,0.004074927126611016,0.014191032167427984,0.007763376192049067,0.014191032167427984,1.4702,1.4702
212,DMA,Dominica,2075,0.057430999999999996,0.057051156714960055,0.04657805104875175,0.0036267115513023375,0.014401870319027142,0.007462004355984108,0.014401870319027142,1.4702,1.4702
212,DMA,Dominica,2080,0.055841,0.05532862519875359,0.04358322147634068,0.0032990197277558584,0.014749241392347076,0.007201323543714732,0.014749241392347076,1.4702,1.4702
212,DMA,Dominica,2085,0.054270000000000006,0.05360659707749896,0.04060566241499558,0.0030304074357932346,0.01489667690152352,0.006943719875274471,0.01489667690152352,1.4702,1.4702
212,DMA,Dominica,2090,0.052568,0.051748614868255105,0.03750987508703757,0.0027515831285894713,0.014901427252961898,0.0066596261134089655,0.014901427252961898,1.4702,1.4702
212,DMA,Dominica,2095,0.050913,0.04992900896659012,0.03448492030253736,0.002466564544415832,0.01433974056707941,0.006372378961179168,0.014790186404712446,1.4702,1.4702
212,DMA,Dominica,2100,0.04911,0.04794014231026806,0.031338353389364144,0.0021748372865866847,0.013236727827747001,0.006080267213367122,0.014503967750712048,1.4702,1.4702
214,DOM,Dominican Republic,2025,11.520487,11.52049,11.52049,3.018263,0.943281,3.018263,0.943281,1.61,2.1946
214,DOM,Dominican Republic,2030,11.938852,11.946577530218459,11.573650178276667,2.5588375232463907,1.1634004621872245,2.9317648751881844,1.1634004621872245,1.61,2.1946
214,DOM,Dominican Republic,2035,12.289431,12.30213062762978,11.461949425052488,1.9847910807100393,1.3706929956477791,2.8249722832873325,1.3706929956477791,1.61,2.1946
214,DOM,Dominican Republic,2040,12.57932,12.593749538847963,11.317164935236397,1.4532869584408583,1.573107854326059,2.7298715620524225,1.573107854326059,1.61,2.1946
214,DOM,Dominican Republic,2045,12.816004999999999,12.830624725715795,11.13516132163034,1.318095703156391,1.7700729445926942,2.642778422033324,1.7700729445926942,1.61,2.1946
214,DOM,Dominican Republic,2050,12.996293,13.01470996774092,10.897718646756362,1.2882836849172423,1.964216365782873,2.570137041441082,1.964216365782873,1.61,2.1946
214,DOM,Dominican Republic,2055,13.108953,13.135716808762659,10.573338636823742,1.20218463568211,2.1680032227164254,2.4975004019376708,2.1680032227164254,1.61,2.1946
214,DOM,Dominican Republic,2060,13.152503000000001,13.19347791026031,10.151510216555627,1.0552130023954218,2.3864136839092898,2.4170841803026186,2.3864136839092898,1.61,2.1946
214,DOM,Dominican Republic,2065,13.129727,13.188723475187967,9.641479228258246,0.8777470235078506,2.5690515581689515,2.3295459233701976,2.5690515581689515,1.61,2.1946
214,DOM,Dominican Republic,2070,13.050525,13.128128144654399,9.072156400960559,0.7191578486760095,2.72651540686252,2.24078693600879,2.72651540686252,1.61,2.1946
214,DOM,Dominican Republic,2075,12.920052,13.01755574088839,8.465136284111555,0.609969622439242,2.8492163591906947,2.156273286561784,2.8492163591906947,1.61,2.1946
214,DOM,Dominican Republic,2080,12.742401,12.86214705034124,7.828148369364204,0.5444516750024354,2.9806178581477574,2.077376354358672,2.9806178581477574,1.61,2.1946
214,DOM,Dominican Republic,2085,12.521536,12.668809325695824,7.165528440302347,0.49433070683219055,3.092343416002221,2.001669515828402,3.092343416002221,1.61,2.1946
214,DOM,Dominican Republic,2090,12.264879,12.444051057039585,6.481129600943398,0.4372819288831879,3.169246072757023,1.9267716864296975,3.169246072757023,1.61,2.1946
214,DOM,Dominican Republic,2095,11.980235,12.19378258715828,5.784563562657197,0.3713862732101198,2.9005294470706042,1.8527272412909728,3.223284450592529,1.61,2.1946
214,DOM,Dominican Republic,2100,11.67491,11.923396828869125,5.092598765391,0.3070590493183081,2.5366049003106625,1.7814658543976607,3.2489384093191935,1.61,2.1946
308,GRD,Grenada,2025,0.11730299999999999,0.11730299999999999,0.11730299999999999,0.022299999999999997,0.014810999999999998,0.022299999999999997,0.014810999999999998,1.4582,1.4582
308,GRD,Grenada,2030,0.11746599999999999,0.11749813793621763,0.11653874437971552,0.019112947865802372,0.01705073967878768,0.02007234142230449,0.01705073967878768,1.4582,1.4582
308,GRD,Grenada,2035,0.117244,0.11724680333352139,0.11446051244048669,0.016130554207669866,0.01835452834872405,0.01891684510070455,0.01835452834872405,1.4582,1.4582
308,GRD,Grenada,2040,0.116493,0.11649194043752223,0.111954468115521,0.013238330612006856,0.019292854964824826,0.017775802934008076,0.019292854964824826,1.4582,1.4582
308,GRD,Grenada,2045,0.115123,0.11511240924115039,0.10887037918335869,0.011495695333233158,0.02017218518791874,0.01678291743451443,0.02017218518791874,1.4582,1.4582
308,GRD,Grenada,2050,0.113243,0.11327937330184451,0.10532328349685827,0.01067470359808869,0.022854380813153392,0.015856903903852096,0.022854380813153392,1.4582,1.4582
308,GRD,Grenada,2055,0.110816,0.11089650155398371,0.1011487938515217,0.00969497462672406,0.0266497766818515,0.014925714972939387,0.0266497766818515,1.4582,1.4582
308,GRD,Grenada,2060,0.108004,0.10814042480487952,0.09649722879562109,0.00857256126633438,0.029146238074696115,0.014004618919483543,0.029146238074696115,1.4582,1.4582
308,GRD,Grenada,2065,0.104632,0.1048088034219081,0.09116227558068826,0.007398365420065917,0.030669727076597608,0.013134081074411455,0.030669727076597608,1.4582,1.4582
308,GRD,Grenada,2070,0.100716,0.10099135264827379,0.08527438825523861,0.006334326430959562,0.03102404941445701,0.012368385321750304,0.03102404941445701,1.4582,1.4582
308,GRD,Grenada,2075,0.096314,0.09670398727755776,0.07892779527080714,0.005467152833917662,0.03136541596704612,0.011690895432349012,0.03136541596704612,1.4582,1.4582
308,GRD,Grenada,2080,0.091562,0.09208525027741703,0.07231074897395653,0.004792182562679025,0.031328128605358094,0.011045712603460957,0.031328128605358094,1.4582,1.4582
308,GRD,Grenada,2085,0.086822,0.08751546958956594,0.06580302244988744,0.00426428436447207,0.030122920103354642,0.010433594076942896,0.030122920103354642,1.4582,1.4582
308,GRD,Grenada,2090,0.082216,0.08307459596408617,0.05946906357843254,0.0037836095571303005,0.028943074017217567,0.009854754887938013,0.028943074017217567,1.4582,1.4582
308,GRD,Grenada,2095,0.077909,0.07894301355733291,0.05349476533675393,0.0033200301533135752,0.026904890395240813,0.009329989524896444,0.02775180545220945,1.4582,1.4582
308,GRD,Grenada,2100,0.073887,0.07510096091251435,0.04787892537726486,0.0028925380121337563,0.024158463527353766,0.008867820152357719,0.026592314248507817,1.4582,1.4582
312,GLP,Guadeloupe,2025,0.373791,0.373792,0.373792,0.060067999999999996,0.09238800000000001,0.060067999999999996,0.09238800000000001,2.0539,2.0539
312,GLP,Guadeloupe,2030,0.36634300000000003,0.36693964313268973,0.36224536534817287,0.05210810177698892,0.10574640411393046,0.05680237956150583,0.10574640411393046,2.0539,2.0539
312,GLP,Guadeloupe,2035,0.357877,0.35896003513778796,0.3452937084348586,0.04177964614295456,0.11451108739146068,0.0554459728458839,0.11451108739146068,2.0539,2.0539
312,GLP,Guadeloupe,2040,0.348988,0.34989961015790266,0.3273539271659167,0.03220692895299008,0.1187811921121321,0.05475261194497603,0.1187811921121321,2.0539,2.0539
312,GLP,Guadeloupe,2045,0.338337,0.33903839969725436,0.3078336692019092,0.027242664082925763,0.11461933562454678,0.05376209844820298,0.11461933562454678,2.0539,2.0539
312,GLP,Guadeloupe,2050,0.326318,0.3271801157379701,0.2877722345051716,0.026867742725312165,0.10844784713539324,0.05263536328235236,0.10844784713539324,2.0539,2.0539
312,GLP,Guadeloupe,2055,0.31343200000000004,0.31470336680646926,0.2672568745074034,0.025242165331876374,0.10039267529034633,0.050192877486544434,0.10039267529034633,2.0539,2.0539
312,GLP,Guadeloupe,2060,0.301043,0.30274391979663484,0.24668573698703736,0.02238769808470596,0.09117684613479865,0.047328669336594104,0.09117684613479865,2.0539,2.0539
312,GLP,Guadeloupe,2065,0.28995499999999996,0.29220260965219386,0.22651190453920406,0.01879876052189928,0.08207129127210282,0.04522064861238801,0.08207129127210282,2.0539,2.0539
312,GLP,Guadeloupe,2070,0.280919,0.28362367957821194,0.20759060876614535,0.015220788288196336,0.07954167358148403,0.044009982254779714,0.07954167358148403,2.0539,2.0539
312,GLP,Guadeloupe,2075,0.273969,0.27700536193155845,0.1905444064787832,0.012448456196200922,0.08090686054329847,0.0431297722030152,0.08090686054329847,2.0539,2.0539
312,GLP,Guadeloupe,2080,0.268152,0.27146040760159407,0.1748814530141835,0.010760439520197507,0.081690577512653,0.04202202340041132,0.081690577512653,2.0539,2.0539
312,GLP,Guadeloupe,2085,0.262594,0.2663449584698064,0.16008126429645575,0.00972953787688806,0.08128464665625916,0.04045963973070581,0.08128464665625916,2.0539,2.0539
312,GLP,Guadeloupe,2090,0.256961,0.26145295270669816,0.1457935177201905,0.008704443390566393,0.08127098764179559,0.03857306586591491,0.08127098764179559,2.0539,2.0539
312,GLP,Guadeloupe,2095,0.250887,0.256190204353349,0.13119598415786435,0.007413128110656175,0.07733945710558564,0.036727469301518274,0.08173343906498336,2.0539,2.0539
312,GLP,Guadeloupe,2100,0.24445699999999998,0.2505971474526565,0.11629213856966325,0.0060282951956603424,0.06869022276286679,0.035286671638948774,0.08141754479740398,2.0539,2.0539
332,HTI,Haiti,2025,11.906094999999999,11.906098000000002,11.906098000000002,3.665536,0.570509,3.665536,0.570509,2.5861,2.5861
332,HTI,Haiti,2030,12.552359000000001,12.556038544563684,12.20606613908291,3.2937045660349513,0.66464025633635,3.6436769715157253,0.66464025633635,2.5861,2.5861
332,HTI,Haiti,2035,13.165,13.166488685350153,12.122350653592544,2.562921845519329,0.7709260050103378,3.6070598772769373,0.7709260050103378,2.5861,2.5861
332,HTI,Haiti,2040,13.733853,13.72959444837067,12.032181502958244,1.8733710690763536,0.8980553691516148,3.5707840144887806,0.8980553691516148,2.5861,2.5861
332,HTI,Haiti,2045,14.252967,14.241737757366366,11.917807687693267,1.536085777975242,1.05349574779884,3.5166700931036794,1.05349574779884,2.5861,2.5861
332,HTI,Haiti,2050,14.710861999999999,14.695059396123014,11.74706486677274,1.5372529703910132,1.2372378590599893,3.458465950586214,1.2372378590599893,2.5861,2.5861
332,HTI,Haiti,2055,15.089999,15.070175545044906,11.473027271123167,1.4687113267035288,1.4554825742914752,3.395134070769693,1.4554825742914752,2.5861,2.5861
332,HTI,Haiti,2060,15.378031,15.35558582842011,11.067385094554982,1.3229567112696654,1.6735186078921593,3.3245975135665513,1.6735186078921593,2.5861,2.5861
332,HTI,Haiti,2065,15.574602,15.5511669368669,10.530978763128799,1.1268010126103727,1.8662528550690503,3.2483706918393,1.8662528550690503,2.5861,2.5861
332,HTI,Haiti,2070,15.686331000000001,15.661979624864992,9.89270158983893,0.9317505100769391,2.0315260693915507,3.16699733887648,2.0315260693915507,2.5861,2.5861
332,HTI,Haiti,2075,15.723927,15.697493603788237,9.190640669287456,0.7821163984244252,2.183631129518644,3.0815781352689666,2.183631129518644,2.5861,2.5861
332,HTI,Haiti,2080,15.701124,15.673087823832079,8.452538976964586,0.688075285805051,2.3309892471739726,2.9944305015461663,2.3309892471739726,2.5861,2.5861
332,HTI,Haiti,2085,15.62494,15.59763955142116,7.688973817365295,0.625618742361509,2.4645753798575885,2.9081161011976566,2.4645753798575885,2.5861,2.5861
332,HTI,Haiti,2090,15.502021000000001,15.476743405915897,6.909728357926476,0.5642526245583301,2.5767707805591225,2.822195391981017,2.5767707805591225,2.5861,2.5861
332,HTI,Haiti,2095,15.342604,15.318531269102024,6.132001284937527,0.4927809579367504,2.4245542918450056,2.735571118887811,2.6833736935543415,2.5861,2.5861
332,HTI,Haiti,2100,15.151093000000001,15.126978170119251,5.3780854154416105,0.4184526224561633,2.02505387570084,2.6482041329201547,2.7739780521732342,2.5861,2.5861
388,JAM,Jamaica,2025,2.8370770000000003,2.837075000000001,2.837075000000001,0.518758,0.24339499999999994,0.518758,0.24339499999999994,1.22,1.3381
388,JAM,Jamaica,2030,2.8089540000000004,2.8087235256742225,2.783120226474724,0.4502723931607532,0.2983302069939508,0.47587569236025123,0.2983302069939508,1.22,1.3381
388,JAM,Jamaica,2035,2.7559340000000003,2.754810778327823,2.6941622990796485,0.38056544883859406,0.3452132937873032,0.44121392808676835,0.3452132937873032,1.22,1.3381
388,JAM,Jamaica,2040,2.6761,2.674451552041325,2.5812353076711108,0.30972740398847487,0.3883459782722269,0.4029436483586894,0.3883459782722269,1.22,1.3381
388,JAM,Jamaica,2045,2.574081,2.5723862750854094,2.4483582351350597,0.2637639510034911,0.4287287360198441,0.36233212979158125,0.4287287360198441,1.22,1.3381
388,JAM,Jamaica,2050,2.45494,2.454282008299838,2.29904672495978,0.22995236222813223,0.4800644663873948,0.3248879743248452,0.4800644663873948,1.22,1.3381
388,JAM,Jamaica,2055,2.323413,2.3239400775133103,2.1355222366481903,0.19737952857506333,0.5298946165611502,0.29319338275559664,0.5298946165611502,1.22,1.3381
388,JAM,Jamaica,2060,2.1796819999999997,2.1830343307404605,1.9596841648432421,0.16667920257002605,0.5881020326965755,0.26694784443525305,0.5881020326965755,1.22,1.3381
388,JAM,Jamaica,2065,2.028118,2.0356367613349,1.7764086396256602,0.13896628574457726,0.6194651025967889,0.24429340393407764,0.6194651025967889,1.22,1.3381
388,JAM,Jamaica,2070,1.8718789999999998,1.8847674410550916,1.5897763567331182,0.11536311171333442,0.6180982966142339,0.22373373732726487,0.6180982966142339,1.22,1.3381
388,JAM,Jamaica,2075,1.7128430000000001,1.732277153772208,1.402798314517626,0.09585573568190012,0.5946137329051874,0.20438462550045006,0.5946137329051874,1.22,1.3381
388,JAM,Jamaica,2080,1.558623,1.585552358143294,1.2232531710883887,0.08023065241277164,0.547819334628982,0.18654013459376376,0.547819334628982,1.22,1.3381
388,JAM,Jamaica,2085,1.414205,1.4495860647687417,1.0557902616375485,0.06772185826909242,0.4941750330407481,0.1709644347583603,0.4941750330407481,1.22,1.3381
388,JAM,Jamaica,2090,1.2829380000000001,1.32752844044229,0.9034275090492664,0.057074535159073916,0.448060722008044,0.15785259104243635,0.448060722008044,1.22,1.3381
388,JAM,Jamaica,2095,1.1675119999999999,1.2218606773025218,0.7691320481193248,0.04778796531997246,0.39038716018965236,0.14683675208804922,0.4120924651876826,1.22,1.3381
388,JAM,Jamaica,2100,1.066774,1.1308593629188388,0.652023076802786,0.039740061657968395,0.33275867707026835,0.1369987569518517,0.3829538848451755,1.22,1.3381
474,MTQ,Martinique,2025,0.34043900000000005,0.340444,0.340444,0.050004999999999994,0.089579,0.050004999999999994,0.089579,1.9699,1.9699
474,MTQ,Martinique,2030,0.327638,0.32881861631187453,0.32502390829568273,0.04358513688911426,0.1031967937344895,0.0473798449053061,0.1031967937344895,1.9699,1.9699
474,MTQ,Martinique,2035,0.316342,0.3182250816619709,0.3075855543755084,0.03496346294493677,0.11190523692040075,0.04560299023139926,0.11190523692040075,1.9699,1.9699
474,MTQ,Martinique,2040,0.305848,0.3077572172991888,0.2904440222224694,0.026817849193837513,0.11420455252432582,0.04413104427055689,0.11420455252432582,1.9699,1.9699
474,MTQ,Martinique,2045,0.29468700000000003,0.29637936544635035,0.27244565835177004,0.022474756308486853,0.10778018612502792,0.04262004975738017,0.10778018612502792,1.9699,1.9699
474,MTQ,Martinique,2050,0.28207,0.28377541202973183,0.25346877617046565,0.022398169844251636,0.10025750407310746,0.0420812229285702,0.10025750407310746,1.9699,1.9699
474,MTQ,Martinique,2055,0.268529,0.2707091459257682,0.23418337281969165,0.021662828237594352,0.09248545986218705,0.04090238125228324,0.09248545986218705,1.9699,1.9699
474,MTQ,Martinique,2060,0.255655,0.25853709372038225,0.21537811292150133,0.01990320973562996,0.08279243120658633,0.03917174876432493,0.08279243120658633,1.9699,1.9699
474,MTQ,Martinique,2065,0.244525,0.24820487792976703,0.19761456562265334,0.017146000688854027,0.07338562290796538,0.0374950080981577,0.07338562290796538,1.9699,1.9699
474,MTQ,Martinique,2070,0.236029,0.24031675752131423,0.18174838312594743,0.013945992071186243,0.06924842742019995,0.03608320560337208,0.06924842742019995,1.9699,1.9699
474,MTQ,Martinique,2075,0.230071,0.23456390095377802,0.1679059255211194,0.011294354075592731,0.06942347282864081,0.034928739344036626,0.06942347282864081,1.9699,1.9699
474,MTQ,Martinique,2080,0.225696,0.23032329390652165,0.15572628084023385,0.009844002839405576,0.06946035378684325,0.034044999418277495,0.06946035378684325,1.9699,1.9699
474,MTQ,Martinique,2085,0.22184,0.22680210094589706,0.1444941361244022,0.009282531777726998,0.06919752711567233,0.03330013570201061,0.06919752711567233,1.9699,1.9699
474,MTQ,Martinique,2090,0.218066,0.22364933883097482,0.13379895926538724,0.0088117532186519,0.06962871765862902,0.03239738120019203,0.06962871765862902,1.9699,1.9699
474,MTQ,Martinique,2095,0.21410200000000001,0.22057031861190365,0.12320726976300649,0.007999332318277465,0.067146149385138,0.03131437714747484,0.07074548789314544,1.9699,1.9699
474,MTQ,Martinique,2100,0.209808,0.21722228664221183,0.1123386280626831,0.006877877666869902,0.06054569692035132,0.030223956095511206,0.0705845676960085,1.9699,1.9699
500,MSR,Montserrat,2025,0.004359,0.004369,0.004369,0.00069,0.0008610000000000001,0.00069,0.0008610000000000001,1.4482,1.4482
500,MSR,Montserrat,2030,0.004202,0.004210343111163745,0.004181363437825217,0.0006050757905784425,0.0009102604790615617,0.0006340554639169708,0.0009102604790615617,1.4482,1.4482
500,MSR,Montserrat,2035,0.004046,0.004059939018792783,0.003975839218704105,0.00048125326250614877,0.0009584721817587656,0.0005653530625948258,0.0009584721817587656,1.4482,1.4482
500,MSR,Montserrat,2040,0.003902,0.003911546229331108,0.0037710121411757376,0.00037969993284157254,0.0009674142640611583,0.0005202340209969425,0.0009674142640611583,1.4482,1.4482
500,MSR,Montserrat,2045,0.00379,0.003789387164530945,0.0035909055640487215,0.0003467208970406564,0.0009634131725318771,0.0005163086085897637,0.0009634131725318771,1.4482,1.4482
500,MSR,Montserrat,2050,0.003692,0.0036832002317328037,0.0034263113712626053,0.0003458427731117656,0.0009580402698454238,0.000518876961590802,0.0009580402698454238,1.4482,1.4482
500,MSR,Montserrat,2055,0.0035830000000000002,0.0035768701120119967,0.003261249890903653,0.0003326470472955112,0.0009950993147176653,0.0005081603876330966,0.0009950993147176653,1.4482,1.4482
500,MSR,Montserrat,2060,0.0034750000000000002,0.003465581278558301,0.0030888476836741664,0.0003000684387373302,0.0009909260898348009,0.00047896012437984183,0.0009909260898348009,1.4482,1.4482
500,MSR,Montserrat,2065,0.003364,0.0033553754600819732,0.0029129685773607605,0.0002554180154692683,0.0009502188616111493,0.00044180739915023636,0.0009502188616111493,1.4482,1.4482
500,MSR,Montserrat,2070,0.0032559999999999998,0.00324751762963305,0.0027350288022189293,0.00021372073445070325,0.0009118846360083608,0.0004117281825892025,0.0009118846360083608,1.4482,1.4482
500,MSR,Montserrat,2075,0.0031680000000000002,0.0031499367483900837,0.002565147813173179,0.0001869697553602161,0.0009336831476224254,0.0003965309379028725,0.0009336831476224254,1.4482,1.4482
500,MSR,Montserrat,2080,0.0030800000000000003,0.003061187482554255,0.00240390211964493,0.00017405454241340354,0.0009174104394397486,0.0003910053184363421,0.0009174104394397486,1.4482,1.4482
500,MSR,Montserrat,2085,0.003004,0.0029781854047084247,0.0022497604292177112,0.00016529473086474787,0.0009229406133838845,0.0003841942276131598,0.0009229406133838845,1.4482,1.4482
500,MSR,Montserrat,2090,0.002922,0.0028996152472386427,0.002102008444404954,0.00015352897960696477,0.0009253127459574609,0.0003706924162906685,0.0009253127459574609,1.4482,1.4482
500,MSR,Montserrat,2095,0.0028490000000000004,0.002825959480196236,0.0019606544361077632,0.00013804839751054454,0.0008794645979042856,0.00035253939719847015,0.0009061860224807747,1.4482,1.4482
500,MSR,Montserrat,2100,0.002783,0.002752715294345724,0.0018206672532441708,0.00012204493792760666,0.0008075475627466019,0.00033544702076034413,0.0008842818508967008,1.4482,1.4482
630,PRI,Puerto Rico,2025,3.2352890000000003,3.23529,3.23529,0.363634,0.8176509999999999,0.363634,0.8176509999999999,0.87,0.9369
630,PRI,Puerto Rico,2030,3.1407420000000004,3.1318007295825345,3.1299422961095944,0.30256947097208786,0.8850803061346745,0.3044279044450278,0.8850803061346745,0.87,0.9369
630,PRI,Puerto Rico,2035,3.006448,2.996604782508132,2.9953300378882846,0.2759390496945888,0.9258093541697556,0.2772137943144362,0.9258093541697556,0.87,0.9369
630,PRI,Puerto Rico,2040,2.853785,2.8427310372704735,2.838629250786169,0.2576586652351012,0.9416591846880381,0.2617604517194058,0.9416591846880381,0.87,0.9369
630,PRI,Puerto Rico,2045,2.684943,2.674870180819623,2.6659902245875857,0.2305745302377347,0.9436774656950518,0.23760027408638446,0.9436774656950518,0.87,0.9369
630,PRI,Puerto Rico,2050,2.503994,2.4955309114905666,2.48077425990532,0.19261398106576394,0.9257972237478003,0.20609890226185285,0.9257972237478003,0.87,0.9369
630,PRI,Puerto Rico,2055,2.3231289999999998,2.3168182229729983,2.2955211577393126,0.15840733418947386,0.9004345565987144,0.17561332164820978,0.9004345565987144,0.87,0.9369
630,PRI,Puerto Rico,2060,2.1436390000000003,2.138697074346445,2.110177208420487,0.13264270625746905,0.8835739865860183,0.1523041750315531,0.8835739865860183,0.87,0.9369
630,PRI,Puerto Rico,2065,1.9730029999999998,1.9701825411105247,1.9335822835984677,0.1157154957663241,0.8876454136815756,0.13759596219241632,0.8876454136815756,0.87,0.9369
630,PRI,Puerto Rico,2070,1.812187,1.8120830222682278,1.7666279044379338,0.10397106874016797,0.8883586973758214,0.12818818583479247,0.8883586973758214,0.87,0.9369
630,PRI,Puerto Rico,2075,1.6617460000000002,1.6645849947124611,1.609782769666471,0.0932228969846773,0.867237814584404,0.11959579675279064,0.867237814584404,0.87,0.9369
630,PRI,Puerto Rico,2080,1.517758,1.5241842425944543,1.4597182035715361,0.08173390074102276,0.8214117011142813,0.10973414248510299,0.8214117011142813,0.87,0.9369
630,PRI,Puerto Rico,2085,1.3791010000000001,1.389979373422946,1.3156847231693904,0.07049613255490537,0.747009613177823,0.09952908708941921,0.747009613177823,0.87,0.9369
630,PRI,Puerto Rico,2090,1.2441659999999999,1.2600690223045425,1.1757245997993742,0.061192248430745506,0.6604288957034412,0.09100631286461716,0.6604288957034412,0.87,0.9369
630,PRI,Puerto Rico,2095,1.114892,1.1361866962841505,1.041495012162053,0.05444246645483883,0.5781200303823784,0.08504511663718205,0.5798523379798544,0.87,0.9369
630,PRI,Puerto Rico,2100,0.995625,1.0224235041253467,0.9171346843637772,0.04953871854267787,0.5079064483277249,0.08105090225107607,0.5090512459202101,0.87,0.9369
652,BLM,Saint Barthélemy,2025,0.011414,0.011422999999999999,0.011422999999999999,0.002083,0.0020729999999999998,0.002083,0.0020729999999999998,0.8259,0.8259
652,BLM,Saint Barthélemy,2030,0.012007,0.011974089743957056,0.011994623863062756,0.0016776585669856722,0.0024720612960127918,0.0016571244478799723,0.0024720612960127918,0.8259,0.8259
652,BLM,Saint Barthélemy,2035,0.012383,0.01232307726631349,0.012379876215209867,0.0013576248805894436,0.002840993815304338,0.0013008259316930682,0.002840993815304338,0.8259,0.8259
652,BLM,Saint Barthélemy,2040,0.01264,0.012554425215331214,0.012627741083526269,0.0012909110139410441,0.003082038613281765,0.0012175951457459905,0.003082038613281765,0.8259,0.8259
652,BLM,Saint Barthélemy,2045,0.012797000000000001,0.012681751250560347,0.012749842144417791,0.001406319195950595,0.003191254375951463,0.0013587333895290854,0.003191254375951463,0.8259,0.8259
652,BLM,Saint Barthélemy,2050,0.012789,0.012657849084766632,0.012704607499514093,0.0013995367886557553,0.003283067105850362,0.0014095017093598754,0.003283067105850362,0.8259,0.8259
652,BLM,Saint Barthélemy,2055,0.012646000000000001,0.012477818223370575,0.012497260821585456,0.0012821244438794125,0.0033918813357984787,0.0013358943924509168,0.0033918813357984787,0.8259,0.8259
652,BLM,Saint Barthélemy,2060,0.012371,0.012176315771236795,0.01216908277371513,0.0010957378857062764,0.0034637757808050245,0.0011709431985037694,0.0034637757808050245,0.8259,0.8259
652,BLM,Saint Barthélemy,2065,0.012088,0.01185256693746018,0.011818193326057302,0.000918157851315881,0.003574929849028093,0.0009991700212252934,0.003574929849028093,0.8259,0.8259
652,BLM,Saint Barthélemy,2070,0.011800000000000001,0.011507539251025595,0.0114383151847974,0.0008029410373564892,0.003928006115632052,0.0008914914869122631,0.003928006115632052,0.8259,0.8259
652,BLM,Saint Barthélemy,2075,0.0115,0.011134206645541649,0.011017405746009007,0.0007488614016240678,0.004379025447372169,0.0008582997851203632,0.004379025447372169,0.8259,0.8259
652,BLM,Saint Barthélemy,2080,0.011151,0.010713024029378685,0.010538397640804267,0.0007143201522624208,0.004728740262481428,0.0008543897638951148,0.004728740262481428,0.8259,0.8259
652,BLM,Saint Barthélemy,2085,0.010762,0.010236103210026635,0.010000242725652466,0.0006608429234014006,0.0049501457940071625,0.00082718239831305,0.0049501457940071625,0.8259,0.8259
652,BLM,Saint Barthélemy,2090,0.010305,0.009683105936822447,0.009386674372499104,0.0005828555901950794,0.004862203887900881,0.0007619978069576558,0.004862203887900881,0.8259,0.8259
652,BLM,Saint Barthélemy,2095,0.009794,0.009070616516434874,0.008714522641418579,0.0005001401946265154,0.004513953676633353,0.0006808194984832551,0.004494109620701774,0.8259,0.8259
652,BLM,Saint Barthélemy,2100,0.009239,0.008405418883382806,0.007987262818072039,0.0004325301481152347,0.004172277070541979,0.0006135248788762883,0.004117675942382295,0.8259,0.8259
659,KNA,Saint Kitts and Nevis,2025,0.046922,0.046924999999999994,0.046924999999999994,0.008603999999999999,0.005502999999999999,0.008603999999999999,0.005502999999999999,1.5101,1.5101
659,KNA,Saint Kitts and Nevis,2030,0.047134,0.04711605558139882,0.04670542433941293,0.00782358985011594,0.00652979093532904,0.008234221092101835,0.00652979093532904,1.5101,1.5101
659,KNA,Saint Kitts and Nevis,2035,0.046928,0.04688994838834809,0.04570428201939026,0.006473638768050863,0.0072735335734531595,0.007659305137008692,0.0072735335734531595,1.5101,1.5101
659,KNA,Saint Kitts and Nevis,2040,0.046313,0.04626799034229505,0.04434450263948937,0.005231057529857757,0.007881735456606268,0.007154545232663433,0.007881735456606268,1.5101,1.5101
659,KNA,Saint Kitts and Nevis,2045,0.045367,0.045339293362597066,0.04269673514533387,0.004521427303091523,0.008386987760385607,0.006755400377506304,0.008386987760385607,1.5101,1.5101
659,KNA,Saint Kitts and Nevis,2050,0.044249000000000004,0.044239010550971375,0.040868070083272534,0.004221232684676783,0.00905916029534716,0.006412968916460058,0.00905916029534716,1.5101,1.5101
659,KNA,Saint Kitts and Nevis,2055,0.042932000000000005,0.04293453076903198,0.03879532815444019,0.0038504801570548837,0.009828139409493451,0.006078689446842633,0.009828139409493451,1.5101,1.5101
659,KNA,Saint Kitts and Nevis,2060,0.041540999999999995,0.04157573332159634,0.03662105596988978,0.003410780582382383,0.010231759113184366,0.005743142931469657,0.010231759113184366,1.5101,1.5101
659,KNA,Saint Kitts and Nevis,2065,0.040164,0.04020751495469834,0.0343918141873626,0.002954542860643388,0.010554611139352695,0.005428393540939791,0.010554611139352695,1.5101,1.5101
659,KNA,Saint Kitts and Nevis,2070,0.038667,0.03874554271099028,0.03204409959165707,0.0025440651030104386,0.010441092465196214,0.005145592412610248,0.010441092465196214,1.5101,1.5101
659,KNA,Saint Kitts and Nevis,2075,0.037126,0.03724253575634195,0.029663052293046416,0.0022297542259485967,0.01020228441452255,0.004906866400564442,0.01020228441452255,1.5101,1.5101
659,KNA,Saint Kitts and Nevis,2080,0.035592,0.03575904641264374,0.02731990889908635,0.0020056361458186327,0.00995660067113888,0.0046992951746734945,0.00995660067113888,1.5101,1.5101
659,KNA,Saint Kitts and Nevis,2085,0.034133000000000004,0.034341099471038944,0.025058808632898652,0.0018245716726557812,0.009840457819854265,0.004500733929292462,0.009840457819854265,1.5101,1.5101
659,KNA,Saint Kitts and Nevis,2090,0.032749,0.03300377483521925,0.02289765885627542,0.0016462062023673968,0.0096856169568736,0.004303031034903205,0.0096856169568736,1.5101,1.5101
659,KNA,Saint Kitts and Nevis,2095,0.031457,0.03174659187181647,0.020839734388136008,0.0014625780092260327,0.009134233212414375,0.004108645771363042,0.009485073291506,1.5101,1.5101
659,KNA,Saint Kitts and Nevis,2100,0.030239000000000002,0.030561947096646086,0.0188879194072301,0.0012886433893449403,0.008272794233738967,0.003925923364143009,0.009271423525353463,1.5101,1.5101
662,LCA,Saint Lucia,2025,0.180149,0.180155,0.180155,0.031066000000000003,0.017953,0.031066000000000003,0.017953,1.3754,1.3754
662,LCA,Saint Lucia,2030,0.18135900000000002,0.181262176347741,0.1799991485533346,0.028585321411309067,0.021884099464581346,0.029848349205715434,0.021884099464581346,1.3754,1.3754
662,LCA,Saint Lucia,2035,0.181178,0.1809841032028864,0.17733250675480508,0.024556954229307724,0.02596378434361018,0.028208550677389064,0.02596378434361018,1.3754,1.3754
662,LCA,Saint Lucia,2040,0.179293,0.17911301342676994,0.1732150304031786,0.020408635730968905,0.029296379723924564,0.026306618754560283,0.029296379723924564,1.3754,1.3754
662,LCA,Saint Lucia,2045,0.176236,0.1761312318751302,0.16808022269527956,0.017604625360433338,0.03198449861391963,0.02439932128821603,0.03198449861391963,1.3754,1.3754
662,LCA,Saint Lucia,2050,0.17208099999999998,0.17200699990442836,0.1617872625472296,0.016098670357784187,0.03488093781902397,0.02268635412796092,0.03488093781902397,1.3754,1.3754
662,LCA,Saint Lucia,2055,0.167109,0.1670830802200814,0.15456839374270137,0.014675893710363137,0.03786147478447641,0.021327444953247104,0.03786147478447641,1.3754,1.3754
662,LCA,Saint Lucia,2060,0.161551,0.16154946708473172,0.1465454236876396,0.013252639196319527,0.04160146141812485,0.020258995119541552,0.04160146141812485,1.3754,1.3754
662,LCA,Saint Lucia,2065,0.155321,0.1553956342736903,0.1377286430236358,0.011734966833790172,0.044189741065025434,0.01925545370737668,0.044189741065025434,1.3754,1.3754
662,LCA,Saint Lucia,2070,0.14843,0.1486201160594445,0.12820911872551358,0.010208047735861694,0.04473360310022481,0.01819967844726382,0.04473360310022481,1.3754,1.3754
662,LCA,Saint Lucia,2075,0.141132,0.14148038572615024,0.1183664397984441,0.008864039112059555,0.04404290555709916,0.017097681990377544,0.04404290555709916,1.3754,1.3754
662,LCA,Saint Lucia,2080,0.133682,0.13420157735194893,0.10846057555282042,0.007820059477631645,0.0419225865816447,0.016058387694132453,0.0419225865816447,1.3754,1.3754
662,LCA,Saint Lucia,2085,0.126466,0.1271744548183048,0.09884656961131251,0.007028364997509815,0.039984340647804574,0.015168557505228868,0.039984340647804574,1.3754,1.3754
662,LCA,Saint Lucia,2090,0.11973,0.12058773191900167,0.08969505950684394,0.006346054132654824,0.03829693955990489,0.01443365594296874,0.03829693955990489,1.3754,1.3754
662,LCA,Saint Lucia,2095,0.113658,0.11464563534543923,0.08122861052272902,0.005686434635981811,0.0358070906870821,0.013794207803274325,0.03691474384362853,1.3754,1.3754
662,LCA,Saint Lucia,2100,0.108207,0.10930930563570372,0.07346855194851482,0.00504459726135159,0.03258366489158904,0.01317155069554096,0.035744702015725265,1.3754,1.3754
663,MAF,Saint Martin (French part),2025,0.024940999999999998,0.024946999999999997,0.024946999999999997,0.005253,0.004903999999999999,0.005253,0.004903999999999999,2.6307,2.6307
663,MAF,Saint Martin (French part),2030,0.021065999999999998,0.021767233002562954,0.021331825772988283,0.004144403322184545,0.005709016178617812,0.004579810551759218,0.005709016178617812,2.6307,2.6307
663,MAF,Saint Martin (French part),2035,0.019396999999999998,0.02039366551894839,0.019403057322861857,0.00285520920942277,0.00632679672664237,0.003845817405509309,0.00632679672664237,2.6307,2.6307
663,MAF,Saint Martin (French part),2040,0.018924,0.0198779049849849,0.018354276685708104,0.0017485579948321609,0.006632390802817716,0.003272186294108958,0.006632390802817716,2.6307,2.6307
663,MAF,Saint Martin (French part),2045,0.018819,0.01960240952522304,0.017444141210820198,0.001340608199189143,0.006524569908645526,0.003064361432771987,0.006524569908645526,2.6307,2.6307
663,MAF,Saint Martin (French part),2050,0.018795000000000003,0.019491908197148106,0.016612956742536593,0.0016140472551718073,0.0063029765520119605,0.0035042922732978284,0.0063029765520119605,2.6307,2.6307
663,MAF,Saint Martin (French part),2055,0.018738,0.019524674285260515,0.01589171265587355,0.0018456541937758864,0.005811331174053063,0.003958028709083466,0.005811331174053063,2.6307,2.6307
663,MAF,Saint Martin (French part),2060,0.018468,0.01945819722012343,0.015058618779413006,0.0018508997376936978,0.004956455815164557,0.00409673389525809,0.004956455815164557,2.6307,2.6307
663,MAF,Saint Martin (French part),2065,0.01812,0.019371096731476415,0.014213317817721133,0.0016086153823876269,0.0038525942833246276,0.0038936460480964467,0.0038525942833246276,2.6307,2.6307
663,MAF,Saint Martin (French part),2070,0.017981999999999998,0.019353738643950614,0.01344949550998389,0.0012523779112601093,0.003170845102215212,0.0035318486859765813,0.003170845102215212,2.6307,2.6307
663,MAF,Saint Martin (French part),2075,0.018186,0.01951976974114894,0.012835910445279543,0.0009707532370666121,0.00315346540151186,0.0032659348644990807,0.00315346540151186,2.6307,2.6307
663,MAF,Saint Martin (French part),2080,0.018626999999999998,0.019873037081988763,0.012339589518875316,0.0008646641039923886,0.0036293227293746444,0.0032552773964199845,0.0036293227293746444,2.6307,2.6307
663,MAF,Saint Martin (French part),2085,0.019134,0.02036941441818781,0.011936871705411698,0.0008819376981397483,0.0043890228538328545,0.0034314509012951166,0.0043890228538328545,2.6307,2.6307
663,MAF,Saint Martin (French part),2090,0.019593,0.020925829039607186,0.011599494196574859,0.0008984612637912934,0.005269833401517168,0.0035717791719460336,0.005269833401517168,2.6307,2.6307
663,MAF,Saint Martin (French part),2095,0.019901,0.02141541537249757,0.01124313872853272,0.0008439501182145941,0.005610533644309863,0.003528388356701984,0.006025435961891316,2.6307,2.6307
663,MAF,Saint Martin (French part),2100,0.020004,0.021679308487989987,0.01071492588582259,0.0007242883858665135,0.005285450912299437,0.003325349109608584,0.0062207022384295286,2.6307,2.6307
670,VCT,Saint Vincent and the Grenadines,2025,0.09992400000000001,0.09992999999999998,0.09992999999999998,0.020855000000000002,0.012246,0.020855000000000002,0.012246,1.7461,1.7461
670,VCT,Saint Vincent and the Grenadines,2030,0.096856,0.09708826011284631,0.09590821163879563,0.01729716930104557,0.014010924539784461,0.018477217775096266,0.014010924539784461,1.7461,1.7461
670,VCT,Saint Vincent and the Grenadines,2035,0.094484,0.09480262658975008,0.09137716008916665,0.013469271741302684,0.015233148040029842,0.016894738241886087,0.015233148040029842,1.7461,1.7461
670,VCT,Saint Vincent and the Grenadines,2040,0.09265000000000001,0.09297289864574623,0.08741014364979148,0.010725478545768791,0.016038136639279686,0.01628823354172354,0.016038136639279686,1.7461,1.7461
670,VCT,Saint Vincent and the Grenadines,2045,0.090955,0.09119826844670163,0.08355919900681304,0.009285444638094116,0.01667932288424107,0.015751078138053123,0.01667932288424107,1.7461,1.7461
670,VCT,Saint Vincent and the Grenadines,2050,0.088942,0.08918679140402391,0.0794902890049778,0.008939575691837613,0.01713603356931959,0.015231962113958967,0.01713603356931959,1.7461,1.7461
670,VCT,Saint Vincent and the Grenadines,2055,0.08657,0.08691774782173065,0.07513433537541547,0.008281145333977247,0.017023418301088028,0.014543507014314866,0.017023418301088028,1.7461,1.7461
670,VCT,Saint Vincent and the Grenadines,2060,0.08401600000000001,0.084537302882604,0.07055844668728747,0.007288214689453239,0.017414105021172733,0.013697105227596653,0.017414105021172733,1.7461,1.7461
670,VCT,Saint Vincent and the Grenadines,2065,0.08145999999999999,0.08213790701248576,0.06581346613977136,0.006128741373761241,0.017683936180375323,0.012859363421720216,0.017683936180375323,1.7461,1.7461
670,VCT,Saint Vincent and the Grenadines,2070,0.078947,0.0797528827391213,0.06100062995980643,0.005077134355126827,0.017664757116197242,0.012188887883556912,0.017664757116197242,1.7461,1.7461
670,VCT,Saint Vincent and the Grenadines,2075,0.076519,0.07743489455095362,0.05627197091882649,0.004319666337662737,0.018018287714724503,0.011695073769311616,0.018018287714724503,1.7461,1.7461
670,VCT,Saint Vincent and the Grenadines,2080,0.074124,0.07516303025559998,0.051661161784751115,0.0038410081807422392,0.018878318676455584,0.011270265573629597,0.018878318676455584,1.7461,1.7461
670,VCT,Saint Vincent and the Grenadines,2085,0.071672,0.07290738131128378,0.04715408152636564,0.0034895454177877906,0.019265943428023024,0.010822792410026608,0.019265943428023024,1.7461,1.7461
670,VCT,Saint Vincent and the Grenadines,2090,0.069177,0.07066348260038313,0.04273721051814719,0.0031270116466373178,0.01896059468661474,0.01033325232785156,0.01896059468661474,1.7461,1.7461
670,VCT,Saint Vincent and the Grenadines,2095,0.066673,0.06841720320918825,0.038392874898726365,0.0027188549197632553,0.017656263214604045,0.009836430311245646,0.018641295570330348,1.7461,1.7461
670,VCT,Saint Vincent and the Grenadines,2100,0.064218,0.06620099494368013,0.03417572348980891,0.0023193830856977917,0.015429489675394212,0.009396363723220962,0.018243725027624474,1.7461,1.7461
534,SXM,Sint Maarten (Dutch part),2025,0.043923000000000004,0.04393000000000001,0.04393000000000001,0.0065049999999999995,0.006364,0.0065049999999999995,0.006364,1.4288,1.4288
534,SXM,Sint Maarten (Dutch part),2030,0.046331000000000004,0.046199088401521475,0.04592057368919004,0.00576223069470905,0.008172526208588788,0.0060407454070404805,0.008172526208588788,1.4288,1.4288
534,SXM,Sint Maarten (Dutch part),2035,0.048243,0.04803818875865397,0.047158024418605234,0.005335939055766197,0.009868174653023202,0.006216103395814919,0.009868174653023202,1.4288,1.4288
534,SXM,Sint Maarten (Dutch part),2040,0.049729999999999996,0.049507542808907984,0.0479861157880541,0.004943346013107711,0.010960542396739948,0.0064647730339615975,0.010960542396739948,1.4288,1.4288
534,SXM,Sint Maarten (Dutch part),2045,0.050622,0.05043755237977176,0.04825861778919406,0.004764230533317407,0.011561072214265744,0.0066656131835627274,0.011561072214265744,1.4288,1.4288
534,SXM,Sint Maarten (Dutch part),2050,0.051017,0.05085254023638372,0.04800916950311354,0.004706174870884431,0.0119111499565933,0.00667220535725936,0.0119111499565933,1.4288,1.4288
534,SXM,Sint Maarten (Dutch part),2055,0.050877000000000006,0.0507075127192241,0.0471687439266963,0.0044610454644757064,0.012151961348251424,0.006483276295277186,0.012151961348251424,1.4288,1.4288
534,SXM,Sint Maarten (Dutch part),2060,0.050395,0.0501907959837408,0.04588992123273788,0.004097005922948936,0.012205951876404194,0.006226255432428792,0.012205951876404194,1.4288,1.4288
534,SXM,Sint Maarten (Dutch part),2065,0.049895,0.049567426539994866,0.04442633696639305,0.003714440600838716,0.012228327728752158,0.00602211515845363,0.012228327728752158,1.4288,1.4288
534,SXM,Sint Maarten (Dutch part),2070,0.049144,0.04872607485893225,0.0426884540101591,0.0033601791765411823,0.012756597361409066,0.005871998025369347,0.012756597361409066,1.4288,1.4288
534,SXM,Sint Maarten (Dutch part),2075,0.048372,0.047836128715294794,0.040887307443097216,0.0030662338766799407,0.013913816545882623,0.005731170649917121,0.013913816545882623,1.4288,1.4288
534,SXM,Sint Maarten (Dutch part),2080,0.047432,0.046787474052996214,0.0389350471969355,0.002814268610639286,0.01487072269085091,0.005548613993340274,0.01487072269085091,1.4288,1.4288
534,SXM,Sint Maarten (Dutch part),2085,0.046388,0.04560383060074145,0.036857927376052736,0.002582674009566852,0.015094387472282998,0.005323201612072782,0.015094387472282998,1.4288,1.4288
534,SXM,Sint Maarten (Dutch part),2090,0.045175,0.04420570992119347,0.03456855811307723,0.0023511073203578647,0.015054392215696202,0.005085736702887381,0.015054392215696202,1.4288,1.4288
534,SXM,Sint Maarten (Dutch part),2095,0.043791,0.04259976893500179,0.03206899904753372,0.0021166464425270808,0.014501698002460935,0.004862370549069804,0.014759798088437762,1.4288,1.4288
534,SXM,Sint Maarten (Dutch part),2100,0.042279000000000004,0.04082750596903296,0.029408664761563202,0.0018923490949374186,0.013518295221307479,0.004665290240157244,0.014327393283412385,1.4288,1.4288
780,TTO,Trinidad and Tobago,2025,1.511155,1.511158,1.511158,0.264336,0.19532700000000003,0.264336,0.19532700000000003,1.5233,1.5233
780,TTO,Trinidad and Tobago,2030,1.512322,1.5113115990191919,1.4988782400054288,0.23137481557651118,0.23556182271504447,0.24380817459027435,0.23556182271504447,1.5233,1.5233
780,TTO,Trinidad and Tobago,2035,1.497855,1.4968489366109388,1.4607920839722985,0.18810207231029932,0.2560476595475089,0.22415892494893966,0.2560476595475089,1.5233,1.5233
780,TTO,Trinidad and Tobago,2040,1.472944,1.4720701444074922,1.4132797267160704,0.15179090059424308,0.2734093836151001,0.21058131828566493,0.2734093836151001,1.5233,1.5233
780,TTO,Trinidad and Tobago,2045,1.4395850000000001,1.4391820823460768,1.358284956996382,0.1325612639908496,0.29666890544218233,0.20107799985076996,0.29666890544218233,1.5233,1.5233
780,TTO,Trinidad and Tobago,2050,1.3998,1.4001486456351553,1.2970117210795384,0.1250766617139056,0.3321892909015026,0.19233330520281627,0.3321892909015026,1.5233,1.5233
780,TTO,Trinidad and Tobago,2055,1.354692,1.3559860386773794,1.229602195304235,0.11449651879258303,0.35905207205167516,0.18246336707008282,0.35905207205167516,1.5233,1.5233
780,TTO,Trinidad and Tobago,2060,1.3047449999999998,1.307256218957195,1.1561049914672876,0.10095060323831778,0.3657183603356919,0.17184985101965541,0.3657183603356919,1.5233,1.5233
780,TTO,Trinidad and Tobago,2065,1.250136,1.254194020322474,1.0768867565603637,0.08660476114780002,0.35819706851615785,0.16171885209275047,0.35819706851615785,1.5233,1.5233
780,TTO,Trinidad and Tobago,2070,1.1924059999999999,1.1983452358207614,0.9941591980809603,0.07406290958004275,0.3450255016238986,0.15310350591156435,0.3450255016238986,1.5233,1.5233
780,TTO,Trinidad and Tobago,2075,1.134732,1.1426887507388728,0.9117607869257384,0.0646547530924239,0.3336061375104496,0.1459806212205847,0.3336061375104496,1.5233,1.5233
780,TTO,Trinidad and Tobago,2080,1.08011,1.0901623949695227,0.8330845981153491,0.05790382412292543,0.32595375485266564,0.13961164695079714,0.32595375485266564,1.5233,1.5233
780,TTO,Trinidad and Tobago,2085,1.0301500000000001,1.0423575035388493,0.7596462413842913,0.05234755528448478,0.32031141512561734,0.1333377358887243,0.32031141512561734,1.5233,1.5233
780,TTO,Trinidad and Tobago,2090,0.984139,0.9985316347072181,0.6907398938384283,0.04681901500823746,0.3129102780749521,0.1268931198975503,0.3129102780749521,1.5233,1.5233
780,TTO,Trinidad and Tobago,2095,0.9404819999999999,0.9570592659110685,0.6248524497730188,0.04115712869378338,0.29273818391184664,0.1205608240658028,0.3036887958638096,1.5233,1.5233
780,TTO,Trinidad and Tobago,2100,0.898355,0.916964451467254,0.5612691974968596,0.03584956215454551,0.2624607764848355,0.1146977215483671,0.2938638442428536,1.5233,1.5233
796,TCA,Turks and Caicos Islands,2025,0.046854999999999994,0.046858,0.046858,0.007485,0.005475,0.007485,0.005475,1.4408,1.4408
796,TCA,Turks and Caicos Islands,2030,0.048258,0.04821275896667325,0.04786850513205872,0.007200446377053993,0.006796070180735962,0.007544700211668529,0.006796070180735962,1.4408,1.4408
796,TCA,Turks and Caicos Islands,2035,0.049493999999999996,0.04942088359753633,0.04840163045540733,0.006217292749096898,0.008342295424095543,0.00723654589122591,0.008342295424095543,1.4408,1.4408
796,TCA,Turks and Caicos Islands,2040,0.050425,0.0503009852924114,0.04860970842470017,0.005253110607549382,0.010125529090320537,0.0069443874752606,0.010125529090320537,1.4408,1.4408
796,TCA,Turks and Caicos Islands,2045,0.050926,0.05080678843269868,0.04844278007809831,0.004769611579386229,0.011886297564309778,0.0067901126910755935,0.011886297564309778,1.4408,1.4408
796,TCA,Turks and Caicos Islands,2050,0.050988,0.05086821230879702,0.047816617576628376,0.00462679190769203,0.013400629920451705,0.006661463484883908,0.013400629920451705,1.4408,1.4408
796,TCA,Turks and Caicos Islands,2055,0.050531,0.05038329992376977,0.046616811623665,0.004426433689114848,0.01439391863509688,0.006506026998198091,0.01439391863509688,1.4408,1.4408
796,TCA,Turks and Caicos Islands,2060,0.049565,0.049412973284776326,0.044889320235521724,0.004134196226083033,0.014759356899792615,0.006300710878611524,0.014759356899792615,1.4408,1.4408
796,TCA,Turks and Caicos Islands,2065,0.048282,0.048091233164311874,0.042754009163982774,0.003728992538227969,0.014867026865624914,0.006024227105746542,0.014867026865624914,1.4408,1.4408
796,TCA,Turks and Caicos Islands,2070,0.046924999999999994,0.04671909926580237,0.040520307401748085,0.0032746257347537125,0.014555835642830245,0.005719668327012029,0.014555835642830245,1.4408,1.4408
796,TCA,Turks and Caicos Islands,2075,0.045444000000000005,0.04517035937321334,0.038086329240760226,0.002855565379337773,0.014330539984085136,0.005432885809749035,0.014330539984085136,1.4408,1.4408
796,TCA,Turks and Caicos Islands,2080,0.043948999999999995,0.04362716408523433,0.03566177454542964,0.0025530475483895206,0.013973899349459291,0.005204311499127215,0.013973899349459291,1.4408,1.4408
796,TCA,Turks and Caicos Islands,2085,0.042525,0.042150225350027146,0.033310713168257226,0.0023511861455051603,0.013977493844102469,0.005024162242410831,0.013977493844102469,1.4408,1.4408
796,TCA,Turks and Caicos Islands,2090,0.041183,0.04074490319407867,0.031037360554174956,0.002176825160497504,0.013976285691222461,0.004845879953156514,0.013976285691222461,1.4408,1.4408
796,TCA,Turks and Caicos Islands,2095,0.039922,0.03938497585127269,0.02881834062311473,0.0019870240092627776,0.01348869446767358,0.004652917468657881,0.013811244847360623,1.4408,1.4408
796,TCA,Turks and Caicos Islands,2100,0.038672,0.03802456959819207,0.02661371457553655,0.0017777203353311051,0.012610156905515861,0.00444225287062498,0.013558802321954975,1.4408,1.4408
850,VIR,United States Virgin Islands,2025,0.084138,0.08414100000000002,0.08414100000000002,0.013847,0.019458999999999997,0.013847,0.019458999999999997,2.0657,2.0657
850,VIR,United States Virgin Islands,2030,0.08085200000000001,0.08097400540786182,0.07986231133175906,0.012520115262003395,0.02037908303671993,0.013631809338106142,0.02037908303671993,2.0657,2.0657
850,VIR,United States Virgin Islands,2035,0.07811799999999999,0.07823635097499715,0.07502272444721486,0.01017500651271919,0.02075675452995089,0.013388633040501485,0.02075675452995089,2.0657,2.0657
850,VIR,United States Virgin Islands,2040,0.075569,0.07571662205324486,0.07055353905563345,0.007609515727204023,0.020272780733385686,0.012772598724815423,0.020272780733385686,2.0657,2.0657
850,VIR,United States Virgin Islands,2045,0.073253,0.07342300690860347,0.06640728716631003,0.0063047667582949015,0.01939345082431451,0.012213183426410453,0.01939345082431451,2.0657,2.0657
850,VIR,United States Virgin Islands,2050,0.071225,0.07148740095762218,0.06258508371720677,0.006146997172080571,0.018547987322419003,0.011848531470594725,0.018547987322419003,2.0657,2.0657
850,VIR,United States Virgin Islands,2055,0.069444,0.06981201971200553,0.058846555845478335,0.005805783284875913,0.017566084922723987,0.011630336000596557,0.017566084922723987,2.0657,2.0657
850,VIR,United States Virgin Islands,2060,0.06794700000000001,0.06845341098696026,0.05522032136839125,0.0051924793620182295,0.016728462174105285,0.011442350855839627,0.016728462174105285,2.0657,2.0657
850,VIR,United States Virgin Islands,2065,0.066869,0.06748574781742574,0.051864066487012306,0.004408499225697895,0.015795066286435816,0.01117121188130952,0.015795066286435816,2.0657,2.0657
850,VIR,United States Virgin Islands,2070,0.066055,0.06678195407348933,0.048757915674740256,0.0036961329792873834,0.01571109216997344,0.010810107010537359,0.01571109216997344,2.0657,2.0657
850,VIR,United States Virgin Islands,2075,0.06536,0.06618996848972193,0.045788999980327275,0.0032185828248546236,0.016121932773263528,0.01045758042753523,0.016121932773263528,2.0657,2.0657
850,VIR,United States Virgin Islands,2080,0.06478199999999999,0.06574838287428647,0.042978144804814586,0.002942645431278282,0.01639251139581496,0.010185072685468298,0.01639251139581496,2.0657,2.0657
850,VIR,United States Virgin Islands,2085,0.06422,0.06533690879994773,0.04018535554228617,0.0027141511262245475,0.016767735868867626,0.009968960123686702,0.016767735868867626,2.0657,2.0657
850,VIR,United States Virgin Islands,2090,0.06360199999999999,0.06487249072045961,0.03734339753052498,0.0024455617404551713,0.01747646900703759,0.009749908042024179,0.01747646900703759,2.0657,2.0657
850,VIR,United States Virgin Islands,2095,0.06285199999999999,0.06428523815781316,0.03442009470146547,0.002145449440977468,0.017049451946169754,0.009487540359671073,0.018070522661119248,2.0657,2.0657
850,VIR,United States Virgin Islands,2100,0.061960999999999995,0.06356122209966761,0.03143933667289759,0.0018614294458453218,0.015525303449783803,0.009186444101906513,0.018451732637568517,2.0657,2.0657
84,BLZ,Belize,2025,0.42292399999999997,0.42292799999999997,0.42292799999999997,0.11110300000000001,0.022114,0.11110300000000001,0.022114,1.63,2.0087
84,BLZ,Belize,2030,0.449839,0.4496065590005188,0.4374730695270134,0.09853276406696747,0.02852210922576334,0.11066625354047284,0.02852210922576334,1.63,2.0087
84,BLZ,Belize,2035,0.473132,0.47350341771707394,0.44456835975130893,0.07874691590371981,0.035888059880625246,0.10768197386948478,0.035888059880625246,1.63,2.0087
84,BLZ,Belize,2040,0.491595,0.4931500811280541,0.4484539124161494,0.06148751927774281,0.04459477667694356,0.10618368798964753,0.04459477667694356,1.63,2.0087
84,BLZ,Belize,2045,0.5057,0.5091112255462935,0.44925363919704886,0.054810744468705555,0.053969137937572714,0.10257666979584168,0.053969137937572714,1.63,2.0087
84,BLZ,Belize,2050,0.516627,0.5221802084643585,0.44668512998346127,0.052324297063027866,0.0652062198668161,0.09899176385502247,0.0652062198668161,1.63,2.0087
84,BLZ,Belize,2055,0.523898,0.531807540238777,0.43941849748864864,0.04777654876506868,0.07848742765620866,0.09566592158787554,0.07848742765620866,1.63,2.0087
84,BLZ,Belize,2060,0.527582,0.5383293409716325,0.4278668417564556,0.0417245957422858,0.09319996198739001,0.09264158502224679,0.09319996198739001,1.63,2.0087
84,BLZ,Belize,2065,0.5276989999999999,0.5419889235677356,0.412698038463614,0.03552643005614567,0.10742341842750447,0.08977091343147704,0.10742341842750447,1.63,2.0087
84,BLZ,Belize,2070,0.524069,0.5424526502311066,0.39416930570995723,0.03034908105183726,0.11919482773614365,0.08685908933955275,0.11919482773614365,1.63,2.0087
84,BLZ,Belize,2075,0.5166609999999999,0.53969916390234,0.37270066270792,0.02656652925960946,0.1273439362455863,0.0839389828016278,0.1273439362455863,1.63,2.0087
84,BLZ,Belize,2080,0.5058980000000001,0.5340729104081882,0.3487036280414859,0.02377904739605877,0.1326989319770798,0.08100094220296128,0.1326989319770798,1.63,2.0087
84,BLZ,Belize,2085,0.492904,0.526590645241644,0.32314542265771967,0.021339353328113,0.137769829907069,0.0780728702450863,0.137769829907069,1.63,2.0087
84,BLZ,Belize,2090,0.47842399999999996,0.5178255534094542,0.29656182508973256,0.018884267033519756,0.13955112430223865,0.07531551985949715,0.13955112430223865,1.63,2.0087
84,BLZ,Belize,2095,0.463096,0.5082860498955313,0.2696439996784542,0.016482354004671528,0.13121455350862454,0.07274406276924848,0.1420055279306349,1.63,2.0087
84,BLZ,Belize,2100,0.44737299999999997,0.4982377179010516,0.24300501899141158,0.014362745693129536,0.11835501177335703,0.07031666618456188,0.14372700510473074,1.63,2.0087
188,CRI,Costa Rica,2025,5.15295,5.152950000000001,5.152950000000001,0.943431,0.657103,0.943431,0.657103,1.12,1.3099
188,CRI,Costa Rica,2030,5.2514970000000005,5.249073592132147,5.2021316231470305,0.7907088148609561,0.8116155497574951,0.8376507838460727,0.8116155497574951,1.12,1.3099
188,CRI,Costa Rica,2035,5.324699,5.319656769765972,5.214755108350731,0.6439897738805701,0.9506611876037568,0.7488914352958109,0.9506611876037568,1.12,1.3099
188,CRI,Costa Rica,2040,5.369806,5.362031527240066,5.198020596392243,0.5579100543978133,1.0716543620152152,0.7219209852456367,1.0716543620152152,1.12,1.3099
188,CRI,Costa Rica,2045,5.381019,5.371149517591495,5.147313218331393,0.5228750975569431,1.2005068340179061,0.6998851424840025,1.2005068340179061,1.12,1.3099
188,CRI,Costa Rica,2050,5.35415,5.343087540568269,5.058652501280559,0.4909616345855039,1.3456662859311488,0.6707949359598263,1.3456662859311488,1.12,1.3099
188,CRI,Costa Rica,2055,5.288194000000001,5.277020745357171,4.9298841435387,0.4480528081541904,1.4922050661883157,0.6317517874565636,1.4922050661883157,1.12,1.3099
188,CRI,Costa Rica,2060,5.1891940000000005,5.17817095995962,4.764115118392829,0.39591916711608527,1.6125011402608422,0.5870484216873819,1.6125011402608422,1.12,1.3099
188,CRI,Costa Rica,2065,5.065285,5.053718661280636,4.56759140024682,0.34287301819139643,1.7051969385386003,0.5458211125101105,1.7051969385386003,1.12,1.3099
188,CRI,Costa Rica,2070,4.921499,4.90853100486264,4.346642733204397,0.2988063576671128,1.7559773710793671,0.5151669796016402,1.7559773710793671,1.12,1.3099
188,CRI,Costa Rica,2075,4.756834,4.74278452726489,4.104036424740332,0.26758039765759156,1.7832412991773234,0.4942810705902421,1.7832412991773234,1.12,1.3099
188,CRI,Costa Rica,2080,4.572927,4.557939349109251,3.842860759770032,0.2451277061329798,1.7901240620381509,0.47658917976555304,1.7901240620381509,1.12,1.3099
188,CRI,Costa Rica,2085,4.375133,4.3600287066610415,3.569703210621963,0.22454932877690692,1.7700756702966094,0.4561642616349237,1.7700756702966094,1.12,1.3099
188,CRI,Costa Rica,2090,4.17146,4.156493595115073,3.2918874768530086,0.2023408826815202,1.6885845183734798,0.4322986328268575,1.6885845183734798,1.12,1.3099
188,CRI,Costa Rica,2095,3.970038,3.9553596340851316,3.016969693081962,0.1793541290178383,1.5592606436183347,0.4080577555739036,1.603696492988275,1.12,1.3099
188,CRI,Costa Rica,2100,3.7764740000000003,3.761274888020871,2.749807002341684,0.1582647206902877,1.4264866896976522,0.38669744190699484,1.5251692097722749,1.12,1.3099
222,SLV,El Salvador,2025,6.3655029999999995,6.365500999999998,6.365500999999998,1.552183,0.5289190000000001,1.552183,0.5289190000000001,1.7531,1.7531
222,SLV,El Salvador,2030,6.486207,6.486572338877155,6.389039920565,1.3638981020137726,0.6041424056997178,1.4614305203259268,0.6041424056997178,1.7531,1.7531
222,SLV,El Salvador,2035,6.578181,6.578334095010825,6.29579560939724,1.1153484752925156,0.695226712329247,1.3978869609060998,0.695226712329247,1.7531,1.7531
222,SLV,El Salvador,2040,6.640752,6.64130566054923,6.189001160619545,0.8778980645267185,0.7921504593710788,1.330202564456402,0.7921504593710788,1.7531,1.7531
222,SLV,El Salvador,2045,6.668024999999999,6.669064784370912,6.056272722165851,0.7340167283458104,0.897350560232817,1.2497775415222312,0.897350560232817,1.7531,1.7531
222,SLV,El Salvador,2050,6.663346,6.667268197677217,5.8932026219801505,0.6807883640211868,0.9852048174617637,1.174011370887231,0.9852048174617637,1.7531,1.7531
222,SLV,El Salvador,2055,6.624747,6.63268166323011,5.689303957648746,0.6138616087282721,1.0991857980049928,1.1083657742677124,1.0991857980049928,1.7531,1.7531
222,SLV,El Salvador,2060,6.554199,6.570275409350716,5.446956015722397,0.5349057133158995,1.2859405348756774,1.0510887582783819,1.2859405348756774,1.7531,1.7531
222,SLV,El Salvador,2065,6.455855,6.480813004772765,5.16871691229597,0.4517175510376795,1.4987439163642688,0.9979005865071963,1.4987439163642688,1.7531,1.7531
222,SLV,El Salvador,2070,6.329849,6.3657919011401285,4.863155683432271,0.37657888251921134,1.6286944755867534,0.9467296174536264,1.6286944755867534,1.7531,1.7531
222,SLV,El Salvador,2075,6.175901,6.224548986480148,4.536233868757934,0.3183162446714892,1.6991056447399988,0.8972645750074709,1.6991056447399988,1.7531,1.7531
222,SLV,El Salvador,2080,5.9850330000000005,6.048622902163375,4.180855464904618,0.2764554700425309,1.7425790107217645,0.8495161315040362,1.7425790107217645,1.7531,1.7531
222,SLV,El Salvador,2085,5.765732,5.8480172690923835,3.8060393493975964,0.24422957742657542,1.7317601781135337,0.8050424834778143,1.7317601781135337,1.7531,1.7531
222,SLV,El Salvador,2090,5.532369,5.6362702231072594,3.423890167645066,0.21404646704446406,1.701593753064764,0.7647956168642004,1.701593753064764,1.7531,1.7531
222,SLV,El Salvador,2095,5.2980529999999995,5.423977069160543,3.045495264359315,0.1833966856796543,1.588900084106139,0.7277894376034196,1.6742597719490826,1.7531,1.7531
222,SLV,El Salvador,2100,5.073225000000001,5.22231441356872,2.6851107989092253,0.154774091338645,1.401507952393605,0.6935435771624053,1.6472039066872235,1.7531,1.7531
320,GTM,Guatemala,2025,18.687881,18.687883000000003,18.687883000000003,5.798096,0.9275319999999999,5.798096,0.9275319999999999,1.91,2.2562
320,GTM,Guatemala,2030,20.067253,20.062450823700082,19.43302192616035,5.055949918116905,1.1079397849398727,5.685378815656636,1.1079397849398727,1.91,2.2562
320,GTM,Guatemala,2035,21.394237,21.37922235386727,19.777184957462012,3.9679471927295573,1.3117361850765197,5.569984589134814,1.3117361850765197,1.91,2.2562
320,GTM,Guatemala,2040,22.62687,22.5984095535667,20.073861675704524,3.0363258325499776,1.5637706377352916,5.560873710412156,1.5637706377352916,1.91,2.2562
320,GTM,Guatemala,2045,23.719089,23.68673856566882,20.27695926366017,2.691630244453383,1.9095520034540923,5.476292163801756,1.9095520034540923,1.91,2.2562
320,GTM,Guatemala,2050,24.670857,24.63233632140717,20.31518381358582,2.603011206021894,2.366810483213044,5.32996020567591,2.366810483213044,1.91,2.2562
320,GTM,Guatemala,2055,25.48938,25.439362100037993,20.14671312153236,2.370783826833055,2.927796288228315,5.160859361097535,2.927796288228315,1.91,2.2562
320,GTM,Guatemala,2060,26.15702,26.094129061686967,19.764596181524976,2.0481830748367993,3.5724486939335582,5.002365891976529,3.5724486939335582,1.91,2.2562
320,GTM,Guatemala,2065,26.661732,26.584516922291588,19.184356675839954,1.7267451807461012,4.24534385755866,4.857476530798991,4.24534385755866,1.91,2.2562
320,GTM,Guatemala,2070,26.991954,26.902210777120906,18.430786110631672,1.4712764990267606,4.878346856543253,4.712148172861621,4.878346856543253,1.91,2.2562
320,GTM,Guatemala,2075,27.13999,27.041447058912443,17.518938786452637,1.2888028070096311,5.395726133144581,4.560781147934003,5.395726133144581,1.91,2.2562
320,GTM,Guatemala,2080,27.127637,27.021829803772068,16.468485616389145,1.152132211375735,5.854739352624786,4.405441088387702,5.854739352624786,1.91,2.2562
320,GTM,Guatemala,2085,26.969557000000002,26.857088680604882,15.29143739219286,1.0295380950383186,6.222950333879695,4.251540613004039,6.222950333879695,1.91,2.2562
320,GTM,Guatemala,2090,26.695104999999998,26.576807708282015,14.021341240596724,0.9062049534287712,6.405716382407618,4.104197287231807,6.405716382407618,1.91,2.2562
320,GTM,Guatemala,2095,26.334168000000002,26.209401261350177,12.697180189093599,0.7870007520881949,6.022116668126083,3.9622986065039427,6.56459067941075,1.91,2.2562
320,GTM,Guatemala,2100,25.912091,25.7819874783368,11.36364887500508,0.6829319046750781,5.345967674715823,3.826122634975839,6.70676903621475,1.91,2.2562
340,HND,Honduras,2025,11.00585,11.005847000000001,11.005847000000001,3.3306620000000002,0.49989500000000003,3.3306620000000002,0.49989500000000003,2.4517,2.4517
340,HND,Honduras,2030,11.885318999999999,11.880088272001828,11.560667033088922,3.083507245403585,0.6153649387903739,3.40292848431649,0.6153649387903739,2.4517,2.4517
340,HND,Honduras,2035,12.714114,12.70588298054626,11.750914115702152,2.4713173820866983,0.7573151331872806,3.4262862469308044,0.7573151331872806,2.4517,2.4517
340,HND,Honduras,2040,13.484653,13.474936921695821,11.917435884784076,1.8395957389925404,0.9478183110924991,3.3970967759042887,0.9478183110924991,2.4517,2.4517
340,HND,Honduras,2045,14.197946,14.184830820488356,12.040850809840403,1.5231065242580775,1.2052293560946363,3.3493272499629563,1.2052293560946363,2.4517,2.4517
340,HND,Honduras,2050,14.846779,14.830871326419183,12.083501235744894,1.505156890250098,1.5017836539387608,3.302559056796277,1.5017836539387608,2.4517,2.4517
340,HND,Honduras,2055,15.423746,15.403909061183967,12.011461532609609,1.4137784635424733,1.8233181107797265,3.257715525503412,1.8233181107797265,2.4517,2.4517
340,HND,Honduras,2060,15.917463,15.895143366827588,11.812632110532599,1.256269160228567,2.1753730535553046,3.208548873059723,2.1753730535553046,2.4517,2.4517
340,HND,Honduras,2065,16.323012000000002,16.298763487721494,11.493472353966173,1.073504865013156,2.544461235051946,3.1502618639130673,2.544461235051946,2.4517,2.4517
340,HND,Honduras,2070,16.640171,16.6152912083544,11.07344546719807,0.9100935792804239,2.8934611575010507,3.083882881312971,2.8934611575010507,2.4517,2.4517
340,HND,Honduras,2075,16.873444,16.84854091918302,10.573055347762281,0.7886514081932747,3.180670914642753,3.013002794137352,3.180670914642753,2.4517,2.4517
340,HND,Honduras,2080,17.027467,17.00341932860305,10.003932863988318,0.7055313308664259,3.423921199405278,2.9408483380107655,3.423921199405278,2.4517,2.4517
340,HND,Honduras,2085,17.111997,17.088516171842596,9.37321146129194,0.6404575175068229,3.6565338623824837,2.869057263892467,3.6565338623824837,2.4517,2.4517
340,HND,Honduras,2090,17.135600999999998,17.11362839931372,8.690922662246015,0.5753704414234481,3.8871030534110034,2.7978639946312525,3.8871030534110034,2.4517,2.4517
340,HND,Honduras,2095,17.104837,17.084489230922536,7.971280211614199,0.5069073952611455,3.8116186978064346,2.7249203316507375,4.095048936735582,2.4517,2.4517
340,HND,Honduras,2100,17.029977,17.010634935238215,7.2354215626989244,0.44222548180053706,3.433987499499396,2.6495034531054853,4.272672804708249,2.4517,2.4517
484,MEX,Mexico,2025,131.9469,131.946896,130.91131399999998,28.276843824000004,13.222042713999997,31.787407999999996,11.243766000000003,1.23,1.8689
484,MEX,Mexico,2030,136.904738,136.87082939540113,131.5614987120296,24.16562189270199,15.302034248185183,30.274758663692825,13.728276632457117,1.23,1.8689
484,MEX,Mexico,2035,141.15081899999998,141.06324734451582,131.0622132330572,19.98287169476843,17.709847402406545,29.201718704129814,16.530273098457616,1.23,1.8689
484,MEX,Mexico,2040,144.624323,144.46777762967122,129.8811762458998,15.904217845950143,20.328083829492915,28.200687756450883,19.512295102416964,1.23,1.8689
484,MEX,Mexico,2045,147.240092,147.03814796764868,127.93655405281486,14.546117277238105,22.87039211796913,27.207091554470598,22.35627998144709,1.23,1.8689
484,MEX,Mexico,2050,148.94627400000002,148.70916336305265,125.06031886870046,13.404675173569105,25.5019527163009,26.13738705407545,25.193572466540363,1.23,1.8689
484,MEX,Mexico,2055,149.794545,149.53141869645194,121.22988121582542,11.918016077968991,28.366416174211135,25.017686462044463,28.158578320383498,1.23,1.8689
484,MEX,Mexico,2060,149.893286,149.59613656629472,116.53100375292611,10.274422336350455,31.355291559275077,23.944888402841475,31.171178461940965,1.23,1.8689
484,MEX,Mexico,2065,149.30254000000002,148.9699333337064,111.07877028120154,8.74792986883745,34.01097430063341,22.964658905353136,33.81822113458091,1.23,1.8689
484,MEX,Mexico,2070,148.06321100000002,147.70436713527468,105.00702884364195,7.5147942631324565,36.55013760343003,22.064620029126242,36.343249320976334,1.23,1.8689
484,MEX,Mexico,2075,146.211751,145.8307859187279,98.41893472881637,6.582915806605472,38.643725176307825,21.206631833250768,38.4238229761506,1.23,1.8689
484,MEX,Mexico,2080,143.798332,143.40510327407864,91.39002850772285,5.840356869417475,39.28937209578966,20.359781038899563,40.1917796947842,1.23,1.8689
484,MEX,Mexico,2085,140.89244200000002,140.49685547926336,83.99029807739743,5.164045823153552,39.15588419878448,19.52740489179394,41.06832292469402,1.23,1.8689
484,MEX,Mexico,2090,137.597074,137.2135229672662,76.357783566316,4.5069004623764926,38.635190078495626,18.7364130897735,41.456244298203714,1.23,1.8689
484,MEX,Mexico,2095,134.008424,133.64213162932958,68.66411553007508,3.89428250667562,35.39199297063573,17.993084212182957,41.462310404938854,1.23,1.8689
484,MEX,Mexico,2100,130.24883599999998,129.91066170661668,61.141363392439644,3.3656580478212583,31.754239421140092,17.297770547962187,41.230545772035185,1.23,1.8689
558,NIC,Nicaragua,2025,7.007502000000001,7.007503000000001,7.007503000000001,1.9840100000000003,0.39925800000000006,1.9840100000000003,0.39925800000000006,1.8,2.1812
558,NIC,Nicaragua,2030,7.441603,7.440194789729996,7.219810524723223,1.7345241515714975,0.4941312825850981,1.9549084165782702,0.4941312825850981,1.8,2.1812
558,NIC,Nicaragua,2035,7.836703000000001,7.833577001596443,7.293091103749892,1.3783500032432363,0.6141521557693178,1.9188359010897862,0.6141521557693178,1.8,2.1812
558,NIC,Nicaragua,2040,8.189914,8.18463983066118,7.341648082030312,1.0372690444911152,0.7605335222750681,1.8802607931219832,0.7605335222750681,1.8,2.1812
558,NIC,Nicaragua,2045,8.497615,8.489859068603232,7.349919937591826,0.9122163960501828,0.9313345323364736,1.8326607752939768,0.9313345323364736,1.8,2.1812
558,NIC,Nicaragua,2050,8.75643,8.745994560785366,7.2965389798906894,0.8705099938406177,1.1233572167341483,1.7817115338123044,1.1233572167341483,1.8,2.1812
558,NIC,Nicaragua,2055,8.959459,8.94682236599894,7.169224864496622,0.7868753084828514,1.3358583813151708,1.7254822398207463,1.3358583813151708,1.8,2.1812
558,NIC,Nicaragua,2060,9.107127,9.09226540432655,6.970432539108076,0.6776638803488427,1.5546778151415288,1.6658856098694477,1.5546778151415288,1.8,2.1812
558,NIC,Nicaragua,2065,9.198031,9.181607975496904,6.705407829756758,0.5694186985996113,1.7503182017890753,1.6052931158993131,1.7503182017890753,1.8,2.1812
558,NIC,Nicaragua,2070,9.235612,9.21726734416901,6.3857077390357295,0.47991121761251126,1.91357163415676,1.5462776968245953,1.91357163415676,1.8,2.1812
558,NIC,Nicaragua,2075,9.221968,9.203647198435986,6.021595852431543,0.4136907415739521,2.065454079898137,1.4901694853073173,2.065454079898137,1.8,2.1812
558,NIC,Nicaragua,2080,9.164172,9.14582506379551,5.6189995521319,0.3644917486995071,2.1955248736625026,1.4361883354340634,2.1955248736625026,1.8,2.1812
558,NIC,Nicaragua,2085,9.066054,9.049148209188226,5.183228371034427,0.3218226550377042,2.2967408949323462,1.3838347940373938,2.2967408949323462,1.8,2.1812
558,NIC,Nicaragua,2090,8.938113,8.923510706682897,4.72569242859947,0.279597392859323,2.372948227826978,1.3324305370388665,2.372948227826978,1.8,2.1812
558,NIC,Nicaragua,2095,8.785878,8.773973944824823,4.253712018806961,0.23859933415899054,2.2345425278747264,1.2824575824673834,2.433254234385941,1.8,2.1812
558,NIC,Nicaragua,2100,8.611722,8.60330065372005,3.7747444184137557,0.2020946941341147,1.9931695998820171,1.234463351820066,2.4749371455936933,1.8,2.1812
591,PAN,Panama,2025,4.571189,4.571191000000001,4.571191000000001,1.121138,0.44144400000000006,1.121138,0.44144400000000006,1.79,2.0892
591,PAN,Panama,2030,4.833859,4.829900953173368,4.717527855351056,0.9763467834821761,0.5486316204208284,1.0887198813044878,0.5486316204208284,1.79,2.0892
591,PAN,Panama,2035,5.0722629999999995,5.065240329471428,4.778544365239956,0.7741732826014864,0.670011080806567,1.0608692468329584,0.670011080806567,1.79,2.0892
591,PAN,Panama,2040,5.286592,5.276780511298371,4.820854112966501,0.6012044871011073,0.7954908973490477,1.0571308854329768,0.7954908973490477,1.79,2.0892
591,PAN,Panama,2045,5.473276,5.462347442271554,4.841231470914943,0.5398275444257655,0.9135045641562725,1.049010978300139,0.9135045641562725,1.79,2.0892
591,PAN,Panama,2050,5.63068,5.618570131543276,4.829268898821248,0.5282167039246135,1.0343917974343309,1.0319226557682455,1.0343917974343309,1.79,2.0892
591,PAN,Panama,2055,5.757099,5.744186182660332,4.775929930763139,0.49284605442122875,1.151524917317976,1.007121284756193,1.151524917317976,1.79,2.0892
591,PAN,Panama,2060,5.855659999999999,5.841611530480787,4.681213887891878,0.43835346993444524,1.2602503182721938,0.9806168824805145,1.2602503182721938,1.79,2.0892
591,PAN,Panama,2065,5.930326,5.914492062653104,4.550359089736237,0.3781568931305818,1.3635879674352422,0.9570475156470623,1.3635879674352422,1.79,2.0892
591,PAN,Panama,2070,5.984212,5.966215619915418,4.391747303628476,0.3261555573308633,1.4613249068184877,0.9374873262217851,1.4613249068184877,1.79,2.0892
591,PAN,Panama,2075,6.017722,5.997827684923241,4.212252711409952,0.2884259220212871,1.5555048225366828,0.9198870432386195,1.5555048225366828,1.79,2.0892
591,PAN,Panama,2080,6.029734,6.008547229504513,4.014214834648231,0.26259727763156276,1.651847357831839,0.900552421389203,1.651847357831839,1.79,2.0892
591,PAN,Panama,2085,6.021453,5.9985219609009786,3.797404387945426,0.2417606463934372,1.7300084157729823,0.8781855110394458,1.7300084157729823,1.79,2.0892
591,PAN,Panama,2090,5.996317,5.971290783066461,3.5640943070993516,0.22024392750375216,1.7740138672334171,0.854448808483593,1.7740138672334171,1.79,2.0892
591,PAN,Panama,2095,5.957001,5.929091118038618,3.316406073723227,0.19727648404328926,1.702822019769949,0.8321957149758885,1.8083836382318201,1.79,2.0892
591,PAN,Panama,2100,5.904927,5.8738016180205905,3.0583154774292964,0.1754160475261142,1.5687191589440899,0.8123906075079043,1.8364505091756027,1.79,2.0892
32,ARG,Argentina,2025,45.851378,45.85137899999999,45.85137899999999,9.635995000000001,5.793063999999999,9.635995000000001,5.793063999999999,1.23,1.5047
32,ARG,Argentina,2030,46.585021999999995,46.56695372468088,45.90380615432908,7.778790162968446,6.361510533116801,8.441937733320243,6.361510533116801,1.23,1.5047
32,ARG,Argentina,2035,47.251993999999996,47.21087153739818,45.67010231932534,6.107391706173703,6.906208922632676,7.64816092424654,6.906208922632676,1.23,1.5047
32,ARG,Argentina,2040,47.817645,47.7433076590961,45.319872721525336,5.268797523274303,7.648815630548153,7.692232460845062,7.648815630548153,1.23,1.5047
32,ARG,Argentina,2045,48.191841000000004,48.096853138827335,44.802798081429266,5.020148522582252,8.630815899133736,7.6531669375212585,8.630815899133736,1.23,1.5047
32,ARG,Argentina,2050,48.308944000000004,48.20085372872118,44.04470301259826,4.811188570392191,9.586150177402553,7.432073871098142,9.586150177402553,1.23,1.5047
32,ARG,Argentina,2055,48.122229,48.011315328085445,42.97594179926769,4.4133259125231605,10.517830350871323,7.035357907562864,10.517830350871323,1.23,1.5047
32,ARG,Argentina,2060,47.638688,47.536268731118035,41.57229978276632,3.866012457091638,11.484776759838253,6.551332712603297,11.484776759838253,1.23,1.5047
32,ARG,Argentina,2065,46.943411999999995,46.837870146084924,39.87168600081067,3.292491605020595,12.282911138164891,6.1232799173478805,12.282911138164891,1.23,1.5047
32,ARG,Argentina,2070,46.100474000000006,45.98149966382244,37.95452568451697,2.8272856299447193,12.923820187676183,5.845465219541655,12.923820187676183,1.23,1.5047
32,ARG,Argentina,2075,45.115122,44.98142478097414,35.880929877097095,2.52078437186747,13.564824771433363,5.691329070014123,13.564824771433363,1.23,1.5047
32,ARG,Argentina,2080,43.976228000000006,43.834728058491514,33.682797221871866,2.3195023143419102,14.243411002713756,5.549846389858104,14.243411002713756,1.23,1.5047
32,ARG,Argentina,2085,42.677133999999995,42.540028785833755,31.36898463139978,2.1335931607369734,14.531717718486268,5.337868162461551,14.531717718486268,1.23,1.5047
32,ARG,Argentina,2090,41.255036999999994,41.12542218424113,28.9618256938916,1.917943135697667,14.016046499215639,5.06412979612965,14.016046499215639,1.23,1.5047
32,ARG,Argentina,2095,39.761858999999994,39.63782636625884,26.498040360853746,1.684221415219198,12.904755178182409,4.788642547175716,13.514811699435803,1.23,1.5047
32,ARG,Argentina,2100,38.25599,38.13362438783399,24.03417556258134,1.4682843447553646,11.683862195598527,4.563008751512776,13.084709671566882,1.23,1.5047
68,BOL,Bolivia (Plurinational State of),2025,12.581843000000001,12.581846999999998,12.581846999999998,3.704135,0.722206,3.704135,0.722206,2.06,2.4973
68,BOL,Bolivia (Plurinational State of),2030,13.405564,13.400913458751424,12.929948973424088,3.2615896145804624,0.8465724055025613,3.7325540999077984,0.8465724055025613,2.06,2.4973
68,BOL,Bolivia (Plurinational State of),2035,14.183823,14.174307979811214,12.98610945574724,2.5659391329341252,0.994738776463376,3.7541376569980995,0.994738776463376,2.06,2.4973
68,BOL,Bolivia (Plurinational State of),2040,14.899397,14.885303217127657,13.012144338282665,1.879144549060553,1.1644118784275734,3.7523034279055465,1.1644118784275734,2.06,2.4973
68,BOL,Bolivia (Plurinational State of),2045,15.542791,15.524610855574378,12.984320623195726,1.6470232162860308,1.3599607401899365,3.7236181874524017,1.3599607401899365,2.06,2.4973
68,BOL,Bolivia (Plurinational State of),2050,16.110162,16.086907010897082,12.862893934106529,1.626423753561423,1.5780971856899035,3.677716204683404,1.5780971856899035,2.06,2.4973
68,BOL,Bolivia (Plurinational State of),2055,16.598474999999997,16.5686787872857,12.618038835999883,1.522971194408663,1.8404264673208217,3.623302781582631,1.8404264673208217,2.06,2.4973
68,BOL,Bolivia (Plurinational State of),2060,17.007283,16.971448742684654,12.245434082866952,1.3457176574134389,2.126935213721785,3.5633370420602337,2.126935213721785,2.06,2.4973
68,BOL,Bolivia (Plurinational State of),2065,17.338469,17.29498465600502,11.753731391308705,1.1395021722540752,2.3993361022529527,3.4997490419888964,2.3993361022529527,2.06,2.4973
68,BOL,Bolivia (Plurinational State of),2070,17.590206,17.54061981011022,11.169934356718583,0.9571499247024848,2.6417127421853617,3.4336184157096405,2.6417127421853617,2.06,2.4973
68,BOL,Bolivia (Plurinational State of),2075,17.765645,17.709656764356534,10.519746651559478,0.827737382605629,2.8746908555418575,3.3648983011945437,2.8746908555418575,2.06,2.4973
68,BOL,Bolivia (Plurinational State of),2080,17.867661000000002,17.807624938058655,9.816910899490232,0.7448004690532171,3.0837289450325986,3.28972819020555,3.0837289450325986,2.06,2.4973
68,BOL,Bolivia (Plurinational State of),2085,17.907416,17.842795974500646,9.06716740697482,0.6793992599464465,3.2651880621486336,3.210188742922396,3.2651880621486336,2.06,2.4973
68,BOL,Bolivia (Plurinational State of),2090,17.899006,17.82876303170104,8.285006790230906,0.6089888457558424,3.432859838591424,3.131150577705632,3.432859838591424,2.06,2.4973
68,BOL,Bolivia (Plurinational State of),2095,17.850427,17.77445114269363,7.491556114536892,0.5325122764844676,3.215837687660307,3.05337661155222,3.5943256913223887,2.06,2.4973
68,BOL,Bolivia (Plurinational State of),2100,17.760564,17.6798042408544,6.70628841719556,0.4603644288340213,2.8118253026710893,2.9743796550007695,3.743747489959413,2.06,2.4973
76,BRA,Brazil,2025,212.812405,212.81240699999998,212.81240699999998,41.257134,24.431588000000005,41.257134,24.431588000000005,1.52,1.6001
76,BRA,Brazil,2030,216.074411,216.06490036728226,213.5496081307399,36.4215780775719,29.553708969878876,38.93687031411429,29.553708969878876,1.52,1.6001
76,BRA,Brazil,2035,218.199707,218.14978490982944,211.4190311806489,29.764481476047425,34.17566583811416,36.49523520522798,34.17566583811416,1.52,1.6001
76,BRA,Brazil,2040,219.237084,219.1349215328697,208.3665243361667,23.9982173581041,38.70724026979272,34.76661455480708,38.70724026979272,1.52,1.6001
76,BRA,Brazil,2045,219.026196,218.8590044943474,204.18508961733787,21.119790470200314,43.64745829615787,33.289514428214936,43.64745829615787,1.52,1.6001
76,BRA,Brazil,2050,217.489299,217.2815334127578,198.74737938962988,20.04370415069726,48.75903184471291,31.882314170743776,48.75903184471291,1.52,1.6001
76,BRA,Brazil,2055,214.791954,214.57321942306118,192.03835912511806,18.62282907372457,52.80214400890829,30.458368389658595,52.80214400890829,1.52,1.6001
76,BRA,Brazil,2060,211.038801,210.82900858882758,184.01363717160007,16.788542785951506,55.60406228177705,29.038253833166724,55.60406228177705,1.52,1.6001
76,BRA,Brazil,2065,206.34344099999998,206.1524427123348,174.7472492347649,14.668510845033536,57.97880960021021,27.684749355572954,57.97880960021021,1.52,1.6001
76,BRA,Brazil,2070,200.893056,200.72849483140186,164.55297112413683,12.602382114624769,58.98881428190284,26.4241041825148,58.98881428190284,1.52,1.6001
76,BRA,Brazil,2075,194.89591000000001,194.7368972578426,153.80358229032282,10.938830441005456,58.922879306057645,25.2801801759482,58.922879306057645,1.52,1.6001
76,BRA,Brazil,2080,188.598788,188.4474594451563,142.87351323418704,9.775567256144372,58.62286871607193,24.224027531638885,58.62286871607193,1.52,1.6001
76,BRA,Brazil,2085,182.17776800000001,182.0507694920657,131.94909491659686,8.916199294333857,58.255822902720844,23.200021803066726,58.255822902720844,1.52,1.6001
76,BRA,Brazil,2090,175.78097200000002,175.7020854524956,121.13872498314173,8.092883347892265,57.24779410032011,22.188386325306574,57.24779410032011,1.52,1.6001
76,BRA,Brazil,2095,169.483293,169.45513424160902,110.49599381663005,7.1999422905995285,53.74060915347955,21.202200367361343,56.017513037526676,1.52,1.6001
76,BRA,Brazil,2100,163.364064,163.37423437201087,100.14384505396669,6.302442953700997,48.67815915714665,20.27065455149467,54.716076513975494,1.52,1.6001
152,CHL,Chile,2025,19.859921,19.859922999999995,19.859922999999995,3.286221,2.8975140000000006,3.286221,2.8975140000000006,0.99,1.1267
152,CHL,Chile,2030,20.233183,20.20917897725988,20.112057411889328,2.7920821493818546,3.419342097817753,2.889203714752407,3.419342097817753,0.99,1.1267
152,CHL,Chile,2035,20.45594,20.415051029161898,20.21600256589396,2.372261523428532,3.9509980048454225,2.57130998669647,3.9509980048454225,0.99,1.1267
152,CHL,Chile,2040,20.542103,20.495206120626488,20.178510436832333,2.137756197919652,4.44514674547081,2.4544518817138106,4.44514674547081,0.99,1.1267
152,CHL,Chile,2045,20.499138,20.448892044273883,20.003113980867948,2.0378974880008096,4.901502071052227,2.3867480303514195,4.901502071052227,0.99,1.1267
152,CHL,Chile,2050,20.320306000000002,20.270058332162108,19.68641315102393,1.919915890922631,5.364833488103803,2.304950845888033,5.364833488103803,0.99,1.1267
152,CHL,Chile,2055,19.998262,19.944169696854303,19.214958213984907,1.7838069732862203,5.9013619812550155,2.1971237715375027,5.9013619812550155,0.99,1.1267
152,CHL,Chile,2060,19.536589,19.48297761568046,18.59795211800767,1.6157610658605464,6.425230613981648,2.0562636305929747,6.425230613981648,0.99,1.1267
152,CHL,Chile,2065,18.951112000000002,18.892407915303437,17.838331599303427,1.4236283338478453,6.774268252729912,1.8958282274117735,6.774268252729912,0.99,1.1267
152,CHL,Chile,2070,18.27683,18.213405249236587,16.97824723492541,1.2449784477317236,6.89391245749927,1.7533058481660535,6.89391245749927,0.99,1.1267
152,CHL,Chile,2075,17.549405999999998,17.48026835032517,16.056062687059097,1.111728492311663,6.917643911142252,1.6540766359172805,6.917643911142252,0.99,1.1267
152,CHL,Chile,2080,16.758877000000002,16.683304066529207,15.065652178045621,1.0192029125270483,6.911698756141989,1.5870329831928185,6.911698756141989,0.99,1.1267
152,CHL,Chile,2085,15.928818999999999,15.846348603973045,14.033494822285599,0.9440032406947738,6.769985243569637,1.527486285361623,6.769985243569637,0.99,1.1267
152,CHL,Chile,2090,15.064885,14.974603193588257,12.966769661197507,0.8663851694674969,6.409340230840372,1.4579286196670687,6.409340230840372,0.99,1.1267
152,CHL,Chile,2095,14.224298000000001,14.126827781207384,11.925104645113908,0.7830035759701641,5.916458249553855,1.3779488471446901,6.008568553054605,0.99,1.1267
152,CHL,Chile,2100,13.430616,13.32207294378226,10.928046095928039,0.6981488893387591,5.459842248864752,1.2946045680929679,5.646930235017745,0.99,1.1267
170,COL,Colombia,2025,53.425635,53.425639000000004,53.425639000000004,10.681344999999999,5.449473000000001,10.681344999999999,5.449473000000001,1.01,1.6181
170,COL,Colombia,2030,55.736475,55.66236022248579,54.43113089060965,9.18028146415225,6.8997444587912335,10.41151079602839,6.8997444587912335,1.01,1.6181
170,COL,Colombia,2035,57.445752999999996,57.326383247167016,54.94437425943687,7.665626140392024,8.301743201133922,10.047635128122176,8.301743201133922,1.01,1.6181
170,COL,Colombia,2040,58.576446000000004,58.43344422860587,54.95952726109084,6.036686336296814,9.524810945976833,9.510603303811848,9.524810945976833,1.01,1.6181
170,COL,Colombia,2045,59.190822999999995,59.03613579732831,54.47800085418306,5.712029810547023,10.768782390168496,9.043966512052437,10.768782390168496,1.01,1.6181
170,COL,Colombia,2050,59.385357000000006,59.21530104030385,53.515911183635325,5.28954573199702,12.118691040935346,8.618102439581623,12.118691040935346,1.01,1.6181
170,COL,Colombia,2055,59.252857000000006,59.05891887758366,52.12835228267629,4.762544920950365,13.528459518459744,8.238633483257873,13.528459518459744,1.01,1.6181
170,COL,Colombia,2060,58.833441,58.60674890360696,50.362417783429976,4.17646502405432,15.15267876100362,7.891026648408959,15.15267876100362,1.01,1.6181
170,COL,Colombia,2065,58.131055,57.87563603827651,48.26692927527377,3.612694107562687,16.61302869462722,7.558240638293928,16.61302869462722,1.01,1.6181
170,COL,Colombia,2070,57.12848,56.85345469878308,45.876001948907806,3.1403342974196287,17.63732779460871,7.230876268502631,17.63732779460871,1.01,1.6181
170,COL,Colombia,2075,55.827989,55.54077236999848,43.21517477000627,2.784736554937113,18.112655124268727,6.917914333832516,18.112655124268727,1.01,1.6181
170,COL,Colombia,2080,54.267963,53.96448530889266,40.30606743313356,2.516909675344548,18.09264570697173,6.629075754551335,18.09264570697173,1.01,1.6181
170,COL,Colombia,2085,52.520933,52.194583582076035,37.21080714432818,2.280573448012035,17.819306599096276,6.364022988587974,17.819306599096276,1.01,1.6181
170,COL,Colombia,2090,50.674501,50.33051058463773,34.02822962421655,2.0419025544911444,17.496774825660957,6.117019413357984,17.496774825660957,1.01,1.6181
170,COL,Colombia,2095,48.834469,48.46815188081223,30.864827199975082,1.8065031990749965,15.87450351747212,5.881982964923216,17.026428063087863,1.01,1.6181
170,COL,Colombia,2100,47.080764,46.68723367526419,27.82410493115401,1.5933326375363035,14.342194811873943,5.654976164905214,16.5472460601844,1.01,1.6181
218,ECU,Ecuador,2025,18.289896000000002,18.289894,18.289894,4.371097,1.5722779999999998,4.371097,1.5722779999999998,1.7916,1.7916
218,ECU,Ecuador,2030,19.069719,19.068244090743416,18.789795295429418,3.838739920777257,1.89654422290445,4.117188716091255,1.89654422290445,1.7916,1.7916
218,ECU,Ecuador,2035,19.800128,19.789636499974257,18.96367223768504,3.1287818716230675,2.270546551598145,3.954746133912292,2.270546551598145,1.7916,1.7916
218,ECU,Ecuador,2040,20.43422,20.415015002776617,19.06520724939459,2.5156060696879896,2.686792235047785,3.8654138230700203,2.686792235047785,1.7916,1.7916
218,ECU,Ecuador,2045,20.950628000000002,20.925745915475623,19.068730617901753,2.18503959599063,3.1460936124406227,3.7649293535087947,3.1460936124406227,1.7916,1.7916
218,ECU,Ecuador,2050,21.337237000000002,21.30829692547879,18.94369708011621,2.0886775514420397,3.6627765716172602,3.631242322831868,3.6627765716172602,1.7916,1.7916
218,ECU,Ecuador,2055,21.590749,21.5602739506498,18.665729005028407,1.9261237766819304,4.194011513351428,3.4779018534494908,4.194011513351428,1.7916,1.7916
218,ECU,Ecuador,2060,21.719867999999998,21.685957396061383,18.224378064924924,1.7102066338670583,4.739441417981507,3.325471341862301,4.739441417981507,1.7916,1.7916
218,ECU,Ecuador,2065,21.730188,21.691260951288324,17.6268703970628,1.4761611143070026,5.245705694300844,3.19044774151368,5.245705694300844,1.7916,1.7916
218,ECU,Ecuador,2070,21.625452000000003,21.58058472616218,16.8954028839233,1.2659428436674547,5.660969001326359,3.07493105074355,5.660969001326359,1.7916,1.7916
218,ECU,Ecuador,2075,21.404280999999997,21.35700416673922,16.05434183362833,1.1056935382328128,6.021329938645573,2.9694193858251112,6.021329938645573,1.7916,1.7916
218,ECU,Ecuador,2080,21.074018,21.027394819845505,15.120244865832145,0.9921227303509398,6.288938584007691,2.862870486677107,6.288938584007691,1.7916,1.7916
218,ECU,Ecuador,2085,20.654310000000002,20.608979750579536,14.106590829489791,0.9008905284062834,6.404653716063073,2.753301767385421,6.404653716063073,1.7916,1.7916
218,ECU,Ecuador,2090,20.168411,20.123686824951264,13.032198625504629,0.8101066782774338,6.390895224668316,2.644314573657689,6.390895224668316,1.7916,1.7916
218,ECU,Ecuador,2095,19.641077000000003,19.597640149086008,11.923325011280088,0.7156359294554656,6.077539688553712,2.542714305965796,6.335271251025131,1.7916,1.7916
218,ECU,Ecuador,2100,19.092159,19.04929861334007,10.803388948188006,0.6260192227085694,5.5049357554673355,2.451270132577792,6.265235713957532,1.7916,1.7916
238,FLK,Falkland Islands (Malvinas),2025,0.003469,0.0034779999999999998,0.0034779999999999998,0.0005589999999999999,0.00046,0.0005589999999999999,0.00046,1.6948,1.6948
238,FLK,Falkland Islands (Malvinas),2030,0.003422,0.0034366579580711286,0.003402495667278733,0.000488597965166853,0.0005950536292716985,0.0005227602559592493,0.0005950536292716985,1.6948,1.6948
238,FLK,Falkland Islands (Malvinas),2035,0.003367,0.0033857708182215506,0.0032930884381962163,0.0004011188319477709,0.0007591372766200304,0.0004938012119731054,0.0007591372766200304,1.6948,1.6948
238,FLK,Falkland Islands (Malvinas),2040,0.003317,0.003333001074984657,0.0031844941483910646,0.0002913631628749639,0.0009297321839723022,0.0004398700894685562,0.0009297321839723022,1.6948,1.6948
238,FLK,Falkland Islands (Malvinas),2045,0.003251,0.0032705238309168193,0.003064946060563437,0.000244103932834706,0.0010512546649197026,0.0004156022681642978,0.0010512546649197026,1.6948,1.6948
238,FLK,Falkland Islands (Malvinas),2050,0.003176,0.0031937077719868274,0.0029303137565579876,0.0002437502579252989,0.0011171365977387204,0.0004146681882751692,0.0011171365977387204,1.6948,1.6948
238,FLK,Falkland Islands (Malvinas),2055,0.00307,0.003091225150551496,0.002767807009543348,0.00024025405941126168,0.001121369570180634,0.0004154931733940581,0.001121369570180634,1.6948,1.6948
238,FLK,Falkland Islands (Malvinas),2060,0.002943,0.002966471432698588,0.0025785456112643705,0.00022256017675311107,0.0010890305406139264,0.00040537588134560194,0.0010890305406139264,1.6948,1.6948
238,FLK,Falkland Islands (Malvinas),2065,0.002805,0.002835972159011664,0.0023794067024657402,0.00019205796233113558,0.0009797948526027507,0.0003858433073200774,0.0009797948526027507,1.6948,1.6948
238,FLK,Falkland Islands (Malvinas),2070,0.0026739999999999997,0.0027102654325954255,0.0021830956170200305,0.00015847714985598292,0.0008554324864817102,0.000363004720502487,0.0008554324864817102,1.6948,1.6948
238,FLK,Falkland Islands (Malvinas),2075,0.002562,0.002598595255774161,0.0020001906996114332,0.00013325351304795626,0.0007862244263565959,0.0003447260245992865,0.0007862244263565959,1.6948,1.6948
238,FLK,Falkland Islands (Malvinas),2080,0.0024609999999999996,0.0025078952150598254,0.001837935745016518,0.00012045756084825953,0.0007550069948529804,0.00033517981268942076,0.0007550069948529804,1.6948,1.6948
238,FLK,Falkland Islands (Malvinas),2085,0.0023929999999999997,0.0024391214770408537,0.0016976220728491098,0.0001143289541641189,0.000728287308244216,0.00033051887691345284,0.000728287308244216,1.6948,1.6948
238,FLK,Falkland Islands (Malvinas),2090,0.002337,0.002390671406860275,0.0015778915302399692,0.00010743946961414256,0.0007485113925240289,0.00032450209013442694,0.0007485113925240289,1.6948,1.6948
238,FLK,Falkland Islands (Malvinas),2095,0.0023,0.0023521361943225107,0.001468753819239191,9.697003788542012e-05,0.0007296084444937059,0.0003143868447432134,0.0007621912176680255,1.6948,1.6948
238,FLK,Falkland Islands (Malvinas),2100,0.0022519999999999997,0.0023165989996488056,0.0013642263701384607,8.48121416788428e-05,0.0006748960741680855,0.00030189544280875244,0.0007625828573308574,1.6948,1.6948
254,GUF,French Guiana,2025,0.313666,0.31367199999999995,0.31367199999999995,0.097157,0.022771999999999994,0.097157,0.022771999999999994,3.2931,3.2931
254,GUF,French Guiana,2030,0.34173200000000004,0.34259512110191576,0.33016710955109896,0.09168886542265804,0.028890285188496023,0.10411687697347483,0.028890285188496023,3.2931,3.2931
254,GUF,French Guiana,2035,0.373616,0.37425521067045986,0.3360822699374214,0.07297524237062973,0.03587012034065338,0.11114818310366816,0.03587012034065338,3.2931,3.2931
254,GUF,French Guiana,2040,0.40616800000000003,0.40661774962807007,0.34239065010193304,0.052464957157671764,0.043099553940021594,0.11669205668380872,0.043099553940021594,3.2931,3.2931
254,GUF,French Guiana,2045,0.439026,0.4391990355091008,0.3485291247147959,0.0421871518140594,0.04960177684118508,0.12046905269438846,0.04960177684118508,3.2931,3.2931
254,GUF,French Guiana,2050,0.471916,0.47189120618936253,0.3538507206514043,0.04476151801944869,0.05739484280374511,0.12475099478054424,0.05739484280374511,3.2931,3.2931
254,GUF,French Guiana,2055,0.504613,0.5043528931095781,0.3569888252403109,0.045161145409912826,0.06434176382298366,0.12852409967256853,0.06434176382298366,3.2931,3.2931
254,GUF,French Guiana,2060,0.537432,0.536697397947089,0.3572777774242279,0.042618019056723994,0.06929119488490457,0.13172402531312583,0.06929119488490457,3.2931,3.2931
254,GUF,French Guiana,2065,0.570236,0.5687940455867654,0.35453691129355613,0.037680640665433876,0.07367506994879655,0.13439482628610877,0.07367506994879655,3.2931,3.2931
254,GUF,French Guiana,2070,0.60275,0.600409977377993,0.3491990782844846,0.03207765649280701,0.08220169590775414,0.13657477835279014,0.08220169590775414,3.2931,3.2931
254,GUF,French Guiana,2075,0.634688,0.6313362939147629,0.3421313439036661,0.02762385421488446,0.09504528690712241,0.13824495023304695,0.09504528690712241,3.2931,3.2931
254,GUF,French Guiana,2080,0.665982,0.6614667673962129,0.333976617988983,0.025064442350366565,0.10779811542089293,0.13938028108116635,0.10779811542089293,3.2931,3.2931
254,GUF,French Guiana,2085,0.696327,0.6904388546308692,0.32445326105333494,0.023800365210034535,0.12066715210743588,0.13999272952539343,0.12066715210743588,3.2931,3.2931
254,GUF,French Guiana,2090,0.7251369999999999,0.7177043552001854,0.31294536495208924,0.022707294495677512,0.1350363096155382,0.14013290448882743,0.1350363096155382,3.2931,3.2931
254,GUF,French Guiana,2095,0.751289,0.7420969877187513,0.29832862834219886,0.02107718439721873,0.13885999586436237,0.13987418103817204,0.15050748458597143,3.2931,3.2931
254,GUF,French Guiana,2100,0.775239,0.7642536169135911,0.28150162930019734,0.019071417464757403,0.12894693789228184,0.13937730742774343,0.16450077130715213,3.2931,3.2931
328,GUY,Guyana,2025,0.835986,0.83599,0.83599,0.241879,0.058359,0.241879,0.058359,2.3697,2.3697
328,GUY,Guyana,2030,0.861038,0.8627288482885805,0.8412485426872564,0.21823454529873443,0.07106066158540235,0.2397148509000587,0.07106066158540235,2.3697,2.3697
328,GUY,Guyana,2035,0.8859360000000001,0.8881231846942073,0.8253522192514641,0.16965339538711116,0.08305110969771533,0.2324243608298544,0.08305110969771533,2.3697,2.3697
328,GUY,Guyana,2040,0.9075059999999999,0.9097782477656388,0.8079704875664808,0.12325999527250166,0.09351859275762478,0.2250677554716597,0.09351859275762478,2.3697,2.3697
328,GUY,Guyana,2045,0.926353,0.9282970570087179,0.7886304218749097,0.10045620363471691,0.10165021603302034,0.21876702067237108,0.10165021603302034,2.3697,2.3697
328,GUY,Guyana,2050,0.940607,0.9431054750224879,0.7652117481355243,0.09863137775341606,0.10672831369224313,0.21413521679517963,0.10672831369224313,2.3697,2.3697
328,GUY,Guyana,2055,0.9503780000000001,0.9537975292092074,0.7357335320504415,0.09177692161378369,0.11333064466145877,0.20877272676754668,0.11333064466145877,2.3697,2.3697
328,GUY,Guyana,2060,0.956825,0.9620044257723038,0.7013636970581074,0.07971753852759758,0.12939486505299647,0.20197133490945282,0.12939486505299647,2.3697,2.3697
328,GUY,Guyana,2065,0.96004,0.966435305213662,0.6614731925952101,0.06530117755368965,0.14808552472502776,0.19435962111360117,0.14808552472502776,2.3697,2.3697
328,GUY,Guyana,2070,0.9591219999999999,0.9670529318876677,0.6175971482437432,0.05256816711738355,0.15788661094069947,0.18682555587720812,0.15788661094069947,2.3697,2.3697
328,GUY,Guyana,2075,0.9540599999999999,0.963819562928388,0.5708211140631608,0.04361672685455384,0.16678440299594285,0.17992712758090687,0.16678440299594285,2.3697,2.3697
328,GUY,Guyana,2080,0.945878,0.957734235608073,0.5225315097547469,0.037854997026724575,0.1778762034734211,0.17346506802757658,0.1778762034734211,2.3697,2.3697
328,GUY,Guyana,2085,0.935035,0.9494044750976177,0.4733488599458522,0.03332336558053989,0.18976983194083036,0.16720098911452577,0.18976983194083036,2.3697,2.3697
328,GUY,Guyana,2090,0.921259,0.9386527052285513,0.42314450336276843,0.02863020131555521,0.19984075434597975,0.16097899796053106,0.19984075434597975,2.3697,2.3697
328,GUY,Guyana,2095,0.90616,0.9264669949162586,0.37333735298161524,0.02380574539931581,0.19072158614900953,0.15501541265323146,0.2080057906410772,2.3697,2.3697
328,GUY,Guyana,2100,0.888952,0.9122048659205256,0.3239906801885917,0.019330392247357924,0.1639221650549791,0.1493518552413866,0.21353859480768156,2.3697,2.3697
600,PRY,Paraguay,2025,7.013078,7.013078999999999,7.013078999999999,1.989695,0.4711830000000001,1.989695,0.4711830000000001,2.3946,2.3946
600,PRY,Paraguay,2030,7.407618,7.4097274661838055,7.227417969952843,1.8212877156234608,0.579851538263203,2.003597211854423,0.579851538263203,2.3946,2.3946
600,PRY,Paraguay,2035,7.763520000000001,7.76716273932522,7.227957113423867,1.4242948348640252,0.6910858679843064,1.9635004607653777,0.6910858679843064,2.3946,2.3946
600,PRY,Paraguay,2040,8.087572,8.09084281890417,7.211654000304395,1.0434896247160852,0.7934204322410247,1.922678443315861,0.7934204322410247,2.3946,2.3946
600,PRY,Paraguay,2045,8.38053,8.38229691853235,7.16886721909985,0.8583163961899947,0.9082733096304186,1.8904607596845033,0.9082733096304186,2.3946,2.3946
600,PRY,Paraguay,2050,8.640464,8.64106867152578,7.083271376047267,0.8482049184563225,1.0728060338841388,1.8699647416582583,1.0728060338841388,2.3946,2.3946
600,PRY,Paraguay,2055,8.861721,8.86378095366868,6.94138177377505,0.7997548649059307,1.2685425525155358,1.8488450177200226,1.2685425525155358,2.3946,2.3946
600,PRY,Paraguay,2060,9.039004,9.044732250094679,6.735973866306047,0.7109064460936934,1.4630316567149553,1.8153472627199003,1.4630316567149553,2.3946,2.3946
600,PRY,Paraguay,2065,9.166621,9.177178570558468,6.4636608380391465,0.6000855408567098,1.6294999109567225,1.7682661822719772,1.6294999109567225,2.3946,2.3946
600,PRY,Paraguay,2070,9.245165,9.26245456733224,6.135506148467558,0.49529928544736884,1.7346873489855446,1.715893857048622,1.7346873489855446,2.3946,2.3946
600,PRY,Paraguay,2075,9.282639999999999,9.306463964533096,5.769094039383544,0.4173292416425899,1.8169444020341075,1.666373657555745,1.8169444020341075,2.3946,2.3946
600,PRY,Paraguay,2080,9.284175,9.315061277904109,5.373910360895878,0.367691759716923,1.9139876223543892,1.621685734273492,1.9139876223543892,2.3946,2.3946
600,PRY,Paraguay,2085,9.258413000000001,9.297548505685814,4.958304938712938,0.33191951745870324,2.0327330630686116,1.5790442072932864,2.0327330630686116,2.3946,2.3946
600,PRY,Paraguay,2090,9.209817,9.259399668817423,4.529057816337508,0.29524229911044925,2.139594348939141,1.5354204468379202,2.139594348939141,2.3946,2.3946
600,PRY,Paraguay,2095,9.140613,9.20200460780798,4.091535528795995,0.2542905181663076,2.0723688751942717,1.4887407538653856,2.232556173957736,2.3946,2.3946
600,PRY,Paraguay,2100,9.047989,9.12145434146196,3.6473049524559675,0.21406808912239034,1.8371851915371586,1.4400822147628929,2.3057665521059802,2.3946,2.3946
604,PER,Peru,2025,34.576665,34.576667,34.576667,8.164957000000001,3.2732229999999998,8.164957000000001,3.2732229999999998,1.67,1.943
604,PER,Peru,2030,36.19388,36.16525612709828,35.382918803888074,7.196875951451149,3.87389796510411,7.979213274661353,3.87389796510411,1.67,1.943
604,PER,Peru,2035,37.591425,37.54883806664731,35.603158810127276,5.86038322551615,4.575301872585351,7.806062482036191,4.575301872585351,1.67,1.943
604,PER,Peru,2040,38.794649,38.74074204585007,35.69534644593879,4.5461676472735455,5.395251417814292,7.5915632471848244,5.395251417814292,1.67,1.943
604,PER,Peru,2045,39.796724000000005,39.73176766623967,35.627673518843004,4.041018223925537,6.246976421274659,7.36658285250357,6.246976421274659,1.67,1.943
604,PER,Peru,2050,40.583876,40.51114342171414,35.3486509722788,3.905115957445135,7.154391424860526,7.131062119917578,7.154391424860526,1.67,1.943
604,PER,Peru,2055,41.165322999999994,41.07925727957287,34.80875204476096,3.6539867882656187,8.148863325486566,6.894406364437307,8.148863325486566,1.67,1.943
604,PER,Peru,2060,41.535486,41.43587015382314,33.9744525438105,3.286280767665645,9.098639891294303,6.666319723266774,9.098639891294303,1.67,1.943
604,PER,Peru,2065,41.693591999999995,41.578864893215375,32.84608326094445,2.8486765312988296,9.909086577672436,6.449775105063662,9.909086577672436,1.67,1.943
604,PER,Peru,2070,41.644885,41.51607675108989,31.47191655847775,2.426795950707269,10.603281078592422,6.240212422845318,10.603281078592422,1.67,1.943
604,PER,Peru,2075,41.400344,41.26095821857885,29.915330943562715,2.0984726142000882,11.226457222931854,6.033245051610729,11.226457222931854,1.67,1.943
604,PER,Peru,2080,40.981474,40.83284293506926,28.21075576949369,1.880164114722148,11.635329568091061,5.834252349546484,11.635329568091061,1.67,1.943
604,PER,Peru,2085,40.415421,40.25794917773354,26.37692260404537,1.7233664427443809,11.879435341813805,5.644610170858609,11.879435341813805,1.67,1.943
604,PER,Peru,2090,39.736467,39.56973953554937,24.441172440396443,1.5673102026897938,12.040662823607986,5.461988385211608,12.040662823607986,1.67,1.943
604,PER,Peru,2095,38.978783,38.80298064912926,22.440829496957186,1.3931223873305667,11.401269503260652,5.283026455206071,12.11994606548711,1.67,1.943
604,PER,Peru,2100,38.163319,37.978430481724395,20.4132444405382,1.2171135550923846,10.361328752527573,5.106704529500164,12.133193633214493,1.67,1.943
740,SUR,Suriname,2025,0.63985,0.6398529999999998,0.6398529999999998,0.16212100000000002,0.052413,0.16212100000000002,0.052413,2.2108,2.2108
740,SUR,Suriname,2030,0.665652,0.6656431656168597,0.6519019788608108,0.14601846217086767,0.06605039452001833,0.15975964892691655,0.06605039452001833,2.2108,2.2108
740,SUR,Suriname,2035,0.688191,0.6880721265816301,0.6471748369022203,0.1174711499895564,0.0791648869444888,0.15836843966896613,0.0791648869444888,2.2108,2.2108
740,SUR,Suriname,2040,0.70716,0.7070311858671989,0.6405190042211903,0.08954769907631842,0.09089552525675015,0.15605988072232693,0.09089552525675015,2.2108,2.2108
740,SUR,Suriname,2045,0.722756,0.7226126857313606,0.6317557151911466,0.0750016000395202,0.09894312020959493,0.1521808632475425,0.09894312020959493,2.2108,2.2108
740,SUR,Suriname,2050,0.733904,0.7339240575426598,0.6190274889224447,0.07346290263242429,0.10963809068004021,0.14766283244512493,0.10963809068004021,2.2108,2.2108
740,SUR,Suriname,2055,0.742019,0.7423534680709704,0.602476174539681,0.06943339445019119,0.1181409951687519,0.1431843804013045,0.1181409951687519,2.2108,2.2108
740,SUR,Suriname,2060,0.747611,0.7482760224250106,0.5816248221654631,0.06280628944462578,0.12626999640572031,0.13923409562247127,0.12626999640572031,2.2108,2.2108
740,SUR,Suriname,2065,0.751263,0.7524800670785331,0.557235659175658,0.05437678509481457,0.13877658586301567,0.1356574843560306,0.13877658586301567,2.2108,2.2108
740,SUR,Suriname,2070,0.752827,0.7545027990922504,0.5294832635536371,0.04570844196633794,0.1509569161568863,0.13212602014447883,0.1509569161568863,2.2108,2.2108
740,SUR,Suriname,2075,0.75206,0.7542287981309784,0.49947494681341575,0.03857506094847723,0.16110881083539913,0.1283469317684536,0.16110881083539913,2.2108,2.2108
740,SUR,Suriname,2080,0.748838,0.7517682243224435,0.46812959762415196,0.0338283679099088,0.1703233341544905,0.12437568716136842,0.1703233341544905,2.2108,2.2108
740,SUR,Suriname,2085,0.742291,0.7460755368126638,0.43435817494369555,0.030739060704577922,0.17686412589433503,0.12025087492145078,0.17686412589433503,2.2108,2.2108
740,SUR,Suriname,2090,0.732503,0.7374003048079094,0.39816906426419973,0.027914999765548794,0.18230226605193509,0.11614596656014825,0.18230226605193509,2.2108,2.2108
740,SUR,Suriname,2095,0.720921,0.7269447095378339,0.3607787813782029,0.024608361193816635,0.17524243960451652,0.11221337075632096,0.18725111191862245,2.2108,2.2108
740,SUR,Suriname,2100,0.709005,0.7160994494869782,0.3239246613216734,0.02106274721523276,0.15592947796326204,0.10847776855651867,0.1913017054548524,2.2108,2.2108
858,URY,Uruguay,2025,3.384688,3.384687000000001,3.384687000000001,0.605759,0.551091,0.605759,0.551091,1.19,1.3879
858,URY,Uruguay,2030,3.372887,3.371680686416411,3.3374428357368218,0.5006162200415799,0.59505361918398,0.5348540707211689,0.59505361918398,1.19,1.3879
858,URY,Uruguay,2035,3.358282,3.3553852376816504,3.2760346591460006,0.4107399875469344,0.6348322647450871,0.4900905660825837,0.6348322647450871,1.19,1.3879
858,URY,Uruguay,2040,3.3364589999999996,3.3319408038344194,3.207655449364136,0.3547701529126821,0.680344397383078,0.47905550738296565,0.680344397383078,1.19,1.3879
858,URY,Uruguay,2045,3.3026750000000002,3.2970117670809875,3.12866608508989,0.330591278745756,0.7309235459204536,0.46479067316646855,0.7309235459204536,1.19,1.3879
858,URY,Uruguay,2050,3.2543539999999997,3.247939168560239,3.0358318507869653,0.31004849300471005,0.7634283061872983,0.4430632334894385,0.7634283061872983,1.19,1.3879
858,URY,Uruguay,2055,3.189562,3.182916474476346,2.9263003975225903,0.2819595358623442,0.8070233885781348,0.4147888791362211,0.8070233885781348,1.19,1.3879
858,URY,Uruguay,2060,3.1093960000000003,3.1037589214886463,2.800237303124465,0.24803851171487992,0.8575703248362253,0.38400177589037904,0.8575703248362253,1.19,1.3879
858,URY,Uruguay,2065,3.021171,3.015708003339415,2.6606951861855115,0.21319268099651645,0.9043730580548394,0.3571874368198721,0.9043730580548394,1.19,1.3879
858,URY,Uruguay,2070,2.927558,2.9220386750450897,2.512431056657097,0.18374954631553447,0.9362079328867411,0.3381603130146191,0.9362079328867411,1.19,1.3879
858,URY,Uruguay,2075,2.827737,2.8219951131319663,2.357739873749365,0.16273394966122862,0.957201561037418,0.32528905004761804,0.957201561037418,1.19,1.3879
858,URY,Uruguay,2080,2.720454,2.714905929083379,2.1973382755953823,0.14782951645479966,0.9750033352887949,0.31273841533956886,0.9750033352887949,1.19,1.3879
858,URY,Uruguay,2085,2.605488,2.600986597152802,2.0316775106285805,0.1346059245050767,0.9654640486705924,0.29742800046977935,0.9654640486705924,1.19,1.3879
858,URY,Uruguay,2090,2.4849740000000002,2.4819424295165717,1.862140088690523,0.12047258059765154,0.9210177766676247,0.280281413632105,0.9210177766676247,1.19,1.3879
858,URY,Uruguay,2095,2.363439,2.361919539972971,1.6924212984138325,0.10576339309908313,0.8448075915752494,0.2636435908218942,0.8763250690487118,1.19,1.3879
858,URY,Uruguay,2100,2.245887,2.245815624353134,1.5275595066399656,0.09210110504330314,0.7649268522133745,0.2495035829589449,0.8371295690957095,1.19,1.3879
862,VEN,Venezuela (Bolivarian Republic of),2025,28.516896,28.516895,28.516895,7.1052669999999996,2.856897,7.1052669999999996,2.856897,2.0599,2.0599
862,VEN,Venezuela (Bolivarian Republic of),2030,29.15181,29.166462647935486,28.62895374346539,6.039574485329528,3.4025380281175113,6.577083389799621,3.4025380281175113,2.0599,2.0599
862,VEN,Venezuela (Bolivarian Republic of),2035,29.883329,29.874753091219684,28.24068866164,4.828884964177716,3.9231724193722672,6.462949393757403,3.9231724193722672,2.0599,2.0599
862,VEN,Venezuela (Bolivarian Republic of),2040,30.495442999999998,30.46102446598579,27.782681532120748,3.8913818516104373,4.3777239497730704,6.569724785475483,4.3777239497730704,2.0599,2.0599
862,VEN,Venezuela (Bolivarian Republic of),2045,30.871487000000002,30.837957754593493,27.182417442625574,3.3088984933343655,4.788658964554066,6.43066399167201,4.788658964554066,2.0599,2.0599
862,VEN,Venezuela (Bolivarian Republic of),2050,31.094883000000003,31.07821611668481,26.452115433588972,3.1318614787197543,5.106676915013544,6.137739826715676,5.106676915013544,2.0599,2.0599
862,VEN,Venezuela (Bolivarian Republic of),2055,31.198438999999997,31.190707699463644,25.517401996327234,2.8026954185517132,5.328844427123947,5.827554491515668,5.328844427123947,2.0599,2.0599
862,VEN,Venezuela (Bolivarian Republic of),2060,31.197937000000003,31.188815428166244,24.38338505395122,2.3953300616417437,5.408848076762783,5.59529803306439,5.408848076762783,2.0599,2.0599
862,VEN,Venezuela (Bolivarian Republic of),2065,31.128198,31.122010200046176,23.143436514242552,2.009212660772705,5.544394633207486,5.430690950584608,5.544394633207486,2.0599,2.0599
862,VEN,Venezuela (Bolivarian Republic of),2070,30.957606,30.963161742530154,21.807975708876736,1.7009646588389153,6.0428128630983124,5.266720612769105,6.0428128630983124,2.0599,2.0599
862,VEN,Venezuela (Bolivarian Republic of),2075,30.743547,30.77314922452421,20.46256159303634,1.473872548557872,6.762525922753887,5.075770343645457,6.762525922753887,2.0599,2.0599
862,VEN,Venezuela (Bolivarian Republic of),2080,30.456004,30.510772287937613,19.069768960296816,1.292806058033252,7.412014712488311,4.866633481883362,7.412014712488311,2.0599,2.0599
862,VEN,Venezuela (Bolivarian Republic of),2085,30.100921999999997,30.185019187740544,17.629791917609353,1.1330392758998278,7.728580821473907,4.664754859454425,7.728580821473907,2.0599,2.0599
862,VEN,Venezuela (Bolivarian Republic of),2090,29.620002,29.733839123124906,16.077412627893953,0.9828840944502405,7.753946823849689,4.490381749193927,7.753946823849689,2.0599,2.0599
862,VEN,Venezuela (Bolivarian Republic of),2095,29.008481,29.163393758855978,14.434304271843983,0.8438434142032892,7.353605429752665,4.3386318122348895,7.820471915997773,2.0599,2.0599
862,VEN,Venezuela (Bolivarian Republic of),2100,28.280553,28.489710123782935,12.738612593860825,0.7219159313583494,6.477057520925536,4.192311831230862,7.884980004270797,2.0599,2.0599
