id,capitulo,seccion,afirmacion,tipo,tier_seccion,valor_ciep,fuente_oficial,valor_oficial,coincide,discrepancia,tipo_error,contrafactual_explicito,nota
V001,Resumen,"Resumen, Parte I ingresos (p.vii)",Los ingresos públicos se han mantenido constantes con relación al tamaño de la economía durante los últimos años,c,juicio,,CGPE p.87: ingresos presupuestarios 23.0 / 24.1 / 22.6 / 21.7 / 22.0 / 23.1 (2015-2020); 22.5 est. 2021; 21.9 en 2022,rango 21.7-24.1 % del PIB,,,,na,Juicio. La serie oficial oscila 2.4 pp; 'constantes' es lectura.
V002,Resumen,"Resumen, Parte I ingresos (p.vii)","Para 2022 sumarían 21.9 % del PIB, 14.0 puntos emanarían de impuestos",a,restitucion,21.9; 14.0,"CGPE p.120: 6,172,635.1 / 28,129.3 = 21.94; tributarios 3,944,463.7 = 14.02",21.9; 14.0,si,,,na,
V003,Resumen,"Resumen, Criterios generales (p.vii)",Marco macro con crecimiento optimista: 6.3 % para el cierre de 2021 ('20221' sic) y 4.1 % para 2022,a/c,juicio,6.3; 4.1,"CGPE p.39, 119",6.3; 4.1,si,,,na,Cifras correctas; 'optimista' es juicio sin comparativo (el CGPE 2022 no trae cuadro de expectativas privadas). Errata '20221'.
V004,Resumen,"Resumen, Criterios generales (p.vii)",Miscelánea sin expectativas de que los tributarios aumenten sustancialmente; mayor tolerancia al endeudamiento; desaparece la idea de reforma fiscal integral,c,juicio,,"CGPE p.47: tributarios +6.4 % real vs cierre, +7.7 vs LIF; ILIF art. 2o.: interno 850 mmp (2021: 700), externo 3,800 mdd (2021: 5,200)",,,,,na,Juicio. Dato en contra parcial: los tributarios crecen 6.4 % real contra cierre; el techo interno sube 21 % nominal y el externo baja 27 %.
V005,Resumen,"Resumen, Ingresos (p.vii)","Ingresos presupuestarios 21.9 % del PIB = 6,172,635 mdp; +0.6 puntos del PIB respecto a lo proyectado en la LIF 2021",a/b,restitucion,"21.9; 6,172,635; +0.6 pp","CGPE p.120 (6,172,635.1; 21.9); LIF 2021 5,538,946.6 sobre PIB revisado 26,055.3 = 21.3 (CGPE p.34) -> +0.6; sobre PIB de aprobación 24,983.9 = 22.2 (p.16, 120) -> -0.3","6,172,635.1; 21.9; +0.6 con PIB revisado / -0.3 con PIB de aprobación",si,,,no,Reproduce solo con el PIB revisado para 2021; el resumen no lo declara (el cap. 1 p.3 sí: 'utilizando la estimación del PIB más reciente'). El CGPE presenta ambas.
V006,Resumen,"Resumen, Ingresos (p.vii)","Tributarios 14.0 % del PIB, seguidos de petroleros con 3.9 %",a,restitucion,14.0; 3.9,CGPE p.120,14.0; 3.9,si,,,na,
V007,Resumen,"Resumen, Ingresos (p.vii)",Los cambios legales de 2022 y años anteriores han fortalecido el sistema tributario; los ingresos siguen siendo bajos frente a estándares internacionales; necesidad de reforma fiscal,c,juicio,,,,,,,na,Juicio; el comparativo internacional es externo (OCDE).
V008,Resumen,"Resumen, Ingresos energéticos (p.vii)","Ingresos del sector energético (Pemex, CFE, FMP) 5.3 % del PIB; +7.3 % real",b,restitucion,5.3; 7.3,"ILIF art. 1o.: 716,087.2 + 370,928.1 + 406,582.8 = 1,493,598.1; 2021: 593,669.4 + 343,039.0 + 405,445.1 = 1,342,153.5; 1,493,598.1 / (1,342,153.5 x 1.037) - 1 = +7.3 %; / 28,129.3 = 5.31 %",5.31; +7.3,si,,,si,Perímetro declarado (Pemex + CFE + FMP); base LIF 2021 y deflactor 1.037 reproducen exactamente.
V009,Resumen,"Resumen, Ingresos energéticos (p.vii)",Petroleros 12 % superiores respecto a LIF 2021,b,restitucion,12,"CGPE p.120: petroleros +11.9 % real vs aprobado; con perímetro Pemex+FMP: 1,087,015.3 / (936,708.4 x 1.037) - 1 = +11.9",+11.9,si,,,si,
V010,Resumen,"Resumen, Ingresos energéticos (p.vii)","Se propone la reducción de la tasa del DUC, principal carga fiscal de Pemex, de 58 % a 40 %",a,restitucion,58 -> 40,"CGPE p.40 y ILIF exposición p.LIII: 'de 54 por ciento, de conformidad con la legislación vigente, a 40 por ciento'; ILIF art. 22",54 -> 40,no,58 vs 54,transcripcion,na,"El propio cap. 2 (p.10) dice 54 -> 40; el resumen contradice al capítulo. El 58 fue la tasa de 2020 (decreto, no en carpeta)."
V011,Resumen,"Resumen, Ingresos energéticos (p.vii)","Ingresos de Pemex +16 %, FMP +4 %, CFE -3 %",b,restitucion,16; 4; -3,"ILIF art. 1o. vs LIF 2021 x 1.037: Pemex 716,087.2 / 615,635.2 = +16.3; FMP 370,928.1 / 355,731.4 = +4.3; CFE 406,582.8 / 420,446.6 = -3.3",+16.3; +4.3; -3.3,si,,,si,"Reales, vs LIF 2021, pesos de 2022 (por el 7.3 % del mismo párrafo)."
V012,Resumen,"Resumen, Ingresos energéticos (p.vii)","Como el DUC es la principal fuente de ingresos del FMP, las ganancias petroleras se distribuyen a favor de Pemex y en contra del FMP",b/c,juicio,,CGPE p.46 (mmp 2022): GF petroleros 355.8 -> 371.0 (+4.3); Pemex 615.7 -> 716.1 (+16.3); reparto GF/Pemex 36.6/63.4 -> 34.1/65.9,reparto GF 36.6 % -> 34.1 % de los petroleros,si,,,si,La dirección se reproduce; la atribución causal exclusiva al DUC no es separable del efecto precio con la carpeta.
V013,Introducción,"Introducción, cuadro de variables (p.xi)",2021 (CGPE 2021): crecimiento 4.6; inflación 3.2; tasa nominal 4.0; mezcla 42.0; tipo de cambio 22.1,a,restitucion,4.6; 3.2; 4.0; 42.0; 22.1,CGPE 2022 p.119 columna 'Aprobado 2021': 4.6; inflación promedio 3.2; Cetes promedio 4.0; 42.1; 22.1,4.6; 3.2; 4.0; 42.1; 22.1,aprox,42.0 vs 42.1,,na,"Redondeo del precio. Inflación y tasa son promedios (no dic/dic ni fin de periodo), sin decirlo."
V014,Introducción,"Introducción, cuadro de variables (p.xi)",Columna '2022 (CGPE 2022)': crecimiento 6.3; inflación 5.3; tasa 4.3; mezcla 60.6; tipo de cambio 20.1,a,restitucion,6.3; 5.3; 4.3; 60.6; 20.1,CGPE 2022 p.119 columna 'Estimado 2021': 6.3; 5.3; 4.3; 60.6; 20.1,"idénticos, pero son el estimado 2021",no,"etiqueta de columna: dice 2022, son cifras de 2021 estimado",transcripcion,na,Las cifras corresponden al cierre estimado 2021 en los CGPE 2022; el encabezado las atribuye a 2022. La tercera columna ('2022': 4.1; 4.1; 5.0; 55.1; 20.3) sí es 2022 y coincide.
V015,Introducción,"Introducción, cuadro de variables (p.xi)",2022: crecimiento 4.1; inflación 4.1; tasa nominal 5.0; mezcla 55.1; tipo de cambio 20.3,a,restitucion,4.1; 4.1; 5.0; 55.1; 20.3,CGPE p.119: 4.1; inflación promedio 4.1; Cetes promedio 5.0; 55.1; 20.3,idénticos,si,,,na,
V016,Introducción,"Introducción, Variables macroeconómicas (p.xi)","Crecimiento, inflación y precio para 2021 son mayores en CGPE 2022 que en CGPE 2021; para 2022 se espera una disminución en crecimiento, inflación y precio",b,restitucion,,CGPE p.119: 4.6 -> 6.3; 3.2 -> 5.3; 42.1 -> 60.6; 2022 vs 2021 est.: 4.1 < 6.3; 4.1 < 5.3; 55.1 < 60.6,coincide,si,,,si,"Comparación contra el estimado 2021, explícita en el cuadro."
V017,Introducción,"Introducción, Crecimiento económico (p.xi) y cap. 1 (p.3)",En la LIF 2021 los tributarios se estimaban en 14.1 % del PIB; en la estimación de los CGPE 2022 disminuye a 13.7 %,a,restitucion,14.1; 13.7,CGPE p.112: 2021 aprobado 14.1 (PIB de aprobación); 2021 estimado 13.7 (PIB revisado); p.34: aprobado con PIB revisado 13.6,14.1; 13.7,si,,,no,"Cifras correctas. Comparan el aprobado (sobre 24,983.9) con el estimado (sobre 26,055.3): el cambio de denominador no se declara; sobre el mismo PIB revisado la caída es 13.6 -> 13.7, es decir, una subida."
V018,Introducción,"Introducción, Crecimiento económico (p.xi) y cap. 1 (p.3)",Esto implica que la elasticidad de los tributarios respecto al crecimiento es menor a uno; la recaudación crece a un ritmo menor que la economía,b,restitucion,< 1,CGPE p.112: tributarios 2021 est. vs 2020 -2.1 % real con PIB +6.3 (elasticidad < 0 en 2021); 2022 vs 2021 est. +6.4 % real con PIB +4.1 (elasticidad 1.56); sin IEPS combustibles +4.7 (1.15),2021: < 1; 2022: 1.56 (1.15 sin gasolinas),no,"la inferencia se hace con 14.1 -> 13.7, que compara aprobado y estimado del mismo año con dos PIB distintos, no dos años",contrafactual,no,"La conclusión vale para 2021 con las cifras interanuales del CGPE p.112, pero no para 2022, que es el año del paquete; la derivación usada (aprobado vs estimado en % PIB) no mide elasticidad."
V019,Introducción,"Introducción, Un año después (p.xii)",Déficits primarios en 2021 y 2022; superávit primario en 2023; SHRFSP estable en 51 % del PIB,a,restitucion,,"CGPE p.102: primario -0.4 (2021 est.), -0.3 (2022), +0.3 (2023); SHRFSP 51.0 2021-2027",coincide,si,,,na,
V020,1 Ingresos presupuestarios,"cap. 1, Política de ingresos 2022 (p.3)","Las misceláneas 2019-2022 han tenido un impacto moderado en los tributarios, reflejado principalmente en IVA e ISR",c,restitucion,,CGPE p.87: tributarios 13.1 (2019) -> 14.5 (2020) -> 13.7 (2021 est.) -> 14.0 (2022); ISR 6.9 -> 7.6 -> 7.3 -> 7.4; IVA 3.8 -> 4.3 -> 4.3 -> 4.3,,,,,na,Juicio en sección descriptiva ('Política de ingresos 2022').
V021,1 Ingresos presupuestarios,"cap. 1, Política de ingresos 2022 (p.3)","Hasta 2020, la recaudación máxima de ISR se había dado en 2017 (7.2 % del PIB) y la del IVA no había superado 3.9 puntos",a,restitucion,7.2 (2017); 3.9,CGPE p.87: ISR 6.6 / 7.1 / 7.2 / 7.1 / 6.9 (2015-2019); IVA 3.8 / 3.9 / 3.7 / 3.9 / 3.8; 2020: 7.6 y 4.3,coincide para 2015-2019,si,,,na,La serie en carpeta empieza en 2015; para años anteriores haría falta Cuenta Pública o Estadísticas Oportunas.
V022,1 Ingresos presupuestarios,cap. 1 §1.1 (p.3),Ingresos presupuestarios (totales sin financiamiento) 6.2 billones = 21.9 % del PIB; +7.5 % real vs LIF 2021,a/b,restitucion,6.2 bn; 21.9; 7.5,"ILIF art. 1o.: 7,088,250.3 - 915,615.2 = 6,172,635.1; / 28,129.3 = 21.94; CGPE p.120: +7.5 real","6,172,635.1; 21.9; +7.5",si,,,si,Perímetro declarado ('sin incluir financiamiento').
V023,1 Ingresos presupuestarios,cap. 1 §1.1 (p.3),Ingresos ILIF 2022 mayores en 0.6 puntos del PIB que LIF 2021: tributarios +0.4 y petroleros +0.3,b,restitucion,0.6; 0.4; 0.3,"con PIB revisado 2021 (26,055.3): LIF 2021 21.3 -> 21.9 (+0.6); tributarios 3,532,974.1 / 26,055.3 = 13.6 -> 14.0 (+0.4); petroleros 936,765.4 / 26,055.3 = 3.6 -> 3.9 (+0.3). Con PIB de aprobación: 22.2 -> 21.9 (-0.3); 14.1 -> 14.0; 3.7 -> 3.9",+0.6 / +0.4 / +0.3 con PIB revisado; -0.3 / -0.1 / +0.2 con PIB de aprobación,si,,,si,El capítulo declara 'utilizando la estimación del PIB más reciente para el presente año' (p.3). Elección defendible y declarada; produce el signo contrario al de la presentación oficial de p.16/120.
V024,1 Ingresos presupuestarios,"cap. 1 §1.1, ¿De dónde vienen los ingresos? (p.3)",La estructura se ha mantenido relativamente constante desde 2014,b/c,restitucion,,"CGPE p.87: tributarios / ingresos presupuestarios 55.2 % (2015), 56.0 (2016), 57.5 (2017), 59.9 (2018), 59.5 (2019), 62.8 (2020), 63.5 (2021 a); 63.9 (2022)",la participación tributaria sube 8.7 pp entre 2015 y 2022,,,,na,Juicio con dato en contra en la propia fuente; 2014 no está en carpeta.
V025,1 Ingresos presupuestarios,"cap. 1 §1.1, ¿De dónde vienen los ingresos? (p.3)","Tributarios 63.9 % del total; petroleros 17.6 (Pemex y FMP); organismos y empresas 14.6 (IMSS incl. cuotas, ISSSTE, CFE); resto 3.9",b,restitucion,63.9; 17.6; 14.6; 3.9,"CGPE p.120: 3,944,463.7 / 6,172,635.1 = 63.9; 1,087,072.2 = 17.6; 901,089.6 = 14.6; 240,009.6 = 3.9",63.9; 17.6; 14.6; 3.9,si,,,na,"Perímetro declarado por bloque; 'petroleros' incluye los 56.9 mdp de ISR petrolero del CGPE (17.6 con 1,087,072.2; 17.61 con 1,087,015.3)."
V026,1 Ingresos presupuestarios,"cap. 1 §1.1, ¿Cómo están compuestos los tributarios? (p.3-4)","Tributarios 14.0 % del PIB, 0.4 puntos más que LIF 2021 'utilizando la estimación del PIB más reciente'; ISR 7.4; IVA 4.3; IEPS 1.8",a/b,restitucion,14.0; 0.4; 7.4; 4.3; 1.8,"ILIF art. 1o. / 28,129.3: 3,944,520.6 = 14.02; 2,073,493.5 = 7.37; 1,213,777.9 = 4.31; 505,238.5 = 1.80; LIF 2021 / 26,055.3 = 13.6",14.0; +0.4; 7.4; 4.3; 1.8,si,,,si,Base declarada en el lugar.
V027,1 Ingresos presupuestarios,cap. 1 §1.1 (p.4),"Del IEPS, 61.1 % correspondería al IEPS a gasolinas y diésel",b,restitucion,61.1,"ILIF art. 1o.: 318,136.2 / 505,238.5 = 63.0 %; solo art. 2o. I D: 288,602.5 / 505,238.5 = 57.1",63.0,no,61.1 vs 63.0,transcripcion,na,Ningún subconjunto del IEPS de combustibles reproduce 61.1.
V028,1 Ingresos presupuestarios,cap. 1 §1.1 (p.4),"El máximo de recaudación tributaria en % del PIB fue 2020 con 14.5 %, año en que el PIB decreció 8.3 %; para 2021 y 2022 se espera 13.6 % y 14.0 %, con crecimiento de 6.3 % y 4.1 %",a,restitucion,14.5; -8.3; 13.6; 14.0; 6.3; 4.1,"CGPE p.112: 14.5 (2020); p.100: -8.3; 2021 estimado 13.7 (p.34, 87, 112, 121); 13.6 es el aprobado 2021 con PIB revisado (p.34); 2022 14.0",14.5; -8.3; 13.7 (est.); 14.0; 6.3; 4.1,aprox,13.6 vs 13.7 (0.1 pp),,no,"Dentro del umbral, pero 13.6 es el aprobado revaluado, no el estimado; en p.3 el mismo documento escribe 13.7."
V029,1 Ingresos presupuestarios,"cap. 1 §1.1, nota 1 (p.4)",La expectativa de que los niveles de 2020 no se mantengan indica que los ingresos presupuestarios crecen a un ritmo menor que la economía,b,restitucion,,CGPE p.120-121: ingresos 2022 +1.3 % real vs cierre 2021 con PIB +4.1 (menor); +7.5 % vs LIF 2021 (mayor); % PIB 22.5 est. 2021 -> 21.9,cierto contra cierre; falso contra LIF,si,,,no,La base (cierre 2021) no se declara; contra ella la afirmación se sostiene (21.9 < 22.5).
V030,1 Ingresos presupuestarios,"cap. 1 §1.1, no tributarios no petroleros (p.4)","Definición: organismos de control directo (IMSS, ISSSTE), cuotas a la seguridad social, derechos y aprovechamientos; Pemex, FMP y CFE en el cap. 2",a,restitucion,,"perímetro propio de CIEP; CGPE p.120 usa 'no tributarios' (GF) y 'organismos y empresas' (IMSS, ISSSTE, CFE)","perímetro distinto del oficial: excluye CFE, que el CGPE agrupa con IMSS e ISSSTE",si,,,na,Perímetro declarado y consistente con 2021 (V184 de 2021).
V031,1 Ingresos presupuestarios,cap. 1 §1.1 (p.4),Cuotas a la seguridad social 1.5 % del PIB en 2022; aprovechamientos 0.7 % del PIB,b,restitucion,1.5; 0.7,"ILIF art. 1o.: 411,852.5 / 28,129.3 = 1.46; 184,864.7 / 28,129.3 = 0.66",1.5; 0.7,si,,,na,
V032,1 Ingresos presupuestarios,cap. 1 §1.1 (p.4-5),"Los aprovechamientos superaron dos puntos del PIB en 2016, 2017 y 2020; en 2016 y 2017 por el ROBM y en 2020 por FEIP y fideicomisos",a/b,restitucion,"> 2.0 en 2016, 2017, 2020","CGPE p.87: no tributarios del GF (derechos + productos + aprovechamientos) 2.7 (2016), 2.5 (2017), 2.4 (2020); p.113 nota ROBM; CGPE 2021 p.51: FEIP 236.4 mmp en 2020",no tributarios GF > 2 en esos años; aprovechamientos solos no están en la serie,aprox,,,na,Verificable solo con el agregado 'no tributarios GF' (que incluye derechos ~0.2 y productos ~0.04); para aprovechamientos solos haría falta Cuenta Pública / Estadísticas Oportunas.
V033,1 Ingresos presupuestarios,cap. 1 §1.2 (p.5),No se propone la creación de nuevos impuestos ni el incremento de los existentes,a,restitucion,,"CGPE p.13, 43",coincide,si,,,na,
V034,1 Ingresos presupuestarios,"cap. 1 §1.2, RSC (p.5)","El Régimen Simplificado de Confianza sustituye al RIF y al régimen de actividades agrícolas, ganaderas y pesqueras; abierto a arrendamiento, actividad empresarial y plataformas con ingresos < 3.5 mdp",a,restitucion,3.5 mdp,"CGPE p.13, 44 (personas físicas con actividad empresarial, profesionistas, arrendatarios, sector primario; hasta 3.5 mdp); ILIF: el art. 23 de la LIF 2021 (estímulo al RIF) desaparece en 2022",3.5 mdp; sustitución del RIF verificable solo por la desaparición del art. 23,si,,,na,La miscelánea (fuente directa) no está en carpeta; verificado con CGPE y con el diff del articulado.
V035,1 Ingresos presupuestarios,"cap. 1 §1.2, Cuadro 1.1 (p.7)",Tasas del RSC: hasta 300 mil 1.0 %; 600 mil 1.1; 1 millón 1.5; 2.5 millones 2.0; 3.5 millones 3.0 %,a,restitucion,1.0; 1.1; 1.5; 2.0; 3.0,CGPE p.44: 1.0; 1.1; 1.5; 2.0; 2.5,último tramo 2.5,no,3.0 vs 2.5,transcripcion,na,"El texto de CIEP (p.5) dice 'entre 1.0 % y 2.5 %'; el cuadro contradice al texto. Fuente citada por CIEP: SHCP (2021e), probablemente la miscelánea (no en carpeta)."
V036,1 Ingresos presupuestarios,"cap. 1 §1.2, Costos indirectos (p.5)","El costo de pagar impuestos para un microempresario suma 2.7 % de sus ingresos brutos, 0.2 pp más que la tasa máxima del nuevo régimen (CIEP 2020)",b,restitucion,2.7; 0.2,(modelo propio de CIEP); tasa máxima oficial 2.5 (CGPE p.44),"2.7 - 2.5 = 0.2 consistente con la tasa oficial, no con el 3.0 del cuadro 1.1",no_verificable,,,na,Estimación propia de CIEP. La aritmética interna (2.7 - 2.5 = 0.2) confirma que el cuadro 1.1 está mal.
V037,1 Ingresos presupuestarios,"cap. 1 §1.2, Costos indirectos (p.5)","Según estimaciones de la SHCP con el padrón a fines de 2020, 10.2 millones de contribuyentes podrían tributar en el nuevo régimen",a,restitucion,10.2 millones,"CGPE p.44: 'universo potencial de beneficiarios de aproximadamente 21 millones de micro y pequeños negocios, entre quienes ya tributan actualmente y los que potencialmente tendrían incentivos para migrar'",21 millones (objeto distinto: incluye informales potenciales),no_verificable,,,na,La cifra de 10.2 millones no está en CGPE ni ILIF; probablemente en la exposición de la miscelánea (no en carpeta).
V038,1 Ingresos presupuestarios,"cap. 1 §1.2, Costos indirectos (p.5)",La falta de datos abiertos (LIF 2017) dificulta estimar el impacto recaudatorio inmediato del RSC,a/c,restitucion,,CGPE y ILIF: no atribuyen recaudación al RSC (inventario §1.6),coincide en que no hay estimación oficial en el paquete,si,,,na,Verificado por ausencia: ni CGPE p.43-45 ni ILIF traen cifra.
V039,1 Ingresos presupuestarios,"cap. 1 §1.2, Incentivos económicos (p.7)",El RSC podría generar incentivos a la evasión (no facturar para no exceder 3.5 mdp; proveedores sin deducciones),c,restitucion,,,,,,,na,Juicio (hipótesis) en sección descriptiva.
V040,1 Ingresos presupuestarios,"cap. 1 §1.2, Tasa 0 % (p.7)","Impacto recaudatorio de la tasa 0 a productos de gestión menstrual: aproximadamente 2,131 mdp (CIEP 2021a)",b,restitucion,"2,131",CGPE p.45 describe la medida sin cifra; ILIF sin cifra,sin estimación oficial,no_verificable,,,na,Modelo propio de CIEP; el paquete omite el costo (inventario §1.6).
V041,1 Ingresos presupuestarios,"cap. 1 §1.2, Código de seguridad en tabaco (p.7)",El código de seguridad pasaría a ser provisto únicamente por el SAT y se extiende a estuches y empaques,a,restitucion,,"(miscelánea fiscal 2022, no en carpeta; CGPE no la menciona)",,no_verificable,,,na,Haría falta la iniciativa LISR/LIVA/LIEPS/CFF (404 en el sitio del PPEF).
V042,1 Ingresos presupuestarios,"cap. 1 §1.2, Deducciones (p.7-8)",Donativos y aportaciones voluntarias al retiro entran al límite general de 15 % de ingresos o 5 UMA; antes 7 % y 10 %,a,restitucion,15 %; 5 UMA; 7 %; 10 %,(miscelánea 2022 y LISR vigente: no en carpeta),,no_verificable,,,na,
V043,1 Ingresos presupuestarios,"cap. 1 §1.2, Deducciones (p.8)",Las deducciones por donativos y aportaciones al retiro se concentran 96.2 y 77.0 % en el decil X (SHCP 2021j),a,restitucion,96.2; 77.0,"(estudio ingreso-gasto por decil de la SHCP, LIF 2021 art. 25: no en carpeta)",,no_verificable,,,na,
V044,1 Ingresos presupuestarios,cap. 1 §1.3 (p.8),"Recaudación tributaria 2022 14 % del PIB, menor al resto de la OCDE; ausencia de reforma fiscal a fondo; sistema fiscal con perspectiva de género pendiente",a/c,juicio,14,CGPE p.120: 14.0,14.0,si,,,na,Cifra correcta; el comparativo OCDE es externo; el resto es juicio en la sección de implicaciones.
V045,2 Ingresos por energía,"cap. 2, Política de ingresos por energía 2022 (p.10)",Ingresos del sector energético +7.3 % y 5.3 % del PIB de 2022,b,restitucion,7.3; 5.3,"ver fila del resumen: 1,493,598.1; +7.3 real; 5.31 %",+7.3; 5.3,si,,,si,
V046,2 Ingresos por energía,cap. 2 §2.1 (p.10),"Plataforma 1,826 mbd, marginalmente menor que los 1,857 de la LIF 2021",a,restitucion,"1,826; 1,857",CGPE p.119,"1,826; 1,857.4",si,,,si,
V047,2 Ingresos por energía,cap. 2 §2.1 (p.10),"Precio 55.1 dólares por barril, significativamente mayor que los 44 dólares por barril en 2021",a,restitucion,55.1; 44,CGPE p.119: aprobado 2021 42.1; estimado 2021 60.6; 2022 55.1. La LIF 2021 art. 1o. usaba 44.12 dpb como umbral para el balance de Pemex (objeto distinto),55.1; 42.1 (LIF 2021),no,44 vs 42.1,transcripcion,no,Contra el estimado 2021 (60.6) el precio 2022 es 9 % menor (CGPE p.46); el capítulo no lo dice.
V048,2 Ingresos por energía,cap. 2 §2.1 (p.10),Petroleros totales (FMP + Pemex) +12 % real; 3.9 % del PIB,b,restitucion,12; 3.9,"ILIF: 1,087,015.3 / (936,708.4 x 1.037) - 1 = +11.9; / 28,129.3 = 3.86",+11.9; 3.9,si,,,si,Perímetro declarado (FMP + Pemex; excluye los 56.9 mdp del CGPE).
V049,2 Ingresos por energía,"cap. 2 §2.1, Pemex (p.10)",Ingresos de Pemex +16.3 % real en 2022,b,restitucion,16.3,"716,087.2 / (593,669.4 x 1.037) - 1 = +16.3",+16.3,si,,,si,
V050,2 Ingresos por energía,"cap. 2 §2.1, Pemex (p.10)",El DUC pasó de 65 % a 58 % en 2020; en 2021 se fijó en 54 %; la ILIF 2022 propone 40 %,a,restitucion,65; 58; 54; 40,"ILIF art. 22 (40 %); exposición p.LIII ('54 por ciento, de conformidad con la legislación vigente'); CGPE p.40 (54 -> 40, 'en línea con las disminuciones implementadas en 2020 y 2021'); 65 y 58: decretos de estímulo (DOF), no en carpeta",54 -> 40 verificado; 65 y 58 no verificables,aprox,,,na,La parte 2022 y 2021 coincide; 2020 requiere los decretos. Se marca aprox por la parte no verificable.
V051,2 Ingresos por energía,"cap. 2 §2.1, FMP (p.10)",En 2015-2020 el DUC representó 85 % de los ingresos del FMP,a,restitucion,85,(informes del FMP / Banxico: externos),,no_verificable,,,na,
V052,2 Ingresos por energía,"cap. 2 §2.1, FMP (p.10)",Los ingresos del FMP tuvieron su recaudación más baja en 2020,a,restitucion,,CGPE p.87: petroleros del Gobierno Federal 2.2 / 1.5 / 2.0 / 2.3 / 1.8 / 0.9 (2015-2020) % PIB,"0.9 en 2020, mínimo de la serie (proxy: petroleros GF, no FMP solo)",si,,,na,Serie oficial es 'petroleros del Gobierno Federal' (FMP + ISR petrolero); el FMP solo no está en carpeta.
V053,2 Ingresos por energía,"cap. 2 §2.1, FMP (p.10)",La LIF 2021 estimó una recuperación de 63 % de los ingresos del FMP,b,restitucion,63,"CGPE 2021 p.51 (mmp de 2021): FMP estimado 2020 239.2 -> LIF 2021 343.1 = +43.4 % real; nominal 343,039.0 / (239.2 / 1.034 = 231.3) = +48.3 %",+43.4 real / +48.3 nominal vs estimado 2020,no,63 vs 43.4-48.3,contrafactual,no,"Ninguna base en carpeta reproduce 63; hipótesis: contra el cierre observado 2020 (Cuenta Pública, ex post, no en carpeta)."
V054,2 Ingresos por energía,"cap. 2 §2.1, FMP (p.11)","Con un precio 10 dólares por arriba y el cambio en el DUC, los ingresos del FMP aumentan 4.3 % y representan 1.3 % del PIB",b,restitucion,10; 4.3; 1.3,"55.1 - 42.1 = 13.0 (vs LIF 2021); 55.1 - 60.6 = -5.5 (vs estimado); FMP 370,928.1 / (343,039.0 x 1.037) - 1 = +4.3; / 28,129.3 = 1.32",+13.0 dpb vs LIF; +4.3; 1.3,no,10 vs 13.0,transcripcion,no,Arrastra el '44 dólares' de p.10; el 4.3 % y el 1.3 % sí coinciden.
V055,2 Ingresos por energía,"cap. 2 §2.1, Cuadro 2.1 (p.11)","Pemex 716,087 (48 %); FMP 370,928 (25 %); CFE 406,583 (27 %); petroleros 1,087,015 (73 %); energéticos 1,493,598 (100 %)",a/b,restitucion,,"ILIF art. 1o.: 716,087.2; 370,928.1; 406,582.8; suma 1,087,015.3; 1,493,598.1; participaciones 47.9 / 24.8 / 27.2 / 72.8",coinciden,si,,,na,Encabezado del cuadro dice 'ILIF 2021' (es 2022) y 'Variación real LIF 2020' (es LIF 2021): erratas.
V056,2 Ingresos por energía,"cap. 2 §2.1, Cuadro 2.1 (p.11)",Columna '% de ILIF': Pemex 12 %; FMP 6; CFE 7; petroleros 18; energéticos 24,b,restitucion,12; 6; 7; 18; 24,"sobre ingresos presupuestarios 6,172,635.1: 11.6; 6.0; 6.6; 17.6; 24.2; sobre el total del art. 1o. 7,088,250.3: 10.1; 5.2; 5.7; 15.3; 21.1",coinciden con ingresos presupuestarios como denominador,si,,,na,"El denominador no se declara; reproduce con presupuestarios (sin financiamiento), no con el total de la ILIF que el encabezado sugiere."
V057,2 Ingresos por energía,"cap. 2 §2.1, Cuadro 2.1 (p.11)",Variación real: Pemex 16 %; FMP 4; CFE -3; petroleros 12; energéticos 7,b,restitucion,16; 4; -3; 12; 7,x 1.037 vs LIF 2021: 16.3; 4.3; -3.3; 11.9; 7.3,coinciden,si,,,si,Base LIF 2021 (etiquetada 'LIF 2020' por errata).
V058,2 Ingresos por energía,"cap. 2 §2.1, CFE (p.11)",La venta de energía eléctrica representa 75 % de los ingresos de CFE (CFE 2020); las plantas de CFE han perdido participación desde la LIE,a,restitucion,75,(Plan de negocios CFE; externo),,no_verificable,,,na,
V059,2 Ingresos por energía,"cap. 2 §2.1, CFE (p.11)",La ILIF 2022 estima que CFE genere ingresos inferiores en 3.3 %,b,restitucion,-3.3,"406,582.8 / (405,445.1 x 1.037) - 1 = -3.3",-3.3,si,,,no,Real y vs LIF 2021 por el contexto del cuadro; el párrafo no lo dice.
V060,2 Ingresos por energía,cap. 2 §2.2 (p.12),"Pemex ha recibido apoyos y exenciones por decreto; la reducción del DUC no modifica la trayectoria de apoyos, solo la formaliza; Pemex no ha sido rentable desde 2009; refinación con pérdidas antes de impuestos",a/c,mixta,,(decretos DOF; estados financieros de Pemex: externos); CGPE p.40 califica la medida de 'cambio estructural',,no_verificable,,,na,Sección 'Incidencia': mezcla hechos externos y juicio.
V061,2 Ingresos por energía,cap. 2 §2.3 (p.12),Los cambios al régimen fiscal de Pemex afectan negativamente los ingresos que el FMP transfiere a la Federación; deberían disminuir capitalizaciones y exenciones; de no hacerlo la estrategia habría sido errada y costosa,c,juicio,,CGPE p.46: FMP +4.3 % real vs LIF 2021 y -6.0 % vs estimado 2021 (GF petroleros 394.9 -> 371.0 mmp de 2022),,,,,na,Juicio. Dato: contra el cierre 2021 los petroleros del GF caen 6.0 % real; contra la LIF suben 4.3.
V062,Resumen ejecutivo,Resumen Parte II Gasto (p.viii),"El PPEF 2022 asciende a 7,088,250.3 mdp, 25.2 % del PIB",a/b,juicio,"7,088,250.3 mdp; 25.2 % PIB","DEC 2022 art. 2; CGPE 2022 p. 119 (PIB 28,129.3 mmp)","7,088,250.3 mdp; 7,088,250.3/28,129,300 = 25.20 %",si,,,na,"Gasto neto total devengado del DEC art. 2. El CGPE presenta el gasto neto pagado (7,048.2 mmp = 25.1 %); CIEP usa el devengado (25.2 %)."
V063,Resumen ejecutivo,Resumen Parte II Gasto (p.viii),Un punto del PIB más que en 2021,b,juicio,+1 pp PIB vs 2021,"DEC 2021 art. 2 (6,295,736.2); CGPE 2022 p. 39 (PIB 2021 a 24,983.9; est. 26,055.3); p. 112","PEF 2021 = 25.2 % con PIB de aprobación (24,983.9) → 0.0 pp; = 24.2 % con PIB revisado (26,055.3) → +1.0 pp; CGPE p.112 pagado 25.0 → 25.1 = +0.1 pp",si,,,no,"Reproduce sólo con el aprobado 2021 medido con el PIB revisado (26,055.3), como en CGPE p. 34; con el PIB de los CGPE 2021 (p. 16/112/120) la diferencia es 0.0 pp (devengado) o +0.1 pp (pagado). No se declara qué PIB se usa para 2021."
V064,Resumen ejecutivo,Resumen Parte II Gasto (p.viii),"74 % del presupuesto lo concentran los ramos a cargo de los programas prioritarios, las EPE, el IMSS y el ISSSTE",b,juicio,74 %,DEC 2022 Anexo 1; cuadros 3.1–3.2 CIEP (ramos con *),"Suma de los 12 ramos marcados con * en cuadros 3.1–3.2 = 4,701,750.8 mdp = 66.3 % del gasto neto (con R19 neto 191,562.3) o 79.0 % (con R19 bruto 1,092,011.8). 74.0 % es la participación del gasto programable (5,247,296.4/7,088,250.3)",no,74 vs 66.3 / 79.0,perimetro,na,La nota * de los cuadros 3.1–3.3 dice que esos ramos concentran 74 % del PPEF; la suma no reproduce. 74.0 % coincide con la participación del gasto programable que el propio cap. 3 reporta.
V065,Resumen ejecutivo,Resumen Parte II Gasto (p.viii),Capítulo 7000 Inversión financiera tiene 79.4 % más de lo aprobado en 2021,a/b,juicio,+79.4 % real,Analíticos por objeto de gasto PPEF 2022 y PEF 2021 (no en carpeta); CGPE 2022 p. 51 (clasificación económica),No verificable por capítulo. CGPE p. 51: «inversión financiera y otros» 111.2 → 106.9 mmp de 2022 = −3.8 % real (perímetro distinto: el CGPE reclasifica el 7900 de provisiones),no_verificable,,,si,"EM PPEF 2022 / analíticos no en carpeta. El CGPE p. 51 da −3.8 % para inversión financiera y otros, por lo que el +79.4 % de CIEP sólo puede provenir del capítulo 7000 con las provisiones 7900 (p. ej., 33,337 mdp de Adeudos IMSS-ISSSTE del cap. 4)."
V066,Resumen ejecutivo,Resumen Parte II Gasto (p.viii),La perspectiva intergeneracional queda pendiente en el PPEF 2020 (sic),c,juicio,,,,,,,na,Juicio. El texto dice PPEF 2020 por PPEF 2022 (errata).
V067,Resumen ejecutivo,Resumen Parte II Gasto (p.viii),A la primera infancia se destina 0.5 % del PIB y a los mayores de 65 años 3.9 %,a/c,juicio,0.5 % y 3.9 % PIB,Simulador Fiscal CIEP v5 (externo),,no_verificable,,,na,Fuente externa (Simulador Fiscal CIEP v5). Ver cap. 3 §3.2.
V068,Resumen ejecutivo,Resumen Salud (p.viii),El incremento en el sector salud equivale a 0.37 % del PIB,b,juicio,0.37 % PIB,"CGPE 2022 p. 48 (función salud 794.0 mmp, +15.2 % real); p. 119","Con el perímetro CIEP: 105,137/28,129,300 = 0.374 %. Con función salud CGPE: 794.0 − 794.0/1.152 = 104.8 mmp de 2022 = 0.37 % PIB",si,,,si,"Cociente reproducido con el incremento nominal de CIEP (824,181 − 719,044) y con el incremento real de la función salud del CGPE; ambos dan 0.37."
V069,Resumen ejecutivo,Resumen Salud (p.viii),Por debajo del compromiso gubernamental de 1 punto del PIB y de la recomendación de 3 puntos adicionales,a/c,juicio,1 pp; 3 pp,CIEP (2018) y compromiso gubernamental (externos),,no_verificable,,,na,Referencias externas al paquete (CIEP 2018; compromiso de campaña). Juicio.
V070,Resumen ejecutivo,Resumen Salud (p.viii),El gasto per cápita que más aumenta es el de IMSS-Bienestar; financiamiento del FONSABI no recurrente,c,juicio,,"ILIF 2022 transitorio Décimo Cuarto (remanente del FONSABI a TESOFE, sin cifra)",,,,,na,Juicio. El transitorio Décimo Cuarto de la ILIF confirma la extracción del remanente del FONSABI sin cifra.
V071,Resumen ejecutivo,Resumen Energía (p.viii),El gasto al sector energético aumenta 6.5 % real y representa 4.8 % del PIB,b,juicio,+6.5 % real; 4.8 % PIB,"Cuadro 11.1 CIEP (1,346,359.7 mdp); CGPE 2022 p. 119","1,346,359.7/28,129,300 = 4.79 %. Variación: perímetro CIEP (Pemex + CFE + Sener + Ramo 23 parcial + reguladores) no está en el paquete como agregado",no_verificable,,,si,El 4.8 % reproduce con el monto del cuadro 11.1; el +6.5 % exige el analítico de 2021 y 2022 con el perímetro CIEP. Analíticos no en carpeta. Ver cap. 11.
V072,Resumen ejecutivo,Resumen Energía (p.viii),"Pemex representa 58 % del gasto del sector y aumenta 64 mil millones su presupuesto de inversión, el nivel más alto desde 2015",b/c,juicio,58 %; +64 mmp inversión,Cuadro 11.1 CIEP; analíticos PPEF 2022 (no en carpeta); CGPE 2022 p. 41 (Pemex programable +12.7 % real),"778,071.2/1,346,359.7 = 57.8 %. Inversión de Pemex por objeto no en carpeta",no_verificable,,,si,El 58 % reproduce el cuadro 11.1. El cap. 11 dice que el gasto total de Pemex sube 67 mmp y la inversión 17 % (430 mmp): 430/1.17 = 367.5 → +62.5 mmp ≈ 64. Analíticos no en carpeta.
V073,Resumen ejecutivo,Resumen Energía (p.viii),La CFE aumenta su gasto total en 6.5 % y representa 1.6 % del PIB,a/b,juicio,+6.5 %; 1.6 % PIB,"CGPE 2022 p. 42 y p. 118 (CFE +4.0 % real); DEC 2022 Anexo 1 (449,997.2 mdp)","CFE programable +4.0 % real; 449,997.2/28,129,300 = 1.60 %. Cuadro 11.1 CIEP: CFE +3.9 % y 1.5 % PIB",no,6.5 vs 4.0,transcripcion,si,"El 6.5 % es la variación del sector total (cuadro 11.1), no de la CFE; el propio cap. 11 dice 4 %/3.9 %. El 1.6 % PIB coincide con el programable del DEC (el cuadro 11.1 usa 430,670.8 → 1.5 %)."
V074,Resumen ejecutivo,Resumen Energía (p.viii),El presupuesto contempla 73 mil millones de pesos en subsidios para las tarifas eléctricas,a,juicio,"73,000 mdp",DEC 2022 Anexo 20 Ramo 23 p. 86,"Subsidios a las Tarifas Eléctricas 73,000,000,000 pesos",si,,,na,
V075,Resumen ejecutivo,Resumen Finanzas públicas locales (p.viii),"Gasto federalizado 2022: 2.1 billones de pesos reales, 7.5 % del PIB y 29.7 % del gasto neto",a/b,juicio,2.1 billones; 7.5 % PIB; 29.7 %,"CGPE 2022 p. 50 (2,108.9 mmp de 2022); DEC art. 2; p. 119","2,108.9 mmp; 2,108,869.1/28,129,300 = 7.50 %; /7,088,250.3 = 29.75 %",aprox,29.7 vs 29.75,,na,29.75 redondea a 29.8 (que es la cifra del cap. 6 §6.1); el 29.7 del resumen y del párrafo inicial del cap. 6 es un redondeo hacia abajo.
V076,Resumen ejecutivo,Resumen Finanzas públicas locales (p.viii),Monto inferior a los niveles previos a la pandemia de 2020,b/c,juicio,,Cuenta Pública 2019 (no en carpeta),,no_verificable,,,no,"Fuente ex post (Cuenta Pública 2014–2020, deflactor CIEP). No se declara el deflactor ni el año base de los pesos reales."
V077,Resumen ejecutivo,Resumen Finanzas públicas locales (p.viii),"Participaciones 48.3 % del gasto federalizado, aportaciones 42.2 %, resto 9.4 %",b,juicio,48.3 / 42.2 / 9.4,CGPE 2022 p. 50,"1,019.5/2,108.9 = 48.3 %; 890.5/2,108.9 = 42.2 %; 198.8/2,108.9 = 9.4 %",si,,,na,Aportaciones del CGPE incluyen Ramo 33 (830.3) + Ramo 25 (60.2) = 890.5 e ISSSTE.
V078,Resumen ejecutivo,Resumen Finanzas públicas locales (p.viii),"CDMX, Campeche y Colima máximos receptores (22,882; 20,096; 18,945 pesos reales per cápita); Guanajuato y Estado de México mínimos (12,875; 12,772)",b,juicio,per cápita por entidad,"Distribución por entidad del PPEF 2022 (EM / analíticos, no en carpeta) y CONAPO (externo)",,no_verificable,,,na,EM PPEF 2022 / analíticos no en carpeta; población CONAPO externa.
V079,Resumen ejecutivo,Resumen Finanzas públicas locales (p.viii),El gasto federalizado representa 88 % de los recursos subnacionales y la recaudación local 12 %,a/c,juicio,88 % / 12 %,"SHCP 2021i (finanzas estatales, externo al paquete)",,no_verificable,,,na,Fuente externa (estadísticas de finanzas públicas estatales y municipales).
V080,Resumen ejecutivo,Resumen Infraestructura (p.viii–ix),"Inversión pública 2022 14.3 % mayor en términos reales que 2021, 3.5 % del PIB",a/b,juicio,+14.3 % real; 3.5 % PIB,"CGPE 2022 p. 48, 50–51 (gasto de inversión 982.3 mmp, +14.3 %); p. 102 (gasto de capital 3.5 % PIB)","+14.3 % real vs aprobado 2021; 982,288/28,129,300 = 3.49 %",si,,,si,
V081,Resumen ejecutivo,Resumen Infraestructura (p.viii–ix),55.3 % de la inversión se destina directamente a infraestructura; energía 55.1 %; salud 1.7 % y educación 1.8 %,b,juicio,55.3 / 55.1 / 1.7 / 1.8,Analíticos función × objeto PPEF 2022 (no en carpeta),,no_verificable,,,na,EM PPEF 2022 / analíticos no en carpeta. El cap. 5 dice 53.3 % (no 55.3 %) para infraestructura: inconsistencia interna.
V082,Resumen ejecutivo,Resumen Infraestructura (p.ix),El Tren Maya recibe 63.7 % más recursos que el año anterior,a,juicio,+63.7 % real,"CGPE 2022 p. 14 y 48 (Tren Maya +68.0 % real); p. 49 (63,231.6 mdp)",+68.0 % real,no,63.7 vs 68.0,transcripcion,no,"El cap. 5 dice 67.3 % (62,942 vs 37,633 mdp de 2022); el resumen 63.7 %: inconsistencia interna. El CGPE da 68.0 % con 63,231.6 mdp. No se declara la base ni el año de los pesos."
V083,Resumen ejecutivo,Resumen Infraestructura (p.ix),La inversión pública permanece 1.0 puntos del PIB por debajo del mínimo recomendado por el Banco Mundial (4.5 % del PIB),b/c,juicio,1.0 pp; 4.5 %,"Rozenberg y Fay (2019, externo); CGPE p. 102 (3.5 %)",4.5 − 3.5 = 1.0 pp,si,,,na,La referencia de 4.5 % es externa; la resta reproduce.
V084,Resumen ejecutivo,Resumen Educación (p.ix),El gasto educativo crece 1.9 % real en 2022 y como % del PIB decrece 0.06 pp para ubicarse en 3.1 %,a/b,juicio,+1.9 % real; 3.1 % PIB; −0.06 pp,"CGPE 2022 p. 49 (Educación, cultura y deporte 837.3 → 887.8 mmp de 2022, +2.2 %); p. 89 (función educación 3.1 % PIB 2021 a); EM PPEF 2022 funcional (no en carpeta)","883,929/28,129,300 = 3.14 %. Función educación 2022 no está en el CGPE; la acción «Educación, cultura y deporte» crece 2.2 % real",no_verificable,,,no,"EM PPEF 2022 (clasificación funcional) no en carpeta. El −0.06 pp reproduce sólo con el PIB revisado para 2021 (836.5 mmp de 2021 / 26,055.3 = 3.21 %); con el PIB de aprobación sería 3.35 %."
V085,Resumen ejecutivo,Resumen Educación (p.ix),Los recursos para la Reforma Educativa de 2019 equivalen a 1.1 % del gasto educativo; el gasto por alumno ha disminuido desde 2016,b/c,juicio,1.1 %,Analíticos por programa PPEF 2022 (no en carpeta); SEP (externo),,no_verificable,,,na,EM PPEF 2022 / analíticos no en carpeta; matrícula SEP externa.
V086,Resumen ejecutivo,Resumen Seguridad (p.ix),"Gasto en seguridad +1.8 % real, 1.2 % del PIB; policía +66.2 %; impartición de justicia +3.6 %; defensa −23.5 %",a/b,juicio,+1.8 %; 1.2 % PIB; 66.2; 3.6; −23.5,"Cuadro 9.1 CIEP (328,122.3 mdp); analíticos funcionales 2021–2022 (no en carpeta); CGPE p. 53 (finalidad gobierno +1.7 %)","328,122.3/28,129,300 = 1.17 % PIB. Subfunciones no en carpeta",no_verificable,,,si,"El 1.2 % reproduce con el cuadro 9.1. Las variaciones por subfunción requieren analíticos 2021 aprobado y 2022 (no en carpeta). La finalidad gobierno del CGPE crece 1.7 %, coherente en orden de magnitud con el 1.8 % de CIEP."
V087,Resumen ejecutivo,Resumen Cuidados (p.ix),"El SNC podría iniciar con 27,169.9 mdp: 0.4 % del PPEF, 0.1 % del PIB, +9 % real vs aprobado 2021",b,juicio,"27,169.9 mdp; 0.4 %; 0.1 %; +9 %",Metodología CIEP (2021) sobre analíticos por programa (no en carpeta),"27,169.9/7,088,250.3 = 0.38 %; /28,129,300 = 0.097 %",no_verificable,,,si,Los cocientes reproducen con el monto CIEP; el monto y la variación exigen el analítico por programa 2021 aprobado y 2022 (no en carpeta).
V088,Resumen ejecutivo,Resumen Cuidados (p.ix),El IMSS concentra 53.2 % del gasto en cuidado; 76 % se dirige a la niñez,b,juicio,53.2 %; 76 %,Metodología CIEP (2021); analíticos (no en carpeta),"20,655.4/27,169.9 = 76.0 %",no_verificable,,,na,Cociente 76 % reproduce con las cifras de CIEP; la descomposición por ejecutor no es verificable con la carpeta.
V089,Resumen ejecutivo,Resumen Pensiones (p.ix),"Gasto en pensiones 2022 de 1.4 billones de pesos, 5.1 % del PIB",b,juicio,1.4 billones; 5.1 % PIB,"CGPE 2022 p. 51 (pensiones y jubilaciones 1,172.3 mmp) y p. 49 (PBAM 238,014.7; discapacidad 18,037.5); p. 102 (4.2 % PIB pensiones y jubilaciones)","1,172,300 + 238,014.7 + 18,037.5 = 1,428,352 mdp = 5.08 % PIB",si,,,na,"El perímetro CIEP = pensiones y jubilaciones del CGPE (contributivas) + PBAM + pensión para personas con discapacidad (no contributivas, que el CGPE clasifica en subsidios y computa 4.2 % PIB sólo para contributivas)."
V090,Resumen ejecutivo,Resumen Pensiones (p.ix),"Crecimiento real de 13.2 % vs 2021, motivado por +9.8 % real en pensiones del IMSS, +18 % en pensiones de cuentas individuales y +69.2 % en la PBAM",a/b,juicio,13.2; 9.8; 18; 69.2,CGPE 2022 p. 14 (PBAM +69.2 % real); p. 51 (contributivas +6.2 %); PEF 2021 aprobado por programa y EM PPEF 2022 por institución (no en carpeta),"PBAM +69.2 % ✓. Con base PPEF 2021 (135,065.7 + 15,456.0) el total crece 13.4 %; el 13.2 exige la base PEF 2021 aprobado por programa (no en carpeta). IMSS +9.8 % y cuentas individuales +18 % no verificables (EM PPEF 2022)",no_verificable,,,si,Sólo el 69.2 % es restituible (CGPE p. 14). EM PPEF 2022 / analíticos no en carpeta para la desagregación por institución.
V091,Resumen ejecutivo,Resumen Medio ambiente (p.ix),"Protección ambiental aumenta 27 % real, fin de la tendencia decreciente desde 2014; 28 % de la población sin acceso diario al agua",a/b/c,juicio,+27 %; 28 %,"Analíticos funcionales 2021 aprobado y 2022 (no en carpeta); EM PPEF 2021 p. 203 (protección ambiental 13,187.4 mdp de 2021 PPEF); Grupo de Trabajo Transición Hacendaria (externo)","18,172/(13,187.4×1.037) = +32.9 % vs PPEF 2021; el 27.5 % implica base PEF 2021 de 13,744 mdp (no en carpeta)",no_verificable,,,si,Base PEF 2021 aprobado por función no en carpeta; con PPEF 2021 la variación sería +32.9 %. El 28 % es externo.
V092,Resumen ejecutivo,Resumen (p.ix–x) cierre,"Tres aspectos que preocupan: falta de redistribución, reducido espacio fiscal y efectos intergeneracionales",c,juicio,,,,,,,na,Juicio.
V093,Resumen ejecutivo,Resumen Parte III Deuda (p.x),"Techo de endeudamiento neto presupuestario de 875,570 mdp (3.1 % del PIB), +17.6 % real vs aprobado 2021",a,juicio,"875,570 mdp; 3.1 %; +17.6 %",CGPE 2022 p. 42 y 120; DEC art. 2,"Balance presupuestario −875,570.5 mdp; −3.1 % PIB; crecimiento real 17.6 % vs aprobado 2021 (−718,193.4)",si,,,si,Comparación ex ante vs ex ante como en el CGPE p. 120.
V094,Resumen ejecutivo,Resumen Parte III Deuda (p.x),"Déficit primario de 83,606 mdp (0.3 % del PIB) y costo financiero de 2.8 % del PIB",a,juicio,"83,606 mdp; 0.3 %; 2.8 %",CGPE 2022 p. 42 y 120,"Balance primario −83,606.6 mdp (−0.3 %); costo financiero 791,463.8 mdp (2.8 %)",si,,,na,
V095,Resumen ejecutivo,Resumen Parte III Deuda (p.x),"Déficit público total (con financiamiento fuera del presupuesto) de 996,568 mdp (3.4 % del PIB)",a/b,juicio,"996,568 mdp; 3.4 % PIB","CGPE 2022 p. 42, 120 (RFSP −996,568.8 mdp = −3.5 % PIB)","996,568.8/28,129,300 = 3.54 % → 3.5 %",no,3.4 vs 3.5,transcripcion,na,"El monto coincide; el porcentaje oficial es 3.5 (3.54). El 3.4 es el RFSP aprobado 2021, no el de 2022. Etiquetar el RFSP como «déficit público total» es nomenclatura CIEP."
V096,Resumen ejecutivo,Resumen Parte III Deuda (p.x),El SHRFSP se ancla en 51.0 % del PIB desde el cierre de 2021 y hasta 2027,a,juicio,51.0 % 2021–2027,CGPE 2022 p. 80 y 102,SHRFSP 51.0 % en 2021 est. y 2022–2027,si,,,na,
V097,Introducción,Introducción «Un año después» (p.xii),Restricción presupuestaria relajada con déficits primarios en 2021 y 2022; regreso a superávit primario en 2023; SHRFSP estable en 51 % del PIB,a/c,juicio,déficit primario 2021 y 2022; superávit 2023; 51 %,CGPE 2022 p. 16 (primario 2021 est. −0.4; 2022 −0.3); p. 80 (2023 +0.3; SHRFSP 51.0),"Primario −0.4 % (2021 est.), −0.3 % (2022), +0.3 % (2023); SHRFSP 51.0 %",si,,,na,Para 2021 el déficit primario es el estimado de cierre (el aprobado 2021 era +0.0). «La consistencia del marco es debatible» es juicio.
V098,Introducción,Introducción «Visión 2022» (p.xii),"Los ingresos proyectados difícilmente cubrirán pensiones, salud, educación, cuidados, seguridad e infraestructura; mantener un balance primario saludable será un reto",c,juicio,,,,,,,na,Juicio.
V099,3 Gasto público presupuestario,cap 3 párrafo inicial (p.15 impresa),"El gasto neto total propuesto para 2020 (sic) es de 7,088,250.3 mdp, 25.2 % del PIB",a/b,restitucion,"7,088,250.3 mdp; 25.2 %",DEC 2022 art. 2; CGPE p. 119,"7,088,250.3; 25.20 %",si,,,na,Errata: dice 2020 por 2022.
V100,3 Gasto público presupuestario,cap 3 párrafo inicial (p.15 impresa),74.0 % del gasto neto es presupuesto para programas específicos (programable) y 26.0 % compromisos (no programable),b,restitucion,74.0 % / 26.0 %,"CGPE 2022 p. 120 (programable devengado 5,247,296.4; no programable 1,840,953.9); DEC art. 2","5,247,296.4/7,088,250.3 = 74.0 %; 1,840,953.9/7,088,250.3 = 26.0 %",si,,,na,
V101,3 Gasto público presupuestario,cap 3 §3.1 Evolución (p.15 impresa),Incremento de 8.9 % en términos reales respecto del aprobado para 2021,b,restitucion,+8.9 % real,"DEC 2021 art. 2 (6,295,736.2); DEC 2022 art. 2 (7,088,250.3); CGPE p. 119 (deflactor 3.7); CGPE p. 120 (gasto neto pagado +8.6 %)","7,088,250.3/(6,295,736.2×1.037) = +8.6 %; con deflactor 3.4 (inflación dic/dic) = +8.9 %",no,8.9 vs 8.6,deflactor,no,El propio cuadro 3.3 de CIEP reporta 8.6 %. El 8.9 % reproduce con un deflactor de 3.4 % (inflación dic/dic 2022 o deflactor 2021 de los CGPE 2021) en lugar del deflactor del PIB 2022 de 3.7 %. No se declara el deflactor.
V102,3 Gasto público presupuestario,cap 3 §3.1 Evolución (p.15 impresa),Lo que equivale a un punto del PIB,b,restitucion,+1 pp PIB,"CGPE 2022 p. 39 (PIB 2021 a 24,983.9; revisado 26,055.3); p. 112",PEF 2021 25.2 % (PIB de aprobación) → 0.0 pp; 24.2 % (PIB revisado) → +1.0 pp,si,,,no,Reproduce sólo con el PIB revisado de 2021 (presentación CGPE p. 34); con el PIB de los CGPE 2021 (p. 16/112/120) no hay cambio. Ver fila del resumen.
V103,3 Gasto público presupuestario,cap 3 §3.1 Evolución (p.15 impresa),El PPEF es 1.2 puntos PIB menor a lo gastado en 2020,b,restitucion,−1.2 pp vs 2020 ejercido,Cuenta Pública 2020 (no en carpeta); CGPE 2022 p. 112 (gasto neto pagado 2020 26.0 % PIB; 2022 25.1 %),Con el CGPE (pagado): 26.0 − 25.1 = 0.9 pp,no_verificable,,,no,"Fuente ex post (Cuenta Pública 2020, gasto devengado). El CGPE sólo da el pagado (0.9 pp de diferencia). No se declara PIB ni concepto."
V104,3 Gasto público presupuestario,cap 3 §3.1 Evolución (p.15 impresa),"Respecto a lo ejercido en años previos se mantiene la proporción del PIB de Desarrollo Económico; el resto presenta reducciones, excepto Protección Social",b/c,restitucion,,Cuenta Pública 2014–2020 (no en carpeta); CGPE 2022 p. 89 (series % PIB) y p. 53,"CGPE p. 89: desarrollo económico 6.4 (2015) … 5.1 (2020), 4.8 (2021 a); 2022: 1,392.3/28,129.3 = 4.9 %. Protección social 3.7 (2015) → 5.1 (2021 a); 2022: 1,477.2/28,129.3 = 5.3 %",no_verificable,,,no,Fuente ex post (Cuenta Pública). Con la serie del CGPE la lectura es compatible: desarrollo económico 4.9 % vs 4.8–5.1 % recientes; protección social al alza. Figura 3.1 no verificable.
V105,3 Gasto público presupuestario,cap 3 §3.1 ¿Quién gasta? (p.15 impresa),Tres cuartas partes del presupuesto se ejecutan a través de 13 de los 47 ramos,b,restitucion,13 de 47 ramos; 3/4,DEC 2022 Anexo 1 p. 53–55; cuadros 3.1–3.2 CIEP,"Anexo 1 lista 44 ramos (8 autónomos + INEGI + TFJA + 26 administrativos + 8 generales con monto) más 4 entidades (IMSS, ISSSTE, Pemex, CFE) = 48; con Ramo 29 (en cero) 49. Los cuadros marcan 12 ramos con *, que suman 66.3 % del gasto neto (R19 neto) o 79.0 % (R19 bruto)",no,13/47 y 74–75 % vs 12 marcados / 48 ramos y entidades / 66.3–79.0 %,perimetro,na,Ni el conteo ni la suma reproducen con los ramos marcados; la afirmación de «tres cuartas partes» coincide con la participación del gasto programable (74.0 %).
V106,3 Gasto público presupuestario,cap 3 §3.1 ¿Quién gasta? (p.15 impresa),Sedena tiene una disminución de 10.8 % real,a,restitucion,−10.8 %,CGPE 2022 p. 118 (Defensa Nacional PEF a 116.7 → 104.1 mmp de 2022),−10.8 % real vs PEF 2021,si,,,si,
V107,3 Gasto público presupuestario,cap 3 §3.1 ¿Quién gasta? (p.15 impresa),"Reducciones mayores al 10 %: Economía, SEDATU e INE",a,restitucion,">10 % en SE, SEDATU, INE",CGPE 2022 p. 118,Economía −31.4 %; SEDATU −25.3 %; INE −11.4 % (vs PEF),si,,,si,Además INEGI +38.4 % y Defensa −10.8 % son los únicos otros ramos con |variación| > 10 % a la baja; la enumeración es correcta.
V108,3 Gasto público presupuestario,cap 3 §3.1 ¿Quién gasta? (p.15 impresa),"Mayores incrementos en Bienestar, SECTUR y entidades no sectorizadas",a,restitucion,"Bienestar, Turismo, no sectorizadas",CGPE 2022 p. 118,Turismo +64.0 %; entidades no sectorizadas +50.3 %; Bienestar +48.1 % (vs PEF); siguen SSPC +41.9 % y Salud +27.6 %,si,,,si,
V109,3 Gasto público presupuestario,cap 3 §3.1 ¿En qué se gasta? (p.16 impresa),"Bienes muebles, inmuebles e intangibles disminuyen 6.1 % real, una décima del PIB",b,restitucion,−6.1 %; 0.1 % PIB,Analíticos por objeto de gasto 2021 aprobado y 2022 (no en carpeta),,no_verificable,,,si,EM PPEF 2022 / analíticos no en carpeta.
V110,3 Gasto público presupuestario,cap 3 §3.1 ¿En qué se gasta? (p.16 impresa),Capítulo 7000 Inversión financiera: +79.4 % vs aprobado 2021 y +58.3 % vs ejercido 2020; se destina a los megaproyectos,b/c,restitucion,+79.4 %; +58.3 %,Analíticos por objeto (no en carpeta); Cuenta Pública 2020 (no en carpeta); CGPE p. 51 (inversión financiera y otros −3.8 %),CGPE clasificación económica: inversión financiera y otros 111.2 → 106.9 = −3.8 % real,no_verificable,,,si,Analíticos no en carpeta; fuente ex post para 2020. El signo contrario del CGPE (−3.8 %) indica que el capítulo 7000 de CIEP incluye las provisiones 7900 que el CGPE reclasifica.
V111,3 Gasto público presupuestario,cap 3 §3.1 ¿En qué se gasta? (p.16 impresa),85.5 % de las empresas reportó afectaciones y sólo 4 de cada 100 recibió apoyo (INEGI 2021c),a,restitucion,85.5 %; 4 de 100,INEGI ECOVID-IE (externo),,no_verificable,,,na,Fuente externa (INEGI).
V112,3 Gasto público presupuestario,cap 3 §3.1 ¿En qué se gasta? (p.16 impresa),Microcréditos para el Bienestar y Apoyo Financiero a Microempresas Familiares se eliminan en 2022,a,restitucion,2 programas eliminados,Analíticos por programa PPEF 2022 (no en carpeta),,no_verificable,,,na,EM PPEF 2022 / analíticos no en carpeta. Ninguno de los dos aparece en la lista de programas prioritarios del CGPE p. 49.
V113,3 Gasto público presupuestario,cap 3 §3.1 ¿En qué se gasta? (p.16 impresa),Los ingresos laborales disminuyeron en 9 de cada 10 hogares de 2018 a 2020 (ENIGH 2020),a,restitucion,9 de 10 hogares,INEGI ENIGH 2020 (externo),,no_verificable,,,na,Fuente externa (ENIGH).
V114,3 Gasto público presupuestario,cap 3 §3.1 ¿En qué se gasta? (p.16 impresa),Sembrando Vida −1.9 % y Jóvenes Construyendo el Futuro −9.8 %; Producción para el Bienestar sin variación,b,restitucion,−1.9 %; −9.8 %; 0 %,"CGPE 2022 p. 49 (SV 29,446.9; JCF 21,196.6; PpB 14,006.7); CGPE 2021 p. 54 (PPEF 2021: SV 28,929.9; JCF 20,600.1; PpB 13,500.0); PEF 2021 aprobado por programa (no en carpeta)","Con base PPEF 2021: SV 29,446.9/(28,929.9×1.037) = −1.8 %; JCF 21,196.6/(20,600.1×1.037) = −0.8 %; PpB 14,006.7/(13,500×1.037) = +0.1 %",no_verificable,,,si,"La base declarada es el PEF 2021 aprobado por programa, que no está en carpeta. SV y PpB reproducen con el PPEF 2021; JCF −9.8 % implicaría un aprobado 2021 de ~22,660 mdp, 10 % superior al proyecto: no verificable."
V115,3 Gasto público presupuestario,cap 3 §3.2 Incidencia (p.17 impresa),En México se invierte 3.4 % del PIB más en adultos mayores que en la niñez,b,mixta,3.4 pp,Simulador Fiscal CIEP v5 (externo),3.9 − 0.5 = 3.4 pp (aritmética interna),no_verificable,,,na,La resta reproduce con las cifras del mismo párrafo; los insumos son del Simulador Fiscal CIEP (externo). Sección «Incidencia» = mixta.
V116,3 Gasto público presupuestario,cap 3 §3.2 Incidencia (p.17 impresa),"Presupuesto distribuible 2022 por edad: 0.5 % PIB (0–4), 3.24 % (5–17), 1.16 % (18–24), 5.6 % (25–64), 3.9 % (65+)",a/c,mixta,0.5 / 3.24 / 1.16 / 5.6 / 3.9 % PIB,Simulador Fiscal CIEP v5 (externo),Suma 14.4 % del PIB,no_verificable,,,na,Fuente externa; figura 3.2 no verificable.
V117,3 Gasto público presupuestario,cap 3 §3.3 Implicaciones (p.17 impresa),El PPEF 2022 se encausa a transferencias y megaproyectos; queda lejos de un impulso al crecimiento de largo plazo,c,juicio,,,,,,,na,Juicio.
V118,3 Gasto público presupuestario,cap 3 cuadro 3.1 (p.19 impresa),"Primera fila «Ramos autónomos 153,334.0; 9.6 %; 18.7 % PIB»",a,restitucion,"153,334.0; 9.6 %; 18.7 %","CGPE 2022 p. 118 y 120 (gasto programable 5,247,296.4 mdp, +9.6 %, 18.7 % PIB)","9.6 % y 18.7 % corresponden al gasto programable total (5,247.3 mmp), no a los ramos autónomos (153.3 mmp = 0.5 % PIB, +1.6 %)",no,etiqueta y monto,transcripcion,si,Fila de encabezado mal etiquetada: los porcentajes son los del total programable y el monto es el de los ramos autónomos; la segunda fila repite el rubro con los valores correctos.
V119,3 Gasto público presupuestario,cap 3 cuadro 3.1 (p.19 impresa),"Ramos autónomos (incl. INEGI y TFJA) 153,333.98 mdp; +1.6 % real; 0.5 % PIB",a/b,restitucion,"153,333.98; 1.6 %; 0.5 %","DEC 2022 Anexo 1 p. 53 (139,232.6 + 11,115.3 + 2,986.1); CGPE p. 51 (153.3 mmp, +1.6 % real)","153,334.0 mdp; +1.6 %; 153,334.0/28,129,300 = 0.55 %",si,,,si,El CGPE p. 118 reporta −0.5 % para «Ramos Autónomos» sin INEGI/TFJA; con ellos (p. 51) +1.6 %.
V120,3 Gasto público presupuestario,cap 3 cuadro 3.1 (p.19 impresa),"Poder Legislativo 15,012.58; −2.3 %; 0.1 % — Poder Judicial 76,723.02; 3.8 %; 0.3 % — INE 24,649.59; −11.4 %; 0.1 %",a/b,restitucion,ver afirmación,DEC 2022 Anexo 1 p. 53; CGPE p. 118 (PEF),"15,012.6 (−2.3 %; 0.05 %); 76,723.0 (+3.8 %; 0.27 %); 24,649.6 (−11.4 %; 0.09 %)",si,,,si,"% PIB calculados con 28,129.3 mmp."
V121,3 Gasto público presupuestario,cap 3 cuadro 3.1 (p.19 impresa),"CNDH 1,722.32; −1.1 % — COFECE 616.13; −0.8 % — IFT 1,560.00; −0.4 % — INAI 982.91; +4.7 % — FGR 17,966.05; +0.3 %; 0.1 %",a/b,restitucion,ver afirmación,DEC 2022 Anexo 1 p. 53; CGPE p. 118 (PEF),"1,722.3 (−1.1); 616.1 (−0.8); 1,560.0 (−0.4); 982.9 (+4.7); 17,966.1 (+0.3; 0.06 % PIB)",si,,,si,
V122,3 Gasto público presupuestario,cap 3 cuadro 3.1 (p.19 impresa),"INEGI 11,115.30; +38.4 %; 0.0 % — TFJA 2,986.08; +0.5 %; 0.0 %",a/b,restitucion,ver afirmación,DEC 2022 Anexo 1 p. 53; CGPE p. 118,"11,115.3 (+38.4 %; 0.04 %); 2,986.1 (+0.5 %; 0.01 %)",si,,,si,
V123,3 Gasto público presupuestario,cap 3 cuadro 3.1 (p.19 impresa),"Ramos generales 1,216,729.7 mdp; +5.9 %; 4.3 % PIB",b,restitucion,"1,216,729.7; 5.9 %; 4.3 %","DEC 2022 Anexo 1 p. 54 (R19 1,092,011.8; R23 134,623.0; R25 60,244.8; R33 830,299.6 = programable 2,117,179.2); CGPE p. 52 y 118 (ramos generales 2,117.2 mmp, +6.1 %)","CIEP neta el Ramo 19 a 191,562.3 (resta 900,449.5 de transferencias a IMSS/ISSSTE): 191,562.3 + 134,623.0 + 60,244.8 + 830,299.6 = 1,216,729.7 ✓ aritmética; 1,216,729.7/28,129,300 = 4.33 % ✓. La variación +5.9 % con R19 neto no es verificable (CGPE: +6.1 % bruto)",no_verificable,,,si,"El neteo del Ramo 19 exige el analítico por UR/partida 2021 y 2022 (no en carpeta). El DEC sólo da el neteo total (1,023,474.8 mdp) que incluye aportaciones ISSSTE de todos los ramos."
V124,3 Gasto público presupuestario,cap 3 cuadro 3.1 (p.19 impresa),"Aportaciones a Seguridad Social (Ramo 19) 191,562.3 mdp; +28.0 %; 0.7 % PIB",b,restitucion,"191,562.3; 28.0 %; 0.7 %","DEC 2022 Anexo 1 p. 54 (Ramo 19 bruto 1,092,011.8); DEC art. 5 (aportaciones GF al IMSS: 115,222.1 + 474,317.2 + 6,406.6 + 16.7 = 595,962.6)","Monto neto no reproducible con la carpeta; 191,562.3/28,129,300 = 0.68 % ✓",no_verificable,,,si,"Analíticos por UR (no en carpeta). El CGPE p. 52 dice que el Ramo 19 bruto es 51.6 % de los ramos generales (2,117.2 mmp)."
V125,3 Gasto público presupuestario,cap 3 cuadro 3.1 (p.19 impresa),"Provisiones Salariales y Económicas (Ramo 23) 134,623.0 mdp; +1.8 %; 0.5 % PIB",a/b,restitucion,"134,623.0; 1.8 %; 0.5 %","DEC 2022 Anexo 1 p. 54; DEC 2021 Anexo 1 p. 53 (127,486.7 PPEF); CGPE p. 118 (ramos generales PPEF 1,996.0 ≈ PEF 1,996.2)","134,623.0 ✓; 134,623.0/(127,486.7×1.037) = +1.8 % (base PPEF 2021); 0.48 % PIB ✓",si,,,si,"Base 2021 usada: PPEF 2021 (DEC 2021); el PEF 2021 aprobado por ramo general no está en carpeta, pero el CGPE p. 118 muestra que el agregado de ramos generales PPEF y PEF difiere en 0.2 mmp."
V126,3 Gasto público presupuestario,cap 3 cuadro 3.1 (p.19 impresa),"Ramo 25 Previsiones y Aportaciones para Educación 60,244.8 mdp; −0.6 %; 0.2 % PIB",a/b,restitucion,"60,244.8; −0.6 %; 0.2 %","DEC 2022 Anexo 1 p. 54; DEC 2021 Anexo 1 p. 53 (58,254.3 PPEF)","60,244.8 ✓; 60,244.8/(58,254.3×1.037) = −0.3 % (base PPEF 2021); 0.21 % PIB ✓",no_verificable,,,si,"Con base PPEF 2021 la variación es −0.3 %, no −0.6 %; el PEF 2021 aprobado del Ramo 25 no está en carpeta (CGPE p. 118 no desagrega ramos generales), por lo que no se puede fallar."
V127,3 Gasto público presupuestario,cap 3 cuadro 3.1 (p.19 impresa),"Aportaciones Federales (Ramo 33) 830,299.6 mdp; +2.9 %; 3.0 % PIB",a/b,restitucion,"830,299.6; 2.9 %; 3.0 %","DEC 2022 Anexo 1 p. 54 y Anexo 22 p. 87; DEC 2021 Anexo 1 p. 53 (777,842.9); CGPE p. 50 (aportaciones incl. R25 e ISSSTE +2.7 %)","830,299.6 ✓; 830,299.6/(777,842.9×1.037) = +2.9 % (base PPEF 2021); 2.95 % PIB ✓",si,,,si,Base PPEF 2021; el CGPE da +2.7 % para el agregado con Ramo 25 (−0.3 %) y aportaciones ISSSTE.
V128,3 Gasto público presupuestario,cap 3 cuadro 3.1 (p.19 impresa),"Entidades de control directo 1,407,789.4 mdp; +6.4 %; 5.0 % PIB — IMSS 1,010,840.8; +8.1 %; 3.6 % — ISSSTE 396,948.6; +2.5 %; 1.4 %",a/b,restitucion,ver afirmación,DEC 2022 Anexo 1 p. 54; CGPE p. 52 y 118,"1,407,789.4 (+6.4 %; 5.00 %); 1,010,840.8 (+8.1 %; 3.59 %); 396,948.6 (+2.5 %; 1.41 %)",si,,,si,
V129,3 Gasto público presupuestario,cap 3 cuadro 3.1 (p.19 impresa),"Empresas productivas del Estado 1,086,278.3 mdp; +8.9 %; 3.9 % PIB",a/b,restitucion,"1,086,278.3; 8.9 %; 3.9 %","DEC 2022 Anexo 1 p. 54 (636,281.1 + 449,997.2); CGPE p. 52 y 118","1,086,278.3 (+8.9 %); 1,086,278.3/28,129,300 = 3.86 %",si,,,si,
V130,3 Gasto público presupuestario,cap 3 cuadro 3.1 (p.19 impresa),"Pemex 636,281.1 mdp; +12.7 %; 2.1 % PIB",a/b,restitucion,"636,281.1; 12.7 %; 2.1 %",DEC 2022 Anexo 1 p. 54; CGPE p. 41 y 118; p. 119,"636,281.1 ✓; +12.7 % ✓; 636,281.1/28,129,300 = 2.26 % → 2.3 %",no,2.1 vs 2.3,transcripcion,si,Monto y variación coinciden; el % del PIB está mal (2.26 redondea a 2.3). El CGPE p. 88 da 2.2 % para 2021 aprobado con PIB de aprobación.
V131,3 Gasto público presupuestario,cap 3 cuadro 3.1 (p.19 impresa),"CFE 449,997.2 mdp; +4.0 %; 3.6 % PIB",a/b,restitucion,"449,997.2; 4.0 %; 3.6 %",DEC 2022 Anexo 1 p. 54; CGPE p. 42 y 118; p. 119,"449,997.2 ✓; +4.0 % ✓; 449,997.2/28,129,300 = 1.60 %",no,3.6 vs 1.6,transcripcion,si,El 3.6 % es el % PIB del IMSS repetido; la CFE es 1.6 % (el resumen sí dice 1.6 %).
V132,3 Gasto público presupuestario,cap 3 cuadro 3.2 (p.20 impresa),"Ramos administrativos 1,506,190.4 mdp; +16.5 %; 5.4 % PIB",a/b,restitucion,"1,506,190.4; 16.5 %; 5.4 %",DEC 2022 Anexo 1 p. 53; CGPE p. 51 y 118,"1,506,190.4 (+16.5 % vs PEF); 5.35 % PIB",si,,,si,
V133,3 Gasto público presupuestario,cap 3 cuadro 3.2 (p.20 impresa),"Presidencia 833.9; −0.1 % — Gobernación 6,218.7; +2.4 % — SRE 8,508.9; +1.0 % — SHCP 21,370.9; +1.9 %; 0.1 %",a/b,restitucion,ver afirmación,DEC 2022 Anexo 1 p. 53; CGPE p. 118 (PEF),"833.9 (−0.1); 6,218.7 (+2.4); 8,508.9 (+1.0); 21,370.9 (+1.9; 0.08 % PIB)",si,,,si,
V134,3 Gasto público presupuestario,cap 3 cuadro 3.2 (p.20 impresa),"Defensa Nacional 104,107.9; −10.8 %; 0.4 % — Agricultura 53,089.0; +3.9 %; 0.2 %",a/b,restitucion,ver afirmación,DEC 2022 Anexo 1 p. 53; CGPE p. 118,"104,107.9 (−10.8 %; 0.37 %); 53,089.0 (+3.9 %; 0.19 %)",si,,,si,
V135,3 Gasto público presupuestario,cap 3 cuadro 3.2 (p.20 impresa),"Comunicaciones y Transportes 65,553.6 mdp; +13.0 %; 0.2 % PIB",a/b,restitucion,"65,553.6; 13.0 %; 0.2 %","DEC 2022 Anexo 1 p. 53; CGPE p. 118 (SCT PEF 57.7 → 65.6 mmp de 2022, +13.6 %); DEC 2021 Anexo 1 (55,919.6)","Monto ✓; CGPE +13.6 % vs PEF y vs PPEF; 65,553.6/(55,919.6×1.037) = +13.0 % con el nominal del DEC 2021",no,13.0 vs 13.6,contrafactual,si,El 13.0 % reproduce con el Anexo 1 del PPEF 2021 en pesos corrientes ×1.037; el CGPE p. 118 (base declarada PEF 2021) da 13.6 % porque su columna 2021 (57.7 mmp de 2022) no coincide con el Anexo 1 de 2021 (55.9×1.037 = 58.0).
V136,3 Gasto público presupuestario,cap 3 cuadro 3.2 (p.20 impresa),"Economía 3,586.7 mdp; −47.1 %; 0.0 % PIB",a/b,restitucion,"3,586.7; −47.1 %","DEC 2022 Anexo 1 p. 53; CGPE p. 118 (Economía PEF 5.2 → 3.6 mmp de 2022, −31.4 %); DEC 2021 Anexo 1 (6,538.5)","Monto ✓; CGPE −31.4 % vs PEF; 3,586.7/(6,538.5×1.037) = −47.1 % con el nominal del PPEF 2021",no,−47.1 vs −31.4,contrafactual,si,"El −47.1 % usa como base el Anexo 1 del PPEF 2021 (6,538.5 mdp); el CGPE p. 118 registra PPEF y PEF 2021 en 5.2 mmp de 2022 (≈5,014 de 2021). El texto de §3.1 sólo dice «mayor a 10 %», que sigue siendo cierto."
V137,3 Gasto público presupuestario,cap 3 cuadro 3.2 (p.20 impresa),"Educación Pública 364,484.0 mdp; +4.0 %; 1.3 % PIB",a/b,restitucion,"364,484.0; 4.0 %; 1.3 %",DEC 2022 Anexo 1 p. 53; CGPE p. 51 y 118 (+4.1 % vs PEF; +4.0 % vs PPEF),"364,484.0 ✓; +4.1 % vs PEF (4.0 vs PPEF); 1.30 % PIB ✓",aprox,4.0 vs 4.1,,si,Diferencia de 0.1 pp dentro de tolerancia; el 4.0 corresponde a la columna PPEF 2021 del CGPE.
V138,3 Gasto público presupuestario,cap 3 cuadro 3.2 (p.20 impresa),"Salud 192,368.3 mdp; +27.6 %; 0.7 % PIB",a/b,restitucion,"192,368.3; 27.6 %; 0.7 %","DEC 2022 Anexo 1 p. 53; CGPE p. 14, 51 y 118","192,368.3 ✓; +27.6 % ✓; 0.68 % PIB ✓",si,,,si,
V139,3 Gasto público presupuestario,cap 3 cuadro 3.2 (p.20 impresa),"Marina 37,750.2 mdp; +2.6 %; 0.1 % PIB",a/b,restitucion,"37,750.2; 2.6 %; 0.1 %","DEC 2022 Anexo 1 p. 53; CGPE p. 118 (Marina PEF 37.1 → 37.8, +1.8 %); DEC 2021 Anexo 1 (35,476.7)","Monto ✓; CGPE +1.8 %; 37,750.2/(35,476.7×1.037) = +2.6 % con el nominal del PPEF 2021",no,2.6 vs 1.8,contrafactual,si,Mismo patrón que SCT: base Anexo 1 PPEF 2021 ×1.037 en lugar del PEF 2021 del CGPE p. 118. El cap. 9 repite el +2.6 % para SEMAR.
V140,3 Gasto público presupuestario,cap 3 cuadro 3.2 (p.20 impresa),"Trabajo 24,884.4; +0.8 %; 0.1 % — SEDATU 12,868.5; −25.3 %; 0.0 % — Semarnat 40,795.9; +25.5 %; 0.1 % — Energía 47,057.7; −3.6 %; 0.2 %",a/b,restitucion,ver afirmación,DEC 2022 Anexo 1 p. 53–54; CGPE p. 118 (PEF),"24,884.4 (+0.8; 0.09 %); 12,868.5 (−25.3; 0.05 %); 40,795.9 (+25.5 vs PEF; 0.15 %); 47,057.7 (−3.6; 0.17 %)",si,,,si,Semarnat: +25.5 % es la columna PEF (PPEF daría 27.1 %); aquí CIEP sí usa la base PEF.
V141,3 Gasto público presupuestario,cap 3 cuadro 3.2 (p.20 impresa),"Bienestar 296,858.5 mdp; +49.3 %; 1.1 % PIB",a/b,restitucion,"296,858.5; 49.3 %; 1.1 %","DEC 2022 Anexo 1 p. 54; CGPE p. 51 y 118 (Bienestar PEF 200.4 → 296.9 mmp de 2022, +48.1 %; vs PPEF +49.5 %); DEC 2021 Anexo 1 (189,970.6)","Monto ✓; CGPE +48.1 % vs PEF; con Anexo 1 PPEF 2021: 296,858.5/(189,970.6×1.037) = +50.7 %; 1.06 % PIB ✓",no,49.3 vs 48.1,contrafactual,si,"El 49.3 % no reproduce ni con el PEF (48.1) ni con el PPEF del CGPE (49.5) ni con el Anexo 1 nominal (50.7); implica una base 2021 de ~191,732 mdp no identificada."
V142,3 Gasto público presupuestario,cap 3 cuadro 3.2 (p.20 impresa),"Turismo 65,671.0; +64.0 %; 0.2 % — Función Pública 1,446.3; +0.4 % — Tribunales Agrarios 841.8; +1.4 % — Consejería Jurídica 147.3; +0.4 %",a/b,restitucion,ver afirmación,DEC 2022 Anexo 1 p. 54; CGPE p. 118,"65,671.0 (+64.0; 0.23 %); 1,446.3 (+0.4); 841.8 (+1.4); 147.3 (+0.4)",si,,,si,
V143,3 Gasto público presupuestario,cap 3 cuadro 3.2 (p.20 impresa),"SSPC 93,379.5; +41.9 %; 0.3 % — Conacyt 29,564.2; +7.3 %; 0.1 % — CRE 256.5; −2.4 % — CNH 222.9; −2.2 % — Cultura 15,028.5; +3.6 %; 0.1 %",a/b,restitucion,ver afirmación,DEC 2022 Anexo 1 p. 54; CGPE p. 118,"93,379.5 (+41.9; 0.33 %); 29,564.2 (+7.3; 0.11 %); 256.5 (−2.4); 222.9 (−2.2); 15,028.5 (+3.6; 0.05 %)",si,,,si,
V144,3 Gasto público presupuestario,cap 3 cuadro 3.2 (p.20 impresa),"Entidades no Sectorizadas 19,295.5 mdp; +52.3 %; 0.1 % PIB",a/b,restitucion,"19,295.5; 52.3 %; 0.1 %","DEC 2022 Anexo 1 p. 54; CGPE p. 118 (PEF 12.8 → 19.3 mmp de 2022, +50.3 %); DEC 2021 Anexo 1 (12,213.9)","Monto ✓; CGPE +50.3 %; 19,295.5/(12,213.9×1.037) = +52.3 % con el nominal del PPEF 2021",no,52.3 vs 50.3,contrafactual,si,Base Anexo 1 PPEF 2021 ×1.037 en lugar del PEF 2021 del CGPE.
V145,3 Gasto público presupuestario,cap 3 cuadro 3.3 (p.21 impresa),"Gasto no programable 1,840,953.9 mdp; +5.8 %; 6.5 % PIB",a,restitucion,"1,840,953.9; 5.8 %; 6.5 %",CGPE 2022 p. 120,"1,840,953.9; +5.8 % real; 6.5 % PIB",si,,,si,
V146,3 Gasto público presupuestario,cap 3 cuadro 3.3 (p.21 impresa),"Deuda Pública (Ramo 24) 580,638.2 mdp; +3.5 %; 2.1 % PIB",a/b,restitucion,"580,638.2; 3.5 %; 2.1 %","DEC 2022 Anexo 1 p. 54; DEC 2021 Anexo 1 p. 53 (541,094.6)","580,638.2 ✓; 580,638.2/(541,094.6×1.037) = +3.5 %; 2.06 % PIB ✓",si,,,si,"Base PPEF 2021 (Anexo 1); el CGPE sólo da el costo financiero total (+5.4 %, incluye EPE y Ramo 34)."
V147,3 Gasto público presupuestario,cap 3 cuadro 3.3 (p.21 impresa),"Participaciones 1,019,490.0 mdp; +6.7 %; 3.6 % — Adefas 30,000.0; −9.9 %; 0.1 %",a,restitucion,ver afirmación,CGPE 2022 p. 120; DEC 2022 Anexo 1 p. 54,"1,019,490.0 (+6.7 %; 3.6 %); 30,000.0 (−9.9 %; 0.1 %)",si,,,si,
V148,3 Gasto público presupuestario,cap 3 cuadro 3.3 (p.21 impresa),"Ramo 34 Apoyo a Ahorradores y Deudores 38,683.9 mdp; +231.7 %; 0.1 % PIB",a/b,restitucion,"38,683.9; 231.7 %; 0.1 %","DEC 2022 Anexo 1 p. 54; DEC 2021 Anexo 1 p. 53 (11,245.9)","38,683.9 ✓; 38,683.9/(11,245.9×1.037) = +231.7 % ✓; 0.14 % PIB ✓",si,,,si,Base PPEF 2021.
V149,3 Gasto público presupuestario,cap 3 cuadro 3.3 (p.21 impresa),"Costo financiero Pemex 142,556.1 mdp; −3.0 %; 0.5 % — CFE 29,585.6; −4.3 %; 0.1 %",a/b,restitucion,ver afirmación,"DEC 2022 Anexo 1 p. 54; CGPE p. 41 (Pemex costo financiero −3.0 %); DEC 2021 Anexo 1 (141,758.3; 29,799.7)","142,556.1 (−3.0 % ✓ CGPE; 0.51 % PIB); 29,585.6/(29,799.7×1.037) = −4.3 % ✓; 0.11 % PIB",si,,,si,
V150,3 Gasto público presupuestario,cap 3 cuadro 3.3 (p.21 impresa),"Gasto bruto total 7,088,250.3 mdp; +8.6 %; 25.2 % — menos transferencias y cuotas al IMSS e ISSSTE 123,025.3 (0.1 %; 0.4 % PIB) — gasto neto total 7,088,250.3; +8.6 %; 25.2 %",a/b,restitucion,"bruto 7,088,250.3; neteo 123,025.3; neto 7,088,250.3","DEC 2022 Anexo 1 p. 55 (neteo 1,023,474.8 mdp; gasto neto 7,088,250.3); CGPE p. 120 (+8.6 %)","Gasto neto 7,088,250.3 ✓ (+8.6 % con base 6,295,736.2 ✓; 25.2 % ✓). El «bruto» oficial es 7,088,250.3 + 1,023,474.8 = 8,111,725.1; el neteo del DEC es 1,023,474.8 (3.6 % PIB), no 123,025.3",no,"bruto = neto; neteo 123,025.3 vs 1,023,474.8",perimetro,si,"La fila «gasto bruto» repite el neto y el neteo reportado (123,025.3 = 0.44 % PIB) no corresponde al del Anexo 1; su concepto («transferencias y cuotas al IMSS e ISSSTE») no es identificable con la carpeta."
V151,4 Salud,cap 4 párrafo inicial (p.23 impresa),"El presupuesto del sector salud suma 824,181 mdp, +14.6 % vs aprobado 2021",a/b,restitucion,"824,181 mdp; +14.6 %","CGPE 2022 p. 48 (función salud 794.0 mmp de 2022, +15.2 % real); analíticos función salud 2021–2022 (no en carpeta)","Perímetro CIEP (nota 4: Ramo 12 + resto de función salud + AI de Pemex + programa de investigación IMSS/ISSSTE) no está en el paquete. 824,181/719,044 = +14.6 % nominal; real = 824,181/(719,044×1.037) = +10.5 %",no_verificable,,,no,"EM PPEF 2022 / analíticos no en carpeta. El 14.6 % es nominal (no se declara); en términos reales sería +10.5 %, frente al +15.2 % real de la función salud del CGPE: los dos perímetros no son comparables."
V152,4 Salud,cap 4 párrafo inicial (p.23 impresa),Como % del PIB es el más alto de la última década y alcanza 2.9 %,b/c,restitucion,2.9 % PIB; máximo decenal,"CGPE 2022 p. 89 (función salud % PIB 2015–2021: 2.7, 2.6, 2.5, 2.4, 2.4, 2.8, 2.6 a / 2.7 est.); Cuenta Pública 2012–2014 (no en carpeta)","824,181/28,129,300 = 2.93 % ✓. Con el perímetro CGPE, 2022 = 794.0/28,129.3 = 2.82 % ≈ 2020 (2.8)",no_verificable,,,na,El cociente reproduce; el máximo decenal depende del perímetro CIEP y de series ex post. En el perímetro del CGPE 2022 empata con 2020.
V153,4 Salud,cap 4 párrafo inicial (p.23 impresa),"El presupuesto vinculado al ODS 3 pasa de 64.3 % del gasto total en 2021 a 60.1 % en 2022; 6 de 21 programas con recortes por 1,662 mdp; 1,425 mdp menos en Atención a la salud del IMSS",a/b,restitucion,"64.3 → 60.1 %; 6 de 21; 1,662; 1,425","EM PPEF 2022 sección 5 (vinculación ODS, citada en CGPE p. 49 n. 2; no en carpeta)",,no_verificable,,,no,EM PPEF 2022 / analíticos no en carpeta. No se declara si «gasto total» es el del sector salud o el nacional.
V154,4 Salud,cap 4 §4.1 Evolución (p.23 impresa),"El aumento de 105,137 mdp equivale a 0.37 % del PIB",b,restitucion,"105,137 mdp; 0.37 %",CGPE p. 119 (PIB); CGPE p. 48,"824,181 − 719,044 = 105,137 ✓; 105,137/28,129,300 = 0.374 % ✓ (la función salud del CGPE da 104.8 mmp de 2022 = 0.37 %)",si,,,no,La resta es nominal (2021 aprobado en pesos de 2021 vs 2022 en pesos de 2022) sin declararlo; el CGPE llega al mismo 0.37 % en términos reales.
V155,4 Salud,cap 4 §4.1 Evolución (p.23 impresa),"Con excepción de Pemex todos los subsistemas aumentan; IMSS, SSa, FASSA y Ramo 19 alcanzan máximos históricos",a/c,restitucion,,"Analíticos por subsistema (no en carpeta); DEC 2022 Anexo 22 (FASSA 117,537.2 mdp); EM 2021 p. 201 (FASSA 2021 109,501.3)","FASSA 117,537.2/(109,501.3×1.037) = +3.5 % real ✓ aumenta; Ramo 12 +27.6 % ✓; IMSS +8.1 % ✓ (CGPE p. 118); Pemex y máximos históricos no verificables",no_verificable,,,si,Sólo verificables los agregados por ramo; la función salud por subsistema y la serie histórica exigen analíticos y Cuenta Pública.
V156,4 Salud,cap 4 §4.1 ¿En qué se gastará? (p.23 impresa),"Siete partidas concentran 92.9 % del aumento; inversión financiera +33,337 mdp; medicamentos +23,596; nómina transitoria +12,102",b,restitucion,"92.9 %; 33,337; 23,596; 12,102",Cuadro 4.1 CIEP; analíticos por objeto 2021 aprobado y 2022 (no en carpeta),"97,710/105,137 = 92.9 % ✓ aritmética; 118,561 − 94,966 = 23,595; 15,488 − 3,387 = 12,101",no_verificable,,,no,Aritmética interna consistente (diferencias de 1 mdp por redondeo). Partidas y conceptos no en carpeta. Las diferencias son nominales.
V157,4 Salud,cap 4 §4.1 Inversión financiera / Vacunación / Nómina (p.23 impresa),"26,501 mdp más para vacunas Covid-19; sin ellas medicamentos −3.1 %; 96.1 % del aumento de nómina es para personal de la pandemia",b,restitucion,"26,501; −3.1 %; 96.1 %",CGPE 2022 p. 14 (28.6 mmp para vacunas e insumos en el Ramo 12; 50.6 mmp fuerza laboral); analíticos (no en carpeta),"(118,561 − 26,501)/94,966 = −3.1 % nominal ✓; 11,633/12,102 = 96.1 % ✓. El CGPE p. 14 cifra 28.6 mmp para vacunas e insumos (perímetro distinto: incluye insumos)",no_verificable,,,no,"Aritmética interna reproduce. El −3.1 % es nominal (real ≈ −6.6 %). CGPE p. 14 da 28.6 mmp en el Ramo 12 para vacunas e insumos, cifra próxima pero no idéntica a los 26,501 de CIEP."
V158,4 Salud,cap 4 cuadro 4.1 (p.25 impresa),"Cuadro 4.1: PEF 2021 341,288 y PPEF 2022 438,998 en siete conceptos; diferencia 97,710; Covid 65,421; gasto total en salud 719,044 → 824,181 (+105,137)",a/b,restitucion,ver afirmación,Analíticos por objeto y programa 2021 aprobado y 2022 (no en carpeta),"Sumas: 94,966+3,387+14,112+125,446+61,674+41,703 = 341,288 ✓; 33,337+118,561+15,488+23,690+133,951+65,809+48,161 = 438,997 ✓; diferencias 97,711 ✓; Covid 27,287+26,501+11,633 = 65,421 ✓",no_verificable,,,no,Aritmética interna consistente al redondeo; las cifras por partida/concepto no están en la carpeta. Diferencias nominales.
V159,4 Salud,cap 4 §4.2 Incidencia (p.24 impresa),Gasto per cápita aumenta en todos los subsistemas excepto Pemex (−11.2 %),b,mixta,Pemex −11.2 %,Analíticos (AI Pemex salud) y población adscrita (no en carpeta / externos),,no_verificable,,,no,Sección «Incidencia» = mixta. Analíticos y padrones externos.
V160,4 Salud,cap 4 §4.2 IMSS-Bienestar (p.24 impresa),"Gasto per cápita de IMSS-Bienestar pasa de $1,215 (2021) a $2,013 (2022): +$798 o 66 %; el de Pemex es 12.8 veces superior (24.8 en 2021)",b,mixta,"1,215 → 2,013; +798; 66 %; 12.8; 24.8","Programa IMSS-Bienestar 2021 aprobado y 2022 (cuadro 4.1: 14,112 → 23,690) y población adscrita (externo)","2,013 − 1,215 = 798 ✓; 798/1,215 = 65.7 % ✓ aritmética. 23,690/14,112 = +67.9 % nominal; la población implícita crece ~1 %",no_verificable,,,no,Aritmética interna reproduce; el programa por UR y la población adscrita no están en la carpeta. La variación es nominal.
V161,4 Salud,cap 4 §4.2 Recortes y gasto de bolsillo (p.24 impresa),"De 2014 a 2020 el gasto de bolsillo aumentó 62.7 % ($1,979 → $3,219); los recortes al sector salud 2016–2019 sumaron 42,263 mdp",b,mixta,"62.7 %; 1,979; 3,219; 42,263",ENIGH 2014 y 2020 (externo); Cuenta Pública 2016–2019 (no en carpeta),"3,219/1,979 = +62.7 % ✓ aritmética",no_verificable,,,no,Fuentes externas y ex post. No se declara si los pesos son constantes.
V162,4 Salud,cap 4 §4.2 personas de menores ingresos (p.25 impresa),"En 2020 el gasto de bolsillo de las mujeres fue 11.7 % mayor al de los hombres, hasta 15.5 % en los primeros deciles",a,mixta,11.7 %; 15.5 %,ENIGH 2020 (externo),,no_verificable,,,na,Fuente externa.
V163,4 Salud,cap 4 §4.2 ¿Medicamentos o vacunas? (p.25 impresa),"En 2020, 21.8 % de la población pagó medicamentos al acudir a consulta, 7.6 millones más que en 2014",a,mixta,21.8 %; 7.6 millones,ENIGH 2014 y 2020 (externo),,no_verificable,,,na,Fuente externa.
V164,4 Salud,cap 4 §4.2 Hospitales rurales (p.25 impresa),"IMSS-Bienestar tiene 80 HR; meta 200 HR; inversión total 25,959 mdp (8,653 anuales); IMSS-Bienestar aumenta 9,578 mdp «en términos reales»; se requeriría 90.3 % del aumento",b,mixta,"80; 200; 25,959; 8,653; 9,578; 90.3 %","Presidencia (2022, externo); nota 9 CIEP (216.32 mdp por HR de 2009, pesos de 2022); cuadro 4.1","120 HR × 216.32 = 25,958.4 ✓; 25,959/3 = 8,653 ✓; 8,653/9,578 = 90.3 % ✓. 9,578 = 23,690 − 14,112 es una diferencia nominal, no real",no_verificable,,,no,"Aritmética interna reproduce; los insumos son externos. La diferencia de 9,578 mdp es nominal (2021 en pesos de 2021 vs 2022) aunque se etiqueta «en términos reales»."
V165,4 Salud,cap 4 §4.3 Implicaciones (p.25 impresa),Incremento por debajo del compromiso de 1 punto del PIB y de 3 puntos adicionales (CIEP 2018); cercano a cuatro décimas del PIB,b/c,juicio,1 pp; 3 pp; ~0.4 pp,"CIEP (2018, externo); CGPE p. 48",0.37 % ≈ cuatro décimas ✓,si,,,na,Las referencias de 1 y 3 pp son externas; el «cercano a cuatro décimas» coincide con 0.37.
V166,4 Salud,cap 4 §4.3 Sostenibilidad / FONSABI (p.25–26 impresa),"Parte del financiamiento proviene del FONSABI, fuente no recurrente; Figura 4.2 saldo del FONSABI",a/c,juicio,,"ILIF 2022 transitorio Décimo Cuarto (remanente del FONSABI a TESOFE, sin cifra); saldo del fideicomiso (Informes Trimestrales, no en carpeta)","El transitorio ordena concentrar el remanente del patrimonio del FONSABI durante el primer semestre de 2022, sin cifra",no_verificable,,,na,Fuente ex post para el saldo (Informes Trimestrales). La existencia de la extracción está en la ILIF; el monto no.
V167,4 Salud,cap 4 §4.3 Transición epidemiológica (p.26 impresa),"De 2017 a 2019, 29.4 % del presupuesto del IMSS se destinó a seis enfermedades crónicas; el ISSSTE 43.3 % (2014–2019) a 11 crónicas",a,juicio,29.4 %; 43.3 %,Informes financieros IMSS/ISSSTE (externos),,no_verificable,,,na,Fuente externa.
V168,5 Inversión,cap 5 párrafo inicial (p.28 impresa),"Inversión pública 2022: 982,288 mdp, 13.9 % del gasto neto y 3.5 % del PIB",a/b,restitucion,"982,288; 13.9 %; 3.5 %",CGPE 2022 p. 51 (gasto de inversión 982.3 mmp); DEC art. 2; p. 119; p. 102 (gasto de capital 3.5 % PIB),"982.3 mmp ✓; 982,288/7,088,250.3 = 13.86 % ✓; /28,129,300 = 3.49 % ✓",si,,,na,
V169,5 Inversión,cap 5 párrafo inicial (p.28 impresa),"Obra pública 67.2 % del total, capital diferente de obra pública 32.4 %; 53.3 % directamente a infraestructura",b,restitucion,67.2; 32.4; 53.3,Analíticos por objeto PPEF 2022 (no en carpeta),67.2 + 32.4 = 99.6 (falta 0.4 sin explicar),no_verificable,,,na,Analíticos no en carpeta. El resumen dice 55.3 % para infraestructura y aquí 53.3 %: inconsistencia interna.
V170,5 Inversión,cap 5 §5.1 Evolución (p.28 impresa),Inversión proyectada para 2021 (sic) 14.3 % mayor en términos reales al aprobado 2021; obra pública +21.3 %; infraestructura +16.6 %,a/b,restitucion,14.3; 21.3; 16.6,"CGPE 2022 p. 48, 50–51 (inversión total +14.3 %; física +17.7 %); analíticos (no en carpeta)",+14.3 % ✓; obra pública e infraestructura no en carpeta (inversión física CGPE +17.7 %),aprox,,,si,El 14.3 % coincide; 21.3 y 16.6 no verificables (analíticos). Errata: «proyectado para 2021».
V171,5 Inversión,cap 5 §5.1 Evolución (p.28 impresa),"Entre 2014 y 2017 la inversión promedió 1,304,875 mdp reales, casi una tercera parte más que 2022",b,restitucion,"1,304,875; +1/3",Cuenta Pública 2014–2017 (no en carpeta),"1,304,875/982,288 = 1.33 ✓ aritmética",no_verificable,,,no,Fuente ex post; deflactor y año base de los pesos reales no declarados.
V172,5 Inversión,cap 5 §5.1 por función (p.28 impresa),Energía 55.1 % de la inversión; vivienda 20.6 %; comunicaciones y transportes 12.9 % (+47.1 % real); salud 1.7 % y educación 1.8 % (+1.1 % y +8.7 %); 15.7 veces menor que energía,b,restitucion,ver afirmación,Analíticos función × objeto 2021 aprobado y 2022 (no en carpeta),55.1/(1.7+1.8) = 15.7 ✓ aritmética,no_verificable,,,si,Analíticos no en carpeta; la razón 15.7 reproduce con las participaciones citadas.
V173,5 Inversión,cap 5 §5.1 Tren Maya (p.28–29 impresa),"Recursos del Tren Maya +67.3 % real, de 37,633 a 62,942 mdp de 2022",a/b,restitucion,"+67.3 %; 37,633 → 62,942 mdp de 2022","CGPE 2022 p. 14 y 48 (+68.0 % real); p. 49 (63,231.6 mdp)","62,942/37,633 = +67.3 % ✓ aritmética; CGPE: 63,231.6 mdp y +68.0 % (base implícita 63,231.6/1.68 = 37,638 ≈ 37,633 ✓)",no,"62,942 vs 63,231.6 (−0.5 %); 67.3 vs 68.0",perimetro,si,"La base 2021 coincide con la implícita del CGPE; el monto 2022 de CIEP es 289.6 mdp menor que el proyecto prioritario del CGPE (perímetro del programa vs del proyecto), lo que baja la variación de 68.0 a 67.3."
V174,5 Inversión,cap 5 §5.1 Tren Maya (p.28–29 impresa),"1,440 km de vías; 62 km de vías férreas en 2022; parque solar en Campeche",a,restitucion,"1,440 km; 62 km",SHCP 2021g y EM PPEF 2022 p. 101 (no en carpeta),,no_verificable,,,na,EM PPEF 2022 no en carpeta.
V175,5 Inversión,cap 5 §5.1 AIFA (p.29 impresa),En 2022 se proyectan 800 mdp de inversión en equipos de navegación para el SAM vía SCT,a,restitucion,800 mdp,"Analíticos / EM PPEF 2022 (no en carpeta); CGPE p. 49 (conectividad con el AIFA 1,657.8 mdp)","El CGPE lista «Conectividad con el AIFA – Tren Suburbano» 1,657.8 mdp, concepto distinto",no_verificable,,,na,EM PPEF 2022 / analíticos no en carpeta.
V176,5 Inversión,cap 5 §5.1 Dos Bocas (p.29 impresa),Los recursos para Dos Bocas disminuirían 3.7 % real en 2022,a/b,restitucion,−3.7 %,EM PPEF 2022 p. 97–98 y analíticos (no en carpeta); CGPE p. 118 (Ramo 18 Energía −3.6 %),Ramo Energía (que contiene la aportación patrimonial) −3.6 % real,no_verificable,,,si,"EM PPEF 2022 no en carpeta. El Ramo 18, que según CIEP es 97.5 % aportación a Dos Bocas, cae 3.6 %, coherente con −3.7 %."
V177,5 Inversión,cap 5 §5.1 Tulum (p.29–30 impresa),"Por primera vez se proyecta inversión para el Aeropuerto de Tulum: 11,031 mdp en 2022 a cargo de la Sedena",a,restitucion,"11,031 mdp",EM PPEF 2022 p. 97–98 / analíticos (no en carpeta),,no_verificable,,,na,EM PPEF 2022 no en carpeta.
V178,5 Inversión,cap 5 §5.2 Incidencia (p.30 impresa),Infraestructura económica y social inciden en crecimiento y bienestar; mujeres principales usuarias de infraestructura social,c,mixta,,,,,,,na,Juicio con literatura externa.
V179,5 Inversión,cap 5 §5.3 Implicaciones (p.30 impresa),3.5 % del PIB es inferior al mínimo de 4.5 % del Banco Mundial; entre 2014 y 2019 la inversión promedió 4.3 % del PIB,b/c,juicio,3.5; 4.5; 4.3,"Rozenberg y Fay (2019, externo); CGPE 2021 p. 77 (gasto de capital % PIB 2014–2019: 5.1, 5.1, 5.9, 3.8, 3.1, 3.1)",Promedio 2014–2019 del gasto de capital CGPE 2021 = 4.35 % ≈ 4.3 ✓,aprox,,,na,El 4.5 % es externo; el promedio 4.3 reproduce con la serie de gasto de capital del CGPE 2021 (4.35).
V180,6 Federalizado,cap 6 párrafo inicial (p.32 impresa),"Gasto federalizado 2022: 2,108,869.1 mdp reales; 7.5 % del PIB; 29.7 % del gasto neto",a/b,restitucion,"2,108,869.1; 7.5 %; 29.7 %","CGPE 2022 p. 50 (2,108.9 mmp de 2022); p. 119; DEC art. 2","2,108.9 ✓; 7.50 % ✓; 29.75 % (→ 29.8)",aprox,29.7 vs 29.75,,na,§6.1 dice 29.8 %; el párrafo inicial y el resumen 29.7 %.
V181,6 Federalizado,cap 6 párrafo inicial (p.32 impresa),"Participaciones 48.3 %, aportaciones 42.2 %, resto 9.4 % (convenios, subsidios y salud pública)",b,restitucion,48.3; 42.2; 9.4,CGPE 2022 p. 50,"1,019.5/2,108.9 = 48.3; 890.5/2,108.9 = 42.2; 198.8/2,108.9 = 9.4",si,,,na,
V182,6 Federalizado,cap 6 párrafo inicial (p.32 impresa),"De las aportaciones, 55.3 % a educación, 16.6 % fortalecimiento institucional, 13.2 % salud, 12.4 % infraestructura, 1.6 % asistencia social, 0.9 % seguridad",b,restitucion,55.3 / 16.6 / 13.2 / 12.4 / 1.6 / 0.9,"DEC 2022 Anexo 22 p. 86–87 (FONE 424,326.2; FASSA 117,537.2; FAIS 94,321.0; FORTAMUN 95,547.8; FAM AS 13,962.8; FAM IE 16,391.1; FAETA 8,019.4; FASP 7,988.0; FAFEF 52,205.8) y Anexo 1 (Ramo 25 60,244.8)","Denominador 890,544.4 (R33 + R25): educación (FONE+FAETA+R25) 55.3 %; FAFEF+FORTAMUN 16.6 %; FASSA 13.2 %; FAIS+FAM IE 12.4 %; FAM AS 1.6 %; FASP 0.9 %",si,,,na,"Reproduce sólo si el denominador incluye el Ramo 25 (890.5 mmp, como en CGPE p. 50) y educación incluye el Ramo 25; la nota 10 de CIEP no menciona el Ramo 25."
V183,6 Federalizado,cap 6 §6.1 Evolución (p.32 impresa),Gasto federalizado +4.7 % real; RFP +7.3 %; participaciones +6.7 % y aportaciones +2.7 %,a/b,restitucion,4.7; 7.3; 6.7; 2.7,"CGPE 2022 p. 50; ILIF 2022 art. 1o. (RFP 3,728,987.5) e ILIF 2021 (3,351,759.7)","+4.7 % ✓; 3,728,987.5/(3,351,759.7×1.037) = +7.3 % ✓; +6.7 % ✓; +2.7 % ✓",si,,,si,
V184,6 Federalizado,cap 6 §6.1 Evolución (p.32 impresa),El gasto federalizado ejercido en 2019 es 2.9 % mayor al proyectado 2022; el de 2014 es 1.1 veces,b,restitucion,2.9 %; 1.1 veces,Cuenta Pública 2014 y 2019 (no en carpeta); deflactor CIEP (nota 11),,no_verificable,,,no,Fuente ex post; deflactor propio de CIEP no declarado numéricamente.
V185,6 Federalizado,cap 6 §6.1 Evolución (p.32 impresa),"29.8 % del gasto neto y 7.5 % del PIB en 2022, mismas cifras que en 2021 (29.7 % en 2021)",b,restitucion,29.8; 7.5; 2021: 29.7 y 7.5,"CGPE 2022 p. 50 (2022: 2,108.9; 2021 PEF 2,014.2 mmp de 2022); EM PPEF 2021 p. 201 (1,867,338.4); DEC 2021 art. 2; CGPE p. 39","2022: 29.75 % y 7.50 % ✓. 2021 con EM 2021 (1,867.3): 29.7 % del gasto neto y 7.5 % del PIB de aprobación ✓; con la base 2021 del CGPE 2022 (2,014.2/1.037 = 1,942.3): 30.9 % y 7.8 %",si,,,no,El 2021 reproduce con el perímetro de la EM 2021 (nota 12 CIEP); el CGPE 2022 amplía el perímetro 2021 («otros conceptos» 191.3 vs 109.8) y con él las proporciones de 2021 serían mayores. No se declara la base.
V186,6 Federalizado,cap 6 §6.1 Distribución por entidad (p.33 impresa),"CDMX 22,882; Campeche 20,096; Colima 18,945 pesos reales per cápita; Guanajuato 12,875 y Estado de México 12,772; mismos extremos en 2021",b,restitucion,ver afirmación,"Distribución por entidad del PPEF 2022 (EM/analíticos, no en carpeta); CONAPO 2020 (externo)",,no_verificable,,,no,EM PPEF 2022 no en carpeta; población externa; año base de los pesos reales no declarado.
V187,6 Federalizado,cap 6 §6.1 ¿En qué se gasta? (p.34 impresa),"En 2019, 87.6 % de las participaciones se destinó a gasto corriente y 84.3 % de las aportaciones para salud a servicios generales",a,restitucion,87.6 %; 84.3 %,ASF 2019a/b; SHCP 2021i (externos),,no_verificable,,,na,Fuente externa (ASF).
V188,6 Federalizado,cap 6 §6.2 Incidencia (p.34 impresa),El gasto federalizado promediaría 88 % de los recursos subnacionales en 2022 y la recaudación local 12 %,b/c,mixta,88 % / 12 %,SHCP 2021i (externo),,no_verificable,,,na,Fuente externa; sección «Incidencia» = mixta.
V189,6 Federalizado,cap 6 §6.3 Implicaciones (p.34 impresa),El gasto federalizado real 2022 es menor al de años previos a la pandemia; conviene fortalecer la recaudación local,c,juicio,,,,,,,na,Juicio.
V190,7 Educación,cap 7 párrafo inicial (p.36 impresa),"Gasto educativo PPEF 2022: 883,929 mdp; +1.9 % real; 3.1 % del PIB (−0.06 pp), la proporción más baja en los últimos ocho años",a/b,restitucion,"883,929; +1.9 %; 3.1 %; −0.06 pp; mínimo en 8 años","EM PPEF 2022 clasificación funcional (no en carpeta); CGPE 2022 p. 49 (Educación, cultura y deporte 887.8 mmp, +2.2 %); p. 89 (función educación % PIB: 3.6, 3.4, 3.1, 3.0, 3.0, 3.3, 3.1)","883,929/28,129,300 = 3.14 % ✓. Función educación 2022 no en el CGPE. En la serie del CGPE p. 89, 2018 y 2019 (3.0 %) son menores que 3.1 %",no_verificable,,,no,EM PPEF 2022 no en carpeta. La afirmación «más baja en ocho años» contradice la serie oficial de función educación (3.0 % en 2018 y 2019) salvo que el perímetro CIEP difiera. El −0.06 pp reproduce con el PIB revisado de 2021.
V191,7 Educación,cap 7 párrafo inicial (p.36 impresa),Una de cada diez escuelas de básica sin electricidad y una de cada cuatro sin agua potable (SEP 2021),a,restitucion,1/10; 1/4,SEP (externo),,no_verificable,,,na,Fuente externa.
V192,7 Educación,cap 7 §7.1 Evolución (p.36 impresa),Reducción promedio de 1.1 % real anual desde 2014; +3.9 % en 2015; caídas 2016–2018 y 2021; tres subfunciones ejercen 90 %,b,restitucion,−1.1 %; 3.9 %; 90 %,Cuenta Pública 2014–2020 (no en carpeta),,no_verificable,,,no,Fuente ex post.
V193,7 Educación,cap 7 §7.1 Propósitos (p.36 impresa),"Media superior +5 % real, 14.9 % del gasto educativo; deporte −14.3 %; desarrollo tecnológico −3.6 %",b,restitucion,5 %; 14.9 %; −14.3 %; −3.6 %,Analíticos por subfunción 2021 aprobado y 2022 (no en carpeta),,no_verificable,,,si,Analíticos no en carpeta.
V194,7 Educación,cap 7 §7.1 Programas prioritarios (p.36 impresa),Becas para el bienestar +0.3 % real; Universidades para el Bienestar sin aumento; La Escuela es Nuestra +9.6 %,a/b,restitucion,0.3 %; 0 %; 9.6 %,"CGPE 2022 p. 49 (Programas de Becas 82,628.2; UBBJ 1,037.7; LEEN 13,964.3); CGPE 2021 p. 54 (PPEF 2021: becas 33,171.6 + 31,937.0 + 10,176.4 = 75,285.0; LEEN 12,280.3); PEF 2021 por programa (no en carpeta)","LEEN: 13,964.3/(12,280.3×1.037) = +9.7 % (base PPEF) ≈ 9.6 ✓. Becas: el agregado CGPE (82,628.2 vs 75,285.0) daría +5.8 %, pero el perímetro CIEP (4 programas, nota 14) difiere. UBBJ 2021 no en carpeta",no_verificable,,,si,PEF 2021 aprobado por programa no en carpeta; LEEN reproduce con el PPEF 2021.
V195,7 Educación,cap 7 cuadro 7.1 (p.37 impresa),"TMCA alumnos 2015–2021: básica −0.78, media superior 1.53, superior 3.02, posgrado 3.64; presupuesto 2015–2022: −1.23, 0.44, −1.30, −1.43",b,restitucion,ver afirmación,SEP (externo); Cuenta Pública 2015–2020 (no en carpeta),,no_verificable,,,no,Fuentes externa y ex post.
V196,7 Educación,cap 7 §7.2 Incidencia (p.37 impresa),Matrícula de básica −0.8 % anual y gasto −1.2 % real anual 2015–2021; media superior única con crecimiento real,b,mixta,−0.8 %; −1.2 %,SEP (externo); Cuenta Pública (no en carpeta),Coincide con el cuadro 7.1 (−0.78; −1.23),no_verificable,,,no,Sección «Incidencia» = mixta. Fuentes externas.
V197,7 Educación,cap 7 §7.2 Gasto por estudiante (p.38 impresa),El gasto por alumno disminuye en todos los niveles desde 2016; en básica crecerá 3.8 % real por contracción de alumnos,b,mixta,+3.8 %,SEP (externo); analíticos (no en carpeta),,no_verificable,,,no,Fuentes externas; Figura 7.2 no verificable.
V198,7 Educación,cap 7 §7.3 Implicaciones (p.38 impresa),Sólo 1.1 % del gasto educativo para iniciar la Reforma Educativa de 2019,b/c,juicio,1.1 %,Analíticos por programa (no en carpeta),,no_verificable,,,na,Analíticos no en carpeta.
V199,8 Cuidados,cap 8 párrafo inicial (p.40 impresa),"Se identifican 27,169.9 mdp para cuidados: 0.4 % del gasto neto y 0.1 % del PIB",b,restitucion,"27,169.9; 0.4 %; 0.1 %",Metodología CIEP (2021) sobre analíticos por programa (no en carpeta); DEC art. 2; CGPE p. 119,"27,169.9/7,088,250.3 = 0.38 % ✓; /28,129,300 = 0.10 % ✓",no_verificable,,,na,Los cocientes reproducen; el monto exige el analítico por programa con el perímetro CIEP (no en carpeta).
V200,8 Cuidados,cap 8 §8.1 Evolución (p.40 impresa),+9 % real vs PEF 2021; −15.4 % real vs ejercido 2020; por Educación Inicial y Básica Comunitaria y Expansión de la Educación Inicial,b,restitucion,+9 %; −15.4 %,Analíticos por programa 2021 aprobado y 2022 (no en carpeta); Cuenta Pública 2020 (no en carpeta),,no_verificable,,,si,Analíticos no en carpeta; fuente ex post para 2020.
V201,8 Cuidados,cap 8 §8.1 ¿Quiénes gastan? (p.40 impresa),"IMSS 53.2 %, SEP 22.3 %, Bienestar 14.8 %, ISSSTE 9.7 %; SEP +31 % real",b,restitucion,53.2; 22.3; 14.8; 9.7; +31 %,Analíticos por programa y ramo (no en carpeta),53.2 + 22.3 + 14.8 + 9.7 = 100.0 ✓,no_verificable,,,si,Analíticos no en carpeta; las participaciones suman 100.
V202,8 Cuidados,cap 8 §8.1 ¿En qué se gasta? (p.40 impresa),"Servicios generales 47 %, transferencias 29.8 %, servicios personales 18.1 %, materiales 4.8 %",b,restitucion,47; 29.8; 18.1; 4.8,Analíticos por objeto (no en carpeta),47 + 29.8 + 18.1 + 4.8 = 99.7,no_verificable,,,na,Analíticos no en carpeta.
V203,8 Cuidados,cap 8 §8.2 Incidencia (p.40–41 impresa),"Nueve programas en cuatro grupos: niñez 20,655.4 mdp (76 %); grupos que incluyen niñez 5,297.7 (19.4 %); adultos mayores 1.1 %; por condición 3.4 %",b,mixta,"9; 20,655.4 (76 %); 5,297.7 (19.4 %); 1.1; 3.4",Metodología CIEP (2021); analíticos (no en carpeta),"20,655.4/27,169.9 = 76.0 % ✓; 5,297.7/27,169.9 = 19.5 % (CIEP 19.4); 76 + 19.5 + 1.1 + 3.4 = 100",no_verificable,,,na,Aritmética interna reproduce al redondeo; programas no verificables con la carpeta.
V204,8 Cuidados,cap 8 §8.2 Incidencia (p.41 impresa),IMSS e ISSSTE cubren 42.7 % de la población; un solo programa atiende a 11.1 millones de adultos mayores en 2022; 6.1 millones de personas con discapacidad,a,mixta,42.7 %; 11.1 millones; 6.1 millones,"CONAPO 2020 e INEGI (externos); CGPE 2022 p. 107 (población 65+ en 2022: 10.3 millones, 8.0 %)",El CGPE cifra la población de 65 y más en 10.3 millones para 2022,no_verificable,,,na,"Fuentes externas; el CGPE p. 107 (CONAPO) da 10.3 millones de 65+, 0.8 millones menos que los 11.1 de CIEP (definición o proyección distinta)."
V205,8 Cuidados,cap 8 §8.3 Implicaciones (p.41 impresa),Al menos 3.3 millones de personas cuidan sin remuneración (INEGI 2021a); la participación laboral femenina no ha recuperado niveles prepandemia,a/c,juicio,3.3 millones,INEGI ENOE/ENASIC (externo),,no_verificable,,,na,Fuente externa.
V206,9 Seguridad,cap 9 párrafo inicial (p.45 impresa),"Gasto en seguridad +1.8 % real vs aprobado 2021; 4.6 % del PPEF; Justicia 39.4 %, Seguridad Nacional 35.5 %, Asuntos de Orden Público 23 %",b,restitucion,1.8 %; 4.6 %; 39.4; 35.5; 23,"Cuadro 9.1 CIEP (328,122.3); DEC art. 2; analíticos funcionales 2021 (no en carpeta)","328,122.3/7,088,250.3 = 4.63 % ✓; Justicia 129,164.6/328,122.3 = 39.4 % ✓; Seguridad Nacional 116,426.8 = 35.5 % ✓; Orden público 75,502.7 = 23.0 % ✓; +1.8 % no verificable",no_verificable,,,si,Las participaciones reproducen con el cuadro 9.1; la variación exige el analítico funcional 2021 aprobado (no en carpeta). Perímetro CIEP: cinco funciones de la finalidad gobierno.
V207,9 Seguridad,cap 9 §9.1 Evolución (p.45 impresa),Caída de 0.6 % real anual 2014–2022; +4.5 % 2014–2015; −8.5 % dos años después; 1.2 % del PIB en 2022,b,restitucion,−0.6 %; 4.5 %; −8.5 %; 1.2 %,Cuenta Pública 2014–2020 (no en carpeta); CGPE p. 119,"328,122.3/28,129,300 = 1.17 % ✓",no_verificable,,,no,Fuente ex post para la serie; el 1.2 % reproduce con el cuadro 9.1.
V208,9 Seguridad,cap 9 §9.1 Propósitos (p.45 impresa),Policía +66.2 % real; Impartición de Justicia +3.6 % (plazas del CJF); Defensa −23.5 %,b,restitucion,66.2; 3.6; −23.5,Analíticos por subfunción 2021 aprobado y 2022 (no en carpeta); CGPE p. 118 (Poder Judicial +3.8 %; Defensa Nacional −10.8 %),Poder Judicial (ramo) +3.8 %; Ramo 07 −10.8 %,no_verificable,,,si,"Analíticos no en carpeta; los ramos asociados (CJF, Sedena) muestran el signo esperado."
V209,9 Seguridad,cap 9 §9.1 Instituciones (p.45 impresa),"Guardia Nacional +69.8 % real; 2,733 mdp para liquidaciones; SEMAR +2.6 % real (aduanas; dos programas nuevos)",a/b,restitucion,"69.8 %; 2,733; 2.6 %","Analíticos por UR/programa (no en carpeta); CGPE p. 118 (Marina +1.8 % vs PEF); DEC 2021 Anexo 1 (35,476.7)","GN no verificable; Marina: 37,750.2/(35,476.7×1.037) = +2.6 % con base PPEF 2021; CGPE +1.8 % vs PEF",no,SEMAR 2.6 vs 1.8,contrafactual,si,GN y liquidaciones no verificables (analíticos). El +2.6 % de SEMAR repite el del cuadro 3.2: base Anexo 1 PPEF 2021 en vez del PEF 2021 del CGPE.
V210,9 Seguridad,cap 9 cuadro 9.1 (p.47 impresa),"Distribución por subfunción: Policía 64,878.4 (19.8 %); Protección civil 146 (0.04 %); Otros orden público 1,840.3 (0.6 %); SNSP 8,638 (2.7 %); Política interior 1,494.5 (0.5 %); Función pública 4,424.2 (1.3 %); Asuntos jurídicos 147.3 (0.04 %); Impartición 82,453.2 (25.1 %); Procuración 19,025.6 (5.8 %); Reclusión 23,872.2 (7.3 %); DDHH 3,813.6 (1.2 %); Acceso a la información «8962.2» (0.3 %); Defensa 81,046.5 (24.7 %); Marina 32,569.8 (9.9 %); Inteligencia 2,810.5 (0.9 %); total 328,122.3",a/b,restitucion,ver afirmación,Analíticos por subfunción PPEF 2022 (no en carpeta),"Con 896.2 para acceso a la información la suma es 328,056.3 (≈ total, diferencia 66); con 8,962.2 sería 336,122.3. Porcentajes: 19.8 ✓; 0.04 ✓; 0.6 ✓; 2.6 (CIEP 2.7); 0.5 ✓; 1.3 ✓; 0.04 ✓; 25.1 ✓; 5.8 ✓; 7.3 ✓; 1.2 ✓; 0.27 ✓ con 896.2; 24.7 ✓; 9.9 ✓; 0.9 ✓",no_verificable,,,na,"Montos por subfunción no en carpeta. Errata interna: «8962.2» debe ser 896.2 (0.3 %); SNSP 8,638/328,122.3 = 2.63 % (CIEP 2.7)."
V211,9 Seguridad,cap 9 §9.2 Incidencia (p.47 impresa),SEDENA −10.8 % real por eliminación de programas de infraestructura; Defensa de la Integridad −2.2 % real 2014–2022; SEDENA ejerce más de lo aprobado desde 2019 por el AIFA,a/b,mixta,−10.8 %; −2.2 %,CGPE 2022 p. 118 (Defensa Nacional −10.8 %); Cuenta Pública 2014–2020 (no en carpeta),−10.8 % ✓; el resto ex post,aprox,,,si,Sección «Incidencia» = mixta. El −10.8 % coincide; la serie del programa y los ejercidos son ex post (no verificables).
V212,9 Seguridad,cap 9 §9.2 Incidencia (p.47 impresa),La inseguridad es la principal preocupación de 68.2 % de las personas (ENVIPE 2020),a,mixta,68.2 %,INEGI ENVIPE 2020 (externo),,no_verificable,,,na,Fuente externa.
V213,9 Seguridad,cap 9 §9.3 Implicaciones (p.48 impresa),Los delitos costaron 1.5 % del PIB (ENVIPE 2020) mientras el presupuesto de seguridad sería 1.2 % del PIB,a/b,juicio,1.5 %; 1.2 %,INEGI ENVIPE (externo); cuadro 9.1 y CGPE p. 119,1.2 % ✓ (1.17),no_verificable,,,na,El 1.5 % es externo; el 1.2 % reproduce.
V214,10 Medio ambiente,cap 10 párrafo inicial (p.50 impresa),Protección ambiental aumenta 27.5 %; representa 0.065 % del PIB y 0.26 % del PPEF 2022,b,restitucion,+27.5 %; 0.065 %; 0.26 %,"Cuadro 10.1 CIEP (18,172 mdp); CGPE p. 119; DEC art. 2; EM PPEF 2021 p. 203 (protección ambiental PPEF 2021 13,187.4 mdp de 2021); PEF 2021 por función (no en carpeta)","18,172/28,129,300 = 0.0646 % ✓; 18,172/7,088,250.3 = 0.256 % ✓; 18,172/(13,187.4×1.037) = +32.9 % con base PPEF 2021; el 27.5 % implica base PEF 2021 de 13,744 mdp",no_verificable,,,si,Los cocientes reproducen; la base PEF 2021 aprobado por función no está en carpeta (con el PPEF 2021 la variación sería +32.9 %). Ver también CGPE p. 89: 0.1 % PIB.
V215,10 Medio ambiente,cap 10 §10.1 ¿Quién gasta? (p.50 impresa),"CONAGUA 78 % del total y +27 %; CONANP 5 % y −1.2 %, 182 áreas naturales (una sexta parte del territorio); PROFEPA 4 % y +0.9 %",a/b,restitucion,78 %; 27 %; 5 %; −1.2 %; 182; 4 %; 0.9 %,Analíticos por UR 2021 aprobado y 2022 (no en carpeta); CONANP (externo),,no_verificable,,,si,Analíticos por UR no en carpeta.
V216,10 Medio ambiente,cap 10 §10.1 ¿En qué se gasta? (p.50–52 impresa),"Administración del agua +50 % (inversión +1,453 %, tres mil millones); aguas residuales inversión +45 %; otros de protección ambiental +8 %; diversidad biológica −1.2 %",b,restitucion,"50 %; 1,453 %; 3,000; 45 %; 8 %; −1.2 %",Analíticos subfunción × objeto 2021 aprobado y 2022 (no en carpeta); cuadro 10.1 CIEP,"El cuadro 10.1 reporta inversión +944 % (no 1,453 %), aguas residuales +33 % (no 45 %) y otros 0 % (no 8 %)",no_verificable,,,si,Analíticos no en carpeta. Inconsistencias internas texto–cuadro en tres cifras.
V217,10 Medio ambiente,cap 10 cuadro 10.1 (p.51 impresa),"Cuadro 10.1: administración del agua 8,389 (46 %; 0.12 % PPEF; +50 %; inversión +944 %); aguas residuales 5,726 (32 %; 0.08 %; +19 %; +33 %); otros 3,169 (17 %; «6.4 %» PPEF; 0 %; +84 %); diversidad biológica 887 (5 %; 0.01 %; −1.2 %; −11 %); total 18,172 (100 %; 0.26 %; +27 %; +113 %)",a/b,restitucion,ver afirmación,Analíticos por subfunción (no en carpeta); DEC art. 2,"Suma 8,389+5,726+3,169+887 = 18,171 ✓; participaciones 46.2/31.5/17.4/4.9 ✓; % PPEF 0.118/0.081/0.045/0.013: el «6.4 %» de otros debe ser 0.04 %",no_verificable,,,si,"Montos no verificables; errata en «6.4 %» (0.045 %). La fuente del cuadro cita «ILIF 2021», que no contiene gasto."
V218,10 Medio ambiente,cap 10 §10.2 Incidencia (p.52 impresa),28 % de la población no tiene acceso diario al agua,a,mixta,28 %,"Grupo de Trabajo para la Transición Hacendaria (2021, externo)",,no_verificable,,,na,Fuente externa.
V219,10 Medio ambiente,cap 10 §10.3 Implicaciones (p.52 impresa),La desatención a otras funciones de protección ambiental pone en riesgo la equidad intergeneracional,c,juicio,,,,,,,na,Juicio.
V220,11 Energía,cap 11 párrafo inicial (p.54 impresa),"Gasto al sector energético +6.5 % real vs PEF 2021; 4.8 % del PIB, la proporción más alta desde 2017",b,restitucion,+6.5 %; 4.8 %; máximo desde 2017,"Cuadro 11.1 CIEP (1,346,359.7); CGPE p. 119; p. 89 (combustibles y energía % PIB: 4.8, 5.5, 3.3, 3.4, 3.9, 3.8, 3.9 a / 4.5 est.)","1,346,359.7/28,129,300 = 4.79 % ✓. En la serie oficial de la función combustibles y energía, 2016 (5.5) supera y 2017–2021 (3.3–4.5) están por debajo: «más alta desde 2017» es compatible",aprox,,,si,"El 4.8 % reproduce; la variación exige analíticos 2021 aprobado con el perímetro CIEP (no en carpeta). La comparación histórica es compatible con la serie funcional del CGPE, aunque los perímetros difieren."
V221,11 Energía,cap 11 §11.1 Evolución (p.54 impresa),En 2014–2021 el sector representó en promedio 19.6 % del gasto total y 4.9 % del PIB,b,restitucion,19.6 %; 4.9 %,Cuenta Pública 2014–2020 (no en carpeta); CGPE p. 89,Promedio 2015–2021a de la función combustibles y energía (CGPE p. 89) = 4.1 % PIB,no_verificable,,,no,Fuente ex post; con la serie funcional del CGPE (perímetro más estrecho) el promedio sería 4.1 %.
V222,11 Energía,cap 11 §11.1 Pemex (p.54 impresa),"Pemex: aumento real de 9.5 %, 67 mil millones de pesos",b,restitucion,+9.5 %; +67 mmp,"DEC 2022 Anexo 1 (programable 636,281.1 + costo financiero 142,556.1 = 778,837.2); DEC 2021 Anexo 1 (544,598.1 + 141,758.3); CGPE p. 41 y 118 (programable +12.7 %; costo financiero −3.0 %)","778,837.2/((544,598.1 + 141,758.3)×1.037) = +9.4 %; diferencia 67,086 mdp de 2022 ✓",aprox,9.5 vs 9.4,,si,"Reproduce con Pemex programable + costo financiero (el CGPE p. 118 confirma PPEF = PEF para Pemex). El cuadro 11.1 reporta 778,071.2, 766 mdp menos que el Anexo 1 (perímetro no explicado)."
V223,11 Energía,cap 11 §11.1 Pemex (p.54 impresa),"Inversión de Pemex +17 %, 430 mil millones de pesos, la más alta desde 2015",b,restitucion,+17 %; 430 mmp,Analíticos por objeto Pemex 2021–2022 (no en carpeta); CGPE p. 48 (inversión física total +17.7 %); Cuenta Pública 2015–2020 (no en carpeta),Inversión física del sector público +17.7 % (CGPE),no_verificable,,,si,"Analíticos no en carpeta; el +17.7 % de la inversión física total del CGPE es coherente con +17 % en Pemex, que la domina."
V224,11 Energía,cap 11 §11.1 CFE (p.54 impresa),CFE +4 % real; gasto corriente +6 %; inversión −9 %,a/b,restitucion,4 %; 6 %; −9 %,CGPE 2022 p. 42 y 118 (CFE programable +4.0 %); analíticos por objeto (no en carpeta),+4.0 % ✓; corriente e inversión no verificables,aprox,,,si,"El 4 % coincide con el programable; el cuadro 11.1 dice 3.9 % (con costo financiero: (449,997.2+29,585.6)/((417,145.4+29,799.7)×1.037) = +3.5 %). Corriente/inversión: analíticos no en carpeta."
V225,11 Energía,cap 11 §11.1 SENER (p.54 impresa),SENER disminuye 3.6 % vs aprobado; 97.5 % de su presupuesto (45 mil mdp) es aportación patrimonial a Pemex para Dos Bocas,a/b,restitucion,"−3.6 %; 97.5 %; 45,000","CGPE 2022 p. 118 (Energía −3.6 %); DEC 2022 Anexo 1 (Ramo 18 47,057.7); analíticos por programa (no en carpeta)","−3.6 % ✓; 45,000/46,145.4 = 97.5 % ✓ aritmética con el monto CIEP; el Anexo 1 da 47,057.7 (45,000/47,057.7 = 95.6 %)",no_verificable,,,si,"El −3.6 % coincide; la aportación de 45,000 mdp exige analíticos. El monto de SENER del cuadro 11.1 (46,145.4) difiere del Ramo 18 (47,057.7). Errata: «aprobado en 2022»."
V226,11 Energía,cap 11 §11.1 Ramo 23 (p.54 impresa),"Fondos de estabilización (FEIP, FEIEF) aumentan 8 %, 1,350 mdp extras vs PEF 2021",a/b,restitucion,"+8 %; +1,350 mdp","DEC 2022 Anexo 20 p. 86 (gastos asociados a ingresos petroleros 20,424.1 mdp); DEC 2021 Anexo (18,890.8); CGPE p. 53 (fondos de estabilización 10.1 → 10.5 mmp de 2022, +4.3 %)","20,424.1/(18,890.8×1.037) = +4.3 % real (+1,533 nominal; +834 mdp de 2022). Función fondos de estabilización CGPE: +4.3 %",no,"8 % / 1,350 vs 4.3 % / 834",perimetro,si,"La línea del Ramo 23 «gastos asociados a ingresos petroleros» (que alimenta FEIP/FEIEF) crece 4.3 % real, igual que la función fondos de estabilización del CGPE. El monto implícito de CIEP (90,993.1 − 73,000 = 17,993.1) no coincide con 20,424.1."
V227,11 Energía,cap 11 §11.1 Ramo 23 (p.54 impresa),"Subsidios a tarifas eléctricas: 73 mil mdp, +1.3 % real vs 2021",a/b,restitucion,"73,000; +1.3 %","DEC 2022 Anexo 20 p. 86 (73,000,000,000); DEC 2021 Anexo Ramo 23 p. 84 (70,000,000,000)","73,000 ✓; 73,000/(70,000×1.037) = +0.6 % real (+4.3 % nominal)",no,1.3 vs 0.6,contrafactual,si,"El monto coincide; la variación real con la base 2021 (70,000 en PPEF y PEF) y deflactor 3.7 es +0.6 %; 1.3 % no reproduce con ningún deflactor del marco."
V228,11 Energía,cap 11 cuadro 11.1 (p.55 impresa),"Cuadro 11.1: Pemex 778,071.2 (2.8 % PIB; 11.0 % PPEF; +9.5 %; 57.8 %); CFE 430,670.8 (1.5; 6.1; 3.9; 32.0); Sener 46,145.4 (0.2; 0.7; −3.6; 3.4); Ramo 23 90,993.1 (0.3; 1.3; 1.3; 6.8); reguladores 479.4 (0.0; 0.0; −2.3; 0.0); total 1,346,359.7 (4.8; 19.0; 6.5; 100)",a/b,restitucion,ver afirmación,"DEC 2022 Anexo 1 (Pemex 636,281.1 + 142,556.1 = 778,837.2; CFE 449,997.2 + 29,585.6 = 479,582.8; Ramo 18 47,057.7; CRE 256.5 + CNH 222.9 = 479.4); CGPE p. 118 (CRE −2.4; CNH −2.2)","Cocientes internos ✓ (Pemex 2.77 / 10.98 / 57.8; CFE 1.53 / 6.08 / 32.0; total 4.79 / 18.99). Montos: Pemex −766 vs Anexo 1; CFE 430,670.8 no identificable (programable 449,997.2; con costo financiero 479,582.8); Sener −912 vs Ramo 18; reguladores ✓",no,Pemex −0.1 %; CFE −4.3 % vs programable; Sener −1.9 %,perimetro,si,"Los porcentajes reproducen con los montos CIEP; los montos de Pemex, CFE y Sener no coinciden con el Anexo 1 en ninguna combinación programable/costo financiero, lo que indica un perímetro por función u objeto no declarado (analíticos no en carpeta)."
V229,11 Energía,cap 11 §11.2 Incidencia (p.55–56 impresa),Con su aportación patrimonial Pemex representa 61 % del sector; CFE 32 %; materia prima +27 mil mdp; 5.4 % del sector a subsidiar tarifas; 18 mil millones a fondos de estabilización (1.3 % del sector),b,mixta,"61 %; 32 %; 27,000; 5.4 %; 18,000; 1.3 %","Cuadro 11.1; DEC Anexo 20 (20,424.1 gastos asociados a ingresos petroleros); analíticos (no en carpeta)","(778,071.2 + 45,000)/1,346,359.7 = 61.1 % ✓; 32.0 % ✓; 73,000/1,346,359.7 = 5.4 % ✓; 18,000/1,346,359.7 = 1.3 % ✓; el Anexo 20 da 20,424.1 (no 18,000) para la línea de fondos",no,"18,000 vs 20,424.1",perimetro,na,Sección «Incidencia» = mixta. Aritmética interna reproduce; el monto a fondos de estabilización difiere del Anexo 20 del DEC. Materia prima +27 mmp: analíticos no en carpeta.
V230,11 Energía,cap 11 §11.3 Implicaciones (p.56 impresa),"El déficit aprobado de Pemex sería de 63 mil millones, 35 % menor que el aprobado en 2021",a,juicio,63 mmp; −35 %,"CGPE 2022 p. 41–42 (Pemex −62,750.0 mdp; −34.7 % real vs 2021); DEC art. 4",−62.8 mmp; −34.7 %,si,,,si,
V231,12 Pensiones,cap 12 párrafo inicial (p.58 impresa),"Gasto total en pensiones 2022: 1.4 billones, +13.2 % real vs aprobado 2021",b,restitucion,1.4 billones; +13.2 %,"CGPE 2022 p. 51 (pensiones 1,103.6 → 1,172.3 mmp de 2022); p. 49 (PBAM 238,014.7; discapacidad 18,037.5); CGPE 2021 p. 54 (PPEF 2021: 135,065.7; 15,456.0); PEF 2021 por programa (no en carpeta)","Total 1,428,352 mdp ✓ (1.4 billones). Con base PPEF 2021: (1,172.3 + 256.1)/(1,103.6 + 156.1) = +13.4 %; el 13.2 requiere el PEF 2021 aprobado de PBAM y discapacidad",no_verificable,,,si,El nivel reproduce; la variación depende de la base 2021 por programa (no en carpeta; con PPEF 2021 sería 13.4 %).
V232,12 Pensiones,cap 12 párrafo inicial (p.58 impresa),"Pensiones contributivas: 1 billón 172 mil millones, +6.2 % real",a,restitucion,"1,172 mmp; +6.2 %","CGPE 2022 p. 51 (pensiones y jubilaciones 1,172.3 mmp de 2022; +6.2 % real vs PEF 2021)","1,172.3; +6.2 %",si,,,si,
V233,12 Pensiones,cap 12 párrafo inicial (p.58 impresa),"Pensiones no contributivas: 256,052 mdp, +62.1 % real",a/b,restitucion,"256,052; +62.1 %","CGPE 2022 p. 49 (PBAM 238,014.7 + discapacidad 18,037.5 = 256,052.2); CGPE 2021 p. 54 (PPEF 2021 135,065.7 + 15,456.0 = 150,521.7); CGPE 2022 p. 14 (PBAM +69.2 %)","256,052.2 ✓. Con base PPEF 2021: 256,052.2/(150,521.7×1.037) = +64.0 %; el 62.1 % implica base PEF 2021 de 152,319 mdp (no en carpeta)",no_verificable,,,si,Nivel reproducido exactamente con los dos programas del CGPE p. 49; la variación exige el PEF 2021 aprobado por programa (con el PPEF sería +64.0 %).
V234,12 Pensiones,cap 12 §12.1 Evolución (p.58 impresa),"Pensiones +6.5 % real anual promedio 2015–2022, mayor crecimiento 2018–2019; IMSS 44.6 % del total, ISSSTE 19.5 %, PBAM 16.7 %",b,restitucion,6.5 %; 44.6; 19.5; 16.7,Cuenta Pública 2015–2020 (no en carpeta); EM PPEF 2022 por institución (no en carpeta); CGPE p. 49 y 87,"PBAM 238,014.7/1,428,352 = 16.7 % ✓. IMSS y ISSSTE 2022 no en carpeta (2021 PPEF: 558,684 y 263,187 mdp). Serie CGPE p. 87: pensiones 3.2 % PIB (2015) → 4.3 (2021 a), +33.7 % real acumulado",no_verificable,,,no,EM PPEF 2022 no en carpeta para IMSS/ISSSTE; serie ex post. La participación de la PBAM reproduce.
V235,12 Pensiones,cap 12 §12.1 Cuentas individuales (p.58 impresa),Programas del IMSS vinculados a cuentas individuales crecen 16 % real anual desde 2017; 2.2 % de las contributivas; 27 mil millones,b,restitucion,"16 %; 2.2 %; 27,000",Analíticos IMSS por programa (no en carpeta); Cuenta Pública (no en carpeta),"27,000/1,172,300 = 2.3 % (CIEP 2.2 → 25,800)",no_verificable,,,no,"Analíticos no en carpeta; pequeña inconsistencia interna (2.2 % de 1,172.3 mmp = 25.8, no 27)."
V236,12 Pensiones,cap 12 §12.1 No contributivas (p.58 impresa),PBAM: 2014–2018 −0.5 % real anual; 2019–2022 +20.5 % anual; en 2021 edad de ingreso 65 años y monto +15 % más inflación,a/b,restitucion,−0.5 %; 20.5 %; 65; 15 %,Cuenta Pública 2014–2020 (no en carpeta); reglas de operación PBAM 2021 (externo); CGPE p. 108 (incrementos anuales de 20 % 2022–2024; reducción de tres años en la edad),"El CGPE p. 108 confirma la política de incrementos de 20 % anual 2022–2024 y la reducción de edad, sin cifrar el 15 %",no_verificable,,,no,Fuentes ex post y externas; CGPE p. 108 es coherente con la descripción.
V237,12 Pensiones,cap 12 §12.2 Incidencia (p.60 impresa),"En 18 estados el PUB no cubre a los mayores de 68 años del Censo 2020, dejando 289 mil elegibles sin pensión; 14 estados con cobertura >100 %",a/b,mixta,18; 289 mil; 14,PUB Bienestar 2T-2021 y Censo 2020 (externos),,no_verificable,,,na,Fuentes externas; sección «Incidencia» = mixta.
V238,12 Pensiones,cap 12 §12.2 Deciles (p.60 impresa),La población elegible aumentará de 8 a 10.3 millones; en 2020 las pensiones se concentran en los deciles 6 al 9,a,mixta,8 → 10.3 millones,CGPE 2022 p. 107 (población 65+ en 2022: 10.3 millones); ENIGH 2018/2020 (externo),10.3 millones de 65 y más en 2022 (CONAPO vía CGPE) ✓,aprox,,,na,El 10.3 coincide con la población de 65+ del CGPE; los 8 millones (68+) y la distribución por deciles son externos.
V239,12 Pensiones,cap 12 §12.3 Implicaciones (p.61 impresa),El gasto en pensiones seguirá creciendo con el envejecimiento y desplazará recursos de educación y salud,c,juicio,,CGPE p. 102 (pensiones 4.2 → 4.5 % PIB 2022–2027),,,,,na,Juicio; coherente con la trayectoria oficial de mediano plazo.
V240,13 Deuda,cap 13 párrafo inicial (p.64 impresa),El SHRFSP se ancla en 51.0 % del PIB desde el cierre de 2021 hasta 2027; 1.4 pp menos que el máximo histórico de 52.4 % en 2020,a/b,restitucion,51.0 %; −1.4 pp; 52.4 %,"CGPE 2022 p. 80, 84 y 102 (SHRFSP 2020 52.4; 2021 est. 51.0; 2022–2027 51.0)",52.4 − 51.0 = 1.4 ✓; el máximo observado de la serie 2015–2020 es 52.4 (2020) ✓,si,,,na,"El 53.7 % de 2021 aprobado (p. 16) es una proyección, no un observado."
V241,13 Deuda,cap 13 §13.1 Evolución (p.64 impresa),"Para 2022 se propone un déficit primario de 0.3 % del PIB, segundo año desde 2020 con esa situación",a,restitucion,−0.3 %; segundo año,CGPE 2022 p. 16 y 87 (primario 2020 +0.1; 2021 a 0.0; 2021 est. −0.4; 2022 −0.3),"2022 −0.3 ✓; 2021 estimado −0.4 y 2020 +0.1: 2022 sería el segundo año consecutivo de déficit primario (2021 est., 2022)",si,,,na,En 2020 el balance primario observado fue superavitario (0.1); la afirmación sólo funciona contando 2021 (estimado) y 2022.
V242,13 Deuda,cap 13 §13.1 Balance presupuestario (p.64 impresa),"Costo financiero 2.8 % del PIB; déficit presupuestario 875,570 mdp (3.1 % del PIB)",a,restitucion,"2.8 %; 875,570; 3.1 %",CGPE 2022 p. 42 y 120,"791,463.8 mdp = 2.8 %; −875,570.5 = −3.1 %",si,,,na,
V243,13 Deuda,cap 13 §13.1 ¿Quién se endeuda? (p.64 impresa),"97 % del endeudamiento es del Gobierno Federal (850 mil mdp), +17.2 % real vs aprobado 2021",a/b,restitucion,"97 %; 850,000; +17.2 %","CGPE 2022 p. 42 (GF −850,012.7); CGPE 2021 p. 49 (GF 2021 −699,125.7)","850,012.7/875,570.5 = 97.1 % ✓; 850,012.7/(699,125.7×1.037) = +17.2 % ✓",si,,,si,"Base 2021: CGPE 2021 p. 49 (PPEF; el balance total aprobado coincide con el proyecto). El texto no distingue el techo de endeudamiento de la ILIF art. 2o. (850 mil mdp interno) del déficit del GF (850,012.7): ambos son 850."
V244,13 Deuda,cap 13 §13.1 ¿Quién se endeuda? (p.64 impresa),"Pemex representa 7 % del total (62,750 mdp), −34.7 % real vs aprobado 2021",a/b,restitucion,"7 %; 62,750; −34.7 %","CGPE 2022 p. 41–42; DEC art. 4; CGPE 2021 p. 49 (−92,687.0)","62,750/875,570.5 = 7.2 % ✓; 62,750/(92,687×1.037) = −34.7 % ✓ (CGPE p. 41)",si,,,si,
V245,13 Deuda,cap 13 §13.1 Entidades con balance superavitario (p.64 impresa),"IMSS e ISSSTE proponen superávit por 37,192 mdp, −4.2 % real vs aprobado 2021",a/b,restitucion,"37,192; −4.2 %","CGPE 2022 p. 42 (37,192.2); CGPE 2021 p. 49 (45,119.3)","37,192.2 ✓; 37,192.2/(45,119.3×1.037) = −20.5 % real (−17.6 % nominal)",no,−4.2 vs −20.5,transcripcion,si,El cuadro 13.1 del propio capítulo reporta −21 %; el −4.2 % del texto no reproduce con ninguna base.
V246,13 Deuda,cap 13 §13.1 Entidades con balance superavitario (p.64–66 impresa),"La CFE estima balance en cero, −100 % respecto al superávit de 29,556 mdp aprobado para 2021",a/b,restitucion,"0; −100 %; 29,556","CGPE 2022 p. 42 (CFE 0.0); CGPE 2021 p. 49 (CFE +28,500.0 mdp)","0.0 ✓; −100 % ✓; el aprobado 2021 es 28,500.0 mdp corrientes; 28,500 × 1.037 = 29,554.5 (× 1.0371 = 29,557.4)",no,"29,556 vs 28,500",deflactor,no,"La cifra de CIEP es el superávit 2021 expresado en pesos de 2022 sin declararlo (el cuadro 13.1 sí usa 28,500.00). Diferencia atribuible al deflactor (3.7 vs 3.71 %)."
V247,13 Deuda,cap 13 cuadro 13.1 (p.66 impresa),"Cuadro 13.1 (columnas «Aprobado 2020 / Propuesto 2021», sic): GF −699,125.70 / −850,012.7 / −3.0 / 17.2 %; Pemex −92,687.00 / −62,750.0 / −0.2 / −34.7 %; CFE 28,500.00 / 0.0 / 0.0 / −100 %; IMSS e ISSSTE 45,119.30 / 37,192.2 / 0.1 / −21 %; total −718,193.40 / −875,570.5 / −3.1 / 17.6 %",a/b,restitucion,ver afirmación,CGPE 2021 p. 49; CGPE 2022 p. 42 y 120,Todos los montos y % PIB coinciden; variaciones: GF 17.2 ✓; Pemex −34.7 ✓; CFE −100 ✓; IMSS-ISSSTE −20.5 → −21 ✓; total 17.6 ✓,si,,,si,Errata en los encabezados de columna (son 2021 aprobado y 2022 propuesto).
V248,13 Deuda,cap 13 §13.1 Balance público total (p.66 impresa),"Déficit público total (RFSP) 996,568 mdp, +14.1 % real vs aprobado 2021; 88 % cubre el presupuesto y 12 % es extrapresupuestario",a/b,restitucion,"996,568; 14.1 %; 88 / 12","CGPE 2022 p. 120 (RFSP −996,568.8; +14.1 %); p. 42","996,568.8 ✓; +14.1 % ✓; 875,570.5/996,568.8 = 87.9 % ✓; 12.1 % ✓",si,,,si,
V249,13 Deuda,cap 13 §13.2 Incidencia (p.67 impresa),"El saldo de la deuda aumentaría 4.1 % real respecto al cierre estimado 2021, el cual crecería 3.4 % respecto a 2020",a/b,mixta,4.1 %; 3.4 %,"CGPE 2022 p. 16 y 112 (SHRFSP 2022 vs 2021 est. +4.1 % real; 2021 est. vs 2020 +0.5 % real); p. 84 (2020 52.4 % PIB); p. 100 (PIB 2020 23,073.7; deflactor 2021 6.2)","4.1 % ✓. 2021 vs 2020: CGPE p. 112 = +0.5 % real; 13,275.4/(0.524 × 23,073.7)/1.062 = +3.4 % (base 2020 reconstruida como % PIB × PIB revisado)",no,3.4 vs 0.5,contrafactual,no,"Sección «Incidencia» = mixta. El 3.4 % reproduce sólo reconstruyendo el saldo 2020 como 52.4 % de un PIB de 23,073.7 mmp; el CGPE p. 112 da +0.5 % real con saldos observados. No se declara la base."
V250,13 Deuda,cap 13 §13.2 Incidencia (p.67 impresa),"Deuda per cápita 2022: $111,701 pesos; +$14,342 en los últimos 3 años",b,mixta,"111,701; +14,342","CGPE 2022 p. 16 (SHRFSP 2022 14,332.2 mmp); CONAPO (externo); SHRFSP 2019 (CGPE p. 84: 44.5 % PIB)","14,332,200/111,701 = 128.3 millones de habitantes implícitos; población CONAPO no en carpeta",no_verificable,,,no,"Población externa; no se declara si los 14,342 pesos son nominales o reales ni el saldo 2019 usado."
V251,13 Deuda,cap 13 §13.3 Implicaciones (p.67 impresa),"Supuestos de crecimiento: 6.3 % en 2021, 4.1 % en 2022, 3.4 % en 2023 y 2.5 % en adelante; superávit primarios desde 2023",a,juicio,6.3; 4.1; 3.4; 2.5; superávit 2023+,"CGPE 2022 p. 100 (PIB 6.3, 4.1, 3.4, 2.8, 2.5, 2.5, 2.5); p. 80 (primario +0.3 en 2023 → +0.8)","2024 = 2.8 %, no 2.5; 2025–2027 = 2.5 ✓; superávit primario desde 2023 ✓",no,2024: 2.5 vs 2.8,transcripcion,na,Omite el 2.8 % de 2024 al decir «2.5 % en adelante» tras 2023.
V252,13 Deuda,cap 13 §13.3 Implicaciones (p.67 impresa),Se estima una depreciación de únicamente 0.9 pesos por dólar hasta 2027,b,juicio,0.9 pesos,CGPE 2022 p. 100 (tipo de cambio fin de periodo 20.4 en 2022 → 21.3 en 2027; promedio 20.3 → 21.2),21.3 − 20.4 = 0.9 ✓ (promedio 21.2 − 20.3 = 0.9 ✓),si,,,na,
V253,14 Implicaciones,cap 14 (p.70 impresa),El Paquete 2022 no incluye reforma fiscal de fondo; mayor endeudamiento y más gasto en salud; transferencias a Pemex y pensiones sin contención; miscelánea insuficiente,c,juicio,,CGPE p. 43 (no se proponen aumentos de impuestos); p. 102,,,,,na,Juicio.
V254,14 Implicaciones,cap 14 Redistribución fiscal (p.70 impresa),La diferencia del Gini antes y después de impuestos es sólo 4 % en México frente a 33 % en promedio OCDE (OCDE 2021),a,juicio,4 %; 33 %,OCDE (externo),,no_verificable,,,na,Fuente externa.
V255,14 Implicaciones,cap 14 Incidencia por deciles (p.71 impresa),Los deciles VIII–X contribuyen más a los ingresos; el gasto es mayor en los deciles VI–X; mayor desigualdad en pensiones (Figura 14.1),a/c,juicio,,CIEP 2021c / Simulador Fiscal (externo),,no_verificable,,,na,Fuente externa (Simulador Fiscal CIEP).
V256,14 Implicaciones,cap 14 Espacio fiscal (p.71 impresa),"El espacio fiscal en 2022 sería 2.2 % del PIB, similar al de 2021, pero con endeudamiento",b/c,juicio,2.2 % PIB,Definición y cálculo CIEP (recursos no comprometidos; externo),,no_verificable,,,no,"Concepto y cálculo propios de CIEP; no hay equivalente oficial en el paquete (el DEC Anexo 3 da gastos obligatorios 5,850,523.5 mdp con pensiones = 82.5 % del gasto neto, otra métrica)."
V257,14 Implicaciones,cap 14 Pensiones y costo de la deuda (p.71 impresa),Para 2024 se destinaría 9.3 % del PIB a pensiones más costo de la deuda (Figura 14.2),b,juicio,9.3 % PIB en 2024,CGPE 2022 p. 102 (2024: pensiones y jubilaciones 4.3 % + costo financiero 3.0 % = 7.3 % PIB),"7.3 % con el perímetro oficial (contributivas); CIEP añade las no contributivas (PBAM y discapacidad ≈ 0.9 % PIB en 2022, crecientes 20 % anual) para llegar a 9.3",no_verificable,,,no,La proyección oficial no separa la PBAM (va en subsidios); el 9.3 % es una proyección CIEP con perímetro ampliado. No se declara la fuente de la trayectoria de la PBAM.
V258,14 Implicaciones,cap 14 Equidad intergeneracional (p.71–72 impresa),Perspectiva intergeneracional ausente: aumento constante de pensiones y caída persistente del gasto educativo; baja inversión pública,c,juicio,,,,,,,na,Juicio.
