RAMO_K,mdp_2025,mdp_2026,dif_nominal,dif_real,var_real_pct,estado,nivel,PP_K,PP_NUM,UR_K,F_K,FN_K,SF_K
47,174623.0,8365.5,-166257.5,-174639.4,-95.4,continúa,ramo,,,,,,
22,40476.1,22837.2,-17638.8,-19581.7,-46.2,continúa,ramo,,,,,,
34,52451.9,35553.4,-16898.5,-19416.2,-35.3,continúa,ramo,,,,,,
36,70422.2,60110.9,-10311.3,-13691.6,-18.6,continúa,ramo,,,,,,
15,38048.0,36290.1,-1757.9,-3584.2,-9.0,continúa,ramo,,,,,,
43,1680.0,0.0,-1680.0,-1760.6,-100.0,desaparece,ramo,,,,,,
44,994.0,0.0,-994.0,-1041.7,-100.0,desaparece,ramo,,,,,,
41,687.9,0.0,-687.9,-720.9,-100.0,desaparece,ramo,,,,,,
01,18069.6,17529.1,-540.5,-1407.8,-7.4,continúa,ramo,,,,,,
40,12245.3,11807.5,-437.8,-1025.6,-8.0,continúa,ramo,,,,,,
04,10304.8,9959.7,-345.1,-839.7,-7.8,continúa,ramo,,,,,,
16,44370.5,44064.1,-306.4,-2436.2,-5.2,continúa,ramo,,,,,,
45,199.9,0.0,-199.9,-209.4,-100.0,desaparece,ramo,,,,,,
46,173.3,0.0,-173.3,-181.6,-100.0,desaparece,ramo,,,,,,
02,867.6,800.5,-67.2,-108.8,-12.0,continúa,ramo,,,,,,
10,3597.9,3535.5,-62.5,-235.2,-6.2,continúa,ramo,,,,,,
05,9294.2,9294.2,-0.0,-446.1,-4.6,continúa,ramo,,,,,,
31,891.8,895.3,3.5,-39.3,-4.2,continúa,ramo,,,,,,
37,149.6,153.1,3.5,-3.7,-2.3,continúa,ramo,,,,,,
21,1774.9,1793.5,18.6,-66.6,-3.6,continúa,ramo,,,,,,
13,65888.7,65926.8,38.1,-3124.6,-4.5,continúa,ramo,,,,,,
27,1699.0,1743.1,44.0,-37.5,-2.1,continúa,ramo,,,,,,
32,3304.5,3400.0,95.5,-63.2,-1.8,continúa,ramo,,,,,,
35,1722.4,1834.3,111.9,29.2,1.6,continúa,ramo,,,,,,
12,66693.2,66825.8,132.6,-3068.7,-4.4,continúa,ramo,,,,,,
14,27830.2,28441.9,611.7,-724.2,-2.5,continúa,ramo,,,,,,
49,20126.0,21059.4,933.5,-32.6,-0.2,continúa,ramo,,,,,,
03,85025.8,85960.2,934.4,-3146.8,-3.5,continúa,ramo,,,,,,
48,12081.5,13097.4,1015.9,436.0,3.4,continúa,ramo,,,,,,
06,25626.3,26792.1,1165.8,-64.3,-0.2,continúa,ramo,,,,,,
38,33295.9,34860.8,1564.9,-33.3,-0.1,continúa,ramo,,,,,,
08,73616.7,75195.5,1578.8,-1954.8,-2.5,continúa,ramo,,,,,,
23,165753.8,167652.2,1898.4,-6057.8,-3.5,continúa,ramo,,,,,,
54,0.0,2141.0,2141.0,2141.0,inf,aparece,ramo,,,,,,
25,81668.0,85182.4,3514.4,-405.7,-0.5,continúa,ramo,,,,,,
55,0.0,3852.7,3852.7,3852.7,inf,aparece,ramo,,,,,,
09,140799.0,153539.3,12740.2,5981.9,4.1,continúa,ramo,,,,,,
GYN,525615.4,539020.8,13405.4,-11824.2,-2.1,continúa,ramo,,,,,,
TVV,583951.1,602567.5,18616.4,-9413.3,-1.5,continúa,ramo,,,,,,
07,151995.0,170753.1,18758.2,11462.4,7.2,continúa,ramo,,,,,,
30,45800.0,70855.7,25055.7,22857.3,47.6,continúa,ramo,,,,,,
19,1480920.4,1541518.7,60598.3,-10485.9,-0.7,continúa,ramo,,,,,,
33,979951.8,1041892.9,61941.1,14903.5,1.5,continúa,ramo,,,,,,
11,450887.9,513015.6,62127.7,40485.1,8.6,continúa,ramo,,,,,,
20,579883.9,674510.0,94626.2,66791.7,11.0,continúa,ramo,,,,,,
TYY,612145.9,708200.9,96055.0,66672.0,10.4,continúa,ramo,,,,,,
28,1340210.9,1456045.9,115835.0,51504.9,3.7,continúa,ramo,,,,,,
GYR,1469410.4,1590308.7,120898.3,50366.6,3.3,continúa,ramo,,,,,,
18,138307.4,267439.1,129131.8,122493.0,84.5,continúa,ramo,,,,,,
24,1149551.6,1297681.1,148129.5,92951.0,7.7,continúa,ramo,,,,,,
56,0.0,172492.4,172492.4,172492.4,inf,aparece,ramo,,,,,,
GYR,864184.4,99666.9,-764517.5,-805998.3,-89.0,continúa,programa,001 ,,,,,
19,753202.1,324.4,-752877.7,-789031.4,-100.0,continúa,programa,J008,,,,,
GYN,355127.2,0.0,-355127.2,-372173.3,-100.0,desaparece,programa,026 ,,,,,
GYR,342575.9,0.0,-342575.9,-359019.6,-100.0,desaparece,programa,011 ,,,,,
19,386051.6,43693.1,-342358.4,-360888.9,-89.2,continúa,programa,J006,,,,,
TYY,264506.8,0.0,-264506.8,-277203.1,-100.0,desaparece,programa,002 ,,,,,
TYY,154182.1,0.0,-154182.1,-161582.8,-100.0,desaparece,programa,015 ,,,,,
GYR,149582.1,0.0,-149582.1,-156762.1,-100.0,desaparece,programa,003 ,,,,,
18,136349.3,0.0,-136349.3,-142894.1,-100.0,desaparece,programa,P003,,,,,
TVV,124772.1,0.0,-124772.1,-130761.1,-100.0,desaparece,programa,584 ,,,,,
TVV,122765.2,0.0,-122765.2,-128658.0,-100.0,desaparece,programa,561 ,,,,,
09,90166.3,0.0,-90166.3,-94494.3,-100.0,desaparece,programa,R023,,,,,
47,85845.7,0.0,-85845.7,-89966.2,-100.0,desaparece,programa,U013,,,,,
47,66148.5,0.0,-66148.5,-69323.7,-100.0,desaparece,programa,E001,,,,,
11,60555.5,0.0,-60555.5,-63462.2,-100.0,desaparece,programa,E010,,,,,
TVV,145047.1,86545.1,-58502.0,-65464.2,-43.1,continúa,programa,001 ,,,,,
TVV,54394.3,0.0,-54394.3,-57005.2,-100.0,desaparece,programa,580 ,,,,,
11,52124.2,0.0,-52124.2,-54626.1,-100.0,desaparece,programa,E007,,,,,
TVV,47408.2,0.0,-47408.2,-49683.8,-100.0,desaparece,programa,581 ,,,,,
25,47090.2,0.0,-47090.2,-49350.5,-100.0,desaparece,programa,E003,,,,,
07,40985.7,0.0,-40985.7,-42953.1,-100.0,desaparece,programa,R027,,,,,
19,42000.0,2742.1,-39257.9,-41273.9,-93.8,continúa,programa,J012,,,,,
GYN,36717.1,0.0,-36717.1,-38479.6,-100.0,desaparece,programa,044 ,,,,,
GYR,35283.7,0.0,-35283.7,-36977.3,-100.0,desaparece,programa,002 ,,,,,
19,42600.0,8744.9,-33855.1,-35899.9,-80.4,continúa,programa,J009,,,,,
07,42904.9,9996.3,-32908.6,-34968.1,-77.8,continúa,programa,A002,,,,,
GYR,30920.2,0.0,-30920.2,-32404.3,-100.0,desaparece,programa,004 ,,,,,
12,30510.3,0.0,-30510.3,-31974.8,-100.0,desaparece,programa,E023,,,,,
23,29517.5,0.0,-29517.5,-30934.3,-100.0,desaparece,programa,R125,,,,,
19,28702.1,0.0,-28702.1,-30079.8,-100.0,desaparece,programa,T006,,,,,
19,28074.1,0.0,-28074.1,-29421.7,-100.0,desaparece,programa,J025,,,,,
TVV,26929.2,0.0,-26929.2,-28221.8,-100.0,desaparece,programa,027 ,,,,,
GYN,25856.6,0.0,-25856.6,-27097.7,-100.0,desaparece,programa,025 ,,,,,
TYY,23906.6,0.0,-23906.6,-25054.1,-100.0,desaparece,programa,027 ,,,,,
36,23305.9,0.0,-23305.9,-24424.5,-100.0,desaparece,programa,E004,,,,,
13,22058.5,0.0,-22058.5,-23117.3,-100.0,desaparece,programa,K040,,,,,
GYN,22047.8,0.0,-22047.8,-23106.1,-100.0,desaparece,programa,002 ,,,,,
13,20706.9,0.0,-20706.9,-21700.8,-100.0,desaparece,programa,A001,,,,,
36,20205.6,0.0,-20205.6,-21175.5,-100.0,desaparece,programa,E006,,,,,
23,18677.2,0.0,-18677.2,-19573.7,-100.0,desaparece,programa,N001,,,,,
TYY,18415.8,0.0,-18415.8,-19299.8,-100.0,desaparece,programa,013 ,,,,,
TVV,17662.8,0.0,-17662.8,-18510.7,-100.0,desaparece,programa,579 ,,,,,
19,17428.7,0.0,-17428.7,-18265.3,-100.0,desaparece,programa,R018,,,,,
11,17424.8,0.0,-17424.8,-18261.1,-100.0,desaparece,programa,E021,,,,,
34,52451.9,35553.4,-16898.5,-19416.2,-35.3,continúa,programa,D011,,,,,
09,16595.1,0.0,-16595.1,-17391.7,-100.0,desaparece,programa,G003,,,,,
07,17289.5,1060.4,-16229.1,-17059.0,-94.1,continúa,programa,A026,,,,,
GYN,16259.3,188.1,-16071.1,-16851.6,-98.9,continúa,programa,018 ,,,,,
GYR,16525.9,1353.7,-15172.2,-15965.5,-92.2,continúa,programa,007 ,,,,,
20,15000.0,0.0,-15000.0,-15720.0,-100.0,desaparece,programa,U316,,,,,
GYR,13330.4,0.0,-13330.4,-13970.2,-100.0,desaparece,programa,012 ,,,,,
TVV,13130.0,0.0,-13130.0,-13760.2,-100.0,desaparece,programa,044 ,,,,,
16,13100.2,0.0,-13100.2,-13729.0,-100.0,desaparece,programa,R018,,,,,
TVV,10521.0,0.0,-10521.0,-11026.0,-100.0,desaparece,programa,562 ,,,,,
36,10208.9,0.0,-10208.9,-10699.0,-100.0,desaparece,programa,R001,,,,,
GYR,10138.9,0.0,-10138.9,-10625.6,-100.0,desaparece,programa,029 ,,,,,
09,10000.0,0.0,-10000.0,-10480.0,-100.0,desaparece,programa,R026,,,,,
09,10000.0,0.0,-10000.0,-10480.0,-100.0,desaparece,programa,K032,,,,,
TVV,9935.1,0.0,-9935.1,-10412.0,-100.0,desaparece,programa,582 ,,,,,
23,9510.4,0.0,-9510.4,-9966.9,-100.0,desaparece,programa,R001,,,,,
06,9415.1,0.0,-9415.1,-9867.0,-100.0,desaparece,programa,E026,,,,,
TVV,9116.0,0.0,-9116.0,-9553.6,-100.0,desaparece,programa,029 ,,,,,
19,8772.7,0.0,-8772.7,-9193.8,-100.0,desaparece,programa,J021,,,,,
16,7864.1,0.0,-7864.1,-8241.6,-100.0,desaparece,programa,G010,,,,,
12,7847.9,0.0,-7847.9,-8224.6,-100.0,desaparece,programa,E010,,,,,
22,10059.8,2314.3,-7745.5,-8228.4,-78.0,continúa,programa,R003,,,,,
13,7690.5,0.0,-7690.5,-8059.7,-100.0,desaparece,programa,A026,,,,,
GYN,7493.5,0.0,-7493.5,-7853.2,-100.0,desaparece,programa,043 ,,,,,
47,6981.4,0.0,-6981.4,-7316.5,-100.0,desaparece,programa,E003,,,,,
23,6154.9,0.0,-6154.9,-6450.3,-100.0,desaparece,programa,R081,,,,,
20,6150.9,0.0,-6150.9,-6446.2,-100.0,desaparece,programa,P002,,,,,
38,6064.7,0.0,-6064.7,-6355.8,-100.0,desaparece,programa,E003,,,,,
11,5999.0,0.0,-5999.0,-6287.0,-100.0,desaparece,programa,E066,,,,,
05,5063.7,0.0,-5063.7,-5306.8,-100.0,desaparece,programa,P002,,,,,
08,4832.4,0.0,-4832.4,-5064.4,-100.0,desaparece,programa,E001,,,,,
16,4809.9,0.0,-4809.9,-5040.8,-100.0,desaparece,programa,E001,,,,,
23,4700.0,0.0,-4700.0,-4925.6,-100.0,desaparece,programa,R120,,,,,
22,7171.2,2510.3,-4661.0,-5005.2,-66.6,continúa,programa,R002,,,,,
36,9284.7,4695.6,-4589.1,-5034.7,-51.7,continúa,programa,M001,,,,,
12,4571.8,0.0,-4571.8,-4791.2,-100.0,desaparece,programa,E036,,,,,
GYN,4457.6,13.7,-4443.9,-4657.9,-99.7,continúa,programa,019 ,,,,,
16,4386.2,0.0,-4386.2,-4596.8,-100.0,desaparece,programa,K129,,,,,
24,29722.7,25455.5,-4267.2,-5693.9,-18.3,continúa,programa,D007,,,,,
48,4224.0,0.0,-4224.0,-4426.8,-100.0,desaparece,programa,E011,,,,,
19,4199.8,0.0,-4199.8,-4401.3,-100.0,desaparece,programa,J022,,,,,
11,4098.1,0.0,-4098.1,-4294.9,-100.0,desaparece,programa,E011,,,,,
12,4011.5,0.0,-4011.5,-4204.1,-100.0,desaparece,programa,E040,,,,,
11,3894.7,0.0,-3894.7,-4081.7,-100.0,desaparece,programa,B003,,,,,
11,3821.3,0.0,-3821.3,-4004.7,-100.0,desaparece,programa,P001,,,,,
08,3757.9,0.0,-3757.9,-3938.3,-100.0,desaparece,programa,B004,,,,,
07,3611.1,0.0,-3611.1,-3784.4,-100.0,desaparece,programa,A019,,,,,
GYN,3597.8,0.0,-3597.8,-3770.4,-100.0,desaparece,programa,048 ,,,,,
08,3573.4,0.0,-3573.4,-3745.0,-100.0,desaparece,programa,P001,,,,,
13,3521.2,0.0,-3521.2,-3690.2,-100.0,desaparece,programa,A007,,,,,
TYY,3383.5,0.0,-3383.5,-3545.9,-100.0,desaparece,programa,012 ,,,,,
06,3249.3,0.0,-3249.3,-3405.3,-100.0,desaparece,programa,E032,,,,,
47,3089.4,0.0,-3089.4,-3237.7,-100.0,desaparece,programa,S200,,,,,
24,23317.1,20262.1,-3055.0,-4174.3,-17.1,continúa,programa,D009,,,,,
47,3760.3,722.4,-3037.9,-3218.4,-81.7,continúa,programa,M001,,,,,
04,3001.3,0.0,-3001.3,-3145.3,-100.0,desaparece,programa,P001,,,,,
13,2941.5,0.0,-2941.5,-3082.7,-100.0,desaparece,programa,R002,,,,,
09,2876.3,0.0,-2876.3,-3014.4,-100.0,desaparece,programa,E010,,,,,
12,2848.0,0.0,-2848.0,-2984.7,-100.0,desaparece,programa,P020,,,,,
19,2827.8,0.0,-2827.8,-2963.6,-100.0,desaparece,programa,J026,,,,,
36,2760.0,0.0,-2760.0,-2892.5,-100.0,desaparece,programa,E001,,,,,
TYY,2738.5,0.0,-2738.5,-2870.0,-100.0,desaparece,programa,011 ,,,,,
09,2630.5,0.0,-2630.5,-2756.7,-100.0,desaparece,programa,E012,,,,,
07,6670.8,4084.1,-2586.7,-2906.9,-41.6,continúa,programa,A009,,,,,
15,2500.0,0.0,-2500.0,-2620.0,-100.0,desaparece,programa,S273,,,,,
13,2488.9,0.0,-2488.9,-2608.4,-100.0,desaparece,programa,A004,,,,,
05,2486.7,0.0,-2486.7,-2606.0,-100.0,desaparece,programa,P005,,,,,
07,2464.4,0.0,-2464.4,-2582.7,-100.0,desaparece,programa,A021,,,,,
12,2445.4,0.0,-2445.4,-2562.7,-100.0,desaparece,programa,E022,,,,,
06,2357.0,0.0,-2357.0,-2470.1,-100.0,desaparece,programa,F035,,,,,
GYN,2335.6,0.0,-2335.6,-2447.7,-100.0,desaparece,programa,022 ,,,,,
07,2255.8,0.0,-2255.8,-2364.1,-100.0,desaparece,programa,E004,,,,,
48,2253.9,0.0,-2253.9,-2362.1,-100.0,desaparece,programa,E012,,,,,
16,2170.1,0.0,-2170.1,-2274.2,-100.0,desaparece,programa,S074,,,,,
13,2138.2,0.0,-2138.2,-2240.8,-100.0,desaparece,programa,A006,,,,,
36,2066.4,0.0,-2066.4,-2165.6,-100.0,desaparece,programa,E002,,,,,
16,2007.9,0.0,-2007.9,-2104.3,-100.0,desaparece,programa,K141,,,,,
20,2000.0,0.0,-2000.0,-2096.0,-100.0,desaparece,programa,U317,,,,,
13,2000.0,0.0,-2000.0,-2096.0,-100.0,desaparece,programa,R001,,,,,
GYN,1953.4,9.9,-1943.5,-2037.2,-99.5,continúa,programa,028 ,,,,,
06,1937.6,0.0,-1937.6,-2030.6,-100.0,desaparece,programa,E025,,,,,
08,1873.6,0.0,-1873.6,-1963.5,-100.0,desaparece,programa,G001,,,,,
16,1858.0,0.0,-1858.0,-1947.2,-100.0,desaparece,programa,S217,,,,,
11,110558.4,108736.6,-1821.8,-7128.6,-6.2,continúa,programa,U006,,,,,
23,1818.5,0.0,-1818.5,-1905.8,-100.0,desaparece,programa,R010,,,,,
04,1803.7,0.0,-1803.7,-1890.2,-100.0,desaparece,programa,E008,,,,,
23,1790.5,0.0,-1790.5,-1876.5,-100.0,desaparece,programa,R080,,,,,
11,1730.8,0.0,-1730.8,-1813.9,-100.0,desaparece,programa,E064,,,,,
38,1685.7,0.0,-1685.7,-1766.6,-100.0,desaparece,programa,P001,,,,,
08,1647.1,0.0,-1647.1,-1726.1,-100.0,desaparece,programa,E006,,,,,
GYN,1559.9,0.0,-1559.9,-1634.8,-100.0,desaparece,programa,011 ,,,,,
09,1556.3,0.0,-1556.3,-1631.0,-100.0,desaparece,programa,K040,,,,,
12,1510.1,0.0,-1510.1,-1582.5,-100.0,desaparece,programa,E025,,,,,
TYY,1500.0,0.0,-1500.0,-1572.0,-100.0,desaparece,programa,005 ,,,,,
TYY,2563.9,1069.6,-1494.2,-1617.3,-60.2,continúa,programa,029 ,,,,,
22,5384.9,3910.4,-1474.4,-1732.9,-30.7,continúa,programa,R005,,,,,
38,1452.0,0.0,-1452.0,-1521.7,-100.0,desaparece,programa,F003,,,,,
40,1482.6,42.8,-1439.8,-1511.0,-97.2,continúa,programa,P003,,,,,
11,1432.9,0.0,-1432.9,-1501.6,-100.0,desaparece,programa,G001,,,,,
16,1407.7,0.0,-1407.7,-1475.2,-100.0,desaparece,programa,E014,,,,,
13,1378.9,0.0,-1378.9,-1445.1,-100.0,desaparece,programa,A010,,,,,
25,1378.4,0.0,-1378.4,-1444.5,-100.0,desaparece,programa,E004,,,,,
09,1311.4,0.0,-1311.4,-1374.3,-100.0,desaparece,programa,G002,,,,,
48,1242.5,0.0,-1242.5,-1302.2,-100.0,desaparece,programa,E042,,,,,
07,6594.2,5374.3,-1219.9,-1536.4,-22.2,continúa,programa,A003,,,,,
23,1161.3,0.0,-1161.3,-1217.1,-100.0,desaparece,programa,R066,,,,,
22,3612.1,2479.9,-1132.2,-1305.6,-34.5,continúa,programa,M001,,,,,
09,1103.1,0.0,-1103.1,-1156.0,-100.0,desaparece,programa,E013,,,,,
07,1091.6,0.0,-1091.6,-1144.0,-100.0,desaparece,programa,A020,,,,,
07,1082.2,0.0,-1082.2,-1134.1,-100.0,desaparece,programa,R016,,,,,
47,1051.2,0.0,-1051.2,-1101.7,-100.0,desaparece,programa,P013,,,,,
22,8609.1,7572.2,-1036.9,-1450.1,-16.1,continúa,programa,R009,,,,,
12,1031.7,0.0,-1031.7,-1081.2,-100.0,desaparece,programa,P012,,,,,
47,1023.9,0.0,-1023.9,-1073.1,-100.0,desaparece,programa,E033,,,,,
07,1013.9,0.0,-1013.9,-1062.5,-100.0,desaparece,programa,A018,,,,,
11,1013.5,0.0,-1013.5,-1062.1,-100.0,desaparece,programa,E013,,,,,
22,2769.8,1834.6,-935.2,-1068.2,-36.8,continúa,programa,R008,,,,,
07,924.6,0.0,-924.6,-969.0,-100.0,desaparece,programa,E001,,,,,
12,914.0,0.0,-914.0,-957.8,-100.0,desaparece,programa,U008,,,,,
11,866.5,0.0,-866.5,-908.1,-100.0,desaparece,programa,S312,,,,,
15,846.6,0.0,-846.6,-887.2,-100.0,desaparece,programa,P005,,,,,
04,838.9,0.0,-838.9,-879.1,-100.0,desaparece,programa,P022,,,,,
12,835.7,0.0,-835.7,-875.8,-100.0,desaparece,programa,U009,,,,,
11,831.7,0.0,-831.7,-871.6,-100.0,desaparece,programa,S300,,,,,
07,827.8,0.0,-827.8,-867.5,-100.0,desaparece,programa,E002,,,,,
16,799.8,0.0,-799.8,-838.2,-100.0,desaparece,programa,G003,,,,,
11,792.4,0.0,-792.4,-830.4,-100.0,desaparece,programa,S295,,,,,
47,775.3,0.0,-775.3,-812.6,-100.0,desaparece,programa,E028,,,,,
14,767.1,0.0,-767.1,-803.9,-100.0,desaparece,programa,E001,,,,,
06,766.5,0.0,-766.5,-803.3,-100.0,desaparece,programa,E003,,,,,
15,763.8,0.0,-763.8,-800.5,-100.0,desaparece,programa,E001,,,,,
11,751.2,0.0,-751.2,-787.3,-100.0,desaparece,programa,S270,,,,,
12,732.7,0.0,-732.7,-767.8,-100.0,desaparece,programa,P013,,,,,
21,726.5,0.0,-726.5,-761.3,-100.0,desaparece,programa,F002,,,,,
TVV,704.8,0.0,-704.8,-738.6,-100.0,desaparece,programa,583 ,,,,,
TVV,688.6,0.0,-688.6,-721.6,-100.0,desaparece,programa,586 ,,,,,
12,688.4,0.0,-688.4,-721.4,-100.0,desaparece,programa,P018,,,,,
12,673.1,0.0,-673.1,-705.4,-100.0,desaparece,programa,G004,,,,,
48,668.3,0.0,-668.3,-700.4,-100.0,desaparece,programa,E010,,,,,
09,2257.7,1589.4,-668.3,-776.7,-32.8,continúa,programa,M001,,,,,
18,667.8,0.0,-667.8,-699.9,-100.0,desaparece,programa,E016,,,,,
48,653.2,0.0,-653.2,-684.6,-100.0,desaparece,programa,U282,,,,,
11,651.2,0.0,-651.2,-682.4,-100.0,desaparece,programa,E017,,,,,
09,633.2,0.0,-633.2,-663.6,-100.0,desaparece,programa,P001,,,,,
12,614.7,0.0,-614.7,-644.3,-100.0,desaparece,programa,P016,,,,,
GYN,613.9,0.0,-613.9,-643.4,-100.0,desaparece,programa,021 ,,,,,
43,609.3,0.0,-609.3,-638.5,-100.0,desaparece,programa,G004,,,,,
14,608.4,0.0,-608.4,-637.6,-100.0,desaparece,programa,E005,,,,,
31,602.3,0.0,-602.3,-631.2,-100.0,desaparece,programa,E001,,,,,
GYN,583.8,0.0,-583.8,-611.8,-100.0,desaparece,programa,024 ,,,,,
06,559.3,0.0,-559.3,-586.2,-100.0,desaparece,programa,P002,,,,,
16,548.9,0.0,-548.9,-575.3,-100.0,desaparece,programa,P002,,,,,
06,542.9,0.0,-542.9,-568.9,-100.0,desaparece,programa,E011,,,,,
09,538.8,0.0,-538.8,-564.7,-100.0,desaparece,programa,G001,,,,,
36,535.8,0.0,-535.8,-561.5,-100.0,desaparece,programa,P001,,,,,
47,525.6,0.0,-525.6,-550.8,-100.0,desaparece,programa,P010,,,,,
05,524.2,0.0,-524.2,-549.4,-100.0,desaparece,programa,E002,,,,,
TYY,515.4,0.0,-515.4,-540.2,-100.0,desaparece,programa,014 ,,,,,
TVV,504.0,0.0,-504.0,-528.2,-100.0,desaparece,programa,028 ,,,,,
10,492.7,0.0,-492.7,-516.3,-100.0,desaparece,programa,P002,,,,,
41,489.1,0.0,-489.1,-512.5,-100.0,desaparece,programa,G006,,,,,
04,484.7,0.0,-484.7,-508.0,-100.0,desaparece,programa,U012,,,,,
43,476.1,0.0,-476.1,-499.0,-100.0,desaparece,programa,E001,,,,,
06,448.3,0.0,-448.3,-469.8,-100.0,desaparece,programa,P001,,,,,
14,447.6,0.0,-447.6,-469.1,-100.0,desaparece,programa,E012,,,,,
36,436.0,0.0,-436.0,-456.9,-100.0,desaparece,programa,R002,,,,,
47,419.6,0.0,-419.6,-439.7,-100.0,desaparece,programa,S010,,,,,
44,417.2,0.0,-417.2,-437.2,-100.0,desaparece,programa,E001,,,,,
01,3239.2,2822.6,-416.6,-572.1,-16.9,continúa,programa,R002,,,,,
06,409.5,0.0,-409.5,-429.2,-100.0,desaparece,programa,P003,,,,,
19,400.0,0.0,-400.0,-419.2,-100.0,desaparece,programa,J017,,,,,
12,4233.5,3842.1,-391.4,-594.6,-13.4,continúa,programa,M001,,,,,
22,2030.1,1643.2,-386.9,-484.4,-22.8,continúa,programa,R011,,,,,
06,380.0,0.0,-380.0,-398.2,-100.0,desaparece,programa,R021,,,,,
18,373.7,0.0,-373.7,-391.7,-100.0,desaparece,programa,P001,,,,,
04,365.5,0.0,-365.5,-383.1,-100.0,desaparece,programa,E010,,,,,
10,361.6,0.0,-361.6,-378.9,-100.0,desaparece,programa,E005,,,,,
10,353.2,0.0,-353.2,-370.2,-100.0,desaparece,programa,G003,,,,,
06,348.1,0.0,-348.1,-364.8,-100.0,desaparece,programa,P004,,,,,
19,339.8,0.0,-339.8,-356.1,-100.0,desaparece,programa,R023,,,,,
04,334.9,0.0,-334.9,-351.0,-100.0,desaparece,programa,S155,,,,,
10,326.6,0.0,-326.6,-342.2,-100.0,desaparece,programa,P006,,,,,
11,4198.5,3878.4,-320.1,-521.6,-11.9,continúa,programa,E028,,,,,
20,312.0,0.0,-312.0,-326.9,-100.0,desaparece,programa,E003,,,,,
04,307.2,0.0,-307.2,-322.0,-100.0,desaparece,programa,E015,,,,,
TYY,300.9,0.0,-300.9,-315.4,-100.0,desaparece,programa,030 ,,,,,
TYY,300.2,0.0,-300.2,-314.7,-100.0,desaparece,programa,028 ,,,,,
10,299.3,0.0,-299.3,-313.6,-100.0,desaparece,programa,B002,,,,,
10,297.9,0.0,-297.9,-312.2,-100.0,desaparece,programa,P009,,,,,
18,297.2,0.0,-297.2,-311.5,-100.0,desaparece,programa,R002,,,,,
GYN,296.1,0.0,-296.1,-310.3,-100.0,desaparece,programa,046 ,,,,,
16,288.0,0.0,-288.0,-301.9,-100.0,desaparece,programa,K007,,,,,
21,286.9,0.0,-286.9,-300.7,-100.0,desaparece,programa,E005,,,,,
04,284.8,0.0,-284.8,-298.4,-100.0,desaparece,programa,E012,,,,,
09,423.8,146.4,-277.4,-297.7,-67.0,continúa,programa,G008,,,,,
09,277.3,0.0,-277.3,-290.6,-100.0,desaparece,programa,K041,,,,,
36,270.9,0.0,-270.9,-283.9,-100.0,desaparece,programa,P002,,,,,
16,266.0,0.0,-266.0,-278.8,-100.0,desaparece,programa,G030,,,,,
20,812.9,556.3,-256.6,-295.6,-34.7,continúa,programa,M001,,,,,
43,250.9,0.0,-250.9,-263.0,-100.0,desaparece,programa,M001,,,,,
04,247.4,0.0,-247.4,-259.3,-100.0,desaparece,programa,P026,,,,,
13,244.5,0.0,-244.5,-256.2,-100.0,desaparece,programa,E030,,,,,
TVV,239.4,0.0,-239.4,-250.9,-100.0,desaparece,programa,552 ,,,,,
23,237.1,0.0,-237.1,-248.5,-100.0,desaparece,programa,N002,,,,,
25,4698.0,4461.7,-236.3,-461.8,-9.4,continúa,programa,M001,,,,,
47,234.4,0.0,-234.4,-245.7,-100.0,desaparece,programa,E036,,,,,
49,349.2,115.2,-234.0,-250.8,-68.5,continúa,programa,E008,,,,,
20,230.1,0.0,-230.1,-241.2,-100.0,desaparece,programa,P003,,,,,
11,229.0,0.0,-229.0,-240.0,-100.0,desaparece,programa,E047,,,,,
14,225.5,0.0,-225.5,-236.4,-100.0,desaparece,programa,P001,,,,,
14,222.4,0.0,-222.4,-233.0,-100.0,desaparece,programa,E002,,,,,
GYR,221.5,0.0,-221.5,-232.2,-100.0,desaparece,programa,028 ,,,,,
47,221.5,0.0,-221.5,-232.1,-100.0,desaparece,programa,P016,,,,,
47,219.3,0.0,-219.3,-229.8,-100.0,desaparece,programa,E002,,,,,
16,217.6,0.0,-217.6,-228.1,-100.0,desaparece,programa,K025,,,,,
GYN,215.4,0.0,-215.4,-225.8,-100.0,desaparece,programa,049 ,,,,,
10,213.5,0.0,-213.5,-223.8,-100.0,desaparece,programa,E007,,,,,
31,213.1,0.0,-213.1,-223.4,-100.0,desaparece,programa,E002,,,,,
40,210.0,0.0,-210.0,-220.1,-100.0,desaparece,programa,P005,,,,,
16,208.4,0.0,-208.4,-218.4,-100.0,desaparece,programa,U040,,,,,
15,205.3,0.0,-205.3,-215.1,-100.0,desaparece,programa,E002,,,,,
48,201.8,0.0,-201.8,-211.5,-100.0,desaparece,programa,E022,,,,,
16,194.9,0.0,-194.9,-204.2,-100.0,desaparece,programa,G005,,,,,
16,193.9,0.0,-193.9,-203.2,-100.0,desaparece,programa,E009,,,,,
06,192.9,0.0,-192.9,-202.2,-100.0,desaparece,programa,B001,,,,,
19,190.0,0.0,-190.0,-199.1,-100.0,desaparece,programa,R013,,,,,
22,397.5,211.0,-186.5,-205.6,-49.4,continúa,programa,R010,,,,,
47,181.7,0.0,-181.7,-190.4,-100.0,desaparece,programa,E013,,,,,
44,178.4,0.0,-178.4,-186.9,-100.0,desaparece,programa,E002,,,,,
48,177.8,0.0,-177.8,-186.4,-100.0,desaparece,programa,E021,,,,,
10,176.9,0.0,-176.9,-185.4,-100.0,desaparece,programa,G007,,,,,
36,176.0,0.0,-176.0,-184.5,-100.0,desaparece,programa,N001,,,,,
27,174.3,0.0,-174.3,-182.7,-100.0,desaparece,programa,O006,,,,,
11,173.4,0.0,-173.4,-181.7,-100.0,desaparece,programa,E016,,,,,
20,170.0,0.0,-170.0,-178.2,-100.0,desaparece,programa,P001,,,,,
15,169.4,0.0,-169.4,-177.5,-100.0,desaparece,programa,E003,,,,,
16,169.3,0.0,-169.3,-177.4,-100.0,desaparece,programa,E015,,,,,
23,166.2,0.0,-166.2,-174.1,-100.0,desaparece,programa,R007,,,,,
27,163.8,0.0,-163.8,-171.6,-100.0,desaparece,programa,G006,,,,,
GYN,162.5,0.0,-162.5,-170.3,-100.0,desaparece,programa,027 ,,,,,
10,161.3,0.0,-161.3,-169.0,-100.0,desaparece,programa,E006,,,,,
07,153.4,0.0,-153.4,-160.8,-100.0,desaparece,programa,A900,,,,,
21,152.4,0.0,-152.4,-159.7,-100.0,desaparece,programa,P001,,,,,
09,148.9,0.0,-148.9,-156.1,-100.0,desaparece,programa,E015,,,,,
27,147.3,0.0,-147.3,-154.3,-100.0,desaparece,programa,O005,,,,,
04,147.1,0.0,-147.1,-154.1,-100.0,desaparece,programa,P024,,,,,
16,145.4,0.0,-145.4,-152.4,-100.0,desaparece,programa,G031,,,,,
08,2317.1,2172.6,-144.4,-255.7,-10.5,continúa,programa,M001,,,,,
09,143.8,0.0,-143.8,-150.8,-100.0,desaparece,programa,G004,,,,,
16,143.4,0.0,-143.4,-150.3,-100.0,desaparece,programa,E006,,,,,
48,143.1,0.0,-143.1,-150.0,-100.0,desaparece,programa,E013,,,,,
21,142.4,0.0,-142.4,-149.2,-100.0,desaparece,programa,E007,,,,,
15,142.0,0.0,-142.0,-148.8,-100.0,desaparece,programa,P003,,,,,
43,141.7,0.0,-141.7,-148.5,-100.0,desaparece,programa,G008,,,,,
07,140.6,0.0,-140.6,-147.3,-100.0,desaparece,programa,A022,,,,,
44,140.0,0.0,-140.0,-146.7,-100.0,desaparece,programa,E003,,,,,
43,138.1,0.0,-138.1,-144.7,-100.0,desaparece,programa,G010,,,,,
10,135.0,0.0,-135.0,-141.5,-100.0,desaparece,programa,F003,,,,,
27,130.1,0.0,-130.1,-136.4,-100.0,desaparece,programa,O002,,,,,
13,129.1,0.0,-129.1,-135.3,-100.0,desaparece,programa,E003,,,,,
27,129.0,0.0,-129.0,-135.1,-100.0,desaparece,programa,O003,,,,,
10,125.1,0.0,-125.1,-131.1,-100.0,desaparece,programa,G001,,,,,
05,122.1,0.0,-122.1,-127.9,-100.0,desaparece,programa,P001,,,,,
49,396.4,277.7,-118.7,-137.8,-33.2,continúa,programa,E013,,,,,
19,180.0,61.7,-118.3,-126.9,-67.3,continúa,programa,R010,,,,,
16,118.1,0.0,-118.1,-123.8,-100.0,desaparece,programa,E016,,,,,
07,117.8,0.0,-117.8,-123.4,-100.0,desaparece,programa,A023,,,,,
11,117.0,0.0,-117.0,-122.6,-100.0,desaparece,programa,E068,,,,,
37,116.1,0.0,-116.1,-121.6,-100.0,desaparece,programa,P001,,,,,
GYN,116.0,0.0,-116.0,-121.6,-100.0,desaparece,programa,015 ,,,,,
06,115.6,0.0,-115.6,-121.2,-100.0,desaparece,programa,O007,,,,,
47,109.5,0.0,-109.5,-114.8,-100.0,desaparece,programa,E006,,,,,
06,104.3,0.0,-104.3,-109.4,-100.0,desaparece,programa,E008,,,,,
01,14503.7,14402.7,-101.0,-797.2,-5.2,continúa,programa,R001,,,,,
14,101.0,0.0,-101.0,-105.8,-100.0,desaparece,programa,E016,,,,,
12,100.9,0.0,-100.9,-105.8,-100.0,desaparece,programa,E041,,,,,
47,100.0,0.0,-100.0,-104.8,-100.0,desaparece,programa,K024,,,,,
18,97.3,0.0,-97.3,-101.9,-100.0,desaparece,programa,G003,,,,,
47,153.7,57.8,-95.9,-103.3,-64.1,continúa,programa,O001,,,,,
15,117.3,23.6,-93.7,-99.4,-80.8,continúa,programa,L001,,,,,
14,462.7,369.3,-93.4,-115.6,-23.8,continúa,programa,M001,,,,,
44,91.9,0.0,-91.9,-96.3,-100.0,desaparece,programa,M001,,,,,
21,91.2,0.0,-91.2,-95.6,-100.0,desaparece,programa,F005,,,,,
41,89.6,0.0,-89.6,-93.9,-100.0,desaparece,programa,M001,,,,,
45,88.9,0.0,-88.9,-93.2,-100.0,desaparece,programa,G002,,,,,
47,88.4,0.0,-88.4,-92.6,-100.0,desaparece,programa,P015,,,,,
18,87.3,0.0,-87.3,-91.5,-100.0,desaparece,programa,P008,,,,,
13,86.1,0.0,-86.1,-90.2,-100.0,desaparece,programa,E022,,,,,
41,83.9,0.0,-83.9,-87.9,-100.0,desaparece,programa,G007,,,,,
18,82.1,0.0,-82.1,-86.1,-100.0,desaparece,programa,P002,,,,,
15,79.7,0.0,-79.7,-83.5,-100.0,desaparece,programa,P004,,,,,
14,77.6,0.0,-77.6,-81.4,-100.0,desaparece,programa,E008,,,,,
13,77.5,0.0,-77.5,-81.3,-100.0,desaparece,programa,E001,,,,,
10,76.5,0.0,-76.5,-80.1,-100.0,desaparece,programa,E009,,,,,
46,75.5,0.0,-75.5,-79.1,-100.0,desaparece,programa,G001,,,,,
02,779.2,703.9,-75.3,-112.7,-13.8,continúa,programa,P002,,,,,
44,74.5,0.0,-74.5,-78.1,-100.0,desaparece,programa,K025,,,,,
04,72.9,0.0,-72.9,-76.4,-100.0,desaparece,programa,P025,,,,,
45,70.7,0.0,-70.7,-74.0,-100.0,desaparece,programa,G001,,,,,
44,69.8,0.0,-69.8,-73.2,-100.0,desaparece,programa,E004,,,,,
23,7140.1,7070.4,-69.7,-412.4,-5.5,continúa,programa,U093,,,,,
16,66.5,0.0,-66.5,-69.7,-100.0,desaparece,programa,P001,,,,,
48,66.5,0.0,-66.5,-69.7,-100.0,desaparece,programa,P003,,,,,
09,65.7,0.0,-65.7,-68.9,-100.0,desaparece,programa,E029,,,,,
12,65.2,0.0,-65.2,-68.4,-100.0,desaparece,programa,R001,,,,,
19,325.2,260.4,-64.7,-80.3,-23.6,continúa,programa,U003,,,,,
04,63.0,0.0,-63.0,-66.0,-100.0,desaparece,programa,P023,,,,,
27,148.6,87.8,-60.8,-67.9,-43.6,continúa,programa,M001,,,,,
07,59.4,0.0,-59.4,-62.3,-100.0,desaparece,programa,A024,,,,,
10,59.2,0.0,-59.2,-62.1,-100.0,desaparece,programa,P010,,,,,
19,58.8,0.0,-58.8,-61.7,-100.0,desaparece,programa,R015,,,,,
04,56.4,0.0,-56.4,-59.1,-100.0,desaparece,programa,P016,,,,,
09,55.6,0.0,-55.6,-58.3,-100.0,desaparece,programa,E004,,,,,
46,53.2,0.0,-53.2,-55.8,-100.0,desaparece,programa,G002,,,,,
21,53.0,0.0,-53.0,-55.5,-100.0,desaparece,programa,F001,,,,,
36,51.0,0.0,-51.0,-53.5,-100.0,desaparece,programa,G005,,,,,
16,50.9,0.0,-50.9,-53.3,-100.0,desaparece,programa,N001,,,,,
12,49.2,0.0,-49.2,-51.6,-100.0,desaparece,programa,K011,,,,,
22,216.7,168.3,-48.4,-58.8,-25.9,continúa,programa,M002,,,,,
43,48.2,0.0,-48.2,-50.5,-100.0,desaparece,programa,O001,,,,,
04,47.9,0.0,-47.9,-50.2,-100.0,desaparece,programa,E006,,,,,
21,44.8,0.0,-44.8,-47.0,-100.0,desaparece,programa,G001,,,,,
TVV,44.5,0.0,-44.5,-46.7,-100.0,desaparece,programa,025 ,,,,,
45,40.3,0.0,-40.3,-42.2,-100.0,desaparece,programa,M001,,,,,
13,38.8,0.0,-38.8,-40.7,-100.0,desaparece,programa,P005,,,,,
13,38.8,0.0,-38.8,-40.7,-100.0,desaparece,programa,F036,,,,,
TVV,37.4,0.0,-37.4,-39.2,-100.0,desaparece,programa,571 ,,,,,
47,36.8,0.0,-36.8,-38.6,-100.0,desaparece,programa,E004,,,,,
13,36.7,0.0,-36.7,-38.5,-100.0,desaparece,programa,E002,,,,,
14,36.4,0.0,-36.4,-38.1,-100.0,desaparece,programa,E004,,,,,
12,34.9,0.0,-34.9,-36.6,-100.0,desaparece,programa,K025,,,,,
47,34.5,0.0,-34.5,-36.1,-100.0,desaparece,programa,P014,,,,,
TVV,33.7,0.0,-33.7,-35.3,-100.0,desaparece,programa,585 ,,,,,
20,33.3,0.0,-33.3,-34.9,-100.0,desaparece,programa,P004,,,,,
25,200.0,167.1,-32.9,-42.5,-20.3,continúa,programa,U001,,,,,
46,32.6,0.0,-32.6,-34.2,-100.0,desaparece,programa,M001,,,,,
27,32.6,0.0,-32.6,-34.1,-100.0,desaparece,programa,P006,,,,,
24,1727.2,1694.8,-32.4,-115.3,-6.4,continúa,programa,D008,,,,,
16,30.9,0.0,-30.9,-32.4,-100.0,desaparece,programa,E005,,,,,
22,209.6,182.0,-27.7,-37.7,-17.2,continúa,programa,O001,,,,,
04,27.2,0.0,-27.2,-28.5,-100.0,desaparece,programa,P027,,,,,
14,27.0,0.0,-27.0,-28.3,-100.0,desaparece,programa,P002,,,,,
14,26.8,0.0,-26.8,-28.1,-100.0,desaparece,programa,E003,,,,,
12,25.8,0.0,-25.8,-27.1,-100.0,desaparece,programa,G005,,,,,
41,25.4,0.0,-25.4,-26.6,-100.0,desaparece,programa,O001,,,,,
GYR,23.7,0.0,-23.7,-24.8,-100.0,desaparece,programa,025 ,,,,,
01,326.7,303.8,-22.9,-38.6,-11.3,continúa,programa,K027,,,,,
44,22.2,0.0,-22.2,-23.2,-100.0,desaparece,programa,O001,,,,,
07,21.7,0.0,-21.7,-22.7,-100.0,desaparece,programa,R018,,,,,
05,21.5,0.0,-21.5,-22.5,-100.0,desaparece,programa,E006,,,,,
19,636.2,615.4,-20.8,-51.4,-7.7,continúa,programa,T003,,,,,
07,19.7,0.0,-19.7,-20.6,-100.0,desaparece,programa,E003,,,,,
40,686.1,667.1,-19.0,-52.0,-7.2,continúa,programa,M001,,,,,
25,57.9,39.0,-19.0,-21.8,-35.8,continúa,programa,O001,,,,,
04,17.7,0.0,-17.7,-18.5,-100.0,desaparece,programa,P018,,,,,
21,17.6,0.0,-17.6,-18.4,-100.0,desaparece,programa,P002,,,,,
48,17.3,0.0,-17.3,-18.1,-100.0,desaparece,programa,E041,,,,,
43,15.7,0.0,-15.7,-16.4,-100.0,desaparece,programa,G009,,,,,
23,15.1,0.0,-15.1,-15.8,-100.0,desaparece,programa,R011,,,,,
13,13.8,0.0,-13.8,-14.5,-100.0,desaparece,programa,A005,,,,,
46,12.0,0.0,-12.0,-12.6,-100.0,desaparece,programa,P001,,,,,
24,41.8,30.2,-11.6,-13.6,-31.0,continúa,programa,D003,,,,,
TVV,11.0,0.0,-11.0,-11.5,-100.0,desaparece,programa,578 ,,,,,
GYN,10.7,0.0,-10.7,-11.2,-100.0,desaparece,programa,047 ,,,,,
15,9.4,0.0,-9.4,-9.8,-100.0,desaparece,programa,G001,,,,,
13,277.5,268.9,-8.6,-21.9,-7.5,continúa,programa,M001,,,,,
49,124.5,116.5,-8.0,-14.0,-10.7,continúa,programa,E010,,,,,
04,90.6,83.4,-7.2,-11.6,-12.2,continúa,programa,P009,,,,,
49,1421.0,1415.1,-5.9,-74.1,-5.0,continúa,programa,E003,,,,,
GYR,4.7,0.0,-4.7,-4.9,-100.0,desaparece,programa,027 ,,,,,
22,15.1,11.0,-4.0,-4.8,-30.2,continúa,programa,P001,,,,,
20,10.8,7.1,-3.6,-4.2,-36.8,continúa,programa,O001,,,,,
11,3.6,0.0,-3.6,-3.7,-100.0,desaparece,programa,E039,,,,,
32,38.0,35.3,-2.7,-4.5,-11.2,continúa,programa,K025,,,,,
02,2.3,0.0,-2.3,-2.4,-100.0,desaparece,programa,P005,,,,,
11,2.1,0.0,-2.1,-2.2,-100.0,desaparece,programa,E032,,,,,
10,487.7,486.0,-1.6,-25.1,-4.9,continúa,programa,M001,,,,,
GYN,1.5,0.0,-1.5,-1.6,-100.0,desaparece,programa,036 ,,,,,
18,13.1,11.6,-1.4,-2.1,-15.1,continúa,programa,O001,,,,,
14,3.4,2.5,-0.9,-1.1,-29.4,continúa,programa,O001,,,,,
06,1227.2,1226.6,-0.6,-59.5,-4.6,continúa,programa,G005,,,,,
GYN,0.3,0.0,-0.3,-0.4,-100.0,desaparece,programa,042 ,,,,,
19,0.2,0.0,-0.2,-0.2,-100.0,desaparece,programa,J014,,,,,
04,1.1,0.9,-0.1,-0.2,-16.8,continúa,programa,O001,,,,,
24,0.0,0.0,-0.0,-0.0,-10.3,continúa,programa,D006,,,,,
49,205.6,205.6,-0.0,-9.9,-4.6,continúa,programa,E011,,,,,
34,0.0,0.0,0.0,-0.0,-4.6,continúa,programa,D001,,,,,
34,0.0,0.0,0.0,-0.0,-4.6,continúa,programa,D003,,,,,
34,0.0,0.0,0.0,-0.0,-4.6,continúa,programa,D002,,,,,
34,0.0,0.0,0.0,-0.0,-4.6,continúa,programa,D008,,,,,
34,0.0,0.0,0.0,0.0,172.6,continúa,programa,D006,,,,,
34,0.0,0.0,0.0,0.0,172.6,continúa,programa,D009,,,,,
34,0.0,0.0,0.0,0.0,172.6,continúa,programa,D007,,,,,
34,0.0,0.0,0.0,0.0,172.6,continúa,programa,D004,,,,,
34,0.0,0.0,0.0,0.0,172.6,continúa,programa,D005,,,,,
16,0.0,0.0,0.0,-0.0,-0.7,continúa,programa,U001,,,,,
16,28.2,28.2,0.1,-1.3,-4.4,continúa,programa,O001,,,,,
35,3.4,3.6,0.2,0.0,0.6,continúa,programa,E035,,,,,
19,0.0,0.2,0.2,0.2,inf,aparece,programa,J007,,,,,
35,4.9,5.2,0.2,0.0,0.1,continúa,programa,M002,,,,,
35,6.4,6.7,0.3,-0.0,-0.7,continúa,programa,E036,,,,,
31,4.3,4.6,0.3,0.1,1.4,continúa,programa,O001,,,,,
35,6.5,6.9,0.3,0.0,0.1,continúa,programa,E032,,,,,
06,155.2,155.5,0.3,-7.1,-4.4,continúa,programa,G001,,,,,
GYN,0.0,0.3,0.3,0.3,inf,aparece,programa,073 ,,,,,
35,7.6,8.0,0.4,0.0,0.5,continúa,programa,E012,,,,,
35,9.2,9.7,0.5,0.1,0.9,continúa,programa,E026,,,,,
35,11.0,11.5,0.6,0.0,0.3,continúa,programa,E011,,,,,
48,14.5,15.1,0.6,-0.1,-0.7,continúa,programa,S303,,,,,
35,13.8,14.5,0.7,0.0,0.3,continúa,programa,E024,,,,,
08,34.0,34.7,0.7,-0.9,-2.6,continúa,programa,O001,,,,,
35,15.6,16.4,0.8,0.0,0.2,continúa,programa,E033,,,,,
35,19.1,19.9,0.8,-0.1,-0.5,continúa,programa,E014,,,,,
35,17.8,18.7,0.9,0.1,0.3,continúa,programa,E022,,,,,
35,19.3,20.2,1.0,0.0,0.2,continúa,programa,E007,,,,,
10,31.5,32.6,1.0,-0.5,-1.4,continúa,programa,O001,,,,,
15,26.6,27.7,1.1,-0.1,-0.5,continúa,programa,O001,,,,,
37,33.6,34.7,1.2,-0.4,-1.3,continúa,programa,M001,,,,,
11,29.9,31.1,1.2,-0.2,-0.8,continúa,programa,S298,,,,,
35,25.9,27.2,1.3,0.1,0.3,continúa,programa,E023,,,,,
35,32.0,33.6,1.6,0.1,0.3,continúa,programa,E006,,,,,
35,37.9,39.5,1.6,-0.2,-0.4,continúa,programa,E017,,,,,
21,30.7,32.4,1.7,0.2,0.6,continúa,programa,O001,,,,,
12,42.7,44.4,1.7,-0.3,-0.7,continúa,programa,S039,,,,,
55,0.0,1.8,1.8,1.8,inf,aparece,programa,O001,,,,,
35,35.8,37.8,2.0,0.2,0.6,continúa,programa,E013,,,,,
35,35.5,37.5,2.0,0.3,0.7,continúa,programa,E008,,,,,
02,0.0,2.1,2.1,2.1,inf,aparece,programa,P004,,,,,
48,53.7,55.8,2.2,-0.4,-0.7,continúa,programa,S057,,,,,
35,52.8,55.0,2.3,-0.2,-0.4,continúa,programa,P019,,,,,
23,59.6,62.0,2.4,-0.5,-0.7,continúa,programa,U116,,,,,
35,45.2,47.6,2.4,0.2,0.5,continúa,programa,O001,,,,,
38,76.2,78.7,2.5,-1.2,-1.5,continúa,programa,O001,,,,,
48,61.6,64.1,2.6,-0.4,-0.6,continúa,programa,O001,,,,,
35,50.3,52.9,2.6,0.2,0.3,continúa,programa,E016,,,,,
35,55.1,58.0,2.9,0.2,0.4,continúa,programa,E003,,,,,
21,229.4,232.3,2.9,-8.1,-3.4,continúa,programa,M001,,,,,
35,52.9,55.9,3.1,0.5,0.9,continúa,programa,E018,,,,,
09,15.1,18.2,3.1,2.3,14.7,continúa,programa,O001,,,,,
15,84.3,87.6,3.2,-0.8,-0.9,continúa,programa,S213,,,,,
35,66.1,69.5,3.4,0.3,0.4,continúa,programa,E015,,,,,
15,91.8,95.5,3.7,-0.7,-0.7,continúa,programa,U003,,,,,
49,116.0,120.0,4.1,-1.5,-1.2,continúa,programa,O001,,,,,
02,41.3,45.4,4.1,2.2,5.0,continúa,programa,P003,,,,,
02,44.9,49.1,4.2,2.1,4.5,continúa,programa,M001,,,,,
31,72.1,76.3,4.3,0.8,1.0,continúa,programa,M001,,,,,
12,173.9,178.4,4.4,-3.9,-2.1,continúa,programa,O001,,,,,
06,227.7,232.5,4.8,-6.1,-2.6,continúa,programa,O001,,,,,
40,95.1,100.2,5.0,0.5,0.5,continúa,programa,O001,,,,,
32,163.7,169.0,5.3,-2.6,-1.5,continúa,programa,M001,,,,,
06,163.5,169.0,5.4,-2.4,-1.4,continúa,programa,G002,,,,,
48,1884.2,1890.0,5.8,-84.7,-4.3,continúa,programa,M001,,,,,
49,286.7,292.8,6.1,-7.7,-2.6,continúa,programa,E012,,,,,
54,0.0,6.4,6.4,6.4,inf,aparece,programa,O001,,,,,
16,161.1,167.6,6.5,-1.2,-0.7,continúa,programa,S046,,,,,
19,168.0,174.8,6.8,-1.3,-0.7,continúa,programa,U004,,,,,
48,204.6,212.9,8.2,-1.6,-0.7,continúa,programa,S268,,,,,
48,214.4,223.0,8.6,-1.6,-0.7,continúa,programa,U283,,,,,
15,238.2,247.0,8.7,-2.7,-1.1,continúa,programa,U001,,,,,
11,275.2,284.1,8.8,-4.4,-1.5,continúa,programa,S247,,,,,
14,313.6,323.8,10.1,-4.9,-1.5,continúa,programa,S043,,,,,
11,0.0,10.6,10.6,10.6,inf,aparece,programa,U081,,,,,
19,332.3,343.0,10.7,-5.3,-1.5,continúa,programa,U001,,,,,
20,0.0,11.5,11.5,11.5,inf,aparece,programa,P042,,,,,
49,126.0,138.0,12.0,6.0,4.5,continúa,programa,E004,,,,,
14,305.7,318.0,12.3,-2.3,-0.7,continúa,programa,U100,,,,,
23,0.0,12.6,12.6,12.6,inf,aparece,programa,R017,,,,,
13,0.0,14.3,14.3,14.3,inf,aparece,programa,N001,,,,,
07,0.0,14.3,14.3,14.3,inf,aparece,programa,R006,,,,,
25,311.9,329.7,17.8,2.8,0.9,continúa,programa,I003,,,,,
06,191.8,209.7,17.9,8.7,4.3,continúa,programa,G004,,,,,
14,0.0,18.6,18.6,18.6,inf,aparece,programa,P032,,,,,
27,0.0,18.8,18.8,18.8,inf,aparece,programa,E051,,,,,
48,0.0,19.2,19.2,19.2,inf,aparece,programa,E065,,,,,
05,1076.0,1095.6,19.6,-32.0,-2.8,continúa,programa,M001,,,,,
12,2731.8,2751.5,19.7,-111.5,-3.9,continúa,programa,U012,,,,,
20,489.9,509.6,19.7,-3.8,-0.7,continúa,programa,U011,,,,,
38,899.8,922.4,22.7,-20.5,-2.2,continúa,programa,M001,,,,,
04,708.1,732.5,24.4,-9.6,-1.3,continúa,programa,M001,,,,,
11,833.5,858.5,25.0,-15.0,-1.7,continúa,programa,U079,,,,,
06,164.2,190.0,25.7,17.9,10.4,continúa,programa,G003,,,,,
19,655.4,681.6,26.2,-5.2,-0.8,continúa,programa,U002,,,,,
40,312.8,340.3,27.6,12.5,3.8,continúa,programa,P001,,,,,
04,0.0,28.0,28.0,28.0,inf,aparece,programa,P013,,,,,
14,0.0,29.2,29.2,29.2,inf,aparece,programa,F023,,,,,
11,229.8,259.5,29.7,18.7,7.7,continúa,programa,O001,,,,,
13,0.0,30.8,30.8,30.8,inf,aparece,programa,A023,,,,,
35,187.6,219.2,31.6,22.6,11.5,continúa,programa,M001,,,,,
47,0.0,34.4,34.4,34.4,inf,aparece,programa,P053,,,,,
04,854.6,889.1,34.5,-6.6,-0.7,continúa,programa,U008,,,,,
13,0.0,36.7,36.7,36.7,inf,aparece,programa,E036,,,,,
16,938.4,976.2,37.8,-7.2,-0.7,continúa,programa,S219,,,,,
16,2196.8,2236.7,39.9,-65.6,-2.8,continúa,programa,M001,,,,,
55,0.0,43.1,43.1,43.1,inf,aparece,programa,Q014,,,,,
21,0.0,44.2,44.2,44.2,inf,aparece,programa,G020,,,,,
36,1120.9,1166.1,45.2,-8.6,-0.7,continúa,programa,U002,,,,,
16,0.0,48.3,48.3,48.3,inf,aparece,programa,N002,,,,,
35,910.9,959.4,48.4,4.7,0.5,continúa,programa,E002,,,,,
36,0.0,50.1,50.1,50.1,inf,aparece,programa,G022,,,,,
TVV,0.0,50.4,50.4,50.4,inf,aparece,programa,031 ,,,,,
14,0.0,50.9,50.9,50.9,inf,aparece,programa,P063,,,,,
16,0.0,55.4,55.4,55.4,inf,aparece,programa,P035,,,,,
04,0.0,58.2,58.2,58.2,inf,aparece,programa,P008,,,,,
15,773.7,832.9,59.2,22.0,2.7,continúa,programa,M001,,,,,
08,1479.8,1539.5,59.7,-11.4,-0.7,continúa,programa,S052,,,,,
47,1642.1,1704.0,61.9,-16.9,-1.0,continúa,programa,S249,,,,,
07,0.0,62.7,62.7,62.7,inf,aparece,programa,A013,,,,,
48,0.0,64.7,64.7,64.7,inf,aparece,programa,P056,,,,,
47,1980.2,2047.7,67.4,-27.6,-1.3,continúa,programa,S178,,,,,
18,339.5,407.0,67.5,51.2,14.4,continúa,programa,M001,,,,,
13,0.0,69.9,69.9,69.9,inf,aparece,programa,E035,,,,,
04,0.0,72.4,72.4,72.4,inf,aparece,programa,P007,,,,,
27,773.4,846.3,72.9,35.8,4.4,continúa,programa,O001,,,,,
10,0.0,74.8,74.8,74.8,inf,aparece,programa,F021,,,,,
04,0.0,76.8,76.8,76.8,inf,aparece,programa,P011,,,,,
13,0.0,77.7,77.7,77.7,inf,aparece,programa,F022,,,,,
07,0.0,77.8,77.8,77.8,inf,aparece,programa,A012,,,,,
07,0.0,78.3,78.3,78.3,inf,aparece,programa,A008,,,,,
11,1968.1,2047.4,79.3,-15.1,-0.7,continúa,programa,S269,,,,,
06,2670.3,2751.0,80.7,-47.5,-1.7,continúa,programa,M001,,,,,
49,597.4,681.7,84.3,55.7,8.9,continúa,programa,E009,,,,,
13,0.0,85.5,85.5,85.5,inf,aparece,programa,E038,,,,,
11,3000.0,3090.0,90.0,-54.0,-1.7,continúa,programa,U083,,,,,
47,0.0,90.3,90.3,90.3,inf,aparece,programa,P054,,,,,
32,3102.8,3195.6,92.8,-56.1,-1.7,continúa,programa,E001,,,,,
07,0.0,93.5,93.5,93.5,inf,aparece,programa,Q003,,,,,
04,0.0,93.6,93.6,93.6,inf,aparece,programa,P057,,,,,
11,6160.2,6255.3,95.1,-200.6,-3.1,continúa,programa,M001,,,,,
16,0.0,97.3,97.3,97.3,inf,aparece,programa,V003,,,,,
07,0.0,101.4,101.4,101.4,inf,aparece,programa,A016,,,,,
06,0.0,102.9,102.9,102.9,inf,aparece,programa,E087,,,,,
08,2560.8,2664.1,103.2,-19.7,-0.7,continúa,programa,S053,,,,,
13,21.2,128.6,107.4,106.3,477.7,continúa,programa,O001,,,,,
55,0.0,107.4,107.4,107.4,inf,aparece,programa,M001,,,,,
40,0.0,108.0,108.0,108.0,inf,aparece,programa,P006,,,,,
04,0.0,109.2,109.2,109.2,inf,aparece,programa,E001,,,,,
48,0.0,116.4,116.4,116.4,inf,aparece,programa,Q007,,,,,
37,0.0,118.4,118.4,118.4,inf,aparece,programa,P050,,,,,
56,0.0,118.6,118.6,118.6,inf,aparece,programa,O001,,,,,
10,0.0,119.9,119.9,119.9,inf,aparece,programa,G010,,,,,
05,0.0,122.2,122.2,122.2,inf,aparece,programa,P014,,,,,
GYN,0.0,123.9,123.9,123.9,inf,aparece,programa,008 ,,,,,
20,3185.0,3312.0,127.0,-25.9,-0.8,continúa,programa,S174,,,,,
18,0.0,128.6,128.6,128.6,inf,aparece,programa,G017,,,,,
07,0.0,131.1,131.1,131.1,inf,aparece,programa,E016,,,,,
13,0.0,132.0,132.0,132.0,inf,aparece,programa,E037,,,,,
21,0.0,133.2,133.2,133.2,inf,aparece,programa,F025,,,,,
16,0.0,133.2,133.2,133.2,inf,aparece,programa,E046,,,,,
10,0.0,133.7,133.7,133.7,inf,aparece,programa,F019,,,,,
21,0.0,135.9,135.9,135.9,inf,aparece,programa,E050,,,,,
04,0.0,141.8,141.8,141.8,inf,aparece,programa,P061,,,,,
09,0.0,143.7,143.7,143.7,inf,aparece,programa,Q005,,,,,
48,0.0,143.9,143.9,143.9,inf,aparece,programa,E025,,,,,
08,3640.4,3787.2,146.8,-28.0,-0.7,continúa,programa,S263,,,,,
40,0.0,150.6,150.6,150.6,inf,aparece,programa,P004,,,,,
18,0.0,151.2,151.2,151.2,inf,aparece,programa,G019,,,,,
15,0.0,151.3,151.3,151.3,inf,aparece,programa,P033,,,,,
28,3527.6,3680.0,152.4,-16.9,-0.5,continúa,programa,C004,,,,,
10,0.0,156.7,156.7,156.7,inf,aparece,programa,Q006,,,,,
16,0.0,158.8,158.8,158.8,inf,aparece,programa,Q010,,,,,
21,0.0,162.9,162.9,162.9,inf,aparece,programa,P043,,,,,
33,3789.5,3953.1,163.6,-18.3,-0.5,continúa,programa,I010,,,,,
11,0.0,165.3,165.3,165.3,inf,aparece,programa,E026,,,,,
06,0.0,166.9,166.9,166.9,inf,aparece,programa,B002,,,,,
54,0.0,171.7,171.7,171.7,inf,aparece,programa,P059,,,,,
23,0.0,172.9,172.9,172.9,inf,aparece,programa,R015,,,,,
16,0.0,177.6,177.6,177.6,inf,aparece,programa,Q011,,,,,
49,0.0,178.8,178.8,178.8,inf,aparece,programa,K022,,,,,
13,0.0,179.4,179.4,179.4,inf,aparece,programa,Q009,,,,,
13,0.0,184.5,184.5,184.5,inf,aparece,programa,P030,,,,,
47,0.0,186.0,186.0,186.0,inf,aparece,programa,E058,,,,,
19,0.0,187.3,187.3,187.3,inf,aparece,programa,R008,,,,,
19,0.0,197.7,197.7,197.7,inf,aparece,programa,R009,,,,,
49,13680.9,13879.6,198.8,-457.9,-3.2,continúa,programa,E002,,,,,
31,0.0,199.5,199.5,199.5,inf,aparece,programa,E053,,,,,
48,0.0,205.8,205.8,205.8,inf,aparece,programa,E064,,,,,
06,0.0,210.6,210.6,210.6,inf,aparece,programa,P062,,,,,
16,0.0,213.7,213.7,213.7,inf,aparece,programa,V005,,,,,
47,0.0,219.4,219.4,219.4,inf,aparece,programa,E057,,,,,
49,819.0,1048.7,229.7,190.4,22.2,continúa,programa,E006,,,,,
36,0.0,231.1,231.1,231.1,inf,aparece,programa,N005,,,,,
11,0.0,238.2,238.2,238.2,inf,aparece,programa,E084,,,,,
20,0.0,246.1,246.1,246.1,inf,aparece,programa,E048,,,,,
23,0.0,246.7,246.7,246.7,inf,aparece,programa,N004,,,,,
04,32.3,290.2,258.0,256.4,758.6,continúa,programa,E004,,,,,
13,0.0,259.6,259.6,259.6,inf,aparece,programa,E039,,,,,
06,0.0,261.6,261.6,261.6,inf,aparece,programa,R001,,,,,
21,0.0,269.5,269.5,269.5,inf,aparece,programa,E049,,,,,
18,0.0,282.6,282.6,282.6,inf,aparece,programa,P039,,,,,
55,0.0,283.1,283.1,283.1,inf,aparece,programa,P060,,,,,
33,6561.8,6858.3,296.5,-18.5,-0.3,continúa,programa,I009,,,,,
08,1600.0,1898.6,298.6,221.8,13.2,continúa,programa,S304,,,,,
10,0.0,298.7,298.7,298.7,inf,aparece,programa,P025,,,,,
54,0.0,321.2,321.2,321.2,inf,aparece,programa,M001,,,,,
10,0.0,323.3,323.3,323.3,inf,aparece,programa,P024,,,,,
04,0.0,325.6,325.6,325.6,inf,aparece,programa,P012,,,,,
TVV,0.0,328.4,328.4,328.4,inf,aparece,programa,058 ,,,,,
GYN,0.0,345.4,345.4,345.4,inf,aparece,programa,071 ,,,,,
GYN,0.0,346.0,346.0,346.0,inf,aparece,programa,313 ,,,,,
06,0.0,346.8,346.8,346.8,inf,aparece,programa,P020,,,,,
38,8814.7,9170.0,355.3,-67.8,-0.7,continúa,programa,S191,,,,,
27,0.0,359.9,359.9,359.9,inf,aparece,programa,P045,,,,,
10,0.0,367.3,367.3,367.3,inf,aparece,programa,G011,,,,,
09,0.0,369.2,369.2,369.2,inf,aparece,programa,G009,,,,,
10,0.0,379.6,379.6,379.6,inf,aparece,programa,F020,,,,,
33,9565.5,9951.1,385.6,-73.5,-0.7,continúa,programa,I011,,,,,
06,0.0,397.3,397.3,397.3,inf,aparece,programa,P019,,,,,
47,0.0,397.9,397.9,397.9,inf,aparece,programa,E061,,,,,
09,0.0,405.2,405.2,405.2,inf,aparece,programa,P022,,,,,
11,10195.0,10600.7,405.7,-83.7,-0.8,continúa,programa,U080,,,,,
04,0.0,407.5,407.5,407.5,inf,aparece,programa,E003,,,,,
16,0.0,408.6,408.6,408.6,inf,aparece,programa,G016,,,,,
24,5638.1,6050.1,412.0,141.4,2.4,continúa,programa,D002,,,,,
19,6509.2,6923.2,414.0,101.6,1.5,continúa,programa,T002,,,,,
06,0.0,425.2,425.2,425.2,inf,aparece,programa,P017,,,,,
56,0.0,425.4,425.4,425.4,inf,aparece,programa,Q008,,,,,
27,0.0,430.3,430.3,430.3,inf,aparece,programa,P044,,,,,
04,69.9,510.9,441.0,437.6,597.1,continúa,programa,P006,,,,,
16,0.0,463.0,463.0,463.0,inf,aparece,programa,P036,,,,,
10,0.0,465.4,465.4,465.4,inf,aparece,programa,P023,,,,,
36,0.0,478.3,478.3,478.3,inf,aparece,programa,P048,,,,,
11,12163.5,12650.0,486.5,-97.3,-0.8,continúa,programa,S283,,,,,
14,0.0,488.6,488.6,488.6,inf,aparece,programa,E041,,,,,
06,0.0,491.1,491.1,491.1,inf,aparece,programa,E007,,,,,
33,12278.6,12773.6,495.0,-94.4,-0.7,continúa,programa,I014,,,,,
08,12500.0,13000.0,500.0,-100.0,-0.8,continúa,programa,S290,,,,,
16,0.0,500.0,500.0,500.0,inf,aparece,programa,K028,,,,,
11,0.0,514.6,514.6,514.6,inf,aparece,programa,E027,,,,,
11,0.0,528.4,528.4,528.4,inf,aparece,programa,E025,,,,,
33,13376.4,13915.7,539.2,-102.8,-0.7,continúa,programa,I016,,,,,
06,0.0,561.2,561.2,561.2,inf,aparece,programa,P018,,,,,
TYY,2015.4,2577.0,561.6,464.9,22.0,continúa,programa,036 ,,,,,
05,0.0,570.8,570.8,570.8,inf,aparece,programa,E005,,,,,
38,14302.9,14879.5,576.6,-109.9,-0.7,continúa,programa,S190,,,,,
49,2003.4,2589.8,586.4,490.2,23.3,continúa,programa,M001,,,,,
31,0.0,614.9,614.9,614.9,inf,aparece,programa,E052,,,,,
07,72.0,715.0,643.0,639.5,847.3,continúa,programa,A017,,,,,
06,0.0,645.9,645.9,645.9,inf,aparece,programa,E006,,,,,
12,0.0,665.0,665.0,665.0,inf,aparece,programa,G012,,,,,
48,0.0,679.6,679.6,679.6,inf,aparece,programa,S320,,,,,
48,0.0,686.6,686.6,686.6,inf,aparece,programa,E023,,,,,
38,0.0,691.8,691.8,691.8,inf,aparece,programa,F027,,,,,
10,0.0,697.5,697.5,697.5,inf,aparece,programa,E020,,,,,
08,17500.0,18200.0,700.0,-140.0,-0.8,continúa,programa,S292,,,,,
33,7741.5,8449.5,708.1,336.5,4.1,continúa,programa,I008,,,,,
15,0.0,719.3,719.3,719.3,inf,aparece,programa,P034,,,,,
47,0.0,724.6,724.6,724.6,inf,aparece,programa,E059,,,,,
07,0.0,744.1,744.1,744.1,inf,aparece,programa,E015,,,,,
07,0.0,744.7,744.7,744.7,inf,aparece,programa,E014,,,,,
33,18591.1,19340.5,749.5,-142.9,-0.7,continúa,programa,I015,,,,,
TYY,0.0,755.4,755.4,755.4,inf,aparece,programa,075 ,,,,,
14,0.0,772.1,772.1,772.1,inf,aparece,programa,P031,,,,,
11,0.0,781.5,781.5,781.5,inf,aparece,programa,U270,,,,,
21,0.0,783.2,783.2,783.2,inf,aparece,programa,F026,,,,,
54,0.0,785.0,785.0,785.0,inf,aparece,programa,S319,,,,,
11,0.0,824.4,824.4,824.4,inf,aparece,programa,U295,,,,,
15,0.0,825.3,825.3,825.3,inf,aparece,programa,E042,,,,,
36,0.0,833.3,833.3,833.3,inf,aparece,programa,P047,,,,,
09,0.0,838.2,838.2,838.2,inf,aparece,programa,G007,,,,,
11,0.0,856.6,856.6,856.6,inf,aparece,programa,U300,,,,,
54,0.0,856.8,856.8,856.8,inf,aparece,programa,U012,,,,,
GYR,0.0,889.1,889.1,889.1,inf,aparece,programa,008 ,,,,,
04,0.0,890.2,890.2,890.2,inf,aparece,programa,P010,,,,,
14,0.0,896.0,896.0,896.0,inf,aparece,programa,E040,,,,,
11,0.0,901.4,901.4,901.4,inf,aparece,programa,U312,,,,,
18,0.0,907.3,907.3,907.3,inf,aparece,programa,P037,,,,,
03,85025.8,85960.2,934.4,-3146.8,-3.5,continúa,programa,R001,,,,,
40,9458.7,10398.5,939.8,485.8,4.9,continúa,programa,P002,,,,,
16,0.0,955.4,955.4,955.4,inf,aparece,programa,G014,,,,,
14,24205.0,25173.0,968.0,-193.8,-0.8,continúa,programa,S280,,,,,
11,25000.0,26000.0,1000.0,-200.0,-0.8,continúa,programa,S282,,,,,
38,0.0,1050.0,1050.0,1050.0,inf,aparece,programa,E023,,,,,
47,0.0,1073.2,1073.2,1073.2,inf,aparece,programa,E060,,,,,
07,0.0,1102.7,1102.7,1102.7,inf,aparece,programa,A010,,,,,
47,0.0,1108.0,1108.0,1108.0,inf,aparece,programa,P052,,,,,
08,16300.0,17472.0,1172.0,389.6,2.3,continúa,programa,S293,,,,,
GYR,6619.0,7796.5,1177.5,859.8,12.4,continúa,programa,006 ,,,,,
24,5608.9,6820.9,1211.9,942.7,16.0,continúa,programa,D004,,,,,
TYY,0.0,1212.0,1212.0,1212.0,inf,aparece,programa,007 ,,,,,
13,0.0,1219.5,1219.5,1219.5,inf,aparece,programa,A022,,,,,
GYN,186.7,1432.0,1245.3,1236.4,631.9,continúa,programa,020 ,,,,,
19,0.0,1252.6,1252.6,1252.6,inf,aparece,programa,R012,,,,,
33,13762.6,15021.4,1258.8,598.2,4.1,continúa,programa,I007,,,,,
15,32000.0,33280.0,1280.0,-256.0,-0.8,continúa,programa,S177,,,,,
16,0.0,1345.2,1345.2,1345.2,inf,aparece,programa,V002,,,,,
25,0.0,1368.9,1368.9,1368.9,inf,aparece,programa,E086,,,,,
33,14999.4,16371.3,1371.9,651.9,4.1,continúa,programa,I003,,,,,
19,0.0,1422.4,1422.4,1422.4,inf,aparece,programa,J005,,,,,
23,0.0,1488.8,1488.8,1488.8,inf,aparece,programa,R028,,,,,
12,0.0,1501.3,1501.3,1501.3,inf,aparece,programa,P027,,,,,
07,0.0,1510.9,1510.9,1510.9,inf,aparece,programa,K003,,,,,
23,0.0,1512.1,1512.1,1512.1,inf,aparece,programa,R016,,,,,
12,0.0,1528.7,1528.7,1528.7,inf,aparece,programa,E032,,,,,
20,39100.0,40664.0,1564.0,-312.8,-0.8,continúa,programa,S287,,,,,
GYR,0.0,1583.6,1583.6,1583.6,inf,aparece,programa,068 ,,,,,
09,0.0,1604.0,1604.0,1604.0,inf,aparece,programa,G006,,,,,
38,0.0,1619.4,1619.4,1619.4,inf,aparece,programa,P051,,,,,
11,0.0,1625.0,1625.0,1625.0,inf,aparece,programa,E029,,,,,
11,40922.4,42559.0,1636.6,-327.7,-0.8,continúa,programa,S311,,,,,
33,18318.3,19993.7,1675.4,796.2,4.1,continúa,programa,I006,,,,,
11,0.0,1739.2,1739.2,1739.2,inf,aparece,programa,S243,,,,,
48,0.0,1812.8,1812.8,1812.8,inf,aparece,programa,E066,,,,,
18,0.0,1850.9,1850.9,1850.9,inf,aparece,programa,Q013,,,,,
16,0.0,1932.9,1932.9,1932.9,inf,aparece,programa,U217,,,,,
04,0.0,2062.5,2062.5,2062.5,inf,aparece,programa,E002,,,,,
13,0.0,2070.4,2070.4,2070.4,inf,aparece,programa,K021,,,,,
07,0.0,2073.1,2073.1,2073.1,inf,aparece,programa,A025,,,,,
13,0.0,2137.3,2137.3,2137.3,inf,aparece,programa,A020,,,,,
16,0.0,2257.5,2257.5,2257.5,inf,aparece,programa,U074,,,,,
GYR,0.0,2349.5,2349.5,2349.5,inf,aparece,programa,071 ,,,,,
07,4501.7,6922.1,2420.4,2204.3,46.7,continúa,programa,A004,,,,,
05,0.0,2422.6,2422.6,2422.6,inf,aparece,programa,P016,,,,,
06,0.0,2426.0,2426.0,2426.0,inf,aparece,programa,M002,,,,,
25,27931.7,30367.9,2436.2,1095.5,3.7,continúa,programa,I002,,,,,
48,0.0,2596.5,2596.5,2596.5,inf,aparece,programa,E063,,,,,
12,0.0,2685.6,2685.6,2685.6,inf,aparece,programa,P028,,,,,
56,0.0,2703.8,2703.8,2703.8,inf,aparece,programa,M001,,,,,
04,447.7,3186.9,2739.2,2717.7,579.3,continúa,programa,P005,,,,,
07,0.0,2800.9,2800.9,2800.9,inf,aparece,programa,A011,,,,,
06,0.0,2879.0,2879.0,2879.0,inf,aparece,programa,F001,,,,,
23,84805.5,87768.8,2963.3,-1107.4,-1.2,continúa,programa,U129,,,,,
12,0.0,2990.7,2990.7,2990.7,inf,aparece,programa,P029,,,,,
11,0.0,3011.6,3011.6,3011.6,inf,aparece,programa,B008,,,,,
08,0.0,3072.0,3072.0,3072.0,inf,aparece,programa,B006,,,,,
09,0.0,3120.9,3120.9,3120.9,inf,aparece,programa,U004,,,,,
33,81220.5,84635.9,3415.4,-483.2,-0.6,continúa,programa,I002,,,,,
55,0.0,3417.2,3417.2,3417.2,inf,aparece,programa,E083,,,,,
07,0.0,3422.2,3422.2,3422.2,inf,aparece,programa,E017,,,,,
06,0.0,3426.4,3426.4,3426.4,inf,aparece,programa,E012,,,,,
11,0.0,3513.6,3513.6,3513.6,inf,aparece,programa,P026,,,,,
13,0.0,3538.4,3538.4,3538.4,inf,aparece,programa,A021,,,,,
56,0.0,3695.5,3695.5,3695.5,inf,aparece,programa,U200,,,,,
09,0.0,3750.5,3750.5,3750.5,inf,aparece,programa,E019,,,,,
16,0.0,3814.0,3814.0,3814.0,inf,aparece,programa,K026,,,,,
16,0.0,3848.7,3848.7,3848.7,inf,aparece,programa,E045,,,,,
36,0.0,3863.4,3863.4,3863.4,inf,aparece,programa,P049,,,,,
GYN,0.0,3994.2,3994.2,3994.2,inf,aparece,programa,074 ,,,,,
20,0.0,4000.0,4000.0,4000.0,inf,aparece,programa,S317,,,,,
12,0.0,4225.4,4225.4,4225.4,inf,aparece,programa,E034,,,,,
GYN,0.0,4306.2,4306.2,4306.2,inf,aparece,programa,006 ,,,,,
48,0.0,4311.0,4311.0,4311.0,inf,aparece,programa,E062,,,,,
28,48921.8,53396.3,4474.5,2126.3,4.1,continúa,programa,C002,,,,,
13,0.0,4477.4,4477.4,4477.4,inf,aparece,programa,A019,,,,,
36,0.0,4529.4,4529.4,4529.4,inf,aparece,programa,E054,,,,,
08,0.0,4576.6,4576.6,4576.6,inf,aparece,programa,P021,,,,,
12,0.0,4748.2,4748.2,4748.2,inf,aparece,programa,E033,,,,,
19,0.0,4800.0,4800.0,4800.0,inf,aparece,programa,J010,,,,,
11,0.0,4826.1,4826.1,4826.1,inf,aparece,programa,E024,,,,,
23,0.0,4889.5,4889.5,4889.5,inf,aparece,programa,R031,,,,,
11,0.0,4954.7,4954.7,4954.7,inf,aparece,programa,E030,,,,,
05,0.0,5082.9,5082.9,5082.9,inf,aparece,programa,P015,,,,,
19,146130.6,151218.0,5087.4,-1926.8,-1.3,continúa,programa,T001,,,,,
23,0.0,5117.9,5117.9,5117.9,inf,aparece,programa,R029,,,,,
20,0.0,5460.3,5460.3,5460.3,inf,aparece,programa,P041,,,,,
33,68490.5,74754.9,6264.4,2976.8,4.1,continúa,programa,I012,,,,,
GYN,0.0,6420.6,6420.6,6420.6,inf,aparece,programa,072 ,,,,,
38,0.0,6449.0,6449.0,6449.0,inf,aparece,programa,Q007,,,,,
GYR,0.0,6769.2,6769.2,6769.2,inf,aparece,programa,069 ,,,,,
08,0.0,6778.2,6778.2,6778.2,inf,aparece,programa,Q004,,,,,
16,0.0,7297.8,7297.8,7297.8,inf,aparece,programa,G015,,,,,
20,28961.4,36266.0,7304.6,5914.4,19.5,continúa,programa,S286,,,,,
07,10720.8,18057.1,7336.3,6821.7,60.7,continúa,programa,M001,,,,,
13,0.0,7677.7,7677.7,7677.7,inf,aparece,programa,A015,,,,,
12,0.0,9267.3,9267.3,9267.3,inf,aparece,programa,Q008,,,,,
19,0.0,9504.2,9504.2,9504.2,inf,aparece,programa,T004,,,,,
06,0.0,9516.8,9516.8,9516.8,inf,aparece,programa,E013,,,,,
33,108743.4,118689.4,9946.0,4726.3,4.1,continúa,programa,I004,,,,,
TVV,0.0,11143.8,11143.8,11143.8,inf,aparece,programa,032 ,,,,,
33,125352.3,136817.4,11465.1,5448.2,4.1,continúa,programa,I005,,,,,
23,0.0,11500.0,11500.0,11500.0,inf,aparece,programa,R013,,,,,
TVV,0.0,11511.0,11511.0,11511.0,inf,aparece,programa,030 ,,,,,
GYR,0.0,12495.7,12495.7,12495.7,inf,aparece,programa,072 ,,,,,
TVV,0.0,16547.8,16547.8,16547.8,inf,aparece,programa,078 ,,,,,
07,0.0,16934.2,16934.2,16934.2,inf,aparece,programa,E056,,,,,
16,0.0,16947.9,16947.9,16947.9,inf,aparece,programa,K027,,,,,
GYR,0.0,17120.1,17120.1,17120.1,inf,aparece,programa,070 ,,,,,
19,0.0,18131.3,18131.3,18131.3,inf,aparece,programa,R011,,,,,
TYY,0.0,18166.4,18166.4,18166.4,inf,aparece,programa,076 ,,,,,
23,0.0,19430.1,19430.1,19430.1,inf,aparece,programa,N003,,,,,
36,0.0,19459.3,19459.3,19459.3,inf,aparece,programa,K004,,,,,
07,0.0,19978.4,19978.4,19978.4,inf,aparece,programa,A015,,,,,
13,0.0,20408.6,20408.6,20408.6,inf,aparece,programa,A018,,,,,
11,0.0,20431.3,20431.3,20431.3,inf,aparece,programa,Q007,,,,,
19,9135.9,29859.2,20723.3,20284.8,211.9,continúa,programa,T005,,,,,
28,307427.1,329115.1,21688.0,6931.5,2.2,continúa,programa,C003,,,,,
13,0.0,22929.6,22929.6,22929.6,inf,aparece,programa,K019,,,,,
33,477160.5,500367.1,23206.6,302.9,0.1,continúa,programa,I013,,,,,
07,6437.5,30000.0,23562.5,23253.5,344.7,continúa,programa,K019,,,,,
36,0.0,24804.3,24804.3,24804.3,inf,aparece,programa,E055,,,,,
30,45800.0,70855.7,25055.7,22857.3,47.6,continúa,programa,H001,,,,,
GYN,46022.7,73841.1,27818.4,25609.3,53.1,continúa,programa,001 ,,,,,
19,2000.0,29936.4,27936.4,27840.4,1328.3,continúa,programa,J011,,,,,
23,0.0,28380.5,28380.5,28380.5,inf,aparece,programa,R032,,,,,
TVV,0.0,30500.0,30500.0,30500.0,inf,aparece,programa,033 ,,,,,
GYR,0.0,32325.8,32325.8,32325.8,inf,aparece,programa,014 ,,,,,
12,0.0,32397.4,32397.4,32397.4,inf,aparece,programa,E031,,,,,
GYR,0.0,34599.7,34599.7,34599.7,inf,aparece,programa,016 ,,,,,
24,116106.1,151456.7,35350.7,29777.6,24.5,continúa,programa,D005,,,,,
07,2033.9,44673.4,42639.6,42541.9,1995.9,continúa,programa,A001,,,,,
20,483427.6,526508.0,43080.4,19875.9,3.9,continúa,programa,S176,,,,,
19,0.0,44181.0,44181.0,44181.0,inf,aparece,programa,J004,,,,,
25,0.0,48448.3,48448.3,48448.3,inf,aparece,programa,E085,,,,,
09,0.0,49152.0,49152.0,49152.0,inf,aparece,programa,K016,,,,,
TVV,0.0,50097.3,50097.3,50097.3,inf,aparece,programa,079 ,,,,,
11,78840.7,129386.0,50545.3,46761.0,56.6,continúa,programa,S072,,,,,
11,0.0,51359.4,51359.4,51359.4,inf,aparece,programa,E022,,,,,
GYN,0.0,54210.5,54210.5,54210.5,inf,aparece,programa,031 ,,,,,
TVV,0.0,54529.3,54529.3,54529.3,inf,aparece,programa,080 ,,,,,
20,0.0,56969.0,56969.0,56969.0,inf,aparece,programa,S316,,,,,
TVV,6.7,61091.0,61084.3,61083.9,869110.2,continúa,programa,024 ,,,,,
TVV,0.0,67841.7,67841.7,67841.7,inf,aparece,programa,022 ,,,,,
11,0.0,70097.1,70097.1,70097.1,inf,aparece,programa,E023,,,,,
56,0.0,80768.4,80768.4,80768.4,inf,aparece,programa,U013,,,,,
56,0.0,84780.8,84780.8,84780.8,inf,aparece,programa,E031,,,,,
28,980334.4,1069854.4,89520.1,42464.0,4.1,continúa,programa,C001,,,,,
09,0.0,92401.6,92401.6,92401.6,inf,aparece,programa,K019,,,,,
TYY,0.0,92563.5,92563.5,92563.5,inf,aparece,programa,021 ,,,,,
TYY,30418.8,123339.6,92920.8,91460.7,286.9,continúa,programa,010 ,,,,,
TVV,0.0,98679.2,98679.2,98679.2,inf,aparece,programa,077 ,,,,,
TVV,0.0,113702.6,113702.6,113702.6,inf,aparece,programa,037 ,,,,,
TYY,107397.9,223247.8,115849.9,110694.8,98.3,continúa,programa,001 ,,,,,
24,967389.6,1085910.7,118521.1,72086.4,7.1,continúa,programa,D001,,,,,
GYR,0.0,147797.5,147797.5,147797.5,inf,aparece,programa,015 ,,,,,
TYY,0.0,245269.7,245269.7,245269.7,inf,aparece,programa,025 ,,,,,
18,0.0,263700.0,263700.0,263700.0,inf,aparece,programa,P038,,,,,
19,0.0,390440.0,390440.0,390440.0,inf,aparece,programa,J002,,,,,
GYN,0.0,393788.8,393788.8,393788.8,inf,aparece,programa,017 ,,,,,
GYR,0.0,429737.1,429737.1,429737.1,inf,aparece,programa,031 ,,,,,
19,0.0,795824.0,795824.0,795824.0,inf,aparece,programa,J003,,,,,
GYR,0.0,795824.4,795824.4,795824.4,inf,aparece,programa,013 ,,,,,
GYR,864184.4,99666.9,-764517.5,-805998.3,-89.0,continúa,programa_por_numero,,01 ,,,,
19,753202.1,511.6,-752690.5,-788844.2,-99.9,continúa,programa_por_numero,,008,,,,
19,414753.7,43693.1,-371060.5,-390968.7,-89.9,continúa,programa_por_numero,,006,,,,
GYN,355127.2,0.0,-355127.2,-372173.3,-100.0,desaparece,programa_por_numero,,26 ,,,,
GYR,342575.9,0.0,-342575.9,-359019.6,-100.0,desaparece,programa_por_numero,,11 ,,,,
TYY,264506.8,0.0,-264506.8,-277203.1,-100.0,desaparece,programa_por_numero,,02 ,,,,
TYY,154182.1,0.0,-154182.1,-161582.8,-100.0,desaparece,programa_por_numero,,15 ,,,,
GYR,149582.1,0.0,-149582.1,-156762.1,-100.0,desaparece,programa_por_numero,,03 ,,,,
18,136446.6,0.0,-136446.6,-142996.0,-100.0,desaparece,programa_por_numero,,003,,,,
TVV,124772.1,0.0,-124772.1,-130761.1,-100.0,desaparece,programa_por_numero,,84 ,,,,
TVV,122765.2,0.0,-122765.2,-128658.0,-100.0,desaparece,programa_por_numero,,61 ,,,,
09,90166.3,0.0,-90166.3,-94494.3,-100.0,desaparece,programa_por_numero,,023,,,,
47,87078.5,0.0,-87078.5,-91258.3,-100.0,desaparece,programa_por_numero,,013,,,,
47,70062.5,780.2,-69282.3,-72645.3,-98.9,continúa,programa_por_numero,,001,,,,
11,60555.5,0.0,-60555.5,-63462.2,-100.0,desaparece,programa_por_numero,,010,,,,
TVV,145047.1,86545.1,-58502.0,-65464.2,-43.1,continúa,programa_por_numero,,01 ,,,,
TVV,47408.2,0.0,-47408.2,-49683.8,-100.0,desaparece,programa_por_numero,,81 ,,,,
25,47402.1,329.7,-47072.4,-49347.7,-99.3,continúa,programa_por_numero,,003,,,,
07,40985.7,0.0,-40985.7,-42953.1,-100.0,desaparece,programa_por_numero,,027,,,,
19,42000.0,3994.7,-38005.3,-40021.3,-90.9,continúa,programa_por_numero,,012,,,,
GYN,36717.1,0.0,-36717.1,-38479.6,-100.0,desaparece,programa_por_numero,,44 ,,,,
GYR,35283.7,0.0,-35283.7,-36977.3,-100.0,desaparece,programa_por_numero,,02 ,,,,
07,43732.7,9996.3,-33736.4,-35835.5,-78.2,continúa,programa_por_numero,,002,,,,
19,42600.0,8942.5,-33657.5,-35702.3,-80.0,continúa,programa_por_numero,,009,,,,
11,52124.2,20431.3,-31692.9,-34194.9,-62.6,continúa,programa_por_numero,,007,,,,
GYR,30920.2,0.0,-30920.2,-32404.3,-100.0,desaparece,programa_por_numero,,04 ,,,,
12,30510.3,0.0,-30510.3,-31974.8,-100.0,desaparece,programa_por_numero,,023,,,,
23,29517.5,0.0,-29517.5,-30934.3,-100.0,desaparece,programa_por_numero,,125,,,,
23,28187.6,0.0,-28187.6,-29540.6,-100.0,desaparece,programa_por_numero,,001,,,,
19,28074.1,0.0,-28074.1,-29421.7,-100.0,desaparece,programa_por_numero,,025,,,,
TVV,26929.2,0.0,-26929.2,-28221.8,-100.0,desaparece,programa_por_numero,,27 ,,,,
GYN,25856.6,0.0,-25856.6,-27097.7,-100.0,desaparece,programa_por_numero,,25 ,,,,
TYY,23906.6,0.0,-23906.6,-25054.1,-100.0,desaparece,programa_por_numero,,27 ,,,,
13,23083.2,411.8,-22671.4,-23779.4,-98.3,continúa,programa_por_numero,,001,,,,
13,22058.5,0.0,-22058.5,-23117.3,-100.0,desaparece,programa_por_numero,,040,,,,
GYN,22047.8,0.0,-22047.8,-23106.1,-100.0,desaparece,programa_por_numero,,02 ,,,,
36,20205.6,0.0,-20205.6,-21175.5,-100.0,desaparece,programa_por_numero,,006,,,,
TYY,18415.8,0.0,-18415.8,-19299.8,-100.0,desaparece,programa_por_numero,,13 ,,,,
36,22965.4,4695.6,-18269.8,-19372.2,-80.5,continúa,programa_por_numero,,001,,,,
19,17428.7,0.0,-17428.7,-18265.3,-100.0,desaparece,programa_por_numero,,018,,,,
11,17424.8,0.0,-17424.8,-18261.1,-100.0,desaparece,programa_por_numero,,021,,,,
34,52451.9,35553.4,-16898.5,-19416.2,-35.3,continúa,programa_por_numero,,011,,,,
09,16595.1,0.0,-16595.1,-17391.7,-100.0,desaparece,programa_por_numero,,003,,,,
07,17289.5,1060.4,-16229.1,-17059.0,-94.1,continúa,programa_por_numero,,026,,,,
GYN,16259.3,188.1,-16071.1,-16851.6,-98.9,continúa,programa_por_numero,,18 ,,,,
GYR,16525.9,1353.7,-15172.2,-15965.5,-92.2,continúa,programa_por_numero,,07 ,,,,
GYR,13330.4,0.0,-13330.4,-13970.2,-100.0,desaparece,programa_por_numero,,12 ,,,,
TVV,13130.0,0.0,-13130.0,-13760.2,-100.0,desaparece,programa_por_numero,,44 ,,,,
16,13100.2,0.0,-13100.2,-13729.0,-100.0,desaparece,programa_por_numero,,018,,,,
TVV,10521.0,0.0,-10521.0,-11026.0,-100.0,desaparece,programa_por_numero,,62 ,,,,
08,12630.6,2207.4,-10423.2,-11029.4,-83.3,continúa,programa_por_numero,,001,,,,
GYR,10138.9,0.0,-10138.9,-10625.6,-100.0,desaparece,programa_por_numero,,29 ,,,,
09,10000.0,0.0,-10000.0,-10480.0,-100.0,desaparece,programa_por_numero,,026,,,,
09,10000.0,0.0,-10000.0,-10480.0,-100.0,desaparece,programa_por_numero,,032,,,,
TVV,9935.1,0.0,-9935.1,-10412.0,-100.0,desaparece,programa_por_numero,,82 ,,,,
06,9415.1,0.0,-9415.1,-9867.0,-100.0,desaparece,programa_por_numero,,026,,,,
TVV,9116.0,0.0,-9116.0,-9553.6,-100.0,desaparece,programa_por_numero,,29 ,,,,
19,8772.7,0.0,-8772.7,-9193.8,-100.0,desaparece,programa_por_numero,,021,,,,
12,7847.9,0.0,-7847.9,-8224.6,-100.0,desaparece,programa_por_numero,,010,,,,
22,10059.8,2314.3,-7745.5,-8228.4,-78.0,continúa,programa_por_numero,,003,,,,
16,7864.1,158.8,-7705.2,-8082.7,-98.1,continúa,programa_por_numero,,010,,,,
13,7690.5,0.0,-7690.5,-8059.7,-100.0,desaparece,programa_por_numero,,026,,,,
38,7516.6,0.0,-7516.6,-7877.4,-100.0,desaparece,programa_por_numero,,003,,,,
GYN,7493.5,0.0,-7493.5,-7853.2,-100.0,desaparece,programa_por_numero,,43 ,,,,
47,6981.4,0.0,-6981.4,-7316.5,-100.0,desaparece,programa_por_numero,,003,,,,
23,6154.9,0.0,-6154.9,-6450.3,-100.0,desaparece,programa_por_numero,,081,,,,
20,6150.9,0.0,-6150.9,-6446.2,-100.0,desaparece,programa_por_numero,,002,,,,
11,5999.0,0.0,-5999.0,-6287.0,-100.0,desaparece,programa_por_numero,,066,,,,
05,5587.9,0.0,-5587.9,-5856.1,-100.0,desaparece,programa_por_numero,,002,,,,
11,11644.2,6514.8,-5129.4,-5688.3,-46.6,continúa,programa_por_numero,,001,,,,
16,7152.3,2264.9,-4887.4,-5230.7,-69.8,continúa,programa_por_numero,,001,,,,
22,7388.0,2678.6,-4709.3,-5064.0,-65.4,continúa,programa_por_numero,,002,,,,
23,4700.0,0.0,-4700.0,-4925.6,-100.0,desaparece,programa_por_numero,,120,,,,
12,4571.8,0.0,-4571.8,-4791.2,-100.0,desaparece,programa_por_numero,,036,,,,
GYN,4457.6,13.7,-4443.9,-4657.9,-99.7,continúa,programa_por_numero,,19 ,,,,
16,4386.2,0.0,-4386.2,-4596.8,-100.0,desaparece,programa_por_numero,,129,,,,
24,29722.7,25455.5,-4267.2,-5693.9,-18.3,continúa,programa_por_numero,,007,,,,
48,4224.0,0.0,-4224.0,-4426.8,-100.0,desaparece,programa_por_numero,,011,,,,
19,4199.8,0.0,-4199.8,-4401.3,-100.0,desaparece,programa_por_numero,,022,,,,
11,4098.1,0.0,-4098.1,-4294.9,-100.0,desaparece,programa_por_numero,,011,,,,
12,4011.5,0.0,-4011.5,-4204.1,-100.0,desaparece,programa_por_numero,,040,,,,
11,3894.7,0.0,-3894.7,-4081.7,-100.0,desaparece,programa_por_numero,,003,,,,
36,23305.9,19459.3,-3846.6,-4965.3,-20.3,continúa,programa_por_numero,,004,,,,
GYN,3597.8,0.0,-3597.8,-3770.4,-100.0,desaparece,programa_por_numero,,48 ,,,,
13,3521.2,0.0,-3521.2,-3690.2,-100.0,desaparece,programa_por_numero,,007,,,,
TYY,3383.5,0.0,-3383.5,-3545.9,-100.0,desaparece,programa_por_numero,,12 ,,,,
06,3249.3,0.0,-3249.3,-3405.3,-100.0,desaparece,programa_por_numero,,032,,,,
47,3089.4,0.0,-3089.4,-3237.7,-100.0,desaparece,programa_por_numero,,200,,,,
24,23317.1,20262.1,-3055.0,-4174.3,-17.1,continúa,programa_por_numero,,009,,,,
13,2978.2,0.0,-2978.2,-3121.2,-100.0,desaparece,programa_por_numero,,002,,,,
09,2876.3,0.0,-2876.3,-3014.4,-100.0,desaparece,programa_por_numero,,010,,,,
04,3710.4,842.7,-2867.8,-3045.9,-78.3,continúa,programa_por_numero,,001,,,,
12,2848.0,0.0,-2848.0,-2984.7,-100.0,desaparece,programa_por_numero,,020,,,,
19,2827.8,0.0,-2827.8,-2963.6,-100.0,desaparece,programa_por_numero,,026,,,,
TYY,2738.5,0.0,-2738.5,-2870.0,-100.0,desaparece,programa_por_numero,,11 ,,,,
36,3894.2,1166.1,-2728.1,-2915.0,-71.4,continúa,programa_por_numero,,002,,,,
09,2630.5,0.0,-2630.5,-2756.7,-100.0,desaparece,programa_por_numero,,012,,,,
07,6670.8,4084.1,-2586.7,-2906.9,-41.6,continúa,programa_por_numero,,009,,,,
15,2500.0,0.0,-2500.0,-2620.0,-100.0,desaparece,programa_por_numero,,273,,,,
13,2488.9,0.0,-2488.9,-2608.4,-100.0,desaparece,programa_por_numero,,004,,,,
07,2464.4,0.0,-2464.4,-2582.7,-100.0,desaparece,programa_por_numero,,021,,,,
12,2445.4,0.0,-2445.4,-2562.7,-100.0,desaparece,programa_por_numero,,022,,,,
06,2357.0,0.0,-2357.0,-2470.1,-100.0,desaparece,programa_por_numero,,035,,,,
GYN,2335.6,0.0,-2335.6,-2447.7,-100.0,desaparece,programa_por_numero,,22 ,,,,
48,2253.9,0.0,-2253.9,-2362.1,-100.0,desaparece,programa_por_numero,,012,,,,
13,2138.2,0.0,-2138.2,-2240.8,-100.0,desaparece,programa_por_numero,,006,,,,
16,2007.9,0.0,-2007.9,-2104.3,-100.0,desaparece,programa_por_numero,,141,,,,
GYN,1953.4,9.9,-1943.5,-2037.2,-99.5,continúa,programa_por_numero,,28 ,,,,
06,1937.6,0.0,-1937.6,-2030.6,-100.0,desaparece,programa_por_numero,,025,,,,
05,2486.7,570.8,-1915.9,-2035.3,-78.1,continúa,programa_por_numero,,005,,,,
09,3444.8,1607.6,-1837.3,-2002.6,-55.5,continúa,programa_por_numero,,001,,,,
11,110558.4,108736.6,-1821.8,-7128.6,-6.2,continúa,programa_por_numero,,006,,,,
23,1818.5,0.0,-1818.5,-1905.8,-100.0,desaparece,programa_por_numero,,010,,,,
23,1790.5,0.0,-1790.5,-1876.5,-100.0,desaparece,programa_por_numero,,080,,,,
11,1730.8,0.0,-1730.8,-1813.9,-100.0,desaparece,programa_por_numero,,064,,,,
04,2658.3,947.3,-1711.0,-1838.6,-66.0,continúa,programa_por_numero,,008,,,,
38,2661.7,1001.1,-1660.6,-1788.3,-64.1,continúa,programa_por_numero,,001,,,,
GYN,1559.9,0.0,-1559.9,-1634.8,-100.0,desaparece,programa_por_numero,,11 ,,,,
09,1556.3,0.0,-1556.3,-1631.0,-100.0,desaparece,programa_por_numero,,040,,,,
12,1545.0,0.0,-1545.0,-1619.2,-100.0,desaparece,programa_por_numero,,025,,,,
TYY,1500.0,0.0,-1500.0,-1572.0,-100.0,desaparece,programa_por_numero,,05 ,,,,
TYY,2563.9,1069.6,-1494.2,-1617.3,-60.2,continúa,programa_por_numero,,29 ,,,,
22,5384.9,3910.4,-1474.4,-1732.9,-30.7,continúa,programa_por_numero,,005,,,,
40,1482.6,42.8,-1439.8,-1511.0,-97.2,continúa,programa_por_numero,,003,,,,
13,1378.9,0.0,-1378.9,-1445.1,-100.0,desaparece,programa_por_numero,,010,,,,
25,1378.4,0.0,-1378.4,-1444.5,-100.0,desaparece,programa_por_numero,,004,,,,
09,1311.4,0.0,-1311.4,-1374.3,-100.0,desaparece,programa_por_numero,,002,,,,
48,1242.5,0.0,-1242.5,-1302.2,-100.0,desaparece,programa_por_numero,,042,,,,
22,3836.8,2672.9,-1163.9,-1348.1,-33.5,continúa,programa_por_numero,,001,,,,
23,1161.3,0.0,-1161.3,-1217.1,-100.0,desaparece,programa_por_numero,,066,,,,
06,1340.3,190.0,-1150.3,-1214.6,-86.5,continúa,programa_por_numero,,003,,,,
09,1103.1,0.0,-1103.1,-1156.0,-100.0,desaparece,programa_por_numero,,013,,,,
07,1091.6,0.0,-1091.6,-1144.0,-100.0,desaparece,programa_por_numero,,020,,,,
14,1458.7,371.8,-1086.9,-1157.0,-75.7,continúa,programa_por_numero,,001,,,,
22,8609.1,7572.2,-1036.9,-1450.1,-16.1,continúa,programa_por_numero,,009,,,,
07,1035.6,0.0,-1035.6,-1085.3,-100.0,desaparece,programa_por_numero,,018,,,,
47,1023.9,0.0,-1023.9,-1073.1,-100.0,desaparece,programa_por_numero,,033,,,,
11,1013.5,0.0,-1013.5,-1062.1,-100.0,desaparece,programa_por_numero,,013,,,,
47,945.2,0.0,-945.2,-990.6,-100.0,desaparece,programa_por_numero,,010,,,,
22,2769.8,1834.6,-935.2,-1068.2,-36.8,continúa,programa_por_numero,,008,,,,
07,1082.2,232.5,-849.7,-901.6,-79.5,continúa,programa_por_numero,,016,,,,
15,846.6,0.0,-846.6,-887.2,-100.0,desaparece,programa_por_numero,,005,,,,
04,838.9,0.0,-838.9,-879.1,-100.0,desaparece,programa_por_numero,,022,,,,
12,835.7,0.0,-835.7,-875.8,-100.0,desaparece,programa_por_numero,,009,,,,
15,1929.0,1131.1,-797.9,-890.4,-44.0,continúa,programa_por_numero,,001,,,,
10,792.0,0.0,-792.0,-830.0,-100.0,desaparece,programa_por_numero,,002,,,,
47,775.3,0.0,-775.3,-812.6,-100.0,desaparece,programa_por_numero,,028,,,,
43,775.3,0.0,-775.3,-812.5,-100.0,desaparece,programa_por_numero,,001,,,,
21,744.0,0.0,-744.0,-779.8,-100.0,desaparece,programa_por_numero,,002,,,,
12,732.7,0.0,-732.7,-767.8,-100.0,desaparece,programa_por_numero,,013,,,,
TVV,704.8,0.0,-704.8,-738.6,-100.0,desaparece,programa_por_numero,,83 ,,,,
16,799.8,97.3,-702.4,-740.8,-88.4,continúa,programa_por_numero,,003,,,,
TVV,688.6,0.0,-688.6,-721.6,-100.0,desaparece,programa_por_numero,,86 ,,,,
12,688.4,0.0,-688.4,-721.4,-100.0,desaparece,programa_por_numero,,018,,,,
12,673.1,0.0,-673.1,-705.4,-100.0,desaparece,programa_por_numero,,004,,,,
48,668.3,0.0,-668.3,-700.4,-100.0,desaparece,programa_por_numero,,010,,,,
18,667.8,0.0,-667.8,-699.9,-100.0,desaparece,programa_por_numero,,016,,,,
48,653.2,0.0,-653.2,-684.6,-100.0,desaparece,programa_por_numero,,282,,,,
11,651.2,0.0,-651.2,-682.4,-100.0,desaparece,programa_por_numero,,017,,,,
12,614.7,0.0,-614.7,-644.3,-100.0,desaparece,programa_por_numero,,016,,,,
GYN,613.9,0.0,-613.9,-643.4,-100.0,desaparece,programa_por_numero,,21 ,,,,
43,609.3,0.0,-609.3,-638.5,-100.0,desaparece,programa_por_numero,,004,,,,
14,608.4,0.0,-608.4,-637.6,-100.0,desaparece,programa_por_numero,,005,,,,
31,678.7,80.9,-597.8,-630.4,-88.6,continúa,programa_por_numero,,001,,,,
GYN,583.8,0.0,-583.8,-611.8,-100.0,desaparece,programa_por_numero,,24 ,,,,
06,542.9,0.0,-542.9,-568.9,-100.0,desaparece,programa_por_numero,,011,,,,
20,542.1,0.0,-542.1,-568.1,-100.0,desaparece,programa_por_numero,,003,,,,
44,531.2,0.0,-531.2,-556.7,-100.0,desaparece,programa_por_numero,,001,,,,
TYY,515.4,0.0,-515.4,-540.2,-100.0,desaparece,programa_por_numero,,14 ,,,,
TVV,504.0,0.0,-504.0,-528.2,-100.0,desaparece,programa_por_numero,,28 ,,,,
41,489.1,0.0,-489.1,-512.5,-100.0,desaparece,programa_por_numero,,006,,,,
10,488.2,0.0,-488.2,-511.6,-100.0,desaparece,programa_por_numero,,003,,,,
16,1407.7,955.4,-452.2,-519.8,-35.2,continúa,programa_por_numero,,014,,,,
12,4472.7,4020.5,-452.1,-666.8,-14.2,continúa,programa_por_numero,,001,,,,
14,447.6,0.0,-447.6,-469.1,-100.0,desaparece,programa_por_numero,,012,,,,
04,769.5,325.6,-443.9,-480.8,-59.6,continúa,programa_por_numero,,012,,,,
20,993.7,563.4,-430.3,-478.0,-45.9,continúa,programa_por_numero,,001,,,,
01,3239.2,2822.6,-416.6,-572.1,-16.9,continúa,programa_por_numero,,002,,,,
19,400.0,0.0,-400.0,-419.2,-100.0,desaparece,programa_por_numero,,017,,,,
10,390.5,0.0,-390.5,-409.2,-100.0,desaparece,programa_por_numero,,007,,,,
22,2030.1,1643.2,-386.9,-484.4,-22.8,continúa,programa_por_numero,,011,,,,
06,380.0,0.0,-380.0,-398.2,-100.0,desaparece,programa_por_numero,,021,,,,
18,379.3,0.0,-379.3,-397.6,-100.0,desaparece,programa_por_numero,,002,,,,
21,378.2,0.0,-378.2,-396.3,-100.0,desaparece,programa_por_numero,,005,,,,
10,374.4,0.0,-374.4,-392.4,-100.0,desaparece,programa_por_numero,,009,,,,
27,370.7,0.0,-370.7,-388.4,-100.0,desaparece,programa_por_numero,,006,,,,
10,361.6,0.0,-361.6,-378.9,-100.0,desaparece,programa_por_numero,,005,,,,
12,3763.5,3416.4,-347.1,-527.7,-13.4,continúa,programa_por_numero,,012,,,,
19,339.8,0.0,-339.8,-356.1,-100.0,desaparece,programa_por_numero,,023,,,,
04,334.9,0.0,-334.9,-351.0,-100.0,desaparece,programa_por_numero,,155,,,,
10,487.8,156.7,-331.1,-354.6,-69.3,continúa,programa_por_numero,,006,,,,
06,539.9,209.7,-330.2,-356.1,-62.9,continúa,programa_por_numero,,004,,,,
11,4198.5,3878.4,-320.1,-521.6,-11.9,continúa,programa_por_numero,,028,,,,
18,726.3,418.6,-307.7,-342.6,-45.0,continúa,programa_por_numero,,001,,,,
15,403.1,95.5,-307.7,-327.0,-77.4,continúa,programa_por_numero,,003,,,,
04,307.2,0.0,-307.2,-322.0,-100.0,desaparece,programa_por_numero,,015,,,,
TYY,300.9,0.0,-300.9,-315.4,-100.0,desaparece,programa_por_numero,,30 ,,,,
TYY,300.2,0.0,-300.2,-314.7,-100.0,desaparece,programa_por_numero,,28 ,,,,
GYN,296.1,0.0,-296.1,-310.3,-100.0,desaparece,programa_por_numero,,46 ,,,,
25,4955.9,4667.8,-288.1,-526.0,-10.1,continúa,programa_por_numero,,001,,,,
16,288.0,0.0,-288.0,-301.9,-100.0,desaparece,programa_por_numero,,007,,,,
09,423.8,146.4,-277.4,-297.7,-67.0,continúa,programa_por_numero,,008,,,,
09,277.3,0.0,-277.3,-290.6,-100.0,desaparece,programa_por_numero,,041,,,,
16,266.0,0.0,-266.0,-278.8,-100.0,desaparece,programa_por_numero,,030,,,,
14,249.4,0.0,-249.4,-261.3,-100.0,desaparece,programa_por_numero,,002,,,,
04,247.4,0.0,-247.4,-259.3,-100.0,desaparece,programa_por_numero,,026,,,,
21,510.3,264.7,-245.6,-270.1,-50.5,continúa,programa_por_numero,,001,,,,
TVV,239.4,0.0,-239.4,-250.9,-100.0,desaparece,programa_por_numero,,52 ,,,,
23,237.1,0.0,-237.1,-248.5,-100.0,desaparece,programa_por_numero,,002,,,,
47,234.4,0.0,-234.4,-245.7,-100.0,desaparece,programa_por_numero,,036,,,,
49,349.2,115.2,-234.0,-250.8,-68.5,continúa,programa_por_numero,,008,,,,
11,229.0,0.0,-229.0,-240.0,-100.0,desaparece,programa_por_numero,,047,,,,
GYR,221.5,0.0,-221.5,-232.2,-100.0,desaparece,programa_por_numero,,28 ,,,,
47,221.5,0.0,-221.5,-232.1,-100.0,desaparece,programa_por_numero,,016,,,,
47,219.3,0.0,-219.3,-229.8,-100.0,desaparece,programa_por_numero,,002,,,,
16,217.6,0.0,-217.6,-228.1,-100.0,desaparece,programa_por_numero,,025,,,,
GYN,215.4,0.0,-215.4,-225.8,-100.0,desaparece,programa_por_numero,,49 ,,,,
31,213.1,0.0,-213.1,-223.4,-100.0,desaparece,programa_por_numero,,002,,,,
40,210.0,0.0,-210.0,-220.1,-100.0,desaparece,programa_por_numero,,005,,,,
16,208.4,0.0,-208.4,-218.4,-100.0,desaparece,programa_por_numero,,040,,,,
15,205.3,0.0,-205.3,-215.1,-100.0,desaparece,programa_por_numero,,002,,,,
48,201.8,0.0,-201.8,-211.5,-100.0,desaparece,programa_por_numero,,022,,,,
16,193.9,0.0,-193.9,-203.2,-100.0,desaparece,programa_por_numero,,009,,,,
19,190.0,0.0,-190.0,-199.1,-100.0,desaparece,programa_por_numero,,013,,,,
22,397.5,211.0,-186.5,-205.6,-49.4,continúa,programa_por_numero,,010,,,,
44,178.4,0.0,-178.4,-186.9,-100.0,desaparece,programa_por_numero,,002,,,,
48,177.8,0.0,-177.8,-186.4,-100.0,desaparece,programa_por_numero,,021,,,,
11,173.4,0.0,-173.4,-181.7,-100.0,desaparece,programa_por_numero,,016,,,,
23,166.2,0.0,-166.2,-174.1,-100.0,desaparece,programa_por_numero,,007,,,,
GYN,162.5,0.0,-162.5,-170.3,-100.0,desaparece,programa_por_numero,,27 ,,,,
07,153.4,0.0,-153.4,-160.8,-100.0,desaparece,programa_por_numero,,900,,,,
09,148.9,0.0,-148.9,-156.1,-100.0,desaparece,programa_por_numero,,015,,,,
27,147.3,0.0,-147.3,-154.3,-100.0,desaparece,programa_por_numero,,005,,,,
04,147.1,0.0,-147.1,-154.1,-100.0,desaparece,programa_por_numero,,024,,,,
16,145.4,0.0,-145.4,-152.4,-100.0,desaparece,programa_por_numero,,031,,,,
16,143.4,0.0,-143.4,-150.3,-100.0,desaparece,programa_por_numero,,006,,,,
48,143.1,0.0,-143.1,-150.0,-100.0,desaparece,programa_por_numero,,013,,,,
21,142.4,0.0,-142.4,-149.2,-100.0,desaparece,programa_por_numero,,007,,,,
43,141.7,0.0,-141.7,-148.5,-100.0,desaparece,programa_por_numero,,008,,,,
07,140.6,0.0,-140.6,-147.3,-100.0,desaparece,programa_por_numero,,022,,,,
44,140.0,0.0,-140.0,-146.7,-100.0,desaparece,programa_por_numero,,003,,,,
43,138.1,0.0,-138.1,-144.7,-100.0,desaparece,programa_por_numero,,010,,,,
27,130.1,0.0,-130.1,-136.4,-100.0,desaparece,programa_por_numero,,002,,,,
13,129.1,0.0,-129.1,-135.3,-100.0,desaparece,programa_por_numero,,003,,,,
27,129.0,0.0,-129.0,-135.1,-100.0,desaparece,programa_por_numero,,003,,,,
10,644.3,518.6,-125.7,-156.6,-23.2,continúa,programa_por_numero,,001,,,,
46,120.1,0.0,-120.1,-125.8,-100.0,desaparece,programa_por_numero,,001,,,,
49,396.4,277.7,-118.7,-137.8,-33.2,continúa,programa_por_numero,,013,,,,
07,117.8,0.0,-117.8,-123.4,-100.0,desaparece,programa_por_numero,,023,,,,
11,117.0,0.0,-117.0,-122.6,-100.0,desaparece,programa_por_numero,,068,,,,
GYN,116.0,0.0,-116.0,-121.6,-100.0,desaparece,programa_por_numero,,15 ,,,,
41,114.9,0.0,-114.9,-120.5,-100.0,desaparece,programa_por_numero,,001,,,,
37,149.6,34.7,-114.9,-122.1,-77.9,continúa,programa_por_numero,,001,,,,
45,110.9,0.0,-110.9,-116.3,-100.0,desaparece,programa_por_numero,,001,,,,
47,109.5,0.0,-109.5,-114.8,-100.0,desaparece,programa_por_numero,,006,,,,
06,104.3,0.0,-104.3,-109.4,-100.0,desaparece,programa_por_numero,,008,,,,
05,1198.1,1095.6,-102.4,-159.9,-12.7,continúa,programa_por_numero,,001,,,,
01,14503.7,14402.7,-101.0,-797.2,-5.2,continúa,programa_por_numero,,001,,,,
14,101.0,0.0,-101.0,-105.8,-100.0,desaparece,programa_por_numero,,016,,,,
12,100.9,0.0,-100.9,-105.8,-100.0,desaparece,programa_por_numero,,041,,,,
47,100.0,0.0,-100.0,-104.8,-100.0,desaparece,programa_por_numero,,024,,,,
45,88.9,0.0,-88.9,-93.2,-100.0,desaparece,programa_por_numero,,002,,,,
47,88.4,0.0,-88.4,-92.6,-100.0,desaparece,programa_por_numero,,015,,,,
18,87.3,0.0,-87.3,-91.5,-100.0,desaparece,programa_por_numero,,008,,,,
41,83.9,0.0,-83.9,-87.9,-100.0,desaparece,programa_por_numero,,007,,,,
15,79.7,0.0,-79.7,-83.5,-100.0,desaparece,programa_por_numero,,004,,,,
14,77.6,0.0,-77.6,-81.4,-100.0,desaparece,programa_por_numero,,008,,,,
02,779.2,703.9,-75.3,-112.7,-13.8,continúa,programa_por_numero,,002,,,,
44,74.5,0.0,-74.5,-78.1,-100.0,desaparece,programa_por_numero,,025,,,,
04,72.9,0.0,-72.9,-76.4,-100.0,desaparece,programa_por_numero,,025,,,,
44,69.8,0.0,-69.8,-73.2,-100.0,desaparece,programa_por_numero,,004,,,,
23,7140.1,7070.4,-69.7,-412.4,-5.5,continúa,programa_por_numero,,093,,,,
48,66.5,0.0,-66.5,-69.7,-100.0,desaparece,programa_por_numero,,003,,,,
09,65.7,0.0,-65.7,-68.9,-100.0,desaparece,programa_por_numero,,029,,,,
04,63.0,0.0,-63.0,-66.0,-100.0,desaparece,programa_por_numero,,023,,,,
13,244.5,184.5,-59.9,-71.7,-28.0,continúa,programa_por_numero,,030,,,,
07,59.4,0.0,-59.4,-62.3,-100.0,desaparece,programa_por_numero,,024,,,,
19,58.8,0.0,-58.8,-61.7,-100.0,desaparece,programa_por_numero,,015,,,,
04,56.4,0.0,-56.4,-59.1,-100.0,desaparece,programa_por_numero,,016,,,,
46,53.2,0.0,-53.2,-55.8,-100.0,desaparece,programa_por_numero,,002,,,,
13,52.6,0.0,-52.6,-55.2,-100.0,desaparece,programa_por_numero,,005,,,,
12,49.2,0.0,-49.2,-51.6,-100.0,desaparece,programa_por_numero,,011,,,,
TVV,44.5,0.0,-44.5,-46.7,-100.0,desaparece,programa_por_numero,,25 ,,,,
TVV,37.4,0.0,-37.4,-39.2,-100.0,desaparece,programa_por_numero,,71 ,,,,
47,36.8,0.0,-36.8,-38.6,-100.0,desaparece,programa_por_numero,,004,,,,
14,36.4,0.0,-36.4,-38.1,-100.0,desaparece,programa_por_numero,,004,,,,
47,34.5,0.0,-34.5,-36.1,-100.0,desaparece,programa_por_numero,,014,,,,
TVV,33.7,0.0,-33.7,-35.3,-100.0,desaparece,programa_por_numero,,85 ,,,,
20,33.3,0.0,-33.3,-34.9,-100.0,desaparece,programa_por_numero,,004,,,,
24,1727.2,1694.8,-32.4,-115.3,-6.4,continúa,programa_por_numero,,008,,,,
04,27.2,0.0,-27.2,-28.5,-100.0,desaparece,programa_por_numero,,027,,,,
14,26.8,0.0,-26.8,-28.1,-100.0,desaparece,programa_por_numero,,003,,,,
12,25.8,0.0,-25.8,-27.1,-100.0,desaparece,programa_por_numero,,005,,,,
GYR,23.7,0.0,-23.7,-24.8,-100.0,desaparece,programa_por_numero,,25 ,,,,
01,326.7,303.8,-22.9,-38.6,-11.3,continúa,programa_por_numero,,027,,,,
05,21.5,0.0,-21.5,-22.5,-100.0,desaparece,programa_por_numero,,006,,,,
04,17.7,0.0,-17.7,-18.5,-100.0,desaparece,programa_por_numero,,018,,,,
48,17.3,0.0,-17.3,-18.1,-100.0,desaparece,programa_por_numero,,041,,,,
43,15.7,0.0,-15.7,-16.4,-100.0,desaparece,programa_por_numero,,009,,,,
23,15.1,0.0,-15.1,-15.8,-100.0,desaparece,programa_por_numero,,011,,,,
16,225.8,213.7,-12.1,-22.9,-9.7,continúa,programa_por_numero,,005,,,,
24,41.8,30.2,-11.6,-13.6,-31.0,continúa,programa_por_numero,,003,,,,
GYN,10.7,0.0,-10.7,-11.2,-100.0,desaparece,programa_por_numero,,47 ,,,,
49,124.5,116.5,-8.0,-14.0,-10.7,continúa,programa_por_numero,,010,,,,
04,90.6,83.4,-7.2,-11.6,-12.2,continúa,programa_por_numero,,009,,,,
49,1421.0,1415.1,-5.9,-74.1,-5.0,continúa,programa_por_numero,,003,,,,
GYR,4.7,0.0,-4.7,-4.9,-100.0,desaparece,programa_por_numero,,27 ,,,,
11,3.6,0.0,-3.6,-3.7,-100.0,desaparece,programa_por_numero,,039,,,,
32,38.0,35.3,-2.7,-4.5,-11.2,continúa,programa_por_numero,,025,,,,
02,2.3,0.0,-2.3,-2.4,-100.0,desaparece,programa_por_numero,,005,,,,
11,2.1,0.0,-2.1,-2.2,-100.0,desaparece,programa_por_numero,,032,,,,
13,38.8,36.7,-2.1,-3.9,-9.7,continúa,programa_por_numero,,036,,,,
GYN,1.5,0.0,-1.5,-1.6,-100.0,desaparece,programa_por_numero,,36 ,,,,
06,1227.2,1226.6,-0.6,-59.5,-4.6,continúa,programa_por_numero,,005,,,,
GYN,0.3,0.0,-0.3,-0.4,-100.0,desaparece,programa_por_numero,,42 ,,,,
19,0.2,0.0,-0.2,-0.2,-100.0,desaparece,programa_por_numero,,014,,,,
24,0.0,0.0,-0.0,-0.0,-10.3,continúa,programa_por_numero,,006,,,,
49,205.6,205.6,-0.0,-9.9,-4.6,continúa,programa_por_numero,,011,,,,
34,0.0,0.0,0.0,-0.0,-4.6,continúa,programa_por_numero,,008,,,,
34,0.0,0.0,0.0,-0.0,-4.6,continúa,programa_por_numero,,003,,,,
34,0.0,0.0,0.0,-0.0,-4.6,continúa,programa_por_numero,,001,,,,
34,0.0,0.0,0.0,-0.0,-4.6,continúa,programa_por_numero,,002,,,,
34,0.0,0.0,0.0,0.0,172.6,continúa,programa_por_numero,,009,,,,
34,0.0,0.0,0.0,0.0,172.6,continúa,programa_por_numero,,005,,,,
34,0.0,0.0,0.0,0.0,172.6,continúa,programa_por_numero,,004,,,,
34,0.0,0.0,0.0,0.0,172.6,continúa,programa_por_numero,,007,,,,
34,0.0,0.0,0.0,0.0,172.6,continúa,programa_por_numero,,006,,,,
35,3.4,3.6,0.2,0.0,0.6,continúa,programa_por_numero,,035,,,,
19,0.0,0.2,0.2,0.2,inf,aparece,programa_por_numero,,007,,,,
35,6.4,6.7,0.3,-0.0,-0.7,continúa,programa_por_numero,,036,,,,
35,6.5,6.9,0.3,0.0,0.1,continúa,programa_por_numero,,032,,,,
GYN,0.0,0.3,0.3,0.3,inf,aparece,programa_por_numero,,73 ,,,,
35,7.6,8.0,0.4,0.0,0.5,continúa,programa_por_numero,,012,,,,
35,9.2,9.7,0.5,0.1,0.9,continúa,programa_por_numero,,026,,,,
35,11.0,11.5,0.6,0.0,0.3,continúa,programa_por_numero,,011,,,,
48,14.5,15.1,0.6,-0.1,-0.7,continúa,programa_por_numero,,303,,,,
35,13.8,14.5,0.7,0.0,0.3,continúa,programa_por_numero,,024,,,,
35,15.6,16.4,0.8,0.0,0.2,continúa,programa_por_numero,,033,,,,
35,19.1,19.9,0.8,-0.1,-0.5,continúa,programa_por_numero,,014,,,,
35,17.8,18.7,0.9,0.1,0.3,continúa,programa_por_numero,,022,,,,
35,19.3,20.2,1.0,0.0,0.2,continúa,programa_por_numero,,007,,,,
11,29.9,31.1,1.2,-0.2,-0.8,continúa,programa_por_numero,,298,,,,
35,25.9,27.2,1.3,0.1,0.3,continúa,programa_por_numero,,023,,,,
35,32.0,33.6,1.6,0.1,0.3,continúa,programa_por_numero,,006,,,,
35,37.9,39.5,1.6,-0.2,-0.4,continúa,programa_por_numero,,017,,,,
12,42.7,44.4,1.7,-0.3,-0.7,continúa,programa_por_numero,,039,,,,
35,35.8,37.8,2.0,0.2,0.6,continúa,programa_por_numero,,013,,,,
35,35.5,37.5,2.0,0.3,0.7,continúa,programa_por_numero,,008,,,,
02,0.0,2.1,2.1,2.1,inf,aparece,programa_por_numero,,004,,,,
48,53.7,55.8,2.2,-0.4,-0.7,continúa,programa_por_numero,,057,,,,
35,52.8,55.0,2.3,-0.2,-0.4,continúa,programa_por_numero,,019,,,,
23,59.6,62.0,2.4,-0.5,-0.7,continúa,programa_por_numero,,116,,,,
35,50.3,52.9,2.6,0.2,0.3,continúa,programa_por_numero,,016,,,,
35,55.1,58.0,2.9,0.2,0.4,continúa,programa_por_numero,,003,,,,
35,52.9,55.9,3.1,0.5,0.9,continúa,programa_por_numero,,018,,,,
15,84.3,87.6,3.2,-0.8,-0.9,continúa,programa_por_numero,,213,,,,
35,66.1,69.5,3.4,0.3,0.4,continúa,programa_por_numero,,015,,,,
02,41.3,45.4,4.1,2.2,5.0,continúa,programa_por_numero,,003,,,,
02,44.9,49.1,4.2,2.1,4.5,continúa,programa_por_numero,,001,,,,
49,286.7,292.8,6.1,-7.7,-2.6,continúa,programa_por_numero,,012,,,,
48,204.6,212.9,8.2,-1.6,-0.7,continúa,programa_por_numero,,268,,,,
48,1945.8,1954.1,8.4,-85.0,-4.2,continúa,programa_por_numero,,001,,,,
48,214.4,223.0,8.6,-1.6,-0.7,continúa,programa_por_numero,,283,,,,
11,275.2,284.1,8.8,-4.4,-1.5,continúa,programa_por_numero,,247,,,,
14,313.6,323.8,10.1,-4.9,-1.5,continúa,programa_por_numero,,043,,,,
11,0.0,10.6,10.6,10.6,inf,aparece,programa_por_numero,,081,,,,
20,0.0,11.5,11.5,11.5,inf,aparece,programa_por_numero,,042,,,,
49,126.0,138.0,12.0,6.0,4.5,continúa,programa_por_numero,,004,,,,
27,922.0,934.2,12.1,-32.1,-3.3,continúa,programa_por_numero,,001,,,,
14,305.7,318.0,12.3,-2.3,-0.7,continúa,programa_por_numero,,100,,,,
23,0.0,12.6,12.6,12.6,inf,aparece,programa_por_numero,,017,,,,
40,1094.0,1107.6,13.6,-38.9,-3.4,continúa,programa_por_numero,,001,,,,
07,0.0,14.3,14.3,14.3,inf,aparece,programa_por_numero,,006,,,,
14,0.0,18.6,18.6,18.6,inf,aparece,programa_por_numero,,032,,,,
27,0.0,18.8,18.8,18.8,inf,aparece,programa_por_numero,,051,,,,
48,0.0,19.2,19.2,19.2,inf,aparece,programa_por_numero,,065,,,,
20,489.9,509.6,19.7,-3.8,-0.7,continúa,programa_por_numero,,011,,,,
11,831.7,856.6,25.0,-15.0,-1.7,continúa,programa_por_numero,,300,,,,
11,833.5,858.5,25.0,-15.0,-1.7,continúa,programa_por_numero,,079,,,,
04,0.0,28.0,28.0,28.0,inf,aparece,programa_por_numero,,013,,,,
14,0.0,29.2,29.2,29.2,inf,aparece,programa_por_numero,,023,,,,
11,751.2,781.5,30.3,-5.8,-0.7,continúa,programa_por_numero,,270,,,,
13,0.0,30.8,30.8,30.8,inf,aparece,programa_por_numero,,023,,,,
11,792.4,824.4,31.9,-6.1,-0.7,continúa,programa_por_numero,,295,,,,
35,232.8,266.8,34.0,22.9,9.4,continúa,programa_por_numero,,001,,,,
47,0.0,34.4,34.4,34.4,inf,aparece,programa_por_numero,,053,,,,
11,866.5,901.4,34.9,-6.7,-0.7,continúa,programa_por_numero,,312,,,,
16,938.4,976.2,37.8,-7.2,-0.7,continúa,programa_por_numero,,219,,,,
55,0.0,43.1,43.1,43.1,inf,aparece,programa_por_numero,,014,,,,
21,0.0,44.2,44.2,44.2,inf,aparece,programa_por_numero,,020,,,,
35,915.9,964.5,48.7,4.7,0.5,continúa,programa_por_numero,,002,,,,
36,0.0,50.1,50.1,50.1,inf,aparece,programa_por_numero,,022,,,,
TVV,0.0,50.4,50.4,50.4,inf,aparece,programa_por_numero,,31 ,,,,
14,0.0,50.9,50.9,50.9,inf,aparece,programa_por_numero,,063,,,,
16,0.0,55.4,55.4,55.4,inf,aparece,programa_por_numero,,035,,,,
08,1479.8,1539.5,59.7,-11.4,-0.7,continúa,programa_por_numero,,052,,,,
10,59.2,119.9,60.7,57.8,93.1,continúa,programa_por_numero,,010,,,,
47,1642.1,1704.0,61.9,-16.9,-1.0,continúa,programa_por_numero,,249,,,,
07,0.0,62.7,62.7,62.7,inf,aparece,programa_por_numero,,013,,,,
48,0.0,64.7,64.7,64.7,inf,aparece,programa_por_numero,,056,,,,
47,1980.2,2047.7,67.4,-27.6,-1.3,continúa,programa_por_numero,,178,,,,
13,0.0,69.9,69.9,69.9,inf,aparece,programa_por_numero,,035,,,,
04,0.0,72.4,72.4,72.4,inf,aparece,programa_por_numero,,007,,,,
10,0.0,74.8,74.8,74.8,inf,aparece,programa_por_numero,,021,,,,
16,1858.0,1932.9,74.9,-14.3,-0.7,continúa,programa_por_numero,,217,,,,
04,0.0,76.8,76.8,76.8,inf,aparece,programa_por_numero,,011,,,,
07,0.0,77.8,77.8,77.8,inf,aparece,programa_por_numero,,012,,,,
07,0.0,78.3,78.3,78.3,inf,aparece,programa_por_numero,,008,,,,
11,1968.1,2047.4,79.3,-15.1,-0.7,continúa,programa_por_numero,,269,,,,
49,597.4,681.7,84.3,55.7,8.9,continúa,programa_por_numero,,009,,,,
13,0.0,85.5,85.5,85.5,inf,aparece,programa_por_numero,,038,,,,
16,2170.1,2257.5,87.5,-16.7,-0.7,continúa,programa_por_numero,,074,,,,
11,3000.0,3090.0,90.0,-54.0,-1.7,continúa,programa_por_numero,,083,,,,
47,0.0,90.3,90.3,90.3,inf,aparece,programa_por_numero,,054,,,,
04,0.0,93.6,93.6,93.6,inf,aparece,programa_por_numero,,057,,,,
32,3266.5,3364.7,98.1,-58.7,-1.7,continúa,programa_por_numero,,001,,,,
06,0.0,102.9,102.9,102.9,inf,aparece,programa_por_numero,,087,,,,
08,2560.8,2664.1,103.2,-19.7,-0.7,continúa,programa_por_numero,,053,,,,
40,0.0,108.0,108.0,108.0,inf,aparece,programa_por_numero,,006,,,,
55,0.0,109.2,109.2,109.2,inf,aparece,programa_por_numero,,001,,,,
48,0.0,116.4,116.4,116.4,inf,aparece,programa_por_numero,,007,,,,
37,0.0,118.4,118.4,118.4,inf,aparece,programa_por_numero,,050,,,,
05,0.0,122.2,122.2,122.2,inf,aparece,programa_por_numero,,014,,,,
GYN,0.0,123.9,123.9,123.9,inf,aparece,programa_por_numero,,08 ,,,,
20,3185.0,3312.0,127.0,-25.9,-0.8,continúa,programa_por_numero,,174,,,,
18,0.0,128.6,128.6,128.6,inf,aparece,programa_por_numero,,017,,,,
13,0.0,132.0,132.0,132.0,inf,aparece,programa_por_numero,,037,,,,
21,0.0,133.2,133.2,133.2,inf,aparece,programa_por_numero,,025,,,,
10,0.0,133.7,133.7,133.7,inf,aparece,programa_por_numero,,019,,,,
TVV,54394.3,54529.3,135.0,-2476.0,-4.3,continúa,programa_por_numero,,80 ,,,,
21,0.0,135.9,135.9,135.9,inf,aparece,programa_por_numero,,050,,,,
16,161.1,300.8,139.7,131.9,78.2,continúa,programa_por_numero,,046,,,,
04,0.0,141.8,141.8,141.8,inf,aparece,programa_por_numero,,061,,,,
09,0.0,143.7,143.7,143.7,inf,aparece,programa_por_numero,,005,,,,
48,0.0,143.9,143.9,143.9,inf,aparece,programa_por_numero,,025,,,,
08,3640.4,3787.2,146.8,-28.0,-0.7,continúa,programa_por_numero,,263,,,,
40,0.0,150.6,150.6,150.6,inf,aparece,programa_por_numero,,004,,,,
18,0.0,151.2,151.2,151.2,inf,aparece,programa_por_numero,,019,,,,
15,0.0,151.3,151.3,151.3,inf,aparece,programa_por_numero,,033,,,,
28,3527.6,3680.0,152.4,-16.9,-0.5,continúa,programa_por_numero,,004,,,,
21,0.0,162.9,162.9,162.9,inf,aparece,programa_por_numero,,043,,,,
33,3789.5,3953.1,163.6,-18.3,-0.5,continúa,programa_por_numero,,010,,,,
07,6757.5,6922.1,164.6,-159.8,-2.3,continúa,programa_por_numero,,004,,,,
54,0.0,171.7,171.7,171.7,inf,aparece,programa_por_numero,,059,,,,
23,0.0,172.9,172.9,172.9,inf,aparece,programa_por_numero,,015,,,,
16,0.0,177.6,177.6,177.6,inf,aparece,programa_por_numero,,011,,,,
49,0.0,178.8,178.8,178.8,inf,aparece,programa_por_numero,,022,,,,
13,0.0,179.4,179.4,179.4,inf,aparece,programa_por_numero,,009,,,,
36,51.0,231.1,180.1,177.6,332.2,continúa,programa_por_numero,,005,,,,
47,0.0,186.0,186.0,186.0,inf,aparece,programa_por_numero,,058,,,,
49,13680.9,13879.6,198.8,-457.9,-3.2,continúa,programa_por_numero,,002,,,,
31,0.0,199.5,199.5,199.5,inf,aparece,programa_por_numero,,053,,,,
48,0.0,205.8,205.8,205.8,inf,aparece,programa_por_numero,,064,,,,
06,0.0,210.6,210.6,210.6,inf,aparece,programa_por_numero,,062,,,,
47,0.0,219.4,219.4,219.4,inf,aparece,programa_por_numero,,057,,,,
49,819.0,1048.7,229.7,190.4,22.2,continúa,programa_por_numero,,006,,,,
11,0.0,238.2,238.2,238.2,inf,aparece,programa_por_numero,,084,,,,
20,0.0,246.1,246.1,246.1,inf,aparece,programa_por_numero,,048,,,,
23,0.0,246.7,246.7,246.7,inf,aparece,programa_por_numero,,004,,,,
04,32.3,290.2,258.0,256.4,758.6,continúa,programa_por_numero,,004,,,,
13,0.0,259.6,259.6,259.6,inf,aparece,programa_por_numero,,039,,,,
21,0.0,269.5,269.5,269.5,inf,aparece,programa_por_numero,,049,,,,
18,0.0,282.6,282.6,282.6,inf,aparece,programa_por_numero,,039,,,,
55,0.0,283.1,283.1,283.1,inf,aparece,programa_por_numero,,060,,,,
16,118.1,408.6,290.5,284.8,230.2,continúa,programa_por_numero,,016,,,,
33,6561.8,6858.3,296.5,-18.5,-0.3,continúa,programa_por_numero,,009,,,,
08,1600.0,1898.6,298.6,221.8,13.2,continúa,programa_por_numero,,304,,,,
10,0.0,298.7,298.7,298.7,inf,aparece,programa_por_numero,,025,,,,
10,0.0,323.3,323.3,323.3,inf,aparece,programa_por_numero,,024,,,,
54,0.0,327.6,327.6,327.6,inf,aparece,programa_por_numero,,001,,,,
TVV,0.0,328.4,328.4,328.4,inf,aparece,programa_por_numero,,58 ,,,,
GYN,0.0,345.4,345.4,345.4,inf,aparece,programa_por_numero,,71 ,,,,
GYN,0.0,346.0,346.0,346.0,inf,aparece,programa_por_numero,,13 ,,,,
06,0.0,346.8,346.8,346.8,inf,aparece,programa_por_numero,,020,,,,
38,8814.7,9170.0,355.3,-67.8,-0.7,continúa,programa_por_numero,,191,,,,
27,0.0,359.9,359.9,359.9,inf,aparece,programa_por_numero,,045,,,,
07,6613.9,6978.7,364.9,47.4,0.7,continúa,programa_por_numero,,003,,,,
10,0.0,367.3,367.3,367.3,inf,aparece,programa_por_numero,,011,,,,
09,0.0,369.2,369.2,369.2,inf,aparece,programa_por_numero,,009,,,,
06,115.6,491.1,375.5,369.9,305.3,continúa,programa_por_numero,,007,,,,
33,9565.5,9951.1,385.6,-73.5,-0.7,continúa,programa_por_numero,,011,,,,
04,117.8,510.9,393.1,387.5,313.9,continúa,programa_por_numero,,006,,,,
06,0.0,397.3,397.3,397.3,inf,aparece,programa_por_numero,,019,,,,
47,0.0,397.9,397.9,397.9,inf,aparece,programa_por_numero,,061,,,,
09,0.0,405.2,405.2,405.2,inf,aparece,programa_por_numero,,022,,,,
11,10195.0,10600.7,405.7,-83.7,-0.8,continúa,programa_por_numero,,080,,,,
04,0.0,407.5,407.5,407.5,inf,aparece,programa_por_numero,,003,,,,
24,5638.1,6050.1,412.0,141.4,2.4,continúa,programa_por_numero,,002,,,,
06,0.0,425.2,425.2,425.2,inf,aparece,programa_por_numero,,017,,,,
56,0.0,425.4,425.4,425.4,inf,aparece,programa_por_numero,,008,,,,
27,0.0,430.3,430.3,430.3,inf,aparece,programa_por_numero,,044,,,,
16,0.0,463.0,463.0,463.0,inf,aparece,programa_por_numero,,036,,,,
10,0.0,465.4,465.4,465.4,inf,aparece,programa_por_numero,,023,,,,
36,0.0,478.3,478.3,478.3,inf,aparece,programa_por_numero,,048,,,,
11,12163.5,12650.0,486.5,-97.3,-0.8,continúa,programa_por_numero,,283,,,,
14,0.0,488.6,488.6,488.6,inf,aparece,programa_por_numero,,041,,,,
33,12278.6,12773.6,495.0,-94.4,-0.7,continúa,programa_por_numero,,014,,,,
08,12500.0,13000.0,500.0,-100.0,-0.8,continúa,programa_por_numero,,290,,,,
16,0.0,500.0,500.0,500.0,inf,aparece,programa_por_numero,,028,,,,
11,0.0,514.6,514.6,514.6,inf,aparece,programa_por_numero,,027,,,,
04,365.5,890.2,524.7,507.1,132.4,continúa,programa_por_numero,,010,,,,
11,0.0,528.4,528.4,528.4,inf,aparece,programa_por_numero,,025,,,,
33,13376.4,13915.7,539.2,-102.8,-0.7,continúa,programa_por_numero,,016,,,,
06,0.0,561.2,561.2,561.2,inf,aparece,programa_por_numero,,018,,,,
TYY,2015.4,2577.0,561.6,464.9,22.0,continúa,programa_por_numero,,36 ,,,,
38,14302.9,14879.5,576.6,-109.9,-0.7,continúa,programa_por_numero,,190,,,,
49,2119.4,2709.8,590.5,488.7,22.0,continúa,programa_por_numero,,001,,,,
31,0.0,614.9,614.9,614.9,inf,aparece,programa_por_numero,,052,,,,
06,0.0,645.9,645.9,645.9,inf,aparece,programa_por_numero,,006,,,,
48,0.0,679.6,679.6,679.6,inf,aparece,programa_por_numero,,320,,,,
48,0.0,686.6,686.6,686.6,inf,aparece,programa_por_numero,,023,,,,
38,0.0,691.8,691.8,691.8,inf,aparece,programa_por_numero,,027,,,,
08,17500.0,18200.0,700.0,-140.0,-0.8,continúa,programa_por_numero,,292,,,,
33,7741.5,8449.5,708.1,336.5,4.1,continúa,programa_por_numero,,008,,,,
15,0.0,719.3,719.3,719.3,inf,aparece,programa_por_numero,,034,,,,
47,0.0,724.6,724.6,724.6,inf,aparece,programa_por_numero,,059,,,,
07,0.0,744.7,744.7,744.7,inf,aparece,programa_por_numero,,014,,,,
33,18591.1,19340.5,749.5,-142.9,-0.7,continúa,programa_por_numero,,015,,,,
TYY,0.0,755.4,755.4,755.4,inf,aparece,programa_por_numero,,75 ,,,,
14,0.0,772.1,772.1,772.1,inf,aparece,programa_por_numero,,031,,,,
21,0.0,783.2,783.2,783.2,inf,aparece,programa_por_numero,,026,,,,
54,0.0,785.0,785.0,785.0,inf,aparece,programa_por_numero,,319,,,,
15,0.0,825.3,825.3,825.3,inf,aparece,programa_por_numero,,042,,,,
36,0.0,833.3,833.3,833.3,inf,aparece,programa_por_numero,,047,,,,
09,0.0,838.2,838.2,838.2,inf,aparece,programa_por_numero,,007,,,,
16,548.9,1393.5,844.6,818.2,142.2,continúa,programa_por_numero,,002,,,,
54,0.0,856.8,856.8,856.8,inf,aparece,programa_por_numero,,012,,,,
GYR,0.0,889.1,889.1,889.1,inf,aparece,programa_por_numero,,08 ,,,,
14,0.0,896.0,896.0,896.0,inf,aparece,programa_por_numero,,040,,,,
18,0.0,907.3,907.3,907.3,inf,aparece,programa_por_numero,,037,,,,
03,85025.8,85960.2,934.4,-3146.8,-3.5,continúa,programa_por_numero,,001,,,,
40,9458.7,10398.5,939.8,485.8,4.9,continúa,programa_por_numero,,002,,,,
14,24205.0,25173.0,968.0,-193.8,-0.8,continúa,programa_por_numero,,280,,,,
11,25000.0,26000.0,1000.0,-200.0,-0.8,continúa,programa_por_numero,,282,,,,
38,0.0,1050.0,1050.0,1050.0,inf,aparece,programa_por_numero,,023,,,,
47,0.0,1073.2,1073.2,1073.2,inf,aparece,programa_por_numero,,060,,,,
10,0.0,1077.2,1077.2,1077.2,inf,aparece,programa_por_numero,,020,,,,
07,0.0,1102.7,1102.7,1102.7,inf,aparece,programa_por_numero,,010,,,,
47,0.0,1108.0,1108.0,1108.0,inf,aparece,programa_por_numero,,052,,,,
08,16300.0,17472.0,1172.0,389.6,2.3,continúa,programa_por_numero,,293,,,,
GYR,6619.0,7796.5,1177.5,859.8,12.4,continúa,programa_por_numero,,06 ,,,,
13,86.1,1297.2,1211.1,1207.0,1337.8,continúa,programa_por_numero,,022,,,,
24,5608.9,6820.9,1211.9,942.7,16.0,continúa,programa_por_numero,,004,,,,
TYY,0.0,1212.0,1212.0,1212.0,inf,aparece,programa_por_numero,,07 ,,,,
GYN,186.7,1432.0,1245.3,1236.4,631.9,continúa,programa_por_numero,,20 ,,,,
33,13762.6,15021.4,1258.8,598.2,4.1,continúa,programa_por_numero,,007,,,,
15,32000.0,33280.0,1280.0,-256.0,-0.8,continúa,programa_por_numero,,177,,,,
25,0.0,1368.9,1368.9,1368.9,inf,aparece,programa_por_numero,,086,,,,
33,14999.4,16371.3,1371.9,651.9,4.1,continúa,programa_por_numero,,003,,,,
08,1647.1,3072.0,1424.9,1345.9,78.0,continúa,programa_por_numero,,006,,,,
23,0.0,1488.8,1488.8,1488.8,inf,aparece,programa_por_numero,,028,,,,
12,0.0,1501.3,1501.3,1501.3,inf,aparece,programa_por_numero,,027,,,,
23,0.0,1512.1,1512.1,1512.1,inf,aparece,programa_por_numero,,016,,,,
12,0.0,1528.7,1528.7,1528.7,inf,aparece,programa_por_numero,,032,,,,
20,39100.0,40664.0,1564.0,-312.8,-0.8,continúa,programa_por_numero,,287,,,,
GYR,0.0,1583.6,1583.6,1583.6,inf,aparece,programa_por_numero,,68 ,,,,
09,0.0,1604.0,1604.0,1604.0,inf,aparece,programa_por_numero,,006,,,,
38,0.0,1619.4,1619.4,1619.4,inf,aparece,programa_por_numero,,051,,,,
11,0.0,1625.0,1625.0,1625.0,inf,aparece,programa_por_numero,,029,,,,
11,40922.4,42559.0,1636.6,-327.7,-0.8,continúa,programa_por_numero,,311,,,,
33,18318.3,19993.7,1675.4,796.2,4.1,continúa,programa_por_numero,,006,,,,
11,0.0,1739.2,1739.2,1739.2,inf,aparece,programa_por_numero,,243,,,,
48,0.0,1812.8,1812.8,1812.8,inf,aparece,programa_por_numero,,066,,,,
18,0.0,1850.9,1850.9,1850.9,inf,aparece,programa_por_numero,,013,,,,
20,2000.0,4000.0,2000.0,1904.0,90.8,continúa,programa_por_numero,,317,,,,
06,722.8,2761.8,2039.0,2004.3,264.6,continúa,programa_por_numero,,002,,,,
04,0.0,2062.5,2062.5,2062.5,inf,aparece,programa_por_numero,,002,,,,
07,0.0,2073.1,2073.1,2073.1,inf,aparece,programa_por_numero,,025,,,,
13,0.0,2137.3,2137.3,2137.3,inf,aparece,programa_por_numero,,020,,,,
GYR,0.0,2349.5,2349.5,2349.5,inf,aparece,programa_por_numero,,71 ,,,,
05,0.0,2422.6,2422.6,2422.6,inf,aparece,programa_por_numero,,016,,,,
25,27931.7,30367.9,2436.2,1095.5,3.7,continúa,programa_por_numero,,002,,,,
06,3694.4,6279.7,2585.3,2408.0,62.2,continúa,programa_por_numero,,001,,,,
48,0.0,2596.5,2596.5,2596.5,inf,aparece,programa_por_numero,,063,,,,
12,0.0,2685.6,2685.6,2685.6,inf,aparece,programa_por_numero,,028,,,,
04,447.7,3186.9,2739.2,2717.7,579.3,continúa,programa_por_numero,,005,,,,
07,0.0,2800.9,2800.9,2800.9,inf,aparece,programa_por_numero,,011,,,,
56,0.0,2822.3,2822.3,2822.3,inf,aparece,programa_por_numero,,001,,,,
09,199.4,3120.9,2921.5,2911.9,1393.2,continúa,programa_por_numero,,004,,,,
23,84805.5,87768.8,2963.3,-1107.4,-1.2,continúa,programa_por_numero,,129,,,,
12,0.0,2990.7,2990.7,2990.7,inf,aparece,programa_por_numero,,029,,,,
11,0.0,3011.6,3011.6,3011.6,inf,aparece,programa_por_numero,,008,,,,
08,3757.9,6778.2,3020.2,2839.8,72.1,continúa,programa_por_numero,,004,,,,
33,81220.5,84635.9,3415.4,-483.2,-0.6,continúa,programa_por_numero,,002,,,,
55,0.0,3417.2,3417.2,3417.2,inf,aparece,programa_por_numero,,083,,,,
06,0.0,3426.4,3426.4,3426.4,inf,aparece,programa_por_numero,,012,,,,
11,0.0,3678.9,3678.9,3678.9,inf,aparece,programa_por_numero,,026,,,,
56,0.0,3695.5,3695.5,3695.5,inf,aparece,programa_por_numero,,200,,,,
16,0.0,3814.0,3814.0,3814.0,inf,aparece,programa_por_numero,,026,,,,
16,0.0,3848.7,3848.7,3848.7,inf,aparece,programa_por_numero,,045,,,,
36,0.0,3863.4,3863.4,3863.4,inf,aparece,programa_por_numero,,049,,,,
GYN,0.0,3994.2,3994.2,3994.2,inf,aparece,programa_por_numero,,74 ,,,,
07,72.0,4137.2,4065.2,4061.8,5381.5,continúa,programa_por_numero,,017,,,,
12,0.0,4225.4,4225.4,4225.4,inf,aparece,programa_por_numero,,034,,,,
GYN,0.0,4306.2,4306.2,4306.2,inf,aparece,programa_por_numero,,06 ,,,,
48,0.0,4311.0,4311.0,4311.0,inf,aparece,programa_por_numero,,062,,,,
28,48921.8,53396.3,4474.5,2126.3,4.1,continúa,programa_por_numero,,002,,,,
36,0.0,4529.4,4529.4,4529.4,inf,aparece,programa_por_numero,,054,,,,
08,0.0,4576.6,4576.6,4576.6,inf,aparece,programa_por_numero,,021,,,,
19,180.0,4861.7,4681.7,4673.1,2477.2,continúa,programa_por_numero,,010,,,,
12,0.0,4748.2,4748.2,4748.2,inf,aparece,programa_por_numero,,033,,,,
11,0.0,4826.1,4826.1,4826.1,inf,aparece,programa_por_numero,,024,,,,
23,0.0,4889.5,4889.5,4889.5,inf,aparece,programa_por_numero,,031,,,,
11,0.0,4954.7,4954.7,4954.7,inf,aparece,programa_por_numero,,030,,,,
05,0.0,5082.9,5082.9,5082.9,inf,aparece,programa_por_numero,,015,,,,
19,146462.8,151561.0,5098.1,-1932.1,-1.3,continúa,programa_por_numero,,001,,,,
23,0.0,5117.9,5117.9,5117.9,inf,aparece,programa_por_numero,,029,,,,
20,0.0,5460.3,5460.3,5460.3,inf,aparece,programa_por_numero,,041,,,,
13,0.0,5608.8,5608.8,5608.8,inf,aparece,programa_por_numero,,021,,,,
33,68490.5,74754.9,6264.4,2976.8,4.1,continúa,programa_por_numero,,012,,,,
GYN,0.0,6420.6,6420.6,6420.6,inf,aparece,programa_por_numero,,72 ,,,,
38,0.0,6449.0,6449.0,6449.0,inf,aparece,programa_por_numero,,007,,,,
GYR,0.0,6769.2,6769.2,6769.2,inf,aparece,programa_por_numero,,69 ,,,,
16,169.3,7297.8,7128.6,7120.4,4014.1,continúa,programa_por_numero,,015,,,,
20,28961.4,36266.0,7304.6,5914.4,19.5,continúa,programa_por_numero,,286,,,,
13,0.0,7677.7,7677.7,7677.7,inf,aparece,programa_por_numero,,015,,,,
12,914.0,9267.3,8353.4,8309.5,867.5,continúa,programa_por_numero,,008,,,,
06,0.0,9516.8,9516.8,9516.8,inf,aparece,programa_por_numero,,013,,,,
33,108743.4,118689.4,9946.0,4726.3,4.1,continúa,programa_por_numero,,004,,,,
TVV,0.0,11143.8,11143.8,11143.8,inf,aparece,programa_por_numero,,32 ,,,,
33,125352.3,136817.4,11465.1,5448.2,4.1,continúa,programa_por_numero,,005,,,,
23,0.0,11500.0,11500.0,11500.0,inf,aparece,programa_por_numero,,013,,,,
TVV,0.0,11511.0,11511.0,11511.0,inf,aparece,programa_por_numero,,30 ,,,,
GYR,0.0,12495.7,12495.7,12495.7,inf,aparece,programa_por_numero,,72 ,,,,
TVV,11.0,16547.8,16536.8,16536.3,143444.2,continúa,programa_por_numero,,78 ,,,,
07,0.0,16934.2,16934.2,16934.2,inf,aparece,programa_por_numero,,056,,,,
16,0.0,16947.9,16947.9,16947.9,inf,aparece,programa_por_numero,,027,,,,
GYR,0.0,17120.1,17120.1,17120.1,inf,aparece,programa_por_numero,,70 ,,,,
TYY,0.0,18166.4,18166.4,18166.4,inf,aparece,programa_por_numero,,76 ,,,,
23,0.0,19430.1,19430.1,19430.1,inf,aparece,programa_por_numero,,003,,,,
07,10048.6,30000.0,19951.4,19469.1,184.9,continúa,programa_por_numero,,019,,,,
13,0.0,20408.6,20408.6,20408.6,inf,aparece,programa_por_numero,,018,,,,
07,0.0,20722.5,20722.5,20722.5,inf,aparece,programa_por_numero,,015,,,,
28,307427.1,329115.1,21688.0,6931.5,2.2,continúa,programa_por_numero,,003,,,,
19,9135.9,31281.6,22145.7,21707.2,226.7,continúa,programa_por_numero,,005,,,,
33,477160.5,500367.1,23206.6,302.9,0.1,continúa,programa_por_numero,,013,,,,
36,0.0,24804.3,24804.3,24804.3,inf,aparece,programa_por_numero,,055,,,,
30,45800.0,70855.7,25055.7,22857.3,47.6,continúa,programa_por_numero,,001,,,,
13,0.0,27407.0,27407.0,27407.0,inf,aparece,programa_por_numero,,019,,,,
GYN,46022.7,73841.1,27818.4,25609.3,53.1,continúa,programa_por_numero,,01 ,,,,
23,0.0,28380.5,28380.5,28380.5,inf,aparece,programa_por_numero,,032,,,,
TVV,0.0,30500.0,30500.0,30500.0,inf,aparece,programa_por_numero,,33 ,,,,
GYR,0.0,32325.8,32325.8,32325.8,inf,aparece,programa_por_numero,,14 ,,,,
12,0.0,32397.4,32397.4,32397.4,inf,aparece,programa_por_numero,,031,,,,
TVV,17662.8,50097.3,32434.4,31586.6,170.6,continúa,programa_por_numero,,79 ,,,,
GYR,0.0,34599.7,34599.7,34599.7,inf,aparece,programa_por_numero,,16 ,,,,
24,116106.1,151456.7,35350.7,29777.6,24.5,continúa,programa_por_numero,,005,,,,
20,15000.0,56969.0,41969.0,41249.0,262.4,continúa,programa_por_numero,,316,,,,
20,483427.6,526508.0,43080.4,19875.9,3.9,continúa,programa_por_numero,,176,,,,
19,2000.0,48067.7,46067.7,45971.7,2193.3,continúa,programa_por_numero,,011,,,,
25,0.0,48448.3,48448.3,48448.3,inf,aparece,programa_por_numero,,085,,,,
07,13679.3,62730.6,49051.3,48394.7,337.6,continúa,programa_por_numero,,001,,,,
09,0.0,49152.0,49152.0,49152.0,inf,aparece,programa_por_numero,,016,,,,
11,78840.7,129386.0,50545.3,46761.0,56.6,continúa,programa_por_numero,,072,,,,
11,0.0,51359.4,51359.4,51359.4,inf,aparece,programa_por_numero,,022,,,,
19,168.0,53860.0,53692.0,53683.9,30491.1,continúa,programa_por_numero,,004,,,,
GYN,0.0,54210.5,54210.5,54210.5,inf,aparece,programa_por_numero,,31 ,,,,
TVV,6.7,61091.0,61084.3,61083.9,869110.2,continúa,programa_por_numero,,24 ,,,,
TVV,0.0,67841.7,67841.7,67841.7,inf,aparece,programa_por_numero,,22 ,,,,
11,0.0,70097.1,70097.1,70097.1,inf,aparece,programa_por_numero,,023,,,,
56,0.0,80768.4,80768.4,80768.4,inf,aparece,programa_por_numero,,013,,,,
56,0.0,84780.8,84780.8,84780.8,inf,aparece,programa_por_numero,,031,,,,
28,980334.4,1069854.4,89520.1,42464.0,4.1,continúa,programa_por_numero,,001,,,,
TYY,0.0,92563.5,92563.5,92563.5,inf,aparece,programa_por_numero,,21 ,,,,
TYY,30418.8,123339.6,92920.8,91460.7,286.9,continúa,programa_por_numero,,10 ,,,,
09,0.0,96152.1,96152.1,96152.1,inf,aparece,programa_por_numero,,019,,,,
TVV,0.0,98679.2,98679.2,98679.2,inf,aparece,programa_por_numero,,77 ,,,,
TVV,0.0,113702.6,113702.6,113702.6,inf,aparece,programa_por_numero,,37 ,,,,
TYY,107397.9,223247.8,115849.9,110694.8,98.3,continúa,programa_por_numero,,01 ,,,,
24,967389.6,1085910.7,118521.1,72086.4,7.1,continúa,programa_por_numero,,001,,,,
GYR,0.0,147797.5,147797.5,147797.5,inf,aparece,programa_por_numero,,15 ,,,,
TYY,0.0,245269.7,245269.7,245269.7,inf,aparece,programa_por_numero,,25 ,,,,
18,0.0,263700.0,263700.0,263700.0,inf,aparece,programa_por_numero,,038,,,,
19,7164.6,398044.8,390880.2,390536.3,5201.3,continúa,programa_por_numero,,002,,,,
GYN,0.0,393788.8,393788.8,393788.8,inf,aparece,programa_por_numero,,17 ,,,,
GYR,0.0,429737.1,429737.1,429737.1,inf,aparece,programa_por_numero,,31 ,,,,
19,961.3,796699.8,795738.5,795692.3,78978.6,continúa,programa_por_numero,,003,,,,
GYR,0.0,795824.4,795824.4,795824.4,inf,aparece,programa_por_numero,,13 ,,,,
33,979951.8,0.0,-979951.8,-1026989.5,-100.0,desaparece,unidad_responsable,,,420,,,
47,165562.6,0.0,-165562.6,-173509.6,-100.0,desaparece,unidad_responsable,,,AYO,,,
09,92028.2,0.0,-92028.2,-96445.5,-100.0,desaparece,unidad_responsable,,,215,,,
19,81187.3,0.0,-81187.3,-85084.3,-100.0,desaparece,unidad_responsable,,,420,,,
03,75142.7,0.0,-75142.7,-78749.6,-100.0,desaparece,unidad_responsable,,,110,,,
36,33799.8,0.0,-33799.8,-35422.1,-100.0,desaparece,unidad_responsable,,,H00,,,
38,26377.0,0.0,-26377.0,-27643.1,-100.0,desaparece,unidad_responsable,,,90X,,,
08,17516.9,0.0,-17516.9,-18357.7,-100.0,desaparece,unidad_responsable,,,311,,,
34,52451.9,35553.4,-16898.5,-19416.2,-35.3,continúa,unidad_responsable,,,210,,,
08,16307.8,0.0,-16307.8,-17090.5,-100.0,desaparece,unidad_responsable,,,215,,,
08,12500.0,0.0,-12500.0,-13100.0,-100.0,desaparece,unidad_responsable,,,JBP,,,
22,18587.0,7704.1,-10882.9,-11775.1,-60.4,continúa,unidad_responsable,,,300,,,
07,40827.8,30744.1,-10083.6,-12043.4,-28.1,continúa,unidad_responsable,,,H0M,,,
07,16163.5,10511.7,-5651.8,-6427.7,-37.9,continúa,unidad_responsable,,,110,,,
22,3591.7,668.9,-2922.9,-3095.3,-82.2,continúa,unidad_responsable,,,113,,,
09,2926.6,152.1,-2774.5,-2915.0,-95.0,continúa,unidad_responsable,,,640,,,
09,2687.8,0.0,-2687.8,-2816.8,-100.0,desaparece,unidad_responsable,,,J9E,,,
15,2516.2,16.5,-2499.7,-2620.4,-99.4,continúa,unidad_responsable,,,510,,,
13,5235.3,2982.7,-2252.6,-2503.9,-45.6,continúa,unidad_responsable,,,312,,,
13,25122.9,23051.6,-2071.3,-3277.2,-12.4,continúa,unidad_responsable,,,J3L,,,
11,2383.1,331.5,-2051.6,-2166.0,-86.7,continúa,unidad_responsable,,,712,,,
11,24276.4,22265.9,-2010.5,-3175.7,-12.5,continúa,unidad_responsable,,,611,,,
12,6617.0,4777.2,-1839.8,-2157.4,-31.1,continúa,unidad_responsable,,,500,,,
09,1562.4,93.2,-1469.2,-1544.1,-94.3,continúa,unidad_responsable,,,642,,,
11,27244.5,25928.5,-1316.0,-2623.7,-9.2,continúa,unidad_responsable,,,600,,,
12,6580.6,5357.5,-1223.1,-1538.9,-22.3,continúa,unidad_responsable,,,610,,,
04,1126.9,0.0,-1126.9,-1181.0,-100.0,desaparece,unidad_responsable,,,V00,,,
09,1106.4,0.0,-1106.4,-1159.5,-100.0,desaparece,unidad_responsable,,,KCZ,,,
09,1148.0,69.8,-1078.1,-1133.2,-94.2,continúa,unidad_responsable,,,641,,,
06,2357.0,1292.4,-1064.5,-1177.6,-47.7,continúa,unidad_responsable,,,HJO,,,
11,6163.3,5124.8,-1038.5,-1334.4,-20.7,continúa,unidad_responsable,,,L6W,,,
47,966.6,0.0,-966.6,-1013.0,-100.0,desaparece,unidad_responsable,,,HHG,,,
06,3724.9,2787.3,-937.6,-1116.4,-28.6,continúa,unidad_responsable,,,HKA,,,
44,805.4,0.0,-805.4,-844.1,-100.0,desaparece,unidad_responsable,,,100,,,
11,3806.9,3062.3,-744.6,-927.3,-23.2,continúa,unidad_responsable,,,L6J,,,
09,807.2,76.9,-730.3,-769.1,-90.9,continúa,unidad_responsable,,,644,,,
22,2272.3,1558.5,-713.9,-822.9,-34.6,continúa,unidad_responsable,,,200,,,
11,11969.7,11260.8,-708.9,-1283.4,-10.2,continúa,unidad_responsable,,,610,,,
22,2079.4,1384.3,-695.1,-794.9,-36.5,continúa,unidad_responsable,,,111,,,
20,4834.8,4171.9,-663.0,-895.1,-17.7,continúa,unidad_responsable,,,112,,,
11,75609.1,74958.8,-650.3,-4279.5,-5.4,continúa,unidad_responsable,,,511,,,
08,5237.8,4611.5,-626.3,-877.7,-16.0,continúa,unidad_responsable,,,VST,,,
22,7730.1,7103.9,-626.2,-997.2,-12.3,continúa,unidad_responsable,,,112,,,
11,690.0,107.2,-582.8,-615.9,-85.2,continúa,unidad_responsable,,,173,,,
22,1471.8,909.7,-562.0,-632.7,-41.0,continúa,unidad_responsable,,,116,,,
09,533.7,89.9,-443.8,-469.4,-83.9,continúa,unidad_responsable,,,627,,,
09,500.7,61.4,-439.2,-463.3,-88.3,continúa,unidad_responsable,,,631,,,
40,12245.3,11807.5,-437.8,-1025.6,-8.0,continúa,unidad_responsable,,,100,,,
11,536.0,99.6,-436.5,-462.2,-82.3,continúa,unidad_responsable,,,418,,,
16,37119.5,36689.1,-430.3,-2212.1,-5.7,continúa,unidad_responsable,,,B00,,,
01,3239.2,2822.6,-416.6,-572.1,-16.9,continúa,unidad_responsable,,,101,,,
08,5433.9,5086.1,-347.8,-608.6,-10.7,continúa,unidad_responsable,,,B00,,,
11,4141.1,3820.6,-320.4,-519.2,-12.0,continúa,unidad_responsable,,,613,,,
22,976.8,664.3,-312.5,-359.4,-35.1,continúa,unidad_responsable,,,115,,,
07,1256.7,944.9,-311.8,-372.1,-28.3,continúa,unidad_responsable,,,144,,,
43,292.0,0.0,-292.0,-306.0,-100.0,desaparece,unidad_responsable,,,225,,,
20,287.9,0.0,-287.9,-301.7,-100.0,desaparece,unidad_responsable,,,VQZ,,,
11,321.9,35.5,-286.4,-301.9,-89.5,continúa,unidad_responsable,,,410,,,
43,278.7,0.0,-278.7,-292.1,-100.0,desaparece,unidad_responsable,,,240,,,
08,263.5,0.0,-263.5,-276.2,-100.0,desaparece,unidad_responsable,,,300,,,
13,257.1,0.0,-257.1,-269.4,-100.0,desaparece,unidad_responsable,,,KDH,,,
11,1940.7,1701.5,-239.2,-332.4,-16.3,continúa,unidad_responsable,,,310,,,
12,531.7,297.6,-234.1,-259.6,-46.6,continúa,unidad_responsable,,,310,,,
09,322.0,90.8,-231.1,-246.6,-73.1,continúa,unidad_responsable,,,636,,,
22,597.9,378.7,-219.2,-247.9,-39.6,continúa,unidad_responsable,,,120,,,
12,1022.8,824.9,-197.9,-247.0,-23.0,continúa,unidad_responsable,,,513,,,
41,197.4,0.0,-197.4,-206.8,-100.0,desaparece,unidad_responsable,,,600,,,
08,197.2,0.0,-197.2,-206.7,-100.0,desaparece,unidad_responsable,,,127,,,
11,1085.4,889.8,-195.6,-247.7,-21.8,continúa,unidad_responsable,,,L00,,,
15,807.8,612.7,-195.1,-233.9,-27.6,continúa,unidad_responsable,,,B00,,,
11,582.5,396.2,-186.3,-214.3,-35.1,continúa,unidad_responsable,,,713,,,
03,1214.4,1028.1,-186.3,-244.6,-19.2,continúa,unidad_responsable,,,211,,,
12,678.4,492.1,-186.3,-218.8,-30.8,continúa,unidad_responsable,,,316,,,
15,205.3,24.1,-181.2,-191.1,-88.8,continúa,unidad_responsable,,,211,,,
07,924.6,744.7,-179.9,-224.3,-23.1,continúa,unidad_responsable,,,HZI,,,
09,258.2,82.1,-176.1,-188.5,-69.6,continúa,unidad_responsable,,,712,,,
44,166.4,0.0,-166.4,-174.4,-100.0,desaparece,unidad_responsable,,,210,,,
11,1065.5,899.2,-166.3,-217.5,-19.5,continúa,unidad_responsable,,,312,,,
15,949.1,789.9,-159.2,-204.8,-20.6,continúa,unidad_responsable,,,QEZ,,,
08,157.6,0.0,-157.6,-165.1,-100.0,desaparece,unidad_responsable,,,150,,,
22,261.7,112.0,-149.6,-162.2,-59.1,continúa,unidad_responsable,,,124,,,
12,314.1,164.5,-149.6,-164.7,-50.0,continúa,unidad_responsable,,,172,,,
41,146.7,0.0,-146.7,-153.7,-100.0,desaparece,unidad_responsable,,,700,,,
11,240.4,96.5,-144.0,-155.5,-61.7,continúa,unidad_responsable,,,311,,,
08,138.3,0.0,-138.3,-144.9,-100.0,desaparece,unidad_responsable,,,600,,,
43,129.4,0.0,-129.4,-135.6,-100.0,desaparece,unidad_responsable,,,221,,,
08,129.3,0.0,-129.3,-135.5,-100.0,desaparece,unidad_responsable,,,136,,,
01,5227.7,5103.8,-123.9,-374.8,-6.8,continúa,unidad_responsable,,,200,,,
08,120.8,0.0,-120.8,-126.6,-100.0,desaparece,unidad_responsable,,,148,,,
06,592.6,472.4,-120.2,-148.7,-23.9,continúa,unidad_responsable,,,610,,,
08,119.1,0.0,-119.1,-124.8,-100.0,desaparece,unidad_responsable,,,135,,,
43,118.2,0.0,-118.2,-123.9,-100.0,desaparece,unidad_responsable,,,100,,,
15,160.3,44.1,-116.2,-123.9,-73.7,continúa,unidad_responsable,,,110,,,
43,115.4,0.0,-115.4,-120.9,-100.0,desaparece,unidad_responsable,,,223,,,
08,114.9,0.0,-114.9,-120.4,-100.0,desaparece,unidad_responsable,,,140,,,
08,1404.1,1289.4,-114.7,-182.1,-12.4,continúa,unidad_responsable,,,JAG,,,
07,332.1,219.6,-112.5,-128.5,-36.9,continúa,unidad_responsable,,,141,,,
22,243.3,133.8,-109.5,-121.2,-47.5,continúa,unidad_responsable,,,108,,,
08,109.2,0.0,-109.2,-114.4,-100.0,desaparece,unidad_responsable,,,141,,,
08,108.1,0.0,-108.1,-113.3,-100.0,desaparece,unidad_responsable,,,132,,,
22,213.5,105.7,-107.8,-118.1,-52.8,continúa,unidad_responsable,,,104,,,
08,107.2,0.0,-107.2,-112.4,-100.0,desaparece,unidad_responsable,,,G00,,,
08,548.8,442.3,-106.5,-132.8,-23.1,continúa,unidad_responsable,,,RJL,,,
20,165.4,59.4,-106.0,-114.0,-65.7,continúa,unidad_responsable,,,413,,,
08,105.4,0.0,-105.4,-110.5,-100.0,desaparece,unidad_responsable,,,134,,,
11,1861.1,1757.1,-104.0,-193.3,-9.9,continúa,unidad_responsable,,,MDA,,,
08,103.5,0.0,-103.5,-108.4,-100.0,desaparece,unidad_responsable,,,145,,,
11,117.0,16.6,-100.4,-106.0,-86.5,continúa,unidad_responsable,,,617,,,
49,182.2,82.2,-100.0,-108.8,-57.0,continúa,unidad_responsable,,,810,,,
08,97.1,0.0,-97.1,-101.8,-100.0,desaparece,unidad_responsable,,,128,,,
11,150.1,56.3,-93.8,-101.0,-64.2,continúa,unidad_responsable,,,171,,,
07,451.5,358.7,-92.8,-114.5,-24.2,continúa,unidad_responsable,,,142,,,
43,91.2,0.0,-91.2,-95.6,-100.0,desaparece,unidad_responsable,,,224,,,
08,90.7,0.0,-90.7,-95.1,-100.0,desaparece,unidad_responsable,,,131,,,
08,90.7,0.0,-90.7,-95.0,-100.0,desaparece,unidad_responsable,,,152,,,
08,90.0,0.0,-90.0,-94.3,-100.0,desaparece,unidad_responsable,,,151,,,
41,89.6,0.0,-89.6,-93.9,-100.0,desaparece,unidad_responsable,,,120,,,
22,318.2,229.2,-89.0,-104.3,-31.3,continúa,unidad_responsable,,,102,,,
06,88.4,0.0,-88.4,-92.6,-100.0,desaparece,unidad_responsable,,,218,,,
41,86.0,0.0,-86.0,-90.1,-100.0,desaparece,unidad_responsable,,,200,,,
11,1071.4,985.8,-85.6,-137.0,-12.2,continúa,unidad_responsable,,,616,,,
08,298.9,213.7,-85.2,-99.5,-31.8,continúa,unidad_responsable,,,512,,,
43,84.3,0.0,-84.3,-88.4,-100.0,desaparece,unidad_responsable,,,222,,,
41,83.9,0.0,-83.9,-87.9,-100.0,desaparece,unidad_responsable,,,110,,,
08,83.8,0.0,-83.8,-87.8,-100.0,desaparece,unidad_responsable,,,133,,,
12,235.4,151.9,-83.5,-94.8,-38.4,continúa,unidad_responsable,,,512,,,
08,82.4,0.0,-82.4,-86.4,-100.0,desaparece,unidad_responsable,,,130,,,
09,298.4,217.9,-80.5,-94.9,-30.3,continúa,unidad_responsable,,,312,,,
08,79.6,0.0,-79.6,-83.5,-100.0,desaparece,unidad_responsable,,,146,,,
09,315.5,237.3,-78.1,-93.3,-28.2,continúa,unidad_responsable,,,711,,,
08,77.3,0.0,-77.3,-81.0,-100.0,desaparece,unidad_responsable,,,144,,,
43,77.2,0.0,-77.2,-80.9,-100.0,desaparece,unidad_responsable,,,110,,,
09,111.8,35.0,-76.8,-82.2,-70.2,continúa,unidad_responsable,,,111,,,
08,76.1,0.0,-76.1,-79.8,-100.0,desaparece,unidad_responsable,,,147,,,
08,264.0,188.0,-76.1,-88.7,-32.1,continúa,unidad_responsable,,,513,,,
08,74.7,0.0,-74.7,-78.3,-100.0,desaparece,unidad_responsable,,,700,,,
12,595.0,520.7,-74.4,-102.9,-16.5,continúa,unidad_responsable,,,611,,,
20,154.3,81.9,-72.3,-79.7,-49.3,continúa,unidad_responsable,,,411,,,
06,71.9,0.0,-71.9,-75.3,-100.0,desaparece,unidad_responsable,,,415,,,
06,70.5,0.0,-70.5,-73.9,-100.0,desaparece,unidad_responsable,,,216,,,
20,352.7,282.5,-70.2,-87.2,-23.6,continúa,unidad_responsable,,,V3A,,,
09,70.0,0.0,-70.0,-73.3,-100.0,desaparece,unidad_responsable,,,JZN,,,
43,69.6,0.0,-69.6,-73.0,-100.0,desaparece,unidad_responsable,,,227,,,
06,68.9,0.0,-68.9,-72.2,-100.0,desaparece,unidad_responsable,,,416,,,
27,67.0,0.0,-67.0,-70.2,-100.0,desaparece,unidad_responsable,,,514,,,
27,65.8,0.0,-65.8,-68.9,-100.0,desaparece,unidad_responsable,,,323,,,
06,65.1,0.0,-65.1,-68.2,-100.0,desaparece,unidad_responsable,,,217,,,
11,616.1,551.3,-64.7,-94.3,-14.6,continúa,unidad_responsable,,,B01,,,
43,64.6,0.0,-64.6,-67.7,-100.0,desaparece,unidad_responsable,,,226,,,
10,64.5,0.0,-64.5,-67.6,-100.0,desaparece,unidad_responsable,,,B00,,,
43,64.3,0.0,-64.3,-67.4,-100.0,desaparece,unidad_responsable,,,213,,,
27,64.1,0.0,-64.1,-67.2,-100.0,desaparece,unidad_responsable,,,210,,,
07,692.3,628.3,-64.1,-97.3,-13.4,continúa,unidad_responsable,,,129,,,
14,148.2,84.8,-63.4,-70.5,-45.4,continúa,unidad_responsable,,,513,,,
08,63.3,0.0,-63.3,-66.3,-100.0,desaparece,unidad_responsable,,,122,,,
05,1540.0,1477.7,-62.3,-136.2,-8.4,continúa,unidad_responsable,,,811,,,
04,61.0,0.0,-61.0,-64.0,-100.0,desaparece,unidad_responsable,,,215,,,
08,60.2,0.0,-60.2,-63.1,-100.0,desaparece,unidad_responsable,,,153,,,
27,59.0,0.0,-59.0,-61.9,-100.0,desaparece,unidad_responsable,,,120,,,
08,58.0,0.0,-58.0,-60.8,-100.0,desaparece,unidad_responsable,,,139,,,
14,123.0,65.3,-57.7,-63.6,-49.3,continúa,unidad_responsable,,,VUY,,,
11,2621.1,2564.0,-57.2,-183.0,-6.7,continúa,unidad_responsable,,,L6I,,,
09,56.9,0.0,-56.9,-59.7,-100.0,desaparece,unidad_responsable,,,314,,,
09,164.9,108.0,-56.9,-64.8,-37.5,continúa,unidad_responsable,,,A00,,,
09,123.1,66.5,-56.5,-62.5,-48.4,continúa,unidad_responsable,,,300,,,
08,56.0,0.0,-56.0,-58.7,-100.0,desaparece,unidad_responsable,,,138,,,
07,276.0,220.5,-55.5,-68.7,-23.8,continúa,unidad_responsable,,,138,,,
22,220.5,165.6,-54.9,-65.5,-28.3,continúa,unidad_responsable,,,103,,,
14,222.7,167.9,-54.8,-65.5,-28.1,continúa,unidad_responsable,,,A00,,,
05,1321.8,1267.2,-54.6,-118.0,-8.5,continúa,unidad_responsable,,,411,,,
08,54.4,0.0,-54.4,-57.0,-100.0,desaparece,unidad_responsable,,,125,,,
27,54.4,0.0,-54.4,-57.0,-100.0,desaparece,unidad_responsable,,,701,,,
27,54.2,0.0,-54.2,-56.8,-100.0,desaparece,unidad_responsable,,,110,,,
27,53.6,0.0,-53.6,-56.2,-100.0,desaparece,unidad_responsable,,,322,,,
45,53.2,0.0,-53.2,-55.8,-100.0,desaparece,unidad_responsable,,,280,,,
03,5922.9,5869.7,-53.2,-337.5,-5.4,continúa,unidad_responsable,,,100,,,
06,592.9,540.1,-52.8,-81.2,-13.1,continúa,unidad_responsable,,,G3A,,,
08,52.8,0.0,-52.8,-55.3,-100.0,desaparece,unidad_responsable,,,149,,,
09,296.5,244.4,-52.0,-66.3,-21.3,continúa,unidad_responsable,,,713,,,
20,223.1,171.1,-52.0,-62.7,-26.8,continúa,unidad_responsable,,,L00,,,
08,51.9,0.0,-51.9,-54.4,-100.0,desaparece,unidad_responsable,,,126,,,
18,547.2,496.6,-50.6,-76.8,-13.4,continúa,unidad_responsable,,,T0Q,,,
43,50.5,0.0,-50.5,-53.0,-100.0,desaparece,unidad_responsable,,,229,,,
43,49.9,0.0,-49.9,-52.3,-100.0,desaparece,unidad_responsable,,,230,,,
02,583.3,533.7,-49.6,-77.6,-12.7,continúa,unidad_responsable,,,113,,,
22,218.5,170.1,-48.4,-58.9,-25.7,continúa,unidad_responsable,,,114,,,
47,814.0,765.7,-48.3,-87.4,-10.2,continúa,unidad_responsable,,,AYI,,,
43,48.2,0.0,-48.2,-50.5,-100.0,desaparece,unidad_responsable,,,300,,,
12,47.5,0.0,-47.5,-49.8,-100.0,desaparece,unidad_responsable,,,T00,,,
27,46.9,0.0,-46.9,-49.1,-100.0,desaparece,unidad_responsable,,,511,,,
14,45.7,0.0,-45.7,-47.9,-100.0,desaparece,unidad_responsable,,,214,,,
14,69.4,24.5,-45.0,-48.3,-66.4,continúa,unidad_responsable,,,160,,,
08,44.7,0.0,-44.7,-46.9,-100.0,desaparece,unidad_responsable,,,121,,,
02,44.1,0.0,-44.1,-46.2,-100.0,desaparece,unidad_responsable,,,135,,,
08,43.9,0.0,-43.9,-46.0,-100.0,desaparece,unidad_responsable,,,124,,,
09,113.7,70.7,-43.0,-48.5,-40.7,continúa,unidad_responsable,,,110,,,
22,115.7,72.7,-43.0,-48.5,-40.0,continúa,unidad_responsable,,,106,,,
22,119.1,78.2,-41.0,-46.7,-37.4,continúa,unidad_responsable,,,118,,,
08,40.7,0.0,-40.7,-42.7,-100.0,desaparece,unidad_responsable,,,143,,,
08,40.3,0.0,-40.3,-42.2,-100.0,desaparece,unidad_responsable,,,137,,,
45,40.3,0.0,-40.3,-42.2,-100.0,desaparece,unidad_responsable,,,500,,,
07,117.8,77.8,-40.0,-45.6,-37.0,continúa,unidad_responsable,,,147,,,
14,767.1,728.1,-39.0,-75.8,-9.4,continúa,unidad_responsable,,,110,,,
43,38.6,0.0,-38.6,-40.4,-100.0,desaparece,unidad_responsable,,,210,,,
08,38.1,0.0,-38.1,-40.0,-100.0,desaparece,unidad_responsable,,,142,,,
32,37.8,0.0,-37.8,-39.7,-100.0,desaparece,unidad_responsable,,,210,,,
41,36.7,0.0,-36.7,-38.4,-100.0,desaparece,unidad_responsable,,,210,,,
49,3558.7,3522.8,-35.9,-206.7,-5.5,continúa,unidad_responsable,,,220,,,
16,97.3,61.8,-35.5,-40.1,-39.3,continúa,unidad_responsable,,,109,,,
45,34.9,0.0,-34.9,-36.6,-100.0,desaparece,unidad_responsable,,,240,,,
08,33.7,0.0,-33.7,-35.3,-100.0,desaparece,unidad_responsable,,,123,,,
15,87.0,53.7,-33.3,-37.5,-41.1,continúa,unidad_responsable,,,412,,,
49,527.6,494.6,-33.0,-58.4,-10.6,continúa,unidad_responsable,,,210,,,
46,32.6,0.0,-32.6,-34.2,-100.0,desaparece,unidad_responsable,,,300,,,
27,32.6,0.0,-32.6,-34.1,-100.0,desaparece,unidad_responsable,,,704,,,
27,32.4,0.0,-32.4,-34.0,-100.0,desaparece,unidad_responsable,,,112,,,
22,71.0,38.8,-32.2,-35.7,-47.9,continúa,unidad_responsable,,,105,,,
09,32.0,0.0,-32.0,-33.5,-100.0,desaparece,unidad_responsable,,,102,,,
27,31.9,0.0,-31.9,-33.5,-100.0,desaparece,unidad_responsable,,,703,,,
12,1426.0,1394.1,-31.9,-100.4,-6.7,continúa,unidad_responsable,,,O00,,,
22,91.7,59.9,-31.8,-36.2,-37.6,continúa,unidad_responsable,,,123,,,
18,31.6,0.0,-31.6,-33.1,-100.0,desaparece,unidad_responsable,,,521,,,
27,31.4,0.0,-31.4,-32.9,-100.0,desaparece,unidad_responsable,,,705,,,
27,30.8,0.0,-30.8,-32.3,-100.0,desaparece,unidad_responsable,,,702,,,
12,820.8,790.3,-30.5,-69.9,-8.1,continúa,unidad_responsable,,,S00,,,
12,123.5,94.4,-29.1,-35.0,-27.1,continúa,unidad_responsable,,,510,,,
11,165.2,136.5,-28.6,-36.6,-21.1,continúa,unidad_responsable,,,L6H,,,
22,211.1,183.5,-27.6,-37.8,-17.1,continúa,unidad_responsable,,,107,,,
27,27.5,0.0,-27.5,-28.8,-100.0,desaparece,unidad_responsable,,,208,,,
09,43.8,17.6,-26.2,-28.3,-61.7,continúa,unidad_responsable,,,600,,,
45,26.2,0.0,-26.2,-27.5,-100.0,desaparece,unidad_responsable,,,100,,,
43,26.1,0.0,-26.1,-27.3,-100.0,desaparece,unidad_responsable,,,228,,,
06,192.9,166.9,-26.1,-35.3,-17.5,continúa,unidad_responsable,,,713,,,
43,26.0,0.0,-26.0,-27.3,-100.0,desaparece,unidad_responsable,,,200,,,
49,125.0,99.4,-25.6,-31.6,-24.1,continúa,unidad_responsable,,,813,,,
41,25.4,0.0,-25.4,-26.6,-100.0,desaparece,unidad_responsable,,,500,,,
07,837.4,812.1,-25.3,-65.5,-7.5,continúa,unidad_responsable,,,143,,,
16,184.1,159.3,-24.8,-33.7,-17.5,continúa,unidad_responsable,,,RJJ,,,
43,24.2,0.0,-24.2,-25.4,-100.0,desaparece,unidad_responsable,,,212,,,
46,24.1,0.0,-24.1,-25.2,-100.0,desaparece,unidad_responsable,,,230,,,
11,181.7,157.7,-23.9,-32.7,-17.2,continúa,unidad_responsable,,,710,,,
46,23.9,0.0,-23.9,-25.1,-100.0,desaparece,unidad_responsable,,,250,,,
20,72.5,48.6,-23.9,-27.4,-36.0,continúa,unidad_responsable,,,300,,,
08,23.8,0.0,-23.8,-24.9,-100.0,desaparece,unidad_responsable,,,129,,,
09,97.8,74.4,-23.4,-28.1,-27.4,continúa,unidad_responsable,,,650,,,
11,224.5,201.2,-23.3,-34.0,-14.5,continúa,unidad_responsable,,,400,,,
09,50.7,27.6,-23.1,-25.6,-48.1,continúa,unidad_responsable,,,700,,,
12,163.6,140.5,-23.1,-30.9,-18.1,continúa,unidad_responsable,,,100,,,
46,23.0,0.0,-23.0,-24.1,-100.0,desaparece,unidad_responsable,,,240,,,
12,109.9,86.9,-23.0,-28.3,-24.5,continúa,unidad_responsable,,,I00,,,
20,35.2,12.4,-22.8,-24.5,-66.4,continúa,unidad_responsable,,,VRW,,,
06,131.9,109.2,-22.7,-29.1,-21.0,continúa,unidad_responsable,,,112,,,
15,22.5,0.0,-22.5,-23.5,-100.0,desaparece,unidad_responsable,,,213,,,
12,58.0,35.8,-22.2,-25.0,-41.1,continúa,unidad_responsable,,,315,,,
44,22.2,0.0,-22.2,-23.2,-100.0,desaparece,unidad_responsable,,,500,,,
15,177.5,155.8,-21.7,-30.2,-16.3,continúa,unidad_responsable,,,411,,,
09,131.6,110.0,-21.7,-28.0,-20.3,continúa,unidad_responsable,,,313,,,
09,131.5,110.1,-21.4,-27.7,-20.1,continúa,unidad_responsable,,,639,,,
09,104.2,82.8,-21.3,-26.3,-24.1,continúa,unidad_responsable,,,632,,,
45,21.2,0.0,-21.2,-22.2,-100.0,desaparece,unidad_responsable,,,230,,,
49,27.4,6.2,-21.2,-22.5,-78.3,continúa,unidad_responsable,,,120,,,
20,85.7,64.6,-21.2,-25.3,-28.1,continúa,unidad_responsable,,,117,,,
09,97.6,76.5,-21.1,-25.8,-25.2,continúa,unidad_responsable,,,710,,,
22,82.5,61.4,-21.0,-25.0,-28.9,continúa,unidad_responsable,,,101,,,
46,20.4,0.0,-20.4,-21.3,-100.0,desaparece,unidad_responsable,,,270,,,
09,70.9,50.5,-20.4,-23.8,-32.0,continúa,unidad_responsable,,,100,,,
09,83.8,64.0,-19.8,-23.8,-27.1,continúa,unidad_responsable,,,643,,,
09,94.9,75.2,-19.7,-24.3,-24.4,continúa,unidad_responsable,,,645,,,
16,237.3,217.6,-19.7,-31.1,-12.5,continúa,unidad_responsable,,,510,,,
08,19.6,0.0,-19.6,-20.5,-100.0,desaparece,unidad_responsable,,,310,,,
09,98.2,79.2,-18.9,-23.7,-23.0,continúa,unidad_responsable,,,622,,,
05,403.7,384.8,-18.9,-38.3,-9.1,continúa,unidad_responsable,,,K00,,,
43,18.9,0.0,-18.9,-19.8,-100.0,desaparece,unidad_responsable,,,211,,,
08,18.7,0.0,-18.7,-19.6,-100.0,desaparece,unidad_responsable,,,113,,,
09,18.7,0.0,-18.7,-19.6,-100.0,desaparece,unidad_responsable,,,315,,,
27,18.5,0.0,-18.5,-19.4,-100.0,desaparece,unidad_responsable,,,116,,,
46,18.3,0.0,-18.3,-19.2,-100.0,desaparece,unidad_responsable,,,260,,,
09,92.3,74.0,-18.3,-22.7,-23.5,continúa,unidad_responsable,,,646,,,
12,230.8,212.6,-18.2,-29.3,-12.1,continúa,unidad_responsable,,,514,,,
16,18.2,0.0,-18.2,-19.0,-100.0,desaparece,unidad_responsable,,,410,,,
10,183.5,165.4,-18.1,-27.0,-14.0,continúa,unidad_responsable,,,511,,,
22,50.0,32.0,-18.0,-20.4,-38.9,continúa,unidad_responsable,,,122,,,
16,110.8,92.9,-17.9,-23.3,-20.0,continúa,unidad_responsable,,,400,,,
09,95.3,77.7,-17.6,-22.2,-22.2,continúa,unidad_responsable,,,623,,,
09,95.4,77.9,-17.5,-22.1,-22.1,continúa,unidad_responsable,,,625,,,
21,286.9,269.5,-17.5,-31.2,-10.4,continúa,unidad_responsable,,,417,,,
09,98.3,80.9,-17.5,-22.2,-21.5,continúa,unidad_responsable,,,635,,,
11,258.9,241.5,-17.3,-29.8,-11.0,continúa,unidad_responsable,,,414,,,
09,91.5,74.3,-17.3,-21.7,-22.6,continúa,unidad_responsable,,,634,,,
09,91.4,74.2,-17.2,-21.6,-22.5,continúa,unidad_responsable,,,648,,,
20,26.1,9.0,-17.1,-18.3,-67.0,continúa,unidad_responsable,,,129,,,
27,16.7,0.0,-16.7,-17.6,-100.0,desaparece,unidad_responsable,,,512,,,
16,209.4,192.8,-16.5,-26.6,-12.1,continúa,unidad_responsable,,,RJE,,,
08,203.2,186.8,-16.5,-26.2,-12.3,continúa,unidad_responsable,,,511,,,
08,74.5,58.2,-16.2,-19.8,-25.4,continúa,unidad_responsable,,,C00,,,
27,15.7,0.0,-15.7,-16.5,-100.0,desaparece,unidad_responsable,,,130,,,
18,15.6,0.0,-15.6,-16.4,-100.0,desaparece,unidad_responsable,,,522,,,
09,92.3,76.9,-15.4,-19.8,-20.5,continúa,unidad_responsable,,,624,,,
11,136.8,121.6,-15.2,-21.7,-15.2,continúa,unidad_responsable,,,313,,,
09,90.2,75.2,-15.1,-19.4,-20.5,continúa,unidad_responsable,,,647,,,
06,14.9,0.0,-14.9,-15.6,-100.0,desaparece,unidad_responsable,,,420,,,
09,79.5,64.7,-14.8,-18.7,-22.4,continúa,unidad_responsable,,,651,,,
20,51.7,37.3,-14.5,-17.0,-31.3,continúa,unidad_responsable,,,213,,,
46,14.4,0.0,-14.4,-15.1,-100.0,desaparece,unidad_responsable,,,220,,,
12,2146.1,2131.8,-14.4,-117.4,-5.2,continúa,unidad_responsable,,,Y00,,,
09,82.8,68.5,-14.3,-18.3,-21.1,continúa,unidad_responsable,,,628,,,
09,92.8,78.8,-14.1,-18.5,-19.0,continúa,unidad_responsable,,,637,,,
49,13.9,0.0,-13.9,-14.6,-100.0,desaparece,unidad_responsable,,,560,,,
12,69.7,56.0,-13.7,-17.1,-23.4,continúa,unidad_responsable,,,112,,,
31,213.1,199.5,-13.6,-23.8,-10.7,continúa,unidad_responsable,,,100,,,
16,13.6,0.0,-13.6,-14.2,-100.0,desaparece,unidad_responsable,,,612,,,
09,44.7,31.1,-13.6,-15.7,-33.5,continúa,unidad_responsable,,,200,,,
09,79.1,65.5,-13.5,-17.3,-20.9,continúa,unidad_responsable,,,626,,,
09,80.8,67.5,-13.4,-17.3,-20.4,continúa,unidad_responsable,,,633,,,
09,85.2,72.0,-13.2,-17.3,-19.4,continúa,unidad_responsable,,,652,,,
09,75.1,62.1,-13.0,-16.6,-21.1,continúa,unidad_responsable,,,638,,,
13,7690.5,7677.7,-12.8,-381.9,-4.7,continúa,unidad_responsable,,,121,,,
11,68.3,55.5,-12.8,-16.1,-22.5,continúa,unidad_responsable,,,110,,,
12,12.8,0.0,-12.8,-13.4,-100.0,desaparece,unidad_responsable,,,114,,,
43,12.7,0.0,-12.7,-13.3,-100.0,desaparece,unidad_responsable,,,220,,,
16,2602.3,2589.7,-12.6,-137.5,-5.0,continúa,unidad_responsable,,,RHQ,,,
41,12.6,0.0,-12.6,-13.2,-100.0,desaparece,unidad_responsable,,,220,,,
27,12.5,0.0,-12.5,-13.1,-100.0,desaparece,unidad_responsable,,,212,,,
08,55.2,42.7,-12.5,-15.2,-26.2,continúa,unidad_responsable,,,117,,,
16,839.5,827.1,-12.5,-52.8,-6.0,continúa,unidad_responsable,,,E00,,,
09,80.3,67.8,-12.5,-16.3,-19.4,continúa,unidad_responsable,,,630,,,
49,26.2,13.8,-12.4,-13.7,-49.8,continúa,unidad_responsable,,,111,,,
46,12.2,0.0,-12.2,-12.8,-100.0,desaparece,unidad_responsable,,,100,,,
20,283.1,270.9,-12.2,-25.8,-8.7,continúa,unidad_responsable,,,412,,,
16,99.0,87.0,-12.0,-16.7,-16.1,continúa,unidad_responsable,,,418,,,
12,68.6,56.6,-12.0,-15.3,-21.2,continúa,unidad_responsable,,,613,,,
15,35.5,23.6,-11.9,-13.6,-36.5,continúa,unidad_responsable,,,511,,,
16,11.8,0.0,-11.8,-12.3,-100.0,desaparece,unidad_responsable,,,119,,,
09,75.0,63.2,-11.8,-15.4,-19.5,continúa,unidad_responsable,,,649,,,
18,11.7,0.0,-11.7,-12.2,-100.0,desaparece,unidad_responsable,,,413,,,
14,39.3,27.8,-11.5,-13.3,-32.5,continúa,unidad_responsable,,,PBJ,,,
09,74.5,63.2,-11.3,-14.9,-19.1,continúa,unidad_responsable,,,621,,,
14,68.8,57.8,-11.0,-14.3,-19.9,continúa,unidad_responsable,,,512,,,
45,10.9,0.0,-10.9,-11.4,-100.0,desaparece,unidad_responsable,,,300,,,
11,204.6,194.2,-10.4,-20.2,-9.4,continúa,unidad_responsable,,,711,,,
27,10.2,0.0,-10.2,-10.7,-100.0,desaparece,unidad_responsable,,,200,,,
13,189.5,179.4,-10.1,-19.2,-9.7,continúa,unidad_responsable,,,122,,,
11,43.8,33.7,-10.1,-12.2,-26.6,continúa,unidad_responsable,,,L8G,,,
21,53.0,42.9,-10.1,-12.6,-22.7,continúa,unidad_responsable,,,410,,,
49,410.5,400.5,-10.0,-29.7,-6.9,continúa,unidad_responsable,,,880,,,
12,104.2,94.3,-9.9,-14.9,-13.7,continúa,unidad_responsable,,,M00,,,
41,9.8,0.0,-9.8,-10.3,-100.0,desaparece,unidad_responsable,,,100,,,
20,29.0,19.7,-9.3,-10.7,-35.3,continúa,unidad_responsable,,,132,,,
12,84.2,74.9,-9.3,-13.4,-15.1,continúa,unidad_responsable,,,511,,,
07,737.1,727.9,-9.2,-44.5,-5.8,continúa,unidad_responsable,,,114,,,
13,91.7,82.6,-9.1,-13.5,-14.0,continúa,unidad_responsable,,,J4V,,,
08,9.1,0.0,-9.1,-9.5,-100.0,desaparece,unidad_responsable,,,400,,,
11,84.4,75.3,-9.1,-13.1,-14.8,continúa,unidad_responsable,,,411,,,
12,82.0,73.1,-8.9,-12.8,-14.9,continúa,unidad_responsable,,,111,,,
15,35.0,26.1,-8.8,-10.5,-28.7,continúa,unidad_responsable,,,410,,,
18,8.8,0.0,-8.8,-9.2,-100.0,desaparece,unidad_responsable,,,515,,,
09,58.2,49.4,-8.8,-11.6,-19.0,continúa,unidad_responsable,,,214,,,
08,37.6,29.2,-8.4,-10.2,-25.9,continúa,unidad_responsable,,,111,,,
20,25.3,16.9,-8.4,-9.6,-36.2,continúa,unidad_responsable,,,141,,,
08,272.1,263.7,-8.3,-21.4,-7.5,continúa,unidad_responsable,,,I6L,,,
20,34.4,26.1,-8.3,-10.0,-27.7,continúa,unidad_responsable,,,127,,,
12,67.0,58.7,-8.3,-11.5,-16.4,continúa,unidad_responsable,,,300,,,
09,34.7,26.7,-7.9,-9.6,-26.5,continúa,unidad_responsable,,,114,,,
06,138.2,130.3,-7.9,-14.5,-10.0,continúa,unidad_responsable,,,210,,,
14,63.2,55.5,-7.7,-10.8,-16.3,continúa,unidad_responsable,,,100,,,
20,21.6,13.8,-7.7,-8.8,-38.8,continúa,unidad_responsable,,,146,,,
05,478.7,471.1,-7.6,-30.5,-6.1,continúa,unidad_responsable,,,613,,,
10,126.0,118.6,-7.4,-13.5,-10.2,continúa,unidad_responsable,,,610,,,
14,104.3,96.9,-7.4,-12.4,-11.4,continúa,unidad_responsable,,,600,,,
20,24.0,16.6,-7.4,-8.5,-33.9,continúa,unidad_responsable,,,135,,,
14,36.4,29.2,-7.2,-8.9,-23.4,continúa,unidad_responsable,,,610,,,
08,7.1,0.0,-7.1,-7.5,-100.0,desaparece,unidad_responsable,,,212,,,
08,6.9,0.0,-6.9,-7.3,-100.0,desaparece,unidad_responsable,,,315,,,
11,70.3,63.5,-6.8,-10.2,-13.8,continúa,unidad_responsable,,,415,,,
12,38.8,32.1,-6.8,-8.6,-21.2,continúa,unidad_responsable,,,171,,,
45,6.8,0.0,-6.8,-7.1,-100.0,desaparece,unidad_responsable,,,220,,,
10,130.9,124.1,-6.7,-13.0,-9.5,continúa,unidad_responsable,,,500,,,
11,61.2,54.6,-6.7,-9.6,-15.0,continúa,unidad_responsable,,,113,,,
21,142.4,135.9,-6.5,-13.4,-9.0,continúa,unidad_responsable,,,W3S,,,
45,6.4,0.0,-6.4,-6.7,-100.0,desaparece,unidad_responsable,,,200,,,
11,21.9,15.5,-6.4,-7.4,-32.3,continúa,unidad_responsable,,,715,,,
20,25.8,19.5,-6.3,-7.6,-27.9,continúa,unidad_responsable,,,151,,,
08,6.2,0.0,-6.2,-6.5,-100.0,desaparece,unidad_responsable,,,312,,,
08,6.2,0.0,-6.2,-6.5,-100.0,desaparece,unidad_responsable,,,314,,,
08,63.2,57.1,-6.1,-9.2,-13.9,continúa,unidad_responsable,,,IZI,,,
20,25.9,19.9,-6.0,-7.3,-26.8,continúa,unidad_responsable,,,121,,,
08,5.8,0.0,-5.8,-6.1,-100.0,desaparece,unidad_responsable,,,411,,,
18,5.7,0.0,-5.7,-6.0,-100.0,desaparece,unidad_responsable,,,520,,,
11,45.4,39.7,-5.7,-7.9,-16.5,continúa,unidad_responsable,,,MGC,,,
08,5.4,0.0,-5.4,-5.7,-100.0,desaparece,unidad_responsable,,,108,,,
04,148.5,143.1,-5.4,-12.5,-8.1,continúa,unidad_responsable,,,EZQ,,,
49,115.1,109.7,-5.4,-10.9,-9.0,continúa,unidad_responsable,,,261,,,
13,630.5,625.1,-5.4,-35.6,-5.4,continúa,unidad_responsable,,,118,,,
08,5.3,0.0,-5.3,-5.6,-100.0,desaparece,unidad_responsable,,,410,,,
16,58.9,53.6,-5.3,-8.1,-13.1,continúa,unidad_responsable,,,600,,,
14,447.6,442.4,-5.2,-26.7,-5.7,continúa,unidad_responsable,,,PBE,,,
08,5.0,0.0,-5.0,-5.3,-100.0,desaparece,unidad_responsable,,,413,,,
49,53.5,48.5,-5.0,-7.6,-13.5,continúa,unidad_responsable,,,840,,,
18,4.9,0.0,-4.9,-5.1,-100.0,desaparece,unidad_responsable,,,115,,,
15,66.7,61.9,-4.8,-8.0,-11.4,continúa,unidad_responsable,,,120,,,
12,23.7,18.9,-4.8,-5.9,-23.8,continúa,unidad_responsable,,,614,,,
08,41.7,37.0,-4.7,-6.7,-15.3,continúa,unidad_responsable,,,100,,,
20,77.5,72.8,-4.6,-8.3,-10.3,continúa,unidad_responsable,,,100,,,
49,24.6,20.0,-4.6,-5.8,-22.4,continúa,unidad_responsable,,,310,,,
20,28.0,23.5,-4.6,-5.9,-20.1,continúa,unidad_responsable,,,130,,,
20,20.5,16.0,-4.6,-5.5,-25.8,continúa,unidad_responsable,,,122,,,
49,25.8,21.3,-4.5,-5.7,-21.2,continúa,unidad_responsable,,,640,,,
16,4.5,0.0,-4.5,-4.7,-100.0,desaparece,unidad_responsable,,,414,,,
49,61.3,56.8,-4.5,-7.4,-11.6,continúa,unidad_responsable,,,814,,,
46,4.4,0.0,-4.4,-4.6,-100.0,desaparece,unidad_responsable,,,200,,,
04,58.8,54.4,-4.4,-7.2,-11.7,continúa,unidad_responsable,,,T00,,,
49,11.4,7.0,-4.4,-4.9,-41.1,continúa,unidad_responsable,,,263,,,
08,4.2,0.0,-4.2,-4.4,-100.0,desaparece,unidad_responsable,,,214,,,
10,52.4,48.2,-4.2,-6.7,-12.3,continúa,unidad_responsable,,,510,,,
14,88.9,84.7,-4.2,-8.5,-9.1,continúa,unidad_responsable,,,510,,,
14,26.8,22.6,-4.2,-5.5,-19.4,continúa,unidad_responsable,,,630,,,
05,154.2,150.0,-4.2,-11.6,-7.2,continúa,unidad_responsable,,,311,,,
48,143.8,139.8,-4.0,-10.9,-7.2,continúa,unidad_responsable,,,MHL,,,
10,178.1,174.1,-4.0,-12.5,-6.7,continúa,unidad_responsable,,,K2H,,,
16,17.6,13.6,-3.9,-4.8,-26.0,continúa,unidad_responsable,,,500,,,
10,68.5,64.7,-3.9,-7.2,-10.0,continúa,unidad_responsable,,,192,,,
11,62.2,58.5,-3.7,-6.7,-10.2,continúa,unidad_responsable,,,111,,,
16,60.2,56.5,-3.7,-6.5,-10.4,continúa,unidad_responsable,,,417,,,
20,30.6,27.0,-3.5,-5.0,-15.6,continúa,unidad_responsable,,,136,,,
15,12.7,9.2,-3.5,-4.1,-31.0,continúa,unidad_responsable,,,113,,,
20,16.4,12.9,-3.5,-4.3,-24.8,continúa,unidad_responsable,,,145,,,
20,15.3,11.9,-3.4,-4.2,-26.0,continúa,unidad_responsable,,,125,,,
49,22.0,18.7,-3.3,-4.4,-18.9,continúa,unidad_responsable,,,910,,,
49,40.1,36.8,-3.3,-5.2,-12.4,continúa,unidad_responsable,,,613,,,
32,34.8,31.5,-3.3,-4.9,-13.6,continúa,unidad_responsable,,,219,,,
49,11.7,8.5,-3.1,-3.7,-30.1,continúa,unidad_responsable,,,264,,,
49,12.4,9.3,-3.1,-3.7,-28.3,continúa,unidad_responsable,,,265,,,
06,92.3,89.3,-3.1,-7.5,-7.7,continúa,unidad_responsable,,,114,,,
10,64.2,61.2,-3.0,-6.1,-9.0,continúa,unidad_responsable,,,440,,,
06,81.5,78.5,-3.0,-6.9,-8.1,continúa,unidad_responsable,,,100,,,
11,93.7,90.7,-2.9,-7.4,-7.6,continúa,unidad_responsable,,,100,,,
49,105.5,102.6,-2.9,-7.9,-7.2,continúa,unidad_responsable,,,334,,,
16,58.7,55.8,-2.9,-5.7,-9.2,continúa,unidad_responsable,,,617,,,
20,20.8,18.0,-2.8,-3.8,-17.6,continúa,unidad_responsable,,,133,,,
08,36.2,33.4,-2.8,-4.6,-12.0,continúa,unidad_responsable,,,I9H,,,
48,46.9,44.1,-2.8,-5.0,-10.3,continúa,unidad_responsable,,,L9Y,,,
14,93.7,91.0,-2.8,-7.3,-7.4,continúa,unidad_responsable,,,500,,,
49,34.7,32.0,-2.7,-4.4,-12.1,continúa,unidad_responsable,,,326,,,
20,28.7,26.0,-2.7,-4.1,-13.6,continúa,unidad_responsable,,,150,,,
21,63.6,60.9,-2.7,-5.8,-8.6,continúa,unidad_responsable,,,100,,,
12,44.9,42.2,-2.7,-4.9,-10.3,continúa,unidad_responsable,,,170,,,
14,32.0,29.3,-2.7,-4.2,-12.6,continúa,unidad_responsable,,,300,,,
16,26.2,23.5,-2.7,-3.9,-14.3,continúa,unidad_responsable,,,100,,,
20,20.6,18.0,-2.6,-3.6,-16.7,continúa,unidad_responsable,,,128,,,
32,59.8,57.2,-2.6,-5.4,-8.7,continúa,unidad_responsable,,,410,,,
06,129.4,126.8,-2.6,-8.8,-6.5,continúa,unidad_responsable,,,716,,,
08,2.5,0.0,-2.5,-2.7,-100.0,desaparece,unidad_responsable,,,109,,,
49,73.5,71.0,-2.5,-6.1,-7.9,continúa,unidad_responsable,,,327,,,
21,29.3,26.7,-2.5,-3.9,-12.8,continúa,unidad_responsable,,,800,,,
05,58.1,55.7,-2.4,-5.1,-8.5,continúa,unidad_responsable,,,J00,,,
20,17.3,15.0,-2.3,-3.2,-17.5,continúa,unidad_responsable,,,123,,,
20,21.9,19.6,-2.3,-3.4,-14.7,continúa,unidad_responsable,,,140,,,
12,19.2,16.9,-2.3,-3.2,-16.1,continúa,unidad_responsable,,,600,,,
20,19.1,16.8,-2.3,-3.2,-16.1,continúa,unidad_responsable,,,149,,,
11,57.8,55.5,-2.3,-5.0,-8.3,continúa,unidad_responsable,,,300,,,
18,2.2,0.0,-2.2,-2.3,-100.0,desaparece,unidad_responsable,,,318,,,
11,15.4,13.2,-2.2,-2.9,-18.2,continúa,unidad_responsable,,,412,,,
20,18.6,16.4,-2.2,-3.1,-15.8,continúa,unidad_responsable,,,148,,,
05,162.1,160.0,-2.1,-9.9,-5.8,continúa,unidad_responsable,,,151,,,
48,29.1,27.1,-2.1,-3.5,-11.4,continúa,unidad_responsable,,,L8P,,,
27,22.8,20.8,-2.0,-3.1,-12.8,continúa,unidad_responsable,,,100,,,
16,52.2,50.2,-2.0,-4.5,-8.2,continúa,unidad_responsable,,,511,,,
21,73.1,71.1,-2.0,-5.5,-7.1,continúa,unidad_responsable,,,510,,,
12,27.6,25.7,-2.0,-3.3,-11.3,continúa,unidad_responsable,,,Q00,,,
20,15.0,13.1,-1.9,-2.6,-16.8,continúa,unidad_responsable,,,143,,,
32,32.2,30.3,-1.9,-3.5,-10.2,continúa,unidad_responsable,,,304,,,
14,31.9,30.0,-1.9,-3.4,-10.3,continúa,unidad_responsable,,,511,,,
18,1.8,0.0,-1.8,-1.9,-100.0,desaparece,unidad_responsable,,,116,,,
16,48.8,46.9,-1.8,-4.2,-8.2,continúa,unidad_responsable,,,618,,,
20,23.9,22.1,-1.7,-2.9,-11.6,continúa,unidad_responsable,,,138,,,
16,42.8,41.0,-1.7,-3.8,-8.4,continúa,unidad_responsable,,,615,,,
06,80.2,78.5,-1.7,-5.5,-6.6,continúa,unidad_responsable,,,400,,,
06,90.9,89.2,-1.7,-6.0,-6.3,continúa,unidad_responsable,,,200,,,
49,54.3,52.6,-1.7,-4.3,-7.5,continúa,unidad_responsable,,,332,,,
06,45.0,43.3,-1.7,-3.8,-8.1,continúa,unidad_responsable,,,614,,,
10,76.5,74.8,-1.6,-5.3,-6.6,continúa,unidad_responsable,,,532,,,
16,26.1,24.5,-1.6,-2.9,-10.4,continúa,unidad_responsable,,,111,,,
48,76.5,74.9,-1.6,-5.2,-6.5,continúa,unidad_responsable,,,MDB,,,
20,19.5,18.0,-1.6,-2.5,-12.2,continúa,unidad_responsable,,,137,,,
10,66.1,64.5,-1.6,-4.7,-6.8,continúa,unidad_responsable,,,470,,,
14,26.0,24.5,-1.5,-2.7,-10.1,continúa,unidad_responsable,,,668,,,
16,43.4,41.9,-1.5,-3.6,-7.9,continúa,unidad_responsable,,,616,,,
16,28.3,26.8,-1.5,-2.8,-9.6,continúa,unidad_responsable,,,116,,,
16,14.6,13.2,-1.5,-2.2,-14.1,continúa,unidad_responsable,,,115,,,
49,48.3,46.9,-1.5,-3.8,-7.4,continúa,unidad_responsable,,,337,,,
06,104.3,102.9,-1.4,-6.4,-5.9,continúa,unidad_responsable,,,715,,,
15,4.0,2.6,-1.4,-1.6,-37.7,continúa,unidad_responsable,,,139,,,
15,3.6,2.2,-1.4,-1.6,-41.3,continúa,unidad_responsable,,,130,,,
14,30.1,28.8,-1.4,-2.8,-9.0,continúa,unidad_responsable,,,653,,,
12,33.4,32.0,-1.4,-3.0,-8.5,continúa,unidad_responsable,,,V00,,,
06,49.7,48.4,-1.4,-3.7,-7.2,continúa,unidad_responsable,,,500,,,
10,231.8,230.4,-1.4,-12.5,-5.1,continúa,unidad_responsable,,,LAU,,,
15,6.7,5.3,-1.4,-1.7,-23.9,continúa,unidad_responsable,,,141,,,
15,7.3,6.0,-1.3,-1.7,-22.2,continúa,unidad_responsable,,,146,,,
15,7.3,6.0,-1.3,-1.7,-22.1,continúa,unidad_responsable,,,145,,,
10,46.9,45.5,-1.3,-3.6,-7.3,continúa,unidad_responsable,,,191,,,
10,23.3,22.0,-1.3,-2.4,-10.0,continúa,unidad_responsable,,,611,,,
20,21.0,19.7,-1.3,-2.3,-10.5,continúa,unidad_responsable,,,147,,,
10,103.0,101.7,-1.3,-6.2,-5.8,continúa,unidad_responsable,,,416,,,
49,16.9,15.6,-1.3,-2.1,-11.7,continúa,unidad_responsable,,,112,,,
49,13.8,12.5,-1.3,-1.9,-13.3,continúa,unidad_responsable,,,901,,,
10,49.2,48.0,-1.2,-3.6,-7.0,continúa,unidad_responsable,,,531,,,
15,5.1,3.9,-1.2,-1.5,-27.4,continúa,unidad_responsable,,,132,,,
08,17.5,16.3,-1.2,-2.1,-11.2,continúa,unidad_responsable,,,AFU,,,
20,18.7,17.5,-1.2,-2.1,-10.8,continúa,unidad_responsable,,,126,,,
14,41.7,40.5,-1.2,-3.2,-7.2,continúa,unidad_responsable,,,671,,,
16,41.1,40.0,-1.1,-3.1,-7.2,continúa,unidad_responsable,,,112,,,
49,18.5,17.3,-1.1,-2.0,-10.4,continúa,unidad_responsable,,,254,,,
15,5.6,4.5,-1.1,-1.4,-23.5,continúa,unidad_responsable,,,137,,,
14,10.6,9.5,-1.1,-1.6,-14.5,continúa,unidad_responsable,,,161,,,
20,5.0,4.0,-1.1,-1.3,-24.8,continúa,unidad_responsable,,,212,,,
15,11.7,10.7,-1.1,-1.6,-13.2,continúa,unidad_responsable,,,133,,,
15,9.2,8.2,-1.1,-1.5,-15.4,continúa,unidad_responsable,,,514,,,
15,7.7,6.6,-1.1,-1.4,-17.7,continúa,unidad_responsable,,,151,,,
15,4.3,3.3,-1.0,-1.2,-27.1,continúa,unidad_responsable,,,128,,,
15,3.4,2.4,-1.0,-1.2,-32.4,continúa,unidad_responsable,,,143,,,
15,3.4,2.4,-1.0,-1.1,-32.1,continúa,unidad_responsable,,,138,,,
15,8.6,7.7,-1.0,-1.4,-15.3,continúa,unidad_responsable,,,136,,,
20,9.2,8.2,-1.0,-1.4,-14.7,continúa,unidad_responsable,,,711,,,
21,19.2,18.2,-1.0,-1.9,-9.4,continúa,unidad_responsable,,,112,,,
20,13.9,12.9,-1.0,-1.6,-11.2,continúa,unidad_responsable,,,144,,,
10,75.2,74.3,-1.0,-4.6,-5.8,continúa,unidad_responsable,,,100,,,
11,1.0,0.1,-1.0,-1.0,-95.1,continúa,unidad_responsable,,,170,,,
36,28.1,27.2,-1.0,-2.3,-7.8,continúa,unidad_responsable,,,121,,,
15,5.1,4.1,-0.9,-1.2,-22.1,continúa,unidad_responsable,,,144,,,
16,23.8,22.9,-0.9,-2.0,-8.2,continúa,unidad_responsable,,,122,,,
36,28.5,27.6,-0.9,-2.3,-7.5,continúa,unidad_responsable,,,122,,,
11,0.9,0.0,-0.9,-0.9,-99.8,continúa,unidad_responsable,,,112,,,
36,51.0,50.1,-0.9,-3.3,-6.2,continúa,unidad_responsable,,,223,,,
32,8.5,7.6,-0.9,-1.3,-14.4,continúa,unidad_responsable,,,400,,,
14,15.3,14.4,-0.9,-1.6,-10.0,continúa,unidad_responsable,,,657,,,
06,41.6,40.7,-0.9,-2.9,-6.6,continúa,unidad_responsable,,,512,,,
10,30.6,29.7,-0.9,-2.3,-7.3,continúa,unidad_responsable,,,400,,,
06,26.2,25.3,-0.9,-2.1,-7.7,continúa,unidad_responsable,,,418,,,
14,14.7,13.8,-0.9,-1.6,-10.1,continúa,unidad_responsable,,,650,,,
15,13.6,12.7,-0.8,-1.5,-10.4,continúa,unidad_responsable,,,140,,,
11,0.9,0.1,-0.8,-0.9,-90.6,continúa,unidad_responsable,,,417,,,
14,22.0,21.2,-0.8,-1.8,-8.0,continúa,unidad_responsable,,,119,,,
27,0.8,0.0,-0.8,-0.8,-100.0,desaparece,unidad_responsable,,,300,,,
21,18.9,18.1,-0.8,-1.7,-8.5,continúa,unidad_responsable,,,500,,,
15,4.7,3.9,-0.8,-1.0,-20.3,continúa,unidad_responsable,,,134,,,
12,77.6,76.9,-0.8,-4.5,-5.5,continúa,unidad_responsable,,,E00,,,
14,21.9,21.2,-0.8,-1.8,-7.9,continúa,unidad_responsable,,,644,,,
14,13.6,12.8,-0.7,-1.4,-9.8,continúa,unidad_responsable,,,647,,,
14,11.0,10.3,-0.7,-1.3,-10.9,continúa,unidad_responsable,,,646,,,
32,42.2,41.5,-0.7,-2.7,-6.2,continúa,unidad_responsable,,,120,,,
11,0.9,0.2,-0.7,-0.7,-77.3,continúa,unidad_responsable,,,172,,,
14,15.2,14.5,-0.7,-1.4,-9.0,continúa,unidad_responsable,,,664,,,
16,18.7,18.0,-0.7,-1.6,-8.2,continúa,unidad_responsable,,,416,,,
36,24.1,23.4,-0.7,-1.9,-7.4,continúa,unidad_responsable,,,124,,,
16,24.6,23.9,-0.7,-1.9,-7.3,continúa,unidad_responsable,,,513,,,
08,11.3,10.7,-0.7,-1.2,-10.3,continúa,unidad_responsable,,,200,,,
14,19.2,18.5,-0.7,-1.6,-7.9,continúa,unidad_responsable,,,666,,,
36,24.6,24.0,-0.7,-1.8,-7.2,continúa,unidad_responsable,,,123,,,
16,16.3,15.7,-0.7,-1.4,-8.4,continúa,unidad_responsable,,,415,,,
14,11.1,10.5,-0.6,-1.1,-9.8,continúa,unidad_responsable,,,643,,,
14,8.0,7.3,-0.6,-1.0,-11.9,continúa,unidad_responsable,,,645,,,
21,10.4,9.8,-0.6,-1.1,-10.1,continúa,unidad_responsable,,,712,,,
15,6.5,5.9,-0.6,-0.9,-13.3,continúa,unidad_responsable,,,150,,,
14,10.4,9.8,-0.6,-1.1,-10.0,continúa,unidad_responsable,,,670,,,
14,14.3,13.7,-0.6,-1.3,-8.5,continúa,unidad_responsable,,,649,,,
15,5.9,5.3,-0.6,-0.9,-14.2,continúa,unidad_responsable,,,147,,,
14,30.6,30.0,-0.6,-2.1,-6.4,continúa,unidad_responsable,,,620,,,
14,14.9,14.3,-0.6,-1.3,-8.4,continúa,unidad_responsable,,,641,,,
49,42.5,42.0,-0.6,-2.6,-5.9,continúa,unidad_responsable,,,370,,,
49,33.7,33.1,-0.6,-2.2,-6.2,continúa,unidad_responsable,,,351,,,
14,11.3,10.7,-0.6,-1.1,-9.5,continúa,unidad_responsable,,,655,,,
36,19.9,19.4,-0.6,-1.5,-7.3,continúa,unidad_responsable,,,133,,,
14,9.9,9.3,-0.6,-1.0,-10.0,continúa,unidad_responsable,,,661,,,
15,5.5,4.9,-0.6,-0.8,-14.3,continúa,unidad_responsable,,,123,,,
15,3.0,2.5,-0.6,-0.7,-22.2,continúa,unidad_responsable,,,131,,,
14,10.2,9.6,-0.5,-1.0,-9.7,continúa,unidad_responsable,,,665,,,
15,5.2,4.6,-0.5,-0.8,-14.5,continúa,unidad_responsable,,,148,,,
36,27.3,26.8,-0.5,-1.8,-6.4,continúa,unidad_responsable,,,182,,,
16,18.2,17.7,-0.5,-1.4,-7.3,continúa,unidad_responsable,,,114,,,
10,27.6,27.1,-0.5,-1.8,-6.3,continúa,unidad_responsable,,,600,,,
14,8.2,7.7,-0.5,-0.9,-10.4,continúa,unidad_responsable,,,642,,,
20,25.4,24.9,-0.5,-1.7,-6.5,continúa,unidad_responsable,,,210,,,
14,15.4,14.9,-0.5,-1.2,-7.7,continúa,unidad_responsable,,,663,,,
16,22.0,21.5,-0.5,-1.6,-6.7,continúa,unidad_responsable,,,127,,,
14,22.5,22.0,-0.5,-1.6,-6.6,continúa,unidad_responsable,,,652,,,
15,7.8,7.3,-0.5,-0.9,-10.5,continúa,unidad_responsable,,,127,,,
15,5.7,5.2,-0.5,-0.8,-12.6,continúa,unidad_responsable,,,149,,,
15,4.9,4.5,-0.5,-0.7,-13.8,continúa,unidad_responsable,,,135,,,
15,2.3,1.8,-0.5,-0.6,-24.4,continúa,unidad_responsable,,,152,,,
36,21.9,21.4,-0.5,-1.5,-6.6,continúa,unidad_responsable,,,171,,,
16,16.0,15.6,-0.5,-1.2,-7.3,continúa,unidad_responsable,,,141,,,
14,14.4,13.9,-0.5,-1.1,-7.6,continúa,unidad_responsable,,,651,,,
36,19.6,19.2,-0.4,-1.4,-6.7,continúa,unidad_responsable,,,131,,,
15,3.6,3.1,-0.4,-0.6,-16.3,continúa,unidad_responsable,,,122,,,
16,11.2,10.8,-0.4,-1.0,-8.1,continúa,unidad_responsable,,,133,,,
49,80.7,80.3,-0.4,-4.3,-5.1,continúa,unidad_responsable,,,350,,,
14,13.2,12.8,-0.4,-1.0,-7.5,continúa,unidad_responsable,,,660,,,
49,48.7,48.3,-0.4,-2.7,-5.4,continúa,unidad_responsable,,,330,,,
05,21.5,21.1,-0.4,-1.4,-6.3,continúa,unidad_responsable,,,I00,,,
49,42.5,42.1,-0.4,-2.4,-5.5,continúa,unidad_responsable,,,343,,,
49,41.8,41.4,-0.4,-2.4,-5.5,continúa,unidad_responsable,,,344,,,
14,12.7,12.3,-0.4,-1.0,-7.5,continúa,unidad_responsable,,,654,,,
15,5.3,4.9,-0.4,-0.6,-11.4,continúa,unidad_responsable,,,142,,,
15,4.7,4.4,-0.4,-0.6,-12.1,continúa,unidad_responsable,,,126,,,
10,56.3,55.9,-0.4,-3.1,-5.2,continúa,unidad_responsable,,,712,,,
15,4.5,4.1,-0.4,-0.6,-12.5,continúa,unidad_responsable,,,124,,,
14,9.5,9.2,-0.4,-0.8,-8.2,continúa,unidad_responsable,,,648,,,
14,10.2,9.8,-0.4,-0.9,-8.0,continúa,unidad_responsable,,,667,,,
14,28.3,27.9,-0.4,-1.7,-5.8,continúa,unidad_responsable,,,117,,,
15,4.5,4.1,-0.3,-0.6,-12.1,continúa,unidad_responsable,,,121,,,
21,16.9,16.5,-0.3,-1.2,-6.5,continúa,unidad_responsable,,,700,,,
14,9.2,8.9,-0.3,-0.8,-8.1,continúa,unidad_responsable,,,640,,,
14,11.0,10.6,-0.3,-0.9,-7.5,continúa,unidad_responsable,,,658,,,
08,0.3,0.0,-0.3,-0.3,-100.0,desaparece,unidad_responsable,,,612,,,
16,16.6,16.3,-0.3,-1.1,-6.5,continúa,unidad_responsable,,,125,,,
20,16.5,16.2,-0.3,-1.1,-6.5,continúa,unidad_responsable,,,134,,,
16,11.0,10.7,-0.3,-0.8,-7.3,continúa,unidad_responsable,,,131,,,
20,21.7,21.4,-0.3,-1.4,-5.9,continúa,unidad_responsable,,,152,,,
13,31.1,30.8,-0.3,-1.8,-5.5,continúa,unidad_responsable,,,114,,,
14,16.7,16.4,-0.3,-1.1,-6.3,continúa,unidad_responsable,,,659,,,
21,17.6,17.3,-0.3,-1.1,-6.2,continúa,unidad_responsable,,,416,,,
11,5.6,5.3,-0.3,-0.6,-9.4,continúa,unidad_responsable,,,413,,,
16,15.4,15.1,-0.3,-1.0,-6.3,continúa,unidad_responsable,,,146,,,
20,15.0,14.8,-0.3,-1.0,-6.3,continúa,unidad_responsable,,,139,,,
21,16.4,16.2,-0.3,-1.1,-6.2,continúa,unidad_responsable,,,400,,,
36,5.2,5.0,-0.3,-0.5,-9.5,continúa,unidad_responsable,,,220,,,
16,20.3,20.0,-0.3,-1.2,-5.9,continúa,unidad_responsable,,,128,,,
15,58.8,58.6,-0.3,-3.1,-5.0,continúa,unidad_responsable,,,413,,,
36,17.8,17.6,-0.2,-1.1,-5.9,continúa,unidad_responsable,,,132,,,
15,2.1,1.8,-0.2,-0.3,-15.8,continúa,unidad_responsable,,,125,,,
21,10.1,9.8,-0.2,-0.7,-6.8,continúa,unidad_responsable,,,415,,,
08,0.2,0.0,-0.2,-0.2,-100.0,desaparece,unidad_responsable,,,611,,,
49,19.4,19.1,-0.2,-1.1,-5.7,continúa,unidad_responsable,,,630,,,
21,12.7,12.5,-0.2,-0.8,-6.1,continúa,unidad_responsable,,,412,,,
20,18.5,18.3,-0.2,-1.1,-5.6,continúa,unidad_responsable,,,124,,,
05,15.4,15.2,-0.2,-0.9,-5.8,continúa,unidad_responsable,,,141,,,
06,45.2,45.0,-0.2,-2.4,-5.0,continúa,unidad_responsable,,,214,,,
16,23.3,23.1,-0.2,-1.3,-5.3,continúa,unidad_responsable,,,140,,,
21,22.5,22.3,-0.2,-1.3,-5.3,continúa,unidad_responsable,,,512,,,
14,9.3,9.2,-0.2,-0.6,-6.3,continúa,unidad_responsable,,,656,,,
14,10.2,10.1,-0.2,-0.6,-6.0,continúa,unidad_responsable,,,669,,,
21,15.7,15.6,-0.1,-0.9,-5.5,continúa,unidad_responsable,,,414,,,
16,12.0,11.9,-0.1,-0.7,-5.7,continúa,unidad_responsable,,,152,,,
16,13.6,13.5,-0.1,-0.8,-5.6,continúa,unidad_responsable,,,137,,,
16,11.8,11.7,-0.1,-0.7,-5.7,continúa,unidad_responsable,,,149,,,
49,21.0,20.8,-0.1,-1.1,-5.2,continúa,unidad_responsable,,,259,,,
11,7.7,7.6,-0.1,-0.5,-6.1,continúa,unidad_responsable,,,G00,,,
49,29.2,29.1,-0.1,-1.5,-5.0,continúa,unidad_responsable,,,320,,,
21,15.2,15.1,-0.1,-0.8,-5.3,continúa,unidad_responsable,,,711,,,
16,19.0,18.9,-0.1,-1.0,-5.1,continúa,unidad_responsable,,,145,,,
10,10.5,10.4,-0.1,-0.6,-5.5,continúa,unidad_responsable,,,514,,,
06,114.5,114.4,-0.1,-5.6,-4.7,continúa,unidad_responsable,,,511,,,
16,21.5,21.4,-0.1,-1.1,-5.0,continúa,unidad_responsable,,,124,,,
16,13.3,13.2,-0.1,-0.7,-5.2,continúa,unidad_responsable,,,121,,,
10,85.8,85.7,-0.1,-4.2,-4.7,continúa,unidad_responsable,,,530,,,
08,25.5,25.5,-0.1,-1.3,-4.9,continúa,unidad_responsable,,,500,,,
49,10.0,9.9,-0.1,-0.6,-5.3,continúa,unidad_responsable,,,257,,,
21,19.8,19.7,-0.1,-1.0,-4.9,continúa,unidad_responsable,,,413,,,
21,13.6,13.5,-0.1,-0.7,-5.1,continúa,unidad_responsable,,,811,,,
08,0.1,0.0,-0.1,-0.1,-100.0,desaparece,unidad_responsable,,,610,,,
14,12.4,12.3,-0.1,-0.7,-5.1,continúa,unidad_responsable,,,662,,,
08,0.1,0.0,-0.1,-0.1,-100.0,desaparece,unidad_responsable,,,711,,,
21,8.5,8.5,-0.1,-0.5,-5.3,continúa,unidad_responsable,,,411,,,
21,12.0,12.0,-0.1,-0.6,-5.1,continúa,unidad_responsable,,,710,,,
15,32.0,31.9,-0.1,-1.6,-4.7,continúa,unidad_responsable,,,512,,,
05,11.5,11.4,-0.1,-0.6,-5.0,continúa,unidad_responsable,,,617,,,
36,15.5,15.5,-0.0,-0.8,-4.9,continúa,unidad_responsable,,,172,,,
21,15.9,15.9,-0.0,-0.8,-4.8,continúa,unidad_responsable,,,810,,,
21,14.2,14.1,-0.0,-0.7,-4.9,continúa,unidad_responsable,,,513,,,
15,0.0,0.0,-0.0,-0.0,-100.0,desaparece,unidad_responsable,,,212,,,
16,14.6,14.6,-0.0,-0.7,-4.8,continúa,unidad_responsable,,,142,,,
13,38.0,37.9,-0.0,-1.8,-4.6,continúa,unidad_responsable,,,400,,,
16,20.1,20.1,-0.0,-1.0,-4.7,continúa,unidad_responsable,,,138,,,
16,15.1,15.1,-0.0,-0.7,-4.7,continúa,unidad_responsable,,,144,,,
08,0.0,0.0,-0.0,-0.0,-100.0,desaparece,unidad_responsable,,,710,,,
16,13.2,13.2,-0.0,-0.6,-4.6,continúa,unidad_responsable,,,147,,,
49,4.7,4.6,-0.0,-0.2,-4.7,continúa,unidad_responsable,,,650,,,
49,33.1,33.1,-0.0,-1.6,-4.6,continúa,unidad_responsable,,,352,,,
10,9.7,9.7,-0.0,-0.5,-4.6,continúa,unidad_responsable,,,190,,,
47,399.4,399.4,-0.0,-19.2,-4.6,continúa,unidad_responsable,,,AYN,,,
49,205.6,205.6,-0.0,-9.9,-4.6,continúa,unidad_responsable,,,700,,,
49,37.1,37.1,-0.0,-1.8,-4.6,continúa,unidad_responsable,,,572,,,
49,12.2,12.2,-0.0,-0.6,-4.6,continúa,unidad_responsable,,,416,,,
49,19.4,19.4,-0.0,-0.9,-4.6,continúa,unidad_responsable,,,430,,,
49,47.6,47.6,0.0,-2.3,-4.6,continúa,unidad_responsable,,,420,,,
49,19.5,19.5,0.0,-0.9,-4.6,continúa,unidad_responsable,,,460,,,
01,9602.7,9602.7,0.0,-460.9,-4.6,continúa,unidad_responsable,,,100,,,
49,35.8,35.8,0.0,-1.7,-4.6,continúa,unidad_responsable,,,540,,,
49,27.7,27.7,0.0,-1.3,-4.6,continúa,unidad_responsable,,,450,,,
49,60.9,60.9,0.0,-2.9,-4.6,continúa,unidad_responsable,,,440,,,
49,30.7,30.7,0.0,-1.5,-4.6,continúa,unidad_responsable,,,550,,,
49,123.7,123.7,0.0,-5.9,-4.6,continúa,unidad_responsable,,,570,,,
49,19.4,19.4,0.0,-0.9,-4.6,continúa,unidad_responsable,,,530,,,
49,650.6,650.6,0.0,-31.2,-4.6,continúa,unidad_responsable,,,400,,,
47,253.8,253.8,0.0,-12.2,-4.6,continúa,unidad_responsable,,,EZN,,,
49,15.0,15.0,0.0,-0.7,-4.6,continúa,unidad_responsable,,,470,,,
49,55.7,55.7,0.0,-2.7,-4.6,continúa,unidad_responsable,,,571,,,
10,2.5,2.5,0.0,-0.1,-4.4,continúa,unidad_responsable,,,540,,,
49,55.8,55.8,0.0,-2.7,-4.6,continúa,unidad_responsable,,,325,,,
20,18.5,18.5,0.0,-0.9,-4.5,continúa,unidad_responsable,,,142,,,
02,0.4,0.4,0.0,0.0,0.3,continúa,unidad_responsable,,,138,,,
06,44.5,44.5,0.0,-2.1,-4.5,continúa,unidad_responsable,,,613,,,
02,0.2,0.2,0.0,0.0,4.1,continúa,unidad_responsable,,,139,,,
13,30.1,30.1,0.0,-1.4,-4.5,continúa,unidad_responsable,,,N9W,,,
08,22.4,22.4,0.0,-1.0,-4.5,continúa,unidad_responsable,,,112,,,
36,38.2,38.2,0.0,-1.8,-4.5,continúa,unidad_responsable,,,181,,,
49,33.6,33.6,0.0,-1.6,-4.5,continúa,unidad_responsable,,,920,,,
06,57.2,57.3,0.0,-2.7,-4.5,continúa,unidad_responsable,,,410,,,
15,4.2,4.3,0.0,-0.2,-3.9,continúa,unidad_responsable,,,129,,,
16,31.6,31.6,0.0,-1.5,-4.5,continúa,unidad_responsable,,,136,,,
02,0.3,0.3,0.0,0.0,6.2,continúa,unidad_responsable,,,114,,,
15,8.0,8.1,0.0,-0.3,-4.1,continúa,unidad_responsable,,,513,,,
02,0.3,0.4,0.0,0.0,7.1,continúa,unidad_responsable,,,129,,,
15,40.2,40.3,0.0,-1.9,-4.5,continúa,unidad_responsable,,,100,,,
49,69.2,69.3,0.0,-3.3,-4.5,continúa,unidad_responsable,,,336,,,
49,129.1,129.1,0.1,-6.1,-4.5,continúa,unidad_responsable,,,100,,,
16,20.0,20.0,0.1,-0.9,-4.3,continúa,unidad_responsable,,,143,,,
21,9.1,9.1,0.1,-0.4,-3.9,continúa,unidad_responsable,,,812,,,
36,5.0,5.1,0.1,-0.2,-3.3,continúa,unidad_responsable,,,120,,,
20,24.3,24.4,0.1,-1.1,-4.3,continúa,unidad_responsable,,,110,,,
49,28.7,28.8,0.1,-1.3,-4.3,continúa,unidad_responsable,,,321,,,
16,18.0,18.1,0.1,-0.8,-4.2,continúa,unidad_responsable,,,151,,,
16,13.9,13.9,0.1,-0.6,-4.0,continúa,unidad_responsable,,,126,,,
10,49.7,49.8,0.1,-2.3,-4.4,continúa,unidad_responsable,,,713,,,
10,16.6,16.7,0.1,-0.7,-4.0,continúa,unidad_responsable,,,520,,,
06,50.9,51.0,0.1,-2.3,-4.4,continúa,unidad_responsable,,,212,,,
04,3.3,3.4,0.1,-0.0,-1.1,continúa,unidad_responsable,,,216,,,
49,37.5,37.6,0.1,-1.7,-4.2,continúa,unidad_responsable,,,510,,,
10,17.9,18.1,0.1,-0.7,-3.8,continúa,unidad_responsable,,,423,,,
10,8.8,8.9,0.2,-0.3,-2.9,continúa,unidad_responsable,,,521,,,
32,32.0,32.2,0.2,-1.4,-4.1,continúa,unidad_responsable,,,208,,,
49,46.5,46.6,0.2,-2.1,-4.3,continúa,unidad_responsable,,,520,,,
15,12.6,12.8,0.2,-0.4,-3.4,continúa,unidad_responsable,,,400,,,
16,18.5,18.6,0.2,-0.7,-3.7,continúa,unidad_responsable,,,123,,,
06,55.4,55.6,0.2,-2.5,-4.3,continúa,unidad_responsable,,,510,,,
06,39.0,39.2,0.2,-1.7,-4.1,continúa,unidad_responsable,,,419,,,
16,27.5,27.7,0.2,-1.1,-3.9,continúa,unidad_responsable,,,135,,,
08,0.0,0.2,0.2,0.2,inf,aparece,unidad_responsable,,,231,,,
10,14.9,15.1,0.2,-0.5,-3.3,continúa,unidad_responsable,,,522,,,
16,13.4,13.6,0.2,-0.4,-3.1,continúa,unidad_responsable,,,139,,,
04,7.4,7.6,0.2,-0.1,-1.8,continúa,unidad_responsable,,,921,,,
04,7.4,7.6,0.2,-0.1,-1.8,continúa,unidad_responsable,,,922,,,
04,6.4,6.7,0.2,-0.1,-1.4,continúa,unidad_responsable,,,133,,,
02,2.0,2.2,0.2,0.1,6.2,continúa,unidad_responsable,,,142,,,
04,6.7,6.9,0.2,-0.1,-1.3,continúa,unidad_responsable,,,542,,,
05,46.4,46.6,0.2,-2.0,-4.1,continúa,unidad_responsable,,,412,,,
35,4.9,5.2,0.2,0.0,0.1,continúa,unidad_responsable,,,126,,,
32,30.8,31.1,0.2,-1.2,-3.8,continúa,unidad_responsable,,,207,,,
04,7.0,7.2,0.2,-0.1,-1.3,continúa,unidad_responsable,,,516,,,
04,7.0,7.2,0.2,-0.1,-1.3,continúa,unidad_responsable,,,521,,,
04,6.9,7.2,0.2,-0.1,-1.2,continúa,unidad_responsable,,,522,,,
36,4.2,4.4,0.2,0.0,1.1,continúa,unidad_responsable,,,210,,,
04,7.2,7.4,0.3,-0.1,-1.2,continúa,unidad_responsable,,,515,,,
05,73.9,74.1,0.3,-3.3,-4.2,continúa,unidad_responsable,,,111,,,
05,4.3,4.5,0.3,0.1,1.2,continúa,unidad_responsable,,,131,,,
06,36.5,36.8,0.3,-1.5,-3.9,continúa,unidad_responsable,,,700,,,
05,4.6,4.8,0.3,0.1,1.2,continúa,unidad_responsable,,,142,,,
04,8.6,8.9,0.3,-0.1,-1.4,continúa,unidad_responsable,,,540,,,
05,4.4,4.6,0.3,0.1,1.8,continúa,unidad_responsable,,,814,,,
05,4.3,4.6,0.3,0.1,1.9,continúa,unidad_responsable,,,313,,,
10,27.3,27.6,0.3,-1.0,-3.6,continúa,unidad_responsable,,,415,,,
05,4.7,5.0,0.3,0.1,1.3,continúa,unidad_responsable,,,140,,,
04,9.9,10.2,0.3,-0.2,-1.7,continúa,unidad_responsable,,,232,,,
04,8.7,9.0,0.3,-0.1,-1.3,continúa,unidad_responsable,,,520,,,
16,26.1,26.4,0.3,-1.0,-3.5,continúa,unidad_responsable,,,134,,,
10,18.3,18.6,0.3,-0.6,-3.0,continúa,unidad_responsable,,,432,,,
18,26.8,27.1,0.3,-1.0,-3.5,continúa,unidad_responsable,,,411,,,
10,29.0,29.3,0.3,-1.1,-3.6,continúa,unidad_responsable,,,412,,,
16,28.5,28.8,0.3,-1.1,-3.5,continúa,unidad_responsable,,,130,,,
36,6.2,6.5,0.3,0.0,0.3,continúa,unidad_responsable,,,180,,,
06,99.0,99.3,0.3,-4.4,-4.3,continúa,unidad_responsable,,,211,,,
35,7.0,7.3,0.3,-0.0,-0.2,continúa,unidad_responsable,,,112,,,
10,17.4,17.8,0.3,-0.5,-2.8,continúa,unidad_responsable,,,515,,,
05,4.7,5.0,0.3,0.1,2.0,continúa,unidad_responsable,,,130,,,
54,0.0,0.3,0.3,0.3,inf,aparece,unidad_responsable,,,110,,,
04,9.9,10.2,0.3,-0.1,-1.4,continúa,unidad_responsable,,,132,,,
10,84.1,84.5,0.3,-3.7,-4.2,continúa,unidad_responsable,,,711,,,
04,11.0,11.3,0.3,-0.2,-1.5,continúa,unidad_responsable,,,500,,,
04,12.5,12.8,0.4,-0.2,-1.8,continúa,unidad_responsable,,,920,,,
49,38.4,38.8,0.4,-1.5,-3.6,continúa,unidad_responsable,,,324,,,
37,30.5,30.9,0.4,-1.1,-3.4,continúa,unidad_responsable,,,100,,,
04,13.2,13.6,0.4,-0.3,-1.8,continúa,unidad_responsable,,,901,,,
04,11.5,11.9,0.4,-0.2,-1.4,continúa,unidad_responsable,,,272,,,
13,99.9,100.3,0.4,-4.4,-4.2,continúa,unidad_responsable,,,AYH,,,
04,11.8,12.2,0.4,-0.2,-1.4,continúa,unidad_responsable,,,212,,,
06,59.1,59.5,0.4,-2.4,-3.9,continúa,unidad_responsable,,,213,,,
04,11.7,12.1,0.4,-0.1,-1.2,continúa,unidad_responsable,,,217,,,
36,4.8,5.2,0.4,0.2,4.0,continúa,unidad_responsable,,,130,,,
11,62.0,62.4,0.5,-2.5,-3.9,continúa,unidad_responsable,,,L9T,,,
37,40.7,41.1,0.5,-1.5,-3.5,continúa,unidad_responsable,,,114,,,
27,50.5,50.9,0.5,-2.0,-3.7,continúa,unidad_responsable,,,411,,,
04,14.0,14.5,0.5,-0.2,-1.4,continúa,unidad_responsable,,,273,,,
36,14.9,15.4,0.5,-0.2,-1.5,continúa,unidad_responsable,,,151,,,
36,21.9,22.4,0.5,-0.6,-2.5,continúa,unidad_responsable,,,152,,,
13,44.9,45.4,0.5,-1.7,-3.5,continúa,unidad_responsable,,,412,,,
13,13.8,14.3,0.5,-0.2,-1.2,continúa,unidad_responsable,,,123,,,
10,31.4,31.9,0.5,-1.0,-3.1,continúa,unidad_responsable,,,700,,,
13,13.3,13.8,0.5,-0.1,-1.1,continúa,unidad_responsable,,,112,,,
48,34.8,35.3,0.5,-1.2,-3.2,continúa,unidad_responsable,,,J00,,,
05,10.7,11.2,0.5,0.0,0.1,continúa,unidad_responsable,,,813,,,
36,17.4,17.9,0.5,-0.3,-1.7,continúa,unidad_responsable,,,163,,,
10,14.5,15.0,0.5,-0.2,-1.0,continúa,unidad_responsable,,,534,,,
16,39.9,40.5,0.5,-1.4,-3.3,continúa,unidad_responsable,,,150,,,
16,24.9,25.5,0.6,-0.6,-2.4,continúa,unidad_responsable,,,148,,,
13,13.9,14.4,0.6,-0.1,-0.6,continúa,unidad_responsable,,,J2I,,,
49,36.9,37.5,0.6,-1.2,-3.1,continúa,unidad_responsable,,,323,,,
04,18.4,19.0,0.6,-0.3,-1.6,continúa,unidad_responsable,,,231,,,
36,10.5,11.1,0.6,0.1,0.8,continúa,unidad_responsable,,,200,,,
32,33.9,34.5,0.6,-1.0,-2.9,continúa,unidad_responsable,,,225,,,
27,57.2,57.8,0.6,-2.1,-3.6,continúa,unidad_responsable,,,510,,,
32,35.7,36.4,0.6,-1.1,-3.0,continúa,unidad_responsable,,,122,,,
04,17.7,18.3,0.6,-0.2,-1.3,continúa,unidad_responsable,,,541,,,
49,45.4,46.0,0.6,-1.6,-3.3,continúa,unidad_responsable,,,347,,,
32,35.9,36.5,0.6,-1.1,-2.9,continúa,unidad_responsable,,,301,,,
32,20.5,21.1,0.6,-0.3,-1.6,continúa,unidad_responsable,,,311,,,
13,17.3,18.0,0.6,-0.2,-1.0,continúa,unidad_responsable,,,111,,,
15,33.4,34.0,0.7,-0.9,-2.7,continúa,unidad_responsable,,,500,,,
04,20.5,21.1,0.7,-0.3,-1.5,continúa,unidad_responsable,,,131,,,
05,7.1,7.8,0.7,0.3,4.5,continúa,unidad_responsable,,,152,,,
36,14.2,14.9,0.7,0.0,0.0,continúa,unidad_responsable,,,162,,,
20,18.4,19.1,0.7,-0.2,-1.0,continúa,unidad_responsable,,,131,,,
49,57.1,57.8,0.7,-2.0,-3.4,continúa,unidad_responsable,,,340,,,
15,40.4,41.1,0.7,-1.2,-2.9,continúa,unidad_responsable,,,210,,,
32,32.2,32.9,0.7,-0.8,-2.5,continúa,unidad_responsable,,,215,,,
35,13.8,14.5,0.7,0.0,0.3,continúa,unidad_responsable,,,127,,,
49,30.0,30.7,0.7,-0.7,-2.3,continúa,unidad_responsable,,,380,,,
37,20.4,21.1,0.7,-0.3,-1.2,continúa,unidad_responsable,,,112,,,
32,33.3,34.0,0.7,-0.9,-2.5,continúa,unidad_responsable,,,211,,,
36,11.6,12.4,0.7,0.2,1.6,continúa,unidad_responsable,,,111,,,
04,25.1,25.9,0.8,-0.4,-1.6,continúa,unidad_responsable,,,223,,,
04,25.1,25.9,0.8,-0.4,-1.5,continúa,unidad_responsable,,,221,,,
04,25.1,25.9,0.8,-0.4,-1.5,continúa,unidad_responsable,,,222,,,
05,72.9,73.7,0.8,-2.7,-3.5,continúa,unidad_responsable,,,600,,,
37,24.5,25.3,0.8,-0.4,-1.4,continúa,unidad_responsable,,,113,,,
32,28.9,29.7,0.8,-0.6,-1.9,continúa,unidad_responsable,,,213,,,
05,26.2,27.0,0.8,-0.4,-1.6,continúa,unidad_responsable,,,413,,,
48,12.3,13.2,0.8,0.2,1.8,continúa,unidad_responsable,,,220,,,
04,25.4,26.2,0.8,-0.4,-1.5,continúa,unidad_responsable,,,220,,,
20,16.3,17.1,0.9,0.1,0.4,continúa,unidad_responsable,,,200,,,
36,18.3,19.1,0.9,-0.0,-0.1,continúa,unidad_responsable,,,231,,,
06,1506.8,1507.7,0.9,-71.5,-4.5,continúa,unidad_responsable,,,B00,,,
04,28.1,29.0,0.9,-0.5,-1.6,continúa,unidad_responsable,,,230,,,
49,79.1,80.1,0.9,-2.9,-3.5,continúa,unidad_responsable,,,348,,,
06,86.9,87.8,0.9,-3.3,-3.6,continúa,unidad_responsable,,,513,,,
32,35.2,36.1,0.9,-0.8,-2.1,continúa,unidad_responsable,,,116,,,
04,38.6,39.5,0.9,-0.9,-2.3,continúa,unidad_responsable,,,219,,,
27,78.5,79.4,0.9,-2.8,-3.4,continúa,unidad_responsable,,,410,,,
49,11.0,12.0,0.9,0.4,3.6,continúa,unidad_responsable,,,611,,,
13,40.1,41.1,0.9,-1.0,-2.3,continúa,unidad_responsable,,,200,,,
08,79.7,80.6,1.0,-2.9,-3.4,continúa,unidad_responsable,,,510,,,
32,34.6,35.6,1.0,-0.6,-1.8,continúa,unidad_responsable,,,302,,,
32,30.0,31.1,1.0,-0.4,-1.3,continúa,unidad_responsable,,,310,,,
32,29.8,30.8,1.0,-0.4,-1.3,continúa,unidad_responsable,,,205,,,
04,27.9,29.0,1.0,-0.3,-1.0,continúa,unidad_responsable,,,911,,,
04,33.5,34.6,1.1,-0.6,-1.6,continúa,unidad_responsable,,,510,,,
18,12.9,14.0,1.1,0.5,3.4,continúa,unidad_responsable,,,T0U,,,
13,42.7,43.8,1.1,-1.0,-2.1,continúa,unidad_responsable,,,411,,,
32,28.4,29.5,1.1,-0.3,-0.9,continúa,unidad_responsable,,,212,,,
10,57.7,58.8,1.1,-1.7,-2.8,continúa,unidad_responsable,,,443,,,
05,58.6,59.7,1.1,-1.7,-2.8,continúa,unidad_responsable,,,121,,,
20,8.5,9.6,1.1,0.7,8.0,continúa,unidad_responsable,,,215,,,
10,188.0,189.1,1.1,-7.9,-4.0,continúa,unidad_responsable,,,710,,,
20,11.4,12.6,1.1,0.6,4.9,continúa,unidad_responsable,,,710,,,
35,26.8,27.9,1.1,-0.1,-0.5,continúa,unidad_responsable,,,100,,,
35,26.0,27.1,1.1,-0.1,-0.4,continúa,unidad_responsable,,,110,,,
32,36.6,37.7,1.1,-0.6,-1.6,continúa,unidad_responsable,,,209,,,
06,67.7,68.8,1.2,-2.1,-3.0,continúa,unidad_responsable,,,412,,,
37,33.6,34.7,1.2,-0.4,-1.3,continúa,unidad_responsable,,,109,,,
49,81.4,82.6,1.2,-2.7,-3.2,continúa,unidad_responsable,,,339,,,
05,19.3,20.5,1.2,0.3,1.3,continúa,unidad_responsable,,,810,,,
06,84.4,85.6,1.2,-2.9,-3.2,continúa,unidad_responsable,,,600,,,
16,1001.1,1002.3,1.2,-46.8,-4.5,continúa,unidad_responsable,,,F00,,,
32,8.8,10.0,1.2,0.8,8.5,continúa,unidad_responsable,,,414,,,
20,19.9,21.1,1.2,0.3,1.3,continúa,unidad_responsable,,,400,,,
15,60.4,61.6,1.2,-1.7,-2.7,continúa,unidad_responsable,,,200,,,
49,47.2,48.4,1.2,-1.0,-2.1,continúa,unidad_responsable,,,342,,,
02,11.0,12.2,1.2,0.7,6.1,continúa,unidad_responsable,,,128,,,
04,26.2,27.5,1.3,-0.0,-0.0,continúa,unidad_responsable,,,913,,,
07,86.8,88.1,1.3,-2.9,-3.2,continúa,unidad_responsable,,,139,,,
32,35.7,37.0,1.3,-0.4,-1.0,continúa,unidad_responsable,,,117,,,
04,38.2,39.6,1.3,-0.5,-1.2,continúa,unidad_responsable,,,900,,,
05,17.0,18.3,1.3,0.5,3.0,continúa,unidad_responsable,,,103,,,
13,57.2,58.5,1.4,-1.4,-2.3,continúa,unidad_responsable,,,300,,,
16,53.9,55.3,1.4,-1.2,-2.2,continúa,unidad_responsable,,,132,,,
05,21.4,22.8,1.4,0.3,1.5,continúa,unidad_responsable,,,314,,,
32,35.6,37.0,1.4,-0.3,-0.8,continúa,unidad_responsable,,,119,,,
48,21.7,23.1,1.5,0.4,1.8,continúa,unidad_responsable,,,110,,,
20,14.0,15.4,1.5,0.8,5.5,continúa,unidad_responsable,,,700,,,
32,39.9,41.4,1.5,-0.4,-1.0,continúa,unidad_responsable,,,118,,,
49,47.2,48.7,1.5,-0.8,-1.6,continúa,unidad_responsable,,,333,,,
20,54.9,56.4,1.5,-1.1,-1.9,continúa,unidad_responsable,,,712,,,
35,26.3,27.9,1.5,0.3,1.0,continúa,unidad_responsable,,,122,,,
49,86.1,87.6,1.6,-2.5,-2.8,continúa,unidad_responsable,,,360,,,
32,35.2,36.8,1.6,-0.1,-0.3,continúa,unidad_responsable,,,206,,,
32,48.9,50.5,1.6,-0.7,-1.5,continúa,unidad_responsable,,,412,,,
08,38.6,40.3,1.6,-0.2,-0.6,continúa,unidad_responsable,,,110,,,
20,19.9,21.5,1.6,0.7,3.3,continúa,unidad_responsable,,,500,,,
36,6.1,7.7,1.6,1.4,21.3,continúa,unidad_responsable,,,160,,,
35,37.9,39.5,1.6,-0.2,-0.4,continúa,unidad_responsable,,,107,,,
49,58.6,60.3,1.6,-1.2,-1.9,continúa,unidad_responsable,,,331,,,
32,39.5,41.2,1.7,-0.2,-0.5,continúa,unidad_responsable,,,201,,,
10,106.6,108.3,1.7,-3.4,-3.0,continúa,unidad_responsable,,,110,,,
04,53.9,55.6,1.7,-0.8,-1.5,continúa,unidad_responsable,,,130,,,
04,55.2,56.9,1.7,-0.9,-1.6,continúa,unidad_responsable,,,200,,,
13,55.8,57.5,1.8,-0.9,-1.6,continúa,unidad_responsable,,,117,,,
32,35.9,37.6,1.8,0.0,0.1,continúa,unidad_responsable,,,203,,,
32,35.5,37.3,1.8,0.1,0.2,continúa,unidad_responsable,,,306,,,
13,55.6,57.4,1.8,-0.9,-1.5,continúa,unidad_responsable,,,413,,,
36,5.1,6.9,1.8,1.6,29.0,continúa,unidad_responsable,,,170,,,
49,70.9,72.7,1.8,-1.6,-2.1,continúa,unidad_responsable,,,328,,,
32,32.4,34.3,1.8,0.3,0.9,continúa,unidad_responsable,,,307,,,
32,32.1,34.0,1.9,0.3,0.9,continúa,unidad_responsable,,,214,,,
10,69.3,71.2,1.9,-1.5,-2.0,continúa,unidad_responsable,,,410,,,
05,28.3,30.2,1.9,0.5,1.7,continúa,unidad_responsable,,,310,,,
48,22.7,24.7,2.0,0.9,3.7,continúa,unidad_responsable,,,120,,,
47,128.8,130.8,2.0,-4.2,-3.1,continúa,unidad_responsable,,,AYM,,,
18,15.6,17.6,2.0,1.2,7.4,continúa,unidad_responsable,,,412,,,
35,35.5,37.5,2.0,0.3,0.7,continúa,unidad_responsable,,,119,,,
04,65.1,67.2,2.1,-1.1,-1.6,continúa,unidad_responsable,,,100,,,
04,44.8,46.8,2.1,-0.1,-0.2,continúa,unidad_responsable,,,940,,,
06,68.6,70.6,2.1,-1.2,-1.7,continúa,unidad_responsable,,,710,,,
05,121.6,123.7,2.1,-3.8,-2.9,continúa,unidad_responsable,,,100,,,
49,24.4,26.5,2.1,0.9,3.7,continúa,unidad_responsable,,,620,,,
05,19.6,21.8,2.1,1.2,5.8,continúa,unidad_responsable,,,812,,,
32,30.4,32.6,2.2,0.7,2.2,continúa,unidad_responsable,,,217,,,
05,48.5,50.7,2.2,-0.1,-0.2,continúa,unidad_responsable,,,112,,,
32,34.1,36.4,2.3,0.6,1.7,continúa,unidad_responsable,,,111,,,
49,29.8,32.1,2.3,0.8,2.7,continúa,unidad_responsable,,,349,,,
05,124.5,126.8,2.3,-3.7,-2.8,continúa,unidad_responsable,,,614,,,
32,35.2,37.5,2.3,0.6,1.7,continúa,unidad_responsable,,,115,,,
11,136.9,139.2,2.3,-4.2,-3.0,continúa,unidad_responsable,,,MAR,,,
35,45.2,47.6,2.4,0.2,0.5,continúa,unidad_responsable,,,113,,,
04,69.9,72.4,2.4,-0.9,-1.3,continúa,unidad_responsable,,,G00,,,
48,29.2,31.6,2.5,1.1,3.4,continúa,unidad_responsable,,,L3N,,,
36,33.6,36.1,2.5,0.8,2.4,continúa,unidad_responsable,,,222,,,
05,51.2,53.7,2.5,0.0,0.0,continúa,unidad_responsable,,,153,,,
32,42.5,45.0,2.5,0.5,1.0,continúa,unidad_responsable,,,113,,,
04,82.3,84.8,2.5,-1.4,-1.7,continúa,unidad_responsable,,,800,,,
32,43.1,45.6,2.5,0.5,1.1,continúa,unidad_responsable,,,204,,,
20,42.6,45.1,2.6,0.5,1.2,continúa,unidad_responsable,,,410,,,
09,143.8,146.4,2.6,-4.3,-2.9,continúa,unidad_responsable,,,J4Q,,,
04,30.2,32.8,2.6,1.1,3.5,continúa,unidad_responsable,,,A00,,,
20,20.4,23.0,2.6,1.6,7.6,continúa,unidad_responsable,,,414,,,
32,34.9,37.5,2.6,1.0,2.6,continúa,unidad_responsable,,,308,,,
32,39.1,41.8,2.7,0.8,2.0,continúa,unidad_responsable,,,114,,,
48,100.0,102.8,2.8,-2.0,-1.9,continúa,unidad_responsable,,,L6U,,,
38,0.0,2.8,2.8,2.8,inf,aparece,unidad_responsable,,,500,,,
18,12.6,15.4,2.8,2.2,16.9,continúa,unidad_responsable,,,316,,,
35,56.7,59.6,2.9,0.1,0.2,continúa,unidad_responsable,,,106,,,
32,18.0,20.8,2.9,2.0,10.7,continúa,unidad_responsable,,,413,,,
13,99.0,101.9,2.9,-1.9,-1.8,continúa,unidad_responsable,,,218,,,
48,32.3,35.2,2.9,1.3,4.0,continúa,unidad_responsable,,,400,,,
20,22.2,25.1,2.9,1.9,8.0,continúa,unidad_responsable,,,111,,,
32,19.7,22.8,3.1,2.1,10.2,continúa,unidad_responsable,,,411,,,
35,52.9,55.9,3.1,0.5,0.9,continúa,unidad_responsable,,,108,,,
18,10.5,13.6,3.1,2.6,23.6,continúa,unidad_responsable,,,311,,,
32,33.2,36.4,3.2,1.6,4.6,continúa,unidad_responsable,,,218,,,
49,227.8,231.0,3.2,-7.7,-3.2,continúa,unidad_responsable,,,180,,,
18,6.0,9.2,3.3,3.0,47.8,continúa,unidad_responsable,,,317,,,
04,139.5,142.8,3.3,-3.4,-2.3,continúa,unidad_responsable,,,271,,,
35,60.1,63.5,3.3,0.4,0.7,continúa,unidad_responsable,,,109,,,
32,36.1,39.5,3.4,1.7,4.4,continúa,unidad_responsable,,,202,,,
16,0.0,3.4,3.4,3.4,inf,aparece,unidad_responsable,,,811,,,
35,66.1,69.5,3.4,0.3,0.4,continúa,unidad_responsable,,,105,,,
31,57.8,61.3,3.4,0.7,1.1,continúa,unidad_responsable,,,300,,,
06,222.6,226.1,3.4,-7.2,-3.1,continúa,unidad_responsable,,,712,,,
05,21.4,24.9,3.5,2.4,10.8,continúa,unidad_responsable,,,154,,,
48,331.3,334.8,3.5,-12.4,-3.6,continúa,unidad_responsable,,,310,,,
02,31.3,34.9,3.6,2.1,6.4,continúa,unidad_responsable,,,127,,,
38,103.5,107.1,3.6,-1.3,-1.2,continúa,unidad_responsable,,,91O,,,
20,27.7,31.4,3.8,2.5,8.5,continúa,unidad_responsable,,,510,,,
04,117.6,121.4,3.8,-1.8,-1.5,continúa,unidad_responsable,,,813,,,
49,98.1,101.9,3.8,-0.9,-0.9,continúa,unidad_responsable,,,820,,,
18,8.9,12.8,3.8,3.4,36.2,continúa,unidad_responsable,,,213,,,
36,21.4,25.2,3.8,2.8,12.5,continúa,unidad_responsable,,,221,,,
15,98.5,102.4,3.9,-0.9,-0.8,continúa,unidad_responsable,,,214,,,
13,103.9,107.8,3.9,-1.1,-1.0,continúa,unidad_responsable,,,110,,,
04,72.9,76.8,3.9,0.4,0.5,continúa,unidad_responsable,,,P00,,,
48,135.6,139.5,3.9,-2.6,-1.8,continúa,unidad_responsable,,,VZG,,,
35,74.7,78.7,4.0,0.4,0.5,continúa,unidad_responsable,,,115,,,
48,73.2,77.2,4.0,0.5,0.6,continúa,unidad_responsable,,,I00,,,
20,29.6,33.6,4.1,2.6,8.5,continúa,unidad_responsable,,,214,,,
49,157.6,161.7,4.1,-3.5,-2.1,continúa,unidad_responsable,,,418,,,
20,32.1,36.2,4.1,2.5,7.5,continúa,unidad_responsable,,,211,,,
49,116.0,120.0,4.1,-1.5,-1.2,continúa,unidad_responsable,,,170,,,
05,30.9,35.0,4.1,2.6,8.1,continúa,unidad_responsable,,,123,,,
09,653.4,657.5,4.1,-27.2,-4.0,continúa,unidad_responsable,,,E00,,,
18,69.9,74.0,4.1,0.8,1.1,continúa,unidad_responsable,,,410,,,
18,8.7,13.0,4.3,3.9,42.5,continúa,unidad_responsable,,,212,,,
38,124.8,129.2,4.4,-1.6,-1.2,continúa,unidad_responsable,,,90K,,,
05,43.1,47.5,4.4,2.4,5.2,continúa,unidad_responsable,,,124,,,
35,84.2,88.7,4.4,0.4,0.5,continúa,unidad_responsable,,,120,,,
47,186.9,191.3,4.5,-4.5,-2.3,continúa,unidad_responsable,,,MDL,,,
38,130.7,135.2,4.6,-1.7,-1.2,continúa,unidad_responsable,,,91K,,,
48,83.3,87.9,4.6,0.6,0.7,continúa,unidad_responsable,,,350,,,
48,51.4,56.1,4.7,2.2,4.2,continúa,unidad_responsable,,,130,,,
35,44.9,49.7,4.8,2.7,5.7,continúa,unidad_responsable,,,124,,,
48,71.3,76.1,4.9,1.5,2.0,continúa,unidad_responsable,,,420,,,
08,0.0,5.0,5.0,5.0,inf,aparece,unidad_responsable,,,241,,,
18,31.0,36.1,5.1,3.7,11.3,continúa,unidad_responsable,,,120,,,
18,11.3,16.4,5.2,4.6,39.2,continúa,unidad_responsable,,,210,,,
13,184.8,190.1,5.2,-3.7,-1.9,continúa,unidad_responsable,,,100,,,
04,162.7,167.9,5.2,-2.6,-1.5,continúa,unidad_responsable,,,810,,,
49,94.9,100.2,5.3,0.7,0.7,continúa,unidad_responsable,,,335,,,
18,0.0,5.3,5.3,5.3,inf,aparece,unidad_responsable,,,130,,,
36,73.9,79.2,5.3,1.7,2.3,continúa,unidad_responsable,,,C00,,,
38,0.0,5.3,5.3,5.3,inf,aparece,unidad_responsable,,,400,,,
35,96.4,101.7,5.3,0.7,0.7,continúa,unidad_responsable,,,103,,,
18,8.8,14.1,5.4,4.9,53.7,continúa,unidad_responsable,,,114,,,
49,155.5,160.9,5.4,-2.1,-1.3,continúa,unidad_responsable,,,329,,,
06,163.5,169.0,5.4,-2.4,-1.4,continúa,unidad_responsable,,,110,,,
04,284.8,290.2,5.4,-8.2,-2.8,continúa,unidad_responsable,,,941,,,
04,180.9,186.4,5.5,-3.2,-1.7,continúa,unidad_responsable,,,811,,,
08,0.0,5.5,5.5,5.5,inf,aparece,unidad_responsable,,,810,,,
38,159.9,165.5,5.6,-2.1,-1.2,continúa,unidad_responsable,,,91W,,,
49,87.9,93.6,5.6,1.4,1.5,continúa,unidad_responsable,,,322,,,
38,161.7,167.3,5.7,-2.1,-1.2,continúa,unidad_responsable,,,91I,,,
08,0.0,5.7,5.7,5.7,inf,aparece,unidad_responsable,,,245,,,
18,0.0,5.9,5.9,5.9,inf,aparece,unidad_responsable,,,319,,,
35,109.8,115.6,5.9,0.6,0.5,continúa,unidad_responsable,,,104,,,
18,9.4,15.3,5.9,5.5,55.4,continúa,unidad_responsable,,,315,,,
48,94.9,100.9,6.0,1.4,1.4,continúa,unidad_responsable,,,230,,,
49,44.9,50.9,6.0,3.8,8.1,continúa,unidad_responsable,,,341,,,
08,0.0,6.0,6.0,6.0,inf,aparece,unidad_responsable,,,232,,,
02,51.7,57.7,6.0,3.5,6.5,continúa,unidad_responsable,,,115,,,
06,222.6,228.6,6.1,-4.6,-2.0,continúa,unidad_responsable,,,711,,,
32,35.5,41.6,6.1,4.4,11.8,continúa,unidad_responsable,,,112,,,
49,36.9,43.1,6.2,4.4,11.4,continúa,unidad_responsable,,,338,,,
38,0.0,6.2,6.2,6.2,inf,aparece,unidad_responsable,,,600,,,
13,4078.9,4085.1,6.2,-189.6,-4.4,continúa,unidad_responsable,,,311,,,
35,132.9,139.2,6.3,-0.1,-0.1,continúa,unidad_responsable,,,102,,,
05,103.4,109.7,6.3,1.3,1.2,continúa,unidad_responsable,,,612,,,
36,27.9,34.4,6.5,5.2,17.8,continúa,unidad_responsable,,,100,,,
08,0.0,6.6,6.6,6.6,inf,aparece,unidad_responsable,,,222,,,
35,111.4,118.0,6.6,1.3,1.1,continúa,unidad_responsable,,,117,,,
35,129.4,136.1,6.7,0.5,0.4,continúa,unidad_responsable,,,116,,,
36,73.7,80.6,6.9,3.4,4.4,continúa,unidad_responsable,,,E00,,,
49,71.3,78.2,6.9,3.5,4.7,continúa,unidad_responsable,,,160,,,
08,0.0,7.0,7.0,7.0,inf,aparece,unidad_responsable,,,233,,,
38,200.1,207.1,7.0,-2.6,-1.2,continúa,unidad_responsable,,,90S,,,
32,45.4,52.5,7.1,4.9,10.3,continúa,unidad_responsable,,,121,,,
38,205.4,212.6,7.2,-2.7,-1.2,continúa,unidad_responsable,,,90C,,,
38,209.9,217.2,7.3,-2.7,-1.2,continúa,unidad_responsable,,,90G,,,
48,80.1,87.5,7.4,3.5,4.2,continúa,unidad_responsable,,,F00,,,
38,211.3,218.6,7.4,-2.7,-1.2,continúa,unidad_responsable,,,90U,,,
38,0.0,7.4,7.4,7.4,inf,aparece,unidad_responsable,,,110,,,
38,212.1,219.6,7.4,-2.8,-1.2,continúa,unidad_responsable,,,91S,,,
04,164.2,171.7,7.4,-0.4,-0.3,continúa,unidad_responsable,,,812,,,
02,72.2,79.7,7.5,4.0,5.3,continúa,unidad_responsable,,,140,,,
18,23.6,31.2,7.6,6.4,26.1,continúa,unidad_responsable,,,532,,,
32,39.0,46.6,7.6,5.7,14.0,continúa,unidad_responsable,,,303,,,
35,169.6,177.4,7.8,-0.4,-0.2,continúa,unidad_responsable,,,121,,,
02,70.9,78.7,7.8,4.4,6.0,continúa,unidad_responsable,,,112,,,
18,23.9,31.7,7.8,6.7,26.7,continúa,unidad_responsable,,,112,,,
04,148.3,156.1,7.9,0.8,0.5,continúa,unidad_responsable,,,914,,,
18,19.7,27.5,7.9,6.9,33.7,continúa,unidad_responsable,,,314,,,
05,495.3,503.5,8.2,-15.5,-3.0,continúa,unidad_responsable,,,300,,,
36,288.3,296.5,8.3,-5.6,-1.8,continúa,unidad_responsable,,,212,,,
12,240.4,248.8,8.4,-3.1,-1.2,continúa,unidad_responsable,,,NCH,,,
48,147.4,155.9,8.5,1.4,0.9,continúa,unidad_responsable,,,340,,,
08,0.0,8.9,8.9,8.9,inf,aparece,unidad_responsable,,,235,,,
08,0.0,9.2,9.2,9.2,inf,aparece,unidad_responsable,,,246,,,
07,150.1,159.3,9.2,2.0,1.3,continúa,unidad_responsable,,,135,,,
49,144.8,154.1,9.3,2.4,1.6,continúa,unidad_responsable,,,190,,,
18,24.6,33.9,9.4,8.2,31.8,continúa,unidad_responsable,,,117,,,
36,9.7,19.1,9.4,9.0,88.3,continúa,unidad_responsable,,,150,,,
04,32.3,42.1,9.9,8.3,24.7,continúa,unidad_responsable,,,Q00,,,
38,216.6,226.6,10.0,-0.4,-0.2,continúa,unidad_responsable,,,90I,,,
13,600.7,610.7,10.0,-18.8,-3.0,continúa,unidad_responsable,,,119,,,
14,313.6,323.8,10.1,-4.9,-1.5,continúa,unidad_responsable,,,310,,,
27,0.0,10.4,10.4,10.4,inf,aparece,unidad_responsable,,,400,,,
38,298.1,308.5,10.4,-3.9,-1.2,continúa,unidad_responsable,,,90Q,,,
12,565.7,576.2,10.6,-16.6,-2.8,continúa,unidad_responsable,,,K00,,,
35,27.3,37.9,10.6,9.3,32.5,continúa,unidad_responsable,,,123,,,
11,1.8,12.4,10.6,10.5,572.7,continúa,unidad_responsable,,,MGJ,,,
49,217.3,228.0,10.6,0.2,0.1,continúa,unidad_responsable,,,900,,,
38,0.0,10.8,10.8,10.8,inf,aparece,unidad_responsable,,,420,,,
18,8.5,19.5,11.0,10.6,119.1,continúa,unidad_responsable,,,530,,,
38,315.2,326.2,11.0,-4.1,-1.2,continúa,unidad_responsable,,,90Y,,,
07,204.4,215.5,11.1,1.3,0.6,continúa,unidad_responsable,,,136,,,
12,0.0,11.1,11.1,11.1,inf,aparece,unidad_responsable,,,615,,,
35,200.7,212.0,11.3,1.7,0.8,continúa,unidad_responsable,,,101,,,
38,0.0,11.3,11.3,11.3,inf,aparece,unidad_responsable,,,610,,,
49,27.8,39.3,11.4,10.1,34.5,continúa,unidad_responsable,,,812,,,
48,123.6,135.0,11.5,5.6,4.3,continúa,unidad_responsable,,,100,,,
49,101.1,112.9,11.7,6.9,6.5,continúa,unidad_responsable,,,345,,,
38,0.0,11.8,11.8,11.8,inf,aparece,unidad_responsable,,,620,,,
16,0.0,11.8,11.8,11.8,inf,aparece,unidad_responsable,,,810,,,
48,200.2,212.2,11.9,2.3,1.1,continúa,unidad_responsable,,,320,,,
38,342.5,354.4,12.0,-4.5,-1.2,continúa,unidad_responsable,,,90W,,,
49,126.0,138.0,12.0,6.0,4.5,continúa,unidad_responsable,,,150,,,
18,1.9,13.9,12.0,12.0,613.0,continúa,unidad_responsable,,,121,,,
38,345.1,357.2,12.1,-4.5,-1.2,continúa,unidad_responsable,,,9ZU,,,
18,0.0,12.2,12.2,12.2,inf,aparece,unidad_responsable,,,554,,,
18,20.1,32.4,12.3,11.3,53.6,continúa,unidad_responsable,,,531,,,
14,305.7,318.0,12.3,-2.3,-0.7,continúa,unidad_responsable,,,113,,,
36,89.3,101.8,12.5,8.2,8.7,continúa,unidad_responsable,,,143,,,
16,0.0,12.6,12.6,12.6,inf,aparece,unidad_responsable,,,812,,,
27,0.0,12.7,12.7,12.7,inf,aparece,unidad_responsable,,,431,,,
49,25.4,38.3,13.0,11.8,44.3,continúa,unidad_responsable,,,860,,,
18,21.8,35.2,13.4,12.3,54.0,continúa,unidad_responsable,,,300,,,
31,620.9,634.5,13.7,-16.1,-2.5,continúa,unidad_responsable,,,200,,,
38,397.9,411.8,13.9,-5.2,-1.2,continúa,unidad_responsable,,,91U,,,
08,109.1,123.2,14.1,8.9,7.7,continúa,unidad_responsable,,,D00,,,
14,32.0,46.2,14.3,12.8,38.1,continúa,unidad_responsable,,,120,,,
35,82.0,96.3,14.3,10.4,12.1,continúa,unidad_responsable,,,125,,,
38,418.1,432.7,14.6,-5.4,-1.2,continúa,unidad_responsable,,,90M,,,
48,195.1,210.2,15.2,5.8,2.8,continúa,unidad_responsable,,,210,,,
48,314.2,329.4,15.2,0.1,0.0,continúa,unidad_responsable,,,MDC,,,
11,196.3,211.7,15.3,5.9,2.9,continúa,unidad_responsable,,,MDE,,,
38,0.0,15.4,15.4,15.4,inf,aparece,unidad_responsable,,,410,,,
05,1372.6,1388.6,16.0,-49.9,-3.5,continúa,unidad_responsable,,,150,,,
49,1066.7,1082.8,16.0,-35.2,-3.1,continúa,unidad_responsable,,,850,,,
18,31.1,47.1,16.1,14.6,44.7,continúa,unidad_responsable,,,400,,,
38,0.0,16.3,16.3,16.3,inf,aparece,unidad_responsable,,,230,,,
27,0.0,16.4,16.4,16.4,inf,aparece,unidad_responsable,,,810,,,
38,0.0,16.7,16.7,16.7,inf,aparece,unidad_responsable,,,320,,,
12,485.2,502.2,17.0,-6.3,-1.2,continúa,unidad_responsable,,,M7F,,,
04,282.6,299.6,17.0,3.4,1.2,continúa,unidad_responsable,,,270,,,
16,0.0,17.2,17.2,17.2,inf,aparece,unidad_responsable,,,120,,,
13,1001.5,1018.8,17.2,-30.8,-2.9,continúa,unidad_responsable,,,219,,,
49,62.2,79.5,17.3,14.4,22.0,continúa,unidad_responsable,,,110,,,
27,15.2,33.0,17.7,17.0,106.4,continúa,unidad_responsable,,,700,,,
38,508.3,526.1,17.8,-6.6,-1.2,continúa,unidad_responsable,,,90O,,,
05,285.1,302.9,17.8,4.2,1.4,continúa,unidad_responsable,,,610,,,
08,0.0,18.1,18.1,18.1,inf,aparece,unidad_responsable,,,250,,,
18,22.1,40.8,18.7,17.7,76.4,continúa,unidad_responsable,,,200,,,
38,0.0,18.8,18.8,18.8,inf,aparece,unidad_responsable,,,310,,,
12,538.7,557.5,18.9,-7.0,-1.2,continúa,unidad_responsable,,,NDY,,,
12,83.4,102.5,19.1,15.1,17.3,continúa,unidad_responsable,,,NCE,,,
08,0.0,19.3,19.3,19.3,inf,aparece,unidad_responsable,,,226,,,
06,221.1,240.6,19.5,8.9,3.8,continúa,unidad_responsable,,,C00,,,
38,67.8,87.4,19.6,16.4,23.0,continúa,unidad_responsable,,,90A,,,
05,443.6,463.9,20.4,-0.9,-0.2,continúa,unidad_responsable,,,800,,,
08,0.0,20.7,20.7,20.7,inf,aparece,unidad_responsable,,,268,,,
38,599.4,620.4,21.0,-7.8,-1.2,continúa,unidad_responsable,,,9ZW,,,
49,88.5,109.6,21.1,16.9,18.2,continúa,unidad_responsable,,,140,,,
38,0.0,21.3,21.3,21.3,inf,aparece,unidad_responsable,,,210,,,
07,665.5,686.8,21.4,-10.6,-1.5,continúa,unidad_responsable,,,128,,,
09,0.0,21.4,21.4,21.4,inf,aparece,unidad_responsable,,,119,,,
38,0.0,21.6,21.6,21.6,inf,aparece,unidad_responsable,,,530,,,
20,511.6,533.7,22.0,-2.5,-0.5,continúa,unidad_responsable,,,115,,,
05,1275.3,1297.6,22.2,-39.0,-2.9,continúa,unidad_responsable,,,400,,,
18,0.0,22.7,22.7,22.7,inf,aparece,unidad_responsable,,,533,,,
15,0.0,22.9,22.9,22.9,inf,aparece,unidad_responsable,,,516,,,
49,66.7,89.8,23.1,19.9,28.5,continúa,unidad_responsable,,,831,,,
49,407.5,431.1,23.6,4.0,0.9,continúa,unidad_responsable,,,500,,,
38,0.0,24.6,24.6,24.6,inf,aparece,unidad_responsable,,,330,,,
27,0.0,25.0,25.0,25.0,inf,aparece,unidad_responsable,,,T00,,,
11,857.4,883.2,25.7,-15.4,-1.7,continúa,unidad_responsable,,,515,,,
05,282.5,309.1,26.5,13.0,4.4,continúa,unidad_responsable,,,611,,,
13,2013.4,2040.1,26.7,-70.0,-3.3,continúa,unidad_responsable,,,313,,,
06,200.7,229.4,28.7,19.1,9.1,continúa,unidad_responsable,,,D00,,,
12,828.7,857.7,29.0,-10.8,-1.2,continúa,unidad_responsable,,,M7K,,,
38,356.1,385.3,29.1,12.1,3.2,continúa,unidad_responsable,,,91C,,,
36,155.2,184.9,29.6,22.2,13.6,continúa,unidad_responsable,,,141,,,
07,957.7,987.6,29.9,-16.0,-1.6,continúa,unidad_responsable,,,130,,,
38,213.9,244.1,30.3,20.0,8.9,continúa,unidad_responsable,,,90E,,,
48,708.5,739.0,30.4,-3.6,-0.5,continúa,unidad_responsable,,,300,,,
18,47.4,78.1,30.8,28.5,57.4,continúa,unidad_responsable,,,100,,,
49,80.4,111.6,31.2,27.3,32.4,continúa,unidad_responsable,,,346,,,
32,0.0,31.2,31.2,31.2,inf,aparece,unidad_responsable,,,312,,,
11,1042.9,1074.2,31.3,-18.8,-1.7,continúa,unidad_responsable,,,500,,,
38,0.0,31.3,31.3,31.3,inf,aparece,unidad_responsable,,,510,,,
16,321.8,353.5,31.6,16.2,4.8,continúa,unidad_responsable,,,G00,,,
32,1745.5,1777.6,32.1,-51.7,-2.8,continúa,unidad_responsable,,,110,,,
08,0.0,32.4,32.4,32.4,inf,aparece,unidad_responsable,,,262,,,
13,1511.2,1543.6,32.4,-40.1,-2.5,continúa,unidad_responsable,,,116,,,
27,0.0,32.8,32.8,32.8,inf,aparece,unidad_responsable,,,900,,,
38,0.0,33.7,33.7,33.7,inf,aparece,unidad_responsable,,,520,,,
36,143.5,177.3,33.8,26.9,17.9,continúa,unidad_responsable,,,211,,,
08,0.0,36.1,36.1,36.1,inf,aparece,unidad_responsable,,,281,,,
08,0.0,37.3,37.3,37.3,inf,aparece,unidad_responsable,,,276,,,
08,0.0,37.3,37.3,37.3,inf,aparece,unidad_responsable,,,282,,,
07,2033.9,2073.1,39.2,-58.4,-2.7,continúa,unidad_responsable,,,112,,,
09,50.1,89.8,39.7,37.3,71.0,continúa,unidad_responsable,,,212,,,
04,598.3,638.1,39.8,11.1,1.8,continúa,unidad_responsable,,,915,,,
08,0.0,40.4,40.4,40.4,inf,aparece,unidad_responsable,,,263,,,
07,876.0,916.7,40.7,-1.4,-0.1,continúa,unidad_responsable,,,122,,,
04,365.5,407.5,41.9,24.4,6.4,continúa,unidad_responsable,,,F00,,,
08,0.0,42.6,42.6,42.6,inf,aparece,unidad_responsable,,,260,,,
36,1395.2,1438.4,43.2,-23.8,-1.6,continúa,unidad_responsable,,,G00,,,
38,397.4,441.2,43.8,24.7,5.9,continúa,unidad_responsable,,,91E,,,
07,729.0,773.1,44.1,9.1,1.2,continúa,unidad_responsable,,,140,,,
55,0.0,44.7,44.7,44.7,inf,aparece,unidad_responsable,,,B00,,,
12,1283.3,1328.2,44.9,-16.7,-1.2,continúa,unidad_responsable,,,NCK,,,
36,64.6,109.9,45.2,42.1,62.2,continúa,unidad_responsable,,,161,,,
54,0.0,46.1,46.1,46.1,inf,aparece,unidad_responsable,,,120,,,
27,0.0,46.3,46.3,46.3,inf,aparece,unidad_responsable,,,840,,,
48,508.2,554.6,46.4,22.0,4.1,continúa,unidad_responsable,,,410,,,
07,1013.9,1060.4,46.5,-2.1,-0.2,continúa,unidad_responsable,,,113,,,
55,0.0,46.8,46.8,46.8,inf,aparece,unidad_responsable,,,JZN,,,
08,0.0,49.8,49.8,49.8,inf,aparece,unidad_responsable,,,265,,,
11,1677.0,1727.3,50.3,-30.2,-1.7,continúa,unidad_responsable,,,L5X,,,
08,0.0,50.8,50.8,50.8,inf,aparece,unidad_responsable,,,288,,,
08,0.0,50.9,50.9,50.9,inf,aparece,unidad_responsable,,,264,,,
38,0.0,51.2,51.2,51.2,inf,aparece,unidad_responsable,,,340,,,
38,305.9,357.7,51.9,37.2,11.6,continúa,unidad_responsable,,,91Q,,,
11,304.0,356.3,52.3,37.7,11.8,continúa,unidad_responsable,,,K00,,,
47,1118.9,1171.5,52.5,-1.2,-0.1,continúa,unidad_responsable,,,AYJ,,,
10,1083.5,1136.4,52.9,0.9,0.1,continúa,unidad_responsable,,,LAT,,,
12,0.0,53.4,53.4,53.4,inf,aparece,unidad_responsable,,,618,,,
27,0.0,53.7,53.7,53.7,inf,aparece,unidad_responsable,,,250,,,
18,107.0,161.3,54.2,49.1,43.7,continúa,unidad_responsable,,,A00,,,
08,0.0,54.4,54.4,54.4,inf,aparece,unidad_responsable,,,277,,,
08,0.0,54.6,54.6,54.6,inf,aparece,unidad_responsable,,,278,,,
27,7.7,62.5,54.7,54.4,671.1,continúa,unidad_responsable,,,500,,,
08,0.0,57.0,57.0,57.0,inf,aparece,unidad_responsable,,,292,,,
38,417.4,475.3,57.9,37.9,8.7,continúa,unidad_responsable,,,9ZY,,,
49,106.2,165.0,58.8,53.7,48.3,continúa,unidad_responsable,,,200,,,
08,0.0,60.6,60.6,60.6,inf,aparece,unidad_responsable,,,261,,,
04,47.9,109.2,61.3,59.1,117.7,continúa,unidad_responsable,,,N00,,,
04,0.0,62.9,62.9,62.9,inf,aparece,unidad_responsable,,,501,,,
21,857.9,922.2,64.2,23.1,2.6,continúa,unidad_responsable,,,W3N,,,
27,0.0,64.3,64.3,64.3,inf,aparece,unidad_responsable,,,520,,,
27,0.0,65.1,65.1,65.1,inf,aparece,unidad_responsable,,,830,,,
47,335.9,401.2,65.3,49.2,14.0,continúa,unidad_responsable,,,AYL,,,
11,361.8,427.9,66.1,48.7,12.8,continúa,unidad_responsable,,,L3P,,,
06,0.0,66.3,66.3,66.3,inf,aparece,unidad_responsable,,,312,,,
12,1905.3,1972.0,66.7,-24.8,-1.2,continúa,unidad_responsable,,,NDF,,,
07,1079.1,1146.2,67.1,15.3,1.4,continúa,unidad_responsable,,,123,,,
48,625.6,692.8,67.3,37.2,5.7,continúa,unidad_responsable,,,200,,,
08,0.0,69.0,69.0,69.0,inf,aparece,unidad_responsable,,,811,,,
22,952.4,1022.1,69.7,23.9,2.4,continúa,unidad_responsable,,,109,,,
11,2332.6,2402.6,70.0,-42.0,-1.7,continúa,unidad_responsable,,,L5N,,,
08,0.0,71.0,71.0,71.0,inf,aparece,unidad_responsable,,,286,,,
06,0.0,71.2,71.2,71.2,inf,aparece,unidad_responsable,,,311,,,
08,0.0,72.0,72.0,72.0,inf,aparece,unidad_responsable,,,283,,,
27,741.0,813.5,72.5,36.9,4.8,continúa,unidad_responsable,,,600,,,
08,0.0,72.8,72.8,72.8,inf,aparece,unidad_responsable,,,285,,,
12,1187.6,1260.4,72.8,15.8,1.3,continúa,unidad_responsable,,,NDE,,,
49,1863.6,1937.6,74.0,-15.5,-0.8,continúa,unidad_responsable,,,300,,,
18,97.8,171.9,74.0,69.4,67.6,continúa,unidad_responsable,,,E00,,,
18,0.0,75.0,75.0,75.0,inf,aparece,unidad_responsable,,,543,,,
27,0.0,75.2,75.2,75.2,inf,aparece,unidad_responsable,,,240,,,
08,0.0,76.8,76.8,76.8,inf,aparece,unidad_responsable,,,227,,,
08,0.0,78.0,78.0,78.0,inf,aparece,unidad_responsable,,,269,,,
08,0.0,78.2,78.2,78.2,inf,aparece,unidad_responsable,,,272,,,
12,2615.3,2695.0,79.7,-45.9,-1.7,continúa,unidad_responsable,,,L00,,,
49,399.5,481.8,82.2,63.1,15.1,continúa,unidad_responsable,,,600,,,
08,0.0,86.1,86.1,86.1,inf,aparece,unidad_responsable,,,291,,,
08,0.0,86.2,86.2,86.2,inf,aparece,unidad_responsable,,,270,,,
08,0.0,86.4,86.4,86.4,inf,aparece,unidad_responsable,,,290,,,
49,794.0,883.0,89.0,50.9,6.1,continúa,unidad_responsable,,,811,,,
06,0.0,89.3,89.3,89.3,inf,aparece,unidad_responsable,,,310,,,
11,3014.9,3105.4,90.4,-54.3,-1.7,continúa,unidad_responsable,,,MEY,,,
08,0.0,91.4,91.4,91.4,inf,aparece,unidad_responsable,,,267,,,
27,0.0,92.3,92.3,92.3,inf,aparece,unidad_responsable,,,430,,,
08,0.0,94.0,94.0,94.0,inf,aparece,unidad_responsable,,,284,,,
11,722.1,819.3,97.3,62.6,8.3,continúa,unidad_responsable,,,L8K,,,
08,0.0,98.4,98.4,98.4,inf,aparece,unidad_responsable,,,273,,,
54,0.0,101.9,101.9,101.9,inf,aparece,unidad_responsable,,,100,,,
08,0.0,102.6,102.6,102.6,inf,aparece,unidad_responsable,,,271,,,
11,5547.9,5650.7,102.8,-163.5,-2.8,continúa,unidad_responsable,,,514,,,
06,115.8,218.8,103.0,97.5,80.3,continúa,unidad_responsable,,,A00,,,
49,2443.9,2548.4,104.4,-12.9,-0.5,continúa,unidad_responsable,,,830,,,
08,0.0,104.5,104.5,104.5,inf,aparece,unidad_responsable,,,280,,,
08,0.0,110.4,110.4,110.4,inf,aparece,unidad_responsable,,,279,,,
07,0.0,111.5,111.5,111.5,inf,aparece,unidad_responsable,,,HZK,,,
49,805.5,917.3,111.7,73.1,8.7,continúa,unidad_responsable,,,800,,,
04,1102.0,1214.7,112.7,59.8,5.2,continúa,unidad_responsable,,,X00,,,
08,0.0,114.7,114.7,114.7,inf,aparece,unidad_responsable,,,274,,,
08,0.0,116.4,116.4,116.4,inf,aparece,unidad_responsable,,,287,,,
06,11138.9,11261.4,122.5,-412.2,-3.5,continúa,unidad_responsable,,,E00,,,
08,0.0,124.0,124.0,124.0,inf,aparece,unidad_responsable,,,275,,,
18,0.0,128.6,128.6,128.6,inf,aparece,unidad_responsable,,,F00,,,
27,0.0,130.8,130.8,130.8,inf,aparece,unidad_responsable,,,230,,,
15,283.5,422.6,139.1,125.5,42.2,continúa,unidad_responsable,,,QDV,,,
12,5010.7,5150.4,139.7,-100.8,-1.9,continúa,unidad_responsable,,,NHK,,,
18,284.9,427.1,142.2,128.5,43.1,continúa,unidad_responsable,,,T0K,,,
08,2035.8,2181.0,145.3,47.5,2.2,continúa,unidad_responsable,,,I00,,,
08,0.0,148.2,148.2,148.2,inf,aparece,unidad_responsable,,,230,,,
08,0.0,149.2,149.2,149.2,inf,aparece,unidad_responsable,,,289,,,
06,133.3,292.0,158.7,152.3,109.0,continúa,unidad_responsable,,,411,,,
11,989.2,1148.3,159.1,111.7,10.8,continúa,unidad_responsable,,,A00,,,
38,0.0,163.0,163.0,163.0,inf,aparece,unidad_responsable,,,100,,,
07,1668.9,1835.5,166.6,86.5,4.9,continúa,unidad_responsable,,,121,,,
49,1398.6,1568.3,169.7,102.6,7.0,continúa,unidad_responsable,,,260,,,
12,2434.2,2604.2,170.0,53.2,2.1,continúa,unidad_responsable,,,NCZ,,,
04,2576.9,2747.7,170.8,47.1,1.7,continúa,unidad_responsable,,,211,,,
12,4657.4,4836.6,179.3,-44.3,-0.9,continúa,unidad_responsable,,,R00,,,
08,0.0,189.4,189.4,189.4,inf,aparece,unidad_responsable,,,266,,,
11,1153.1,1343.7,190.6,135.3,11.2,continúa,unidad_responsable,,,MGH,,,
08,1615.0,1806.7,191.6,114.1,6.7,continúa,unidad_responsable,,,IZC,,,
47,4856.1,5051.9,195.8,-37.3,-0.7,continúa,unidad_responsable,,,AYB,,,
07,1885.8,2085.1,199.3,108.8,5.5,continúa,unidad_responsable,,,124,,,
48,4402.0,4613.4,211.4,0.1,0.0,continúa,unidad_responsable,,,D00,,,
13,778.5,992.3,213.8,176.5,21.6,continúa,unidad_responsable,,,216,,,
13,12138.8,12367.8,228.9,-353.7,-2.8,continúa,unidad_responsable,,,115,,,
12,1645.3,1874.7,229.4,150.4,8.7,continúa,unidad_responsable,,,NBB,,,
03,2745.8,2981.4,235.6,103.8,3.6,continúa,unidad_responsable,,,210,,,
12,2024.8,2263.3,238.5,141.3,6.7,continúa,unidad_responsable,,,NBG,,,
55,0.0,242.3,242.3,242.3,inf,aparece,unidad_responsable,,,120,,,
07,1822.5,2065.6,243.1,155.6,8.1,continúa,unidad_responsable,,,127,,,
07,6677.0,6926.2,249.2,-71.3,-1.0,continúa,unidad_responsable,,,116,,,
12,1972.2,2233.0,260.8,166.1,8.0,continúa,unidad_responsable,,,NBV,,,
04,1700.1,1961.2,261.1,179.5,10.1,continúa,unidad_responsable,,,K00,,,
07,2667.4,2930.3,262.9,134.9,4.8,continúa,unidad_responsable,,,126,,,
13,0.0,269.9,269.9,269.9,inf,aparece,unidad_responsable,,,KDN,,,
12,1810.5,2081.7,271.3,184.4,9.7,continúa,unidad_responsable,,,NCA,,,
08,0.0,271.3,271.3,271.3,inf,aparece,unidad_responsable,,,225,,,
38,0.0,275.0,275.0,275.0,inf,aparece,unidad_responsable,,,300,,,
16,273.9,553.7,279.7,266.6,92.9,continúa,unidad_responsable,,,512,,,
49,282.5,567.5,285.0,271.5,91.7,continúa,unidad_responsable,,,870,,,
07,2617.7,2902.9,285.2,159.5,5.8,continúa,unidad_responsable,,,115,,,
12,2259.5,2560.4,300.9,192.5,8.1,continúa,unidad_responsable,,,NAW,,,
54,0.0,327.6,327.6,327.6,inf,aparece,unidad_responsable,,,400,,,
12,2414.5,2747.9,333.3,217.5,8.6,continúa,unidad_responsable,,,NCG,,,
13,1318.8,1663.0,344.2,280.9,20.3,continúa,unidad_responsable,,,113,,,
07,2320.9,2665.4,344.6,233.2,9.6,continúa,unidad_responsable,,,131,,,
07,2908.2,3256.3,348.1,208.5,6.8,continúa,unidad_responsable,,,125,,,
54,0.0,352.5,352.5,352.5,inf,aparece,unidad_responsable,,,130,,,
08,3423.4,3782.6,359.2,194.8,5.4,continúa,unidad_responsable,,,A1I,,,
19,9135.9,9504.2,368.3,-70.2,-0.7,continúa,unidad_responsable,,,HXA,,,
12,4791.9,5176.7,384.8,154.8,3.1,continúa,unidad_responsable,,,NBD,,,
38,0.0,413.2,413.2,413.2,inf,aparece,unidad_responsable,,,200,,,
18,165.3,589.1,423.8,415.9,240.1,continúa,unidad_responsable,,,111,,,
54,0.0,436.5,436.5,436.5,inf,aparece,unidad_responsable,,,200,,,
11,2644.3,3100.1,455.8,328.9,11.9,continúa,unidad_responsable,,,L4J,,,
13,0.0,523.3,523.3,523.3,inf,aparece,unidad_responsable,,,J3F,,,
07,9203.3,9757.6,554.3,112.5,1.2,continúa,unidad_responsable,,,111,,,
48,3386.4,3943.0,556.6,394.1,11.1,continúa,unidad_responsable,,,E00,,,
07,650.5,1255.2,604.7,573.5,84.1,continúa,unidad_responsable,,,146,,,
07,18856.6,19482.2,625.6,-279.5,-1.4,continúa,unidad_responsable,,,120,,,
13,656.8,1316.6,659.9,628.3,91.3,continúa,unidad_responsable,,,220,,,
12,1771.1,2497.2,726.1,641.1,34.5,continúa,unidad_responsable,,,NCD,,,
13,1601.6,2357.0,755.4,678.5,40.4,continúa,unidad_responsable,,,211,,,
13,29.7,800.5,770.8,769.3,2470.8,continúa,unidad_responsable,,,J3C,,,
13,0.0,776.0,776.0,776.0,inf,aparece,unidad_responsable,,,J3G,,,
12,3712.6,4503.4,790.8,612.6,15.7,continúa,unidad_responsable,,,160,,,
18,310.5,1154.1,843.5,828.6,254.6,continúa,unidad_responsable,,,211,,,
54,0.0,876.1,876.1,876.1,inf,aparece,unidad_responsable,,,300,,,
09,3017.3,3913.1,895.9,751.1,23.8,continúa,unidad_responsable,,,C00,,,
14,24205.0,25173.0,968.0,-193.8,-0.8,continúa,unidad_responsable,,,320,,,
11,25000.0,26000.0,1000.0,-200.0,-0.8,continúa,unidad_responsable,,,180,,,
38,0.0,1050.0,1050.0,1050.0,inf,aparece,unidad_responsable,,,92M,,,
25,53424.5,54484.9,1060.4,-1504.0,-2.7,continúa,unidad_responsable,,,C00,,,
36,2760.0,3863.4,1103.4,970.9,33.6,continúa,unidad_responsable,,,F00,,,
07,2275.5,3441.9,1166.4,1057.2,44.3,continúa,unidad_responsable,,,H0C,,,
11,9867.2,11187.6,1320.5,846.8,8.2,continúa,unidad_responsable,,,700,,,
15,32117.6,33474.9,1357.4,-184.3,-0.5,continúa,unidad_responsable,,,QCW,,,
06,1940.9,3468.1,1527.2,1434.0,70.5,continúa,unidad_responsable,,,H00,,,
36,25242.8,26789.9,1547.1,335.4,1.3,continúa,unidad_responsable,,,D00,,,
20,39100.0,40664.0,1564.0,-312.8,-0.8,continúa,unidad_responsable,,,311,,,
06,0.0,1586.6,1586.6,1586.6,inf,aparece,unidad_responsable,,,KCZ,,,
03,0.0,1856.6,1856.6,1856.6,inf,aparece,unidad_responsable,,,300,,,
23,165753.8,167652.2,1898.4,-6057.8,-3.5,continúa,unidad_responsable,,,411,,,
07,3720.7,5667.5,1946.8,1768.2,45.3,continúa,unidad_responsable,,,117,,,
11,8128.1,10090.8,1962.7,1572.6,18.5,continúa,unidad_responsable,,,A2M,,,
36,1437.1,3472.5,2035.4,1966.4,130.6,continúa,unidad_responsable,,,142,,,
07,6594.2,8801.8,2207.6,1891.1,27.4,continúa,unidad_responsable,,,132,,,
07,17712.8,19978.4,2265.6,1415.4,7.6,continúa,unidad_responsable,,,145,,,
11,20034.6,22385.2,2350.5,1388.9,6.6,continúa,unidad_responsable,,,M00,,,
25,28243.5,30697.5,2454.0,1098.3,3.7,continúa,unidad_responsable,,,700,,,
36,2151.7,4721.3,2569.6,2466.3,109.4,continúa,unidad_responsable,,,B00,,,
11,19170.8,22472.4,3301.6,2381.4,11.9,continúa,unidad_responsable,,,B00,,,
55,0.0,3519.0,3519.0,3519.0,inf,aparece,unidad_responsable,,,J9E,,,
09,23679.5,27755.4,4075.8,2939.2,11.8,continúa,unidad_responsable,,,211,,,
19,432350.4,438605.3,6254.9,-14498.0,-3.2,continúa,unidad_responsable,,,GYN,,,
11,45058.3,53748.5,8690.2,6527.4,13.8,continúa,unidad_responsable,,,A3Q,,,
08,2560.8,15664.1,13103.2,12980.3,483.7,continúa,unidad_responsable,,,VSS,,,
GYN,525615.4,539020.8,13405.4,-11824.2,-2.1,continúa,unidad_responsable,,,GYN,,,
36,2192.3,18215.9,16023.7,15918.4,692.9,continúa,unidad_responsable,,,140,,,
08,0.0,17479.4,17479.4,17479.4,inf,aparece,unidad_responsable,,,220,,,
08,0.0,18216.5,18216.5,18216.5,inf,aparece,unidad_responsable,,,237,,,
TVV,583951.1,602567.5,18616.4,-9413.3,-1.5,continúa,unidad_responsable,,,TVV,,,
09,5029.6,24575.1,19545.6,19304.2,366.2,continúa,unidad_responsable,,,210,,,
07,0.0,23492.8,23492.8,23492.8,inf,aparece,unidad_responsable,,,148,,,
30,45800.0,70855.7,25055.7,22857.3,47.6,continúa,unidad_responsable,,,411,,,
38,0.0,25318.4,25318.4,25318.4,inf,aparece,unidad_responsable,,,220,,,
19,915276.7,963347.6,48070.9,4137.6,0.4,continúa,unidad_responsable,,,GYR,,,
11,132278.5,186134.9,53856.4,47507.0,34.3,continúa,unidad_responsable,,,O00,,,
03,0.0,74224.4,74224.4,74224.4,inf,aparece,unidad_responsable,,,120,,,
19,42970.2,130061.7,87091.5,85028.9,188.8,continúa,unidad_responsable,,,411,,,
09,48.3,92524.6,92476.3,92474.0,182707.3,continúa,unidad_responsable,,,D00,,,
20,532574.1,627055.0,94480.9,68917.4,12.3,continúa,unidad_responsable,,,201,,,
TYY,612145.9,708200.9,96055.0,66672.0,10.4,continúa,unidad_responsable,,,TYY,,,
28,1340210.9,1456045.9,115835.0,51504.9,3.7,continúa,unidad_responsable,,,114,,,
GYR,1469410.4,1590308.7,120898.3,50366.6,3.3,continúa,unidad_responsable,,,GYR,,,
18,136235.3,263519.1,127283.8,120744.5,84.6,continúa,unidad_responsable,,,500,,,
24,1149551.6,1297681.1,148129.5,92951.0,7.7,continúa,unidad_responsable,,,210,,,
56,0.0,172492.4,172492.4,172492.4,inf,aparece,unidad_responsable,,,AYO,,,
33,0.0,1041892.9,1041892.9,1041892.9,inf,aparece,unidad_responsable,,,411,,,
,1061272.8,134.6,-1061138.3,-1112079.4,-100.0,continúa,unidad_responsable_entre_ramos,,,420,,,
,108437.7,42.5,-108395.2,-113600.2,-100.0,continúa,unidad_responsable_entre_ramos,,,215,,,
,94923.0,13774.8,-81148.3,-85704.6,-86.2,continúa,unidad_responsable_entre_ramos,,,110,,,
,35740.7,3468.1,-32272.6,-33988.1,-90.7,continúa,unidad_responsable_entre_ramos,,,H00,,,
,26377.0,0.0,-26377.0,-27643.1,-100.0,desaparece,unidad_responsable_entre_ramos,,,90X,,,
,61121.3,45101.6,-16019.8,-18953.6,-29.6,continúa,unidad_responsable_entre_ramos,,,311,,,
,12500.0,0.0,-12500.0,-13100.0,-100.0,desaparece,unidad_responsable_entre_ramos,,,JBP,,,
,40827.8,30744.1,-10083.6,-12043.4,-28.1,continúa,unidad_responsable_entre_ramos,,,H0M,,,
,22499.6,14305.7,-8193.9,-9273.9,-39.3,continúa,unidad_responsable_entre_ramos,,,300,,,
,2961.6,182.2,-2779.3,-2921.5,-94.1,continúa,unidad_responsable_entre_ramos,,,640,,,
,7018.2,4425.7,-2592.5,-2929.4,-39.8,continúa,unidad_responsable_entre_ramos,,,113,,,
,3382.2,861.3,-2520.8,-2683.2,-75.7,continúa,unidad_responsable_entre_ramos,,,510,,,
,6605.4,4197.3,-2408.2,-2725.2,-39.4,continúa,unidad_responsable_entre_ramos,,,312,,,
,2985.5,761.9,-2223.7,-2367.0,-75.6,continúa,unidad_responsable_entre_ramos,,,712,,,
,25122.9,23051.6,-2071.3,-3277.2,-12.4,continúa,unidad_responsable_entre_ramos,,,J3L,,,
,25188.5,23129.6,-2058.9,-3267.9,-12.4,continúa,unidad_responsable_entre_ramos,,,611,,,
,19590.4,17552.7,-2037.7,-2978.0,-14.5,continúa,unidad_responsable_entre_ramos,,,610,,,
,29131.8,27601.4,-1530.4,-2928.7,-9.6,continúa,unidad_responsable_entre_ramos,,,600,,,
,1570.6,101.0,-1469.7,-1545.0,-93.9,continúa,unidad_responsable_entre_ramos,,,642,,,
,15152.6,13855.0,-1297.5,-2024.9,-12.8,continúa,unidad_responsable_entre_ramos,,,112,,,
,30532.7,29306.2,-1226.5,-2692.0,-8.4,continúa,unidad_responsable_entre_ramos,,,100,,,
,1160.3,32.0,-1128.3,-1184.0,-97.4,continúa,unidad_responsable_entre_ramos,,,V00,,,
,1162.8,84.1,-1078.7,-1134.5,-93.1,continúa,unidad_responsable_entre_ramos,,,641,,,
,2357.0,1292.4,-1064.5,-1177.6,-47.7,continúa,unidad_responsable_entre_ramos,,,HJO,,,
,6163.3,5124.8,-1038.5,-1334.4,-20.7,continúa,unidad_responsable_entre_ramos,,,L6W,,,
,966.6,0.0,-966.6,-1013.0,-100.0,desaparece,unidad_responsable_entre_ramos,,,HHG,,,
,3724.9,2787.3,-937.6,-1116.4,-28.6,continúa,unidad_responsable_entre_ramos,,,HKA,,,
,76361.0,75604.1,-756.9,-4422.2,-5.5,continúa,unidad_responsable_entre_ramos,,,511,,,
,3806.9,3062.3,-744.6,-927.3,-23.2,continúa,unidad_responsable_entre_ramos,,,L6J,,,
,829.2,98.1,-731.1,-770.9,-88.7,continúa,unidad_responsable_entre_ramos,,,644,,,
,5237.8,4611.5,-626.3,-877.7,-16.0,continúa,unidad_responsable_entre_ramos,,,VST,,,
,690.0,107.2,-582.8,-615.9,-85.2,continúa,unidad_responsable_entre_ramos,,,173,,,
,818.9,373.6,-445.2,-484.5,-56.5,continúa,unidad_responsable_entre_ramos,,,418,,,
,533.7,89.9,-443.8,-469.4,-83.9,continúa,unidad_responsable_entre_ramos,,,627,,,
,500.7,61.4,-439.2,-463.3,-88.3,continúa,unidad_responsable_entre_ramos,,,631,,,
,3522.4,3096.0,-426.3,-595.4,-16.1,continúa,unidad_responsable_entre_ramos,,,101,,,
,1368.1,977.1,-391.0,-456.7,-31.9,continúa,unidad_responsable_entre_ramos,,,144,,,
,3219.8,2847.0,-372.8,-527.4,-15.6,continúa,unidad_responsable_entre_ramos,,,310,,,
,4772.9,4429.7,-343.2,-572.3,-11.4,continúa,unidad_responsable_entre_ramos,,,613,,,
,1568.7,1231.6,-337.1,-412.4,-25.1,continúa,unidad_responsable_entre_ramos,,,513,,,
,9873.2,9578.5,-294.7,-768.6,-7.4,continúa,unidad_responsable_entre_ramos,,,116,,,
,287.9,0.0,-287.9,-301.7,-100.0,desaparece,unidad_responsable_entre_ramos,,,VQZ,,,
,1121.7,857.3,-264.3,-318.2,-27.1,continúa,unidad_responsable_entre_ramos,,,713,,,
,336.7,75.2,-261.5,-277.7,-78.7,continúa,unidad_responsable_entre_ramos,,,240,,,
,1318.8,1058.7,-260.1,-323.4,-23.4,continúa,unidad_responsable_entre_ramos,,,410,,,
,257.1,0.0,-257.1,-269.4,-100.0,desaparece,unidad_responsable_entre_ramos,,,KDH,,,
,322.0,90.8,-231.1,-246.6,-73.1,continúa,unidad_responsable_entre_ramos,,,636,,,
,659.9,457.5,-202.4,-234.1,-33.9,continúa,unidad_responsable_entre_ramos,,,141,,,
,691.0,507.5,-183.4,-216.6,-29.9,continúa,unidad_responsable_entre_ramos,,,316,,,
,924.6,744.7,-179.9,-224.3,-23.1,continúa,unidad_responsable_entre_ramos,,,HZI,,,
,3923.9,3755.9,-168.0,-356.3,-8.7,continúa,unidad_responsable_entre_ramos,,,L00,,,
,369.7,208.1,-161.6,-179.3,-46.3,continúa,unidad_responsable_entre_ramos,,,135,,,
,949.1,789.9,-159.2,-204.8,-20.6,continúa,unidad_responsable_entre_ramos,,,QEZ,,,
,330.6,180.2,-150.4,-166.2,-48.0,continúa,unidad_responsable_entre_ramos,,,172,,,
,175.9,51.1,-124.7,-133.2,-72.3,continúa,unidad_responsable_entre_ramos,,,221,,,
,1740.9,1618.1,-122.9,-206.4,-11.3,continúa,unidad_responsable_entre_ramos,,,150,,,
,404.5,281.8,-122.7,-142.2,-33.5,continúa,unidad_responsable_entre_ramos,,,136,,,
,234.1,116.1,-118.0,-129.3,-52.7,continúa,unidad_responsable_entre_ramos,,,147,,,
,366.0,248.1,-117.9,-135.4,-35.3,continúa,unidad_responsable_entre_ramos,,,413,,,
,191.5,76.0,-115.5,-124.7,-62.1,continúa,unidad_responsable_entre_ramos,,,223,,,
,483.1,368.3,-114.8,-138.0,-27.2,continúa,unidad_responsable_entre_ramos,,,102,,,
,1404.1,1289.4,-114.7,-182.1,-12.4,continúa,unidad_responsable_entre_ramos,,,JAG,,,
,379.8,265.5,-114.3,-132.5,-33.3,continúa,unidad_responsable_entre_ramos,,,138,,,
,301.6,189.7,-111.9,-126.4,-40.0,continúa,unidad_responsable_entre_ramos,,,108,,,
,548.8,442.3,-106.5,-132.8,-23.1,continúa,unidad_responsable_entre_ramos,,,RJL,,,
,152.7,46.5,-106.2,-113.5,-70.9,continúa,unidad_responsable_entre_ramos,,,134,,,
,746.8,641.9,-104.9,-140.7,-18.0,continúa,unidad_responsable_entre_ramos,,,129,,,
,1861.1,1757.1,-104.0,-193.3,-9.9,continúa,unidad_responsable_entre_ramos,,,MDA,,,
,187.1,83.8,-103.3,-112.3,-57.3,continúa,unidad_responsable_entre_ramos,,,617,,,
,323.3,221.3,-101.9,-117.5,-34.7,continúa,unidad_responsable_entre_ramos,,,104,,,
,210.8,109.7,-101.0,-111.1,-50.3,continúa,unidad_responsable_entre_ramos,,,171,,,
,318.5,219.6,-99.0,-114.2,-34.2,continúa,unidad_responsable_entre_ramos,,,151,,,
,235.4,139.3,-96.2,-107.5,-43.6,continúa,unidad_responsable_entre_ramos,,,213,,,
,91.2,0.0,-91.2,-95.6,-100.0,desaparece,unidad_responsable_entre_ramos,,,224,,,
,155.7,65.3,-90.4,-97.9,-60.0,continúa,unidad_responsable_entre_ramos,,,152,,,
,154.0,65.5,-88.5,-95.9,-59.4,continúa,unidad_responsable_entre_ramos,,,133,,,
,1114.8,1027.7,-87.1,-140.6,-12.0,continúa,unidad_responsable_entre_ramos,,,616,,,
,851.2,767.9,-83.3,-124.1,-13.9,continúa,unidad_responsable_entre_ramos,,,711,,,
,220.6,138.3,-82.3,-92.9,-40.2,continúa,unidad_responsable_entre_ramos,,,218,,,
,195.9,116.6,-79.3,-88.7,-43.2,continúa,unidad_responsable_entre_ramos,,,415,,,
,818.8,740.3,-78.4,-117.7,-13.7,continúa,unidad_responsable_entre_ramos,,,128,,,
,143.1,68.6,-74.5,-81.4,-54.3,continúa,unidad_responsable_entre_ramos,,,222,,,
,220.3,149.2,-71.2,-81.7,-35.4,continúa,unidad_responsable_entre_ramos,,,416,,,
,352.7,282.5,-70.2,-87.2,-23.6,continúa,unidad_responsable_entre_ramos,,,V3A,,,
,102.7,37.5,-65.2,-70.1,-65.2,continúa,unidad_responsable_entre_ramos,,,323,,,
,616.1,551.3,-64.7,-94.3,-14.6,continúa,unidad_responsable_entre_ramos,,,B01,,,
,107.3,44.7,-62.5,-67.7,-60.2,continúa,unidad_responsable_entre_ramos,,,217,,,
,380.1,320.2,-59.9,-78.1,-19.6,continúa,unidad_responsable_entre_ramos,,,810,,,
,177.6,119.4,-58.2,-66.7,-35.9,continúa,unidad_responsable_entre_ramos,,,139,,,
,111.5,53.7,-57.8,-63.1,-54.0,continúa,unidad_responsable_entre_ramos,,,153,,,
,123.0,65.3,-57.7,-63.6,-49.3,continúa,unidad_responsable_entre_ramos,,,VUY,,,
,2621.1,2564.0,-57.2,-183.0,-6.7,continúa,unidad_responsable_entre_ramos,,,L6I,,,
,1005.9,949.4,-56.5,-104.8,-9.9,continúa,unidad_responsable_entre_ramos,,,143,,,
,89.4,33.7,-55.7,-60.0,-64.0,continúa,unidad_responsable_entre_ramos,,,149,,,
,1317.3,1262.0,-55.3,-118.6,-8.6,continúa,unidad_responsable_entre_ramos,,,122,,,
,54.4,0.0,-54.4,-57.0,-100.0,desaparece,unidad_responsable_entre_ramos,,,701,,,
,104.2,50.3,-53.8,-58.8,-53.9,continúa,unidad_responsable_entre_ramos,,,314,,,
,592.9,540.1,-52.8,-81.2,-13.1,continúa,unidad_responsable_entre_ramos,,,G3A,,,
,547.2,496.6,-50.6,-76.8,-13.4,continúa,unidad_responsable_entre_ramos,,,T0Q,,,
,50.5,0.0,-50.5,-53.0,-100.0,desaparece,unidad_responsable_entre_ramos,,,229,,,
,313.5,264.4,-49.1,-64.2,-19.5,continúa,unidad_responsable_entre_ramos,,,214,,,
,814.0,765.7,-48.3,-87.4,-10.2,continúa,unidad_responsable_entre_ramos,,,AYI,,,
,333.9,285.6,-48.2,-64.3,-18.4,continúa,unidad_responsable_entre_ramos,,,103,,,
,141.5,93.6,-48.0,-54.8,-36.9,continúa,unidad_responsable_entre_ramos,,,322,,,
,64.6,19.3,-45.2,-48.3,-71.4,continúa,unidad_responsable_entre_ramos,,,226,,,
,789.5,744.7,-44.8,-82.7,-10.0,continúa,unidad_responsable_entre_ramos,,,118,,,
,79.1,36.0,-43.1,-46.9,-56.6,continúa,unidad_responsable_entre_ramos,,,137,,,
,650.7,608.5,-42.2,-73.4,-10.8,continúa,unidad_responsable_entre_ramos,,,412,,,
,93.0,51.1,-41.9,-46.4,-47.6,continúa,unidad_responsable_entre_ramos,,,315,,,
,559.3,518.5,-40.8,-67.6,-11.5,continúa,unidad_responsable_entre_ramos,,,710,,,
,172.4,132.3,-40.1,-48.4,-26.8,continúa,unidad_responsable_entre_ramos,,,106,,,
,32.6,0.0,-32.6,-34.1,-100.0,desaparece,unidad_responsable_entre_ramos,,,704,,,
,31.9,0.0,-31.9,-33.5,-100.0,desaparece,unidad_responsable_entre_ramos,,,703,,,
,31.4,0.0,-31.4,-32.9,-100.0,desaparece,unidad_responsable_entre_ramos,,,705,,,
,47.4,16.1,-31.2,-33.5,-67.5,continúa,unidad_responsable_entre_ramos,,,521,,,
,30.8,0.0,-30.8,-32.3,-100.0,desaparece,unidad_responsable_entre_ramos,,,702,,,
,820.8,790.3,-30.5,-69.9,-8.1,continúa,unidad_responsable_entre_ramos,,,S00,,,
,1901.8,1871.7,-30.1,-121.4,-6.1,continúa,unidad_responsable_entre_ramos,,,G00,,,
,137.1,108.3,-28.8,-35.4,-24.6,continúa,unidad_responsable_entre_ramos,,,105,,,
,165.2,136.5,-28.6,-36.6,-21.1,continúa,unidad_responsable_entre_ramos,,,L6H,,,
,59.5,32.2,-27.4,-30.2,-48.4,continúa,unidad_responsable_entre_ramos,,,208,,,
,106.3,79.4,-26.9,-32.0,-28.7,continúa,unidad_responsable_entre_ramos,,,T00,,,
,26.1,0.0,-26.1,-27.3,-100.0,desaparece,unidad_responsable_entre_ramos,,,228,,,
,249.0,223.0,-26.0,-37.9,-14.5,continúa,unidad_responsable_entre_ramos,,,107,,,
,184.1,159.3,-24.8,-33.7,-17.5,continúa,unidad_responsable_entre_ramos,,,RJJ,,,
,117.1,92.9,-24.3,-29.9,-24.3,continúa,unidad_responsable_entre_ramos,,,650,,,
,70.0,46.8,-23.2,-26.6,-36.2,continúa,unidad_responsable_entre_ramos,,,JZN,,,
,35.2,12.4,-22.8,-24.5,-66.4,continúa,unidad_responsable_entre_ramos,,,VRW,,,
,348.1,326.1,-21.9,-38.7,-10.6,continúa,unidad_responsable_entre_ramos,,,417,,,
,131.5,110.1,-21.4,-27.7,-20.1,continúa,unidad_responsable_entre_ramos,,,639,,,
,104.2,82.8,-21.3,-26.3,-24.1,continúa,unidad_responsable_entre_ramos,,,632,,,
,253.3,232.0,-21.3,-33.5,-12.6,continúa,unidad_responsable_entre_ramos,,,813,,,
,94.9,74.5,-20.4,-25.0,-25.1,continúa,unidad_responsable_entre_ramos,,,643,,,
,102.9,82.6,-20.3,-25.3,-23.4,continúa,unidad_responsable_entre_ramos,,,645,,,
,325.9,305.8,-20.1,-35.7,-10.5,continúa,unidad_responsable_entre_ramos,,,225,,,
,103.3,84.3,-19.0,-24.0,-22.1,continúa,unidad_responsable_entre_ramos,,,646,,,
,98.2,79.2,-18.9,-23.7,-23.0,continúa,unidad_responsable_entre_ramos,,,622,,,
,308.3,290.1,-18.2,-33.0,-10.2,continúa,unidad_responsable_entre_ramos,,,414,,,
,95.3,77.7,-17.6,-22.2,-22.2,continúa,unidad_responsable_entre_ramos,,,623,,,
,101.0,83.4,-17.6,-22.4,-21.2,continúa,unidad_responsable_entre_ramos,,,648,,,
,95.4,77.9,-17.5,-22.1,-22.1,continúa,unidad_responsable_entre_ramos,,,625,,,
,98.3,80.9,-17.5,-22.2,-21.5,continúa,unidad_responsable_entre_ramos,,,635,,,
,91.5,74.3,-17.3,-21.7,-22.6,continúa,unidad_responsable_entre_ramos,,,634,,,
,126.5,109.6,-16.9,-22.9,-17.3,continúa,unidad_responsable_entre_ramos,,,630,,,
,209.4,192.8,-16.5,-26.6,-12.1,continúa,unidad_responsable_entre_ramos,,,RJE,,,
,103.8,88.0,-15.8,-20.8,-19.1,continúa,unidad_responsable_entre_ramos,,,647,,,
,92.3,76.9,-15.4,-19.8,-20.5,continúa,unidad_responsable_entre_ramos,,,624,,,
,93.9,78.6,-15.3,-19.8,-20.1,continúa,unidad_responsable_entre_ramos,,,651,,,
,37.5,22.3,-15.2,-17.0,-43.2,continúa,unidad_responsable_entre_ramos,,,522,,,
,2146.1,2131.8,-14.4,-117.4,-5.2,continúa,unidad_responsable_entre_ramos,,,Y00,,,
,82.8,68.5,-14.3,-18.3,-21.1,continúa,unidad_responsable_entre_ramos,,,628,,,
,92.8,78.8,-14.1,-18.5,-19.0,continúa,unidad_responsable_entre_ramos,,,637,,,
,13.9,0.0,-13.9,-14.6,-100.0,desaparece,unidad_responsable_entre_ramos,,,560,,,
,107.7,94.0,-13.7,-18.9,-16.7,continúa,unidad_responsable_entre_ramos,,,652,,,
,79.1,65.5,-13.5,-17.3,-20.9,continúa,unidad_responsable_entre_ramos,,,626,,,
,80.8,67.5,-13.4,-17.3,-20.4,continúa,unidad_responsable_entre_ramos,,,633,,,
,75.1,62.1,-13.0,-16.6,-21.1,continúa,unidad_responsable_entre_ramos,,,638,,,
,2602.3,2589.7,-12.6,-137.5,-5.0,continúa,unidad_responsable_entre_ramos,,,RHQ,,,
,89.2,76.9,-12.4,-16.6,-17.8,continúa,unidad_responsable_entre_ramos,,,649,,,
,39.3,27.8,-11.5,-13.3,-32.5,continúa,unidad_responsable_entre_ramos,,,PBJ,,,
,74.5,63.2,-11.3,-14.9,-19.1,continúa,unidad_responsable_entre_ramos,,,621,,,
,43.8,33.7,-10.1,-12.2,-26.6,continúa,unidad_responsable_entre_ramos,,,L8G,,,
,410.5,400.5,-10.0,-29.7,-6.9,continúa,unidad_responsable_entre_ramos,,,880,,,
,2286.1,2276.2,-9.9,-119.6,-5.0,continúa,unidad_responsable_entre_ramos,,,313,,,
,91.7,82.6,-9.1,-13.5,-14.0,continúa,unidad_responsable_entre_ramos,,,J4V,,,
,272.1,263.7,-8.3,-21.4,-7.5,continúa,unidad_responsable_entre_ramos,,,I6L,,,
,126.2,118.4,-7.8,-13.8,-10.5,continúa,unidad_responsable_entre_ramos,,,715,,,
,117.3,109.7,-7.6,-13.2,-10.8,continúa,unidad_responsable_entre_ramos,,,612,,,
,142.4,135.9,-6.5,-13.4,-9.0,continúa,unidad_responsable_entre_ramos,,,W3S,,,
,63.2,57.1,-6.1,-9.2,-13.9,continúa,unidad_responsable_entre_ramos,,,IZI,,,
,45.4,39.7,-5.7,-7.9,-16.5,continúa,unidad_responsable_entre_ramos,,,MGC,,,
,148.5,143.1,-5.4,-12.5,-8.1,continúa,unidad_responsable_entre_ramos,,,EZQ,,,
,447.6,442.4,-5.2,-26.7,-5.7,continúa,unidad_responsable_entre_ramos,,,PBE,,,
,65.7,61.5,-4.2,-7.3,-10.7,continúa,unidad_responsable_entre_ramos,,,814,,,
,193.1,189.0,-4.1,-13.4,-6.6,continúa,unidad_responsable_entre_ramos,,,614,,,
,143.8,139.8,-4.0,-10.9,-7.2,continúa,unidad_responsable_entre_ramos,,,MHL,,,
,178.1,174.1,-4.0,-12.5,-6.7,continúa,unidad_responsable_entre_ramos,,,K2H,,,
,68.5,64.7,-3.9,-7.2,-10.0,continúa,unidad_responsable_entre_ramos,,,192,,,
,22.0,18.7,-3.3,-4.4,-18.9,continúa,unidad_responsable_entre_ramos,,,910,,,
,125.0,122.0,-3.0,-9.0,-6.9,continúa,unidad_responsable_entre_ramos,,,440,,,
,105.5,102.6,-2.9,-7.9,-7.2,continúa,unidad_responsable_entre_ramos,,,334,,,
,36.2,33.4,-2.8,-4.6,-12.0,continúa,unidad_responsable_entre_ramos,,,I9H,,,
,46.9,44.1,-2.8,-5.0,-10.3,continúa,unidad_responsable_entre_ramos,,,L9Y,,,
,34.7,32.0,-2.7,-4.4,-12.1,continúa,unidad_responsable_entre_ramos,,,326,,,
,129.4,126.8,-2.6,-8.8,-6.5,continúa,unidad_responsable_entre_ramos,,,716,,,
,73.5,71.0,-2.5,-6.1,-7.9,continúa,unidad_responsable_entre_ramos,,,327,,,
,2.2,0.0,-2.2,-2.3,-100.0,desaparece,unidad_responsable_entre_ramos,,,318,,,
,29.1,27.1,-2.1,-3.5,-11.4,continúa,unidad_responsable_entre_ramos,,,L8P,,,
,32.2,30.3,-1.9,-3.5,-10.2,continúa,unidad_responsable_entre_ramos,,,304,,,
,92.9,91.1,-1.9,-6.3,-6.5,continúa,unidad_responsable_entre_ramos,,,J00,,,
,54.3,52.6,-1.7,-4.3,-7.5,continúa,unidad_responsable_entre_ramos,,,332,,,
,76.5,74.9,-1.6,-5.2,-6.5,continúa,unidad_responsable_entre_ramos,,,MDB,,,
,81.1,79.5,-1.6,-5.4,-6.4,continúa,unidad_responsable_entre_ramos,,,470,,,
,26.0,24.5,-1.5,-2.7,-10.1,continúa,unidad_responsable_entre_ramos,,,668,,,
,48.3,46.9,-1.5,-3.8,-7.4,continúa,unidad_responsable_entre_ramos,,,337,,,
,30.1,28.8,-1.4,-2.8,-9.0,continúa,unidad_responsable_entre_ramos,,,653,,,
,231.8,230.4,-1.4,-12.5,-5.1,continúa,unidad_responsable_entre_ramos,,,LAU,,,
,46.9,45.5,-1.3,-3.6,-7.3,continúa,unidad_responsable_entre_ramos,,,191,,,
,17.5,16.3,-1.2,-2.1,-11.2,continúa,unidad_responsable_entre_ramos,,,AFU,,,
,41.7,40.5,-1.2,-3.2,-7.2,continúa,unidad_responsable_entre_ramos,,,671,,,
,18.5,17.3,-1.1,-2.0,-10.4,continúa,unidad_responsable_entre_ramos,,,254,,,
,27.0,26.1,-0.9,-2.2,-7.7,continúa,unidad_responsable_entre_ramos,,,901,,,
,15.3,14.4,-0.9,-1.6,-10.0,continúa,unidad_responsable_entre_ramos,,,657,,,
,15.2,14.5,-0.7,-1.4,-9.0,continúa,unidad_responsable_entre_ramos,,,664,,,
,19.2,18.5,-0.7,-1.6,-7.9,continúa,unidad_responsable_entre_ramos,,,666,,,
,10.4,9.8,-0.6,-1.1,-10.0,continúa,unidad_responsable_entre_ramos,,,670,,,
,42.5,42.0,-0.6,-2.6,-5.9,continúa,unidad_responsable_entre_ramos,,,370,,,
,33.7,33.1,-0.6,-2.2,-6.2,continúa,unidad_responsable_entre_ramos,,,351,,,
,11.3,10.7,-0.6,-1.1,-9.5,continúa,unidad_responsable_entre_ramos,,,655,,,
,9.9,9.3,-0.6,-1.0,-10.0,continúa,unidad_responsable_entre_ramos,,,661,,,
,10.2,9.6,-0.5,-1.0,-9.7,continúa,unidad_responsable_entre_ramos,,,665,,,
,27.3,26.8,-0.5,-1.8,-6.4,continúa,unidad_responsable_entre_ramos,,,182,,,
,15.4,14.9,-0.5,-1.2,-7.7,continúa,unidad_responsable_entre_ramos,,,663,,,
,13.2,12.8,-0.4,-1.0,-7.5,continúa,unidad_responsable_entre_ramos,,,660,,,
,42.5,42.1,-0.4,-2.4,-5.5,continúa,unidad_responsable_entre_ramos,,,343,,,
,41.8,41.4,-0.4,-2.4,-5.5,continúa,unidad_responsable_entre_ramos,,,344,,,
,12.7,12.3,-0.4,-1.0,-7.5,continúa,unidad_responsable_entre_ramos,,,654,,,
,10.2,9.8,-0.4,-0.9,-8.0,continúa,unidad_responsable_entre_ramos,,,667,,,
,11.0,10.6,-0.3,-0.9,-7.5,continúa,unidad_responsable_entre_ramos,,,658,,,
,16.7,16.4,-0.3,-1.1,-6.3,continúa,unidad_responsable_entre_ramos,,,659,,,
,9.3,9.2,-0.2,-0.6,-6.3,continúa,unidad_responsable_entre_ramos,,,656,,,
,10.2,10.1,-0.2,-0.6,-6.0,continúa,unidad_responsable_entre_ramos,,,669,,,
,21.0,20.8,-0.1,-1.1,-5.2,continúa,unidad_responsable_entre_ramos,,,259,,,
,10.0,9.9,-0.1,-0.6,-5.3,continúa,unidad_responsable_entre_ramos,,,257,,,
,12.4,12.3,-0.1,-0.7,-5.1,continúa,unidad_responsable_entre_ramos,,,662,,,
,33.1,33.1,-0.0,-1.6,-4.6,continúa,unidad_responsable_entre_ramos,,,352,,,
,399.4,399.4,-0.0,-19.2,-4.6,continúa,unidad_responsable_entre_ramos,,,AYN,,,
,37.1,37.1,-0.0,-1.8,-4.6,continúa,unidad_responsable_entre_ramos,,,572,,,
,27.7,27.7,0.0,-1.3,-4.6,continúa,unidad_responsable_entre_ramos,,,450,,,
,30.7,30.7,0.0,-1.5,-4.6,continúa,unidad_responsable_entre_ramos,,,550,,,
,19.5,19.5,0.0,-0.9,-4.6,continúa,unidad_responsable_entre_ramos,,,460,,,
,123.7,123.7,0.0,-5.9,-4.6,continúa,unidad_responsable_entre_ramos,,,570,,,
,253.8,253.8,0.0,-12.2,-4.6,continúa,unidad_responsable_entre_ramos,,,EZN,,,
,55.7,55.7,0.0,-2.7,-4.6,continúa,unidad_responsable_entre_ramos,,,571,,,
,55.8,55.8,0.0,-2.7,-4.6,continúa,unidad_responsable_entre_ramos,,,325,,,
,30.1,30.1,0.0,-1.4,-4.5,continúa,unidad_responsable_entre_ramos,,,N9W,,,
,38.2,38.2,0.0,-1.8,-4.5,continúa,unidad_responsable_entre_ramos,,,181,,,
,69.2,69.3,0.0,-3.3,-4.5,continúa,unidad_responsable_entre_ramos,,,336,,,
,28.7,28.8,0.1,-1.3,-4.3,continúa,unidad_responsable_entre_ramos,,,321,,,
,17.9,18.1,0.1,-0.7,-3.8,continúa,unidad_responsable_entre_ramos,,,423,,,
,39.0,39.2,0.2,-1.7,-4.1,continúa,unidad_responsable_entre_ramos,,,419,,,
,7.4,7.6,0.2,-0.1,-1.8,continúa,unidad_responsable_entre_ramos,,,921,,,
,7.4,7.6,0.2,-0.1,-1.8,continúa,unidad_responsable_entre_ramos,,,922,,,
,6.7,6.9,0.2,-0.1,-1.3,continúa,unidad_responsable_entre_ramos,,,542,,,
,30.8,31.1,0.2,-1.2,-3.8,continúa,unidad_responsable_entre_ramos,,,207,,,
,46.8,47.1,0.3,-2.0,-4.0,continúa,unidad_responsable_entre_ramos,,,540,,,
,18.3,18.6,0.3,-0.6,-3.0,continúa,unidad_responsable_entre_ramos,,,432,,,
,38.4,38.8,0.4,-1.5,-3.6,continúa,unidad_responsable_entre_ramos,,,324,,,
,99.9,100.3,0.4,-4.4,-4.2,continúa,unidad_responsable_entre_ramos,,,AYH,,,
,46.1,46.5,0.4,-1.8,-3.8,continúa,unidad_responsable_entre_ramos,,,920,,,
,62.0,62.4,0.5,-2.5,-3.9,continúa,unidad_responsable_entre_ramos,,,L9T,,,
,17.4,17.9,0.5,-0.3,-1.7,continúa,unidad_responsable_entre_ramos,,,163,,,
,14.5,15.0,0.5,-0.2,-1.0,continúa,unidad_responsable_entre_ramos,,,534,,,
,13.9,14.4,0.6,-0.1,-0.6,continúa,unidad_responsable_entre_ramos,,,J2I,,,
,17.7,18.3,0.6,-0.2,-1.3,continúa,unidad_responsable_entre_ramos,,,541,,,
,45.4,46.0,0.6,-1.6,-3.3,continúa,unidad_responsable_entre_ramos,,,347,,,
,35.9,36.5,0.6,-1.1,-2.9,continúa,unidad_responsable_entre_ramos,,,301,,,
,14.2,14.9,0.7,0.0,0.0,continúa,unidad_responsable_entre_ramos,,,162,,,
,30.0,30.7,0.7,-0.7,-2.3,continúa,unidad_responsable_entre_ramos,,,380,,,
,79.1,80.1,0.9,-2.9,-3.5,continúa,unidad_responsable_entre_ramos,,,348,,,
,34.6,35.6,1.0,-0.6,-1.8,continúa,unidad_responsable_entre_ramos,,,302,,,
,29.8,30.8,1.0,-0.4,-1.3,continúa,unidad_responsable_entre_ramos,,,205,,,
,27.9,29.0,1.0,-0.3,-1.0,continúa,unidad_responsable_entre_ramos,,,911,,,
,12.9,14.0,1.1,0.5,3.4,continúa,unidad_responsable_entre_ramos,,,T0U,,,
,57.7,58.8,1.1,-1.7,-2.8,continúa,unidad_responsable_entre_ramos,,,443,,,
,36.6,37.7,1.1,-0.6,-1.6,continúa,unidad_responsable_entre_ramos,,,209,,,
,81.4,82.6,1.2,-2.7,-3.2,continúa,unidad_responsable_entre_ramos,,,339,,,
,47.2,48.4,1.2,-1.0,-2.1,continúa,unidad_responsable_entre_ramos,,,342,,,
,26.2,27.5,1.3,-0.0,-0.0,continúa,unidad_responsable_entre_ramos,,,913,,,
,47.2,48.7,1.5,-0.8,-1.6,continúa,unidad_responsable_entre_ramos,,,333,,,
,86.1,87.6,1.6,-2.5,-2.8,continúa,unidad_responsable_entre_ramos,,,360,,,
,35.2,36.8,1.6,-0.1,-0.3,continúa,unidad_responsable_entre_ramos,,,206,,,
,58.6,60.3,1.6,-1.2,-1.9,continúa,unidad_responsable_entre_ramos,,,331,,,
,36.7,38.3,1.7,-0.1,-0.3,continúa,unidad_responsable_entre_ramos,,,231,,,
,35.9,37.6,1.8,0.0,0.1,continúa,unidad_responsable_entre_ramos,,,203,,,
,35.5,37.3,1.8,0.1,0.2,continúa,unidad_responsable_entre_ramos,,,306,,,
,70.9,72.7,1.8,-1.6,-2.1,continúa,unidad_responsable_entre_ramos,,,328,,,
,32.4,34.3,1.8,0.3,0.9,continúa,unidad_responsable_entre_ramos,,,307,,,
,128.8,130.8,2.0,-4.2,-3.1,continúa,unidad_responsable_entre_ramos,,,AYM,,,
,44.8,46.8,2.1,-0.1,-0.2,continúa,unidad_responsable_entre_ramos,,,940,,,
,167.0,169.3,2.2,-5.8,-3.3,continúa,unidad_responsable_entre_ramos,,,170,,,
,29.8,32.1,2.3,0.8,2.7,continúa,unidad_responsable_entre_ramos,,,349,,,
,136.9,139.2,2.3,-4.2,-3.0,continúa,unidad_responsable_entre_ramos,,,MAR,,,
,29.2,31.6,2.5,1.1,3.4,continúa,unidad_responsable_entre_ramos,,,L3N,,,
,43.1,45.6,2.5,0.5,1.1,continúa,unidad_responsable_entre_ramos,,,204,,,
,143.8,146.4,2.6,-4.3,-2.9,continúa,unidad_responsable_entre_ramos,,,J4Q,,,
,34.9,37.5,2.6,1.0,2.6,continúa,unidad_responsable_entre_ramos,,,308,,,
,100.0,102.8,2.8,-2.0,-1.9,continúa,unidad_responsable_entre_ramos,,,L6U,,,
,6.0,9.2,3.3,3.0,47.8,continúa,unidad_responsable_entre_ramos,,,317,,,
,36.1,39.5,3.4,1.7,4.4,continúa,unidad_responsable_entre_ramos,,,202,,,
,21.4,24.9,3.5,2.4,10.8,continúa,unidad_responsable_entre_ramos,,,154,,,
,103.5,107.1,3.6,-1.3,-1.2,continúa,unidad_responsable_entre_ramos,,,91O,,,
,98.1,101.9,3.8,-0.9,-0.9,continúa,unidad_responsable_entre_ramos,,,820,,,
,72.9,76.8,3.9,0.4,0.5,continúa,unidad_responsable_entre_ramos,,,P00,,,
,135.6,139.5,3.9,-2.6,-1.8,continúa,unidad_responsable_entre_ramos,,,VZG,,,
,164.0,168.2,4.2,-3.6,-2.1,continúa,unidad_responsable_entre_ramos,,,350,,,
,124.8,129.2,4.4,-1.6,-1.2,continúa,unidad_responsable_entre_ramos,,,90K,,,
,186.9,191.3,4.5,-4.5,-2.3,continúa,unidad_responsable_entre_ramos,,,MDL,,,
,130.7,135.2,4.6,-1.7,-1.2,continúa,unidad_responsable_entre_ramos,,,91K,,,
,0.0,5.0,5.0,5.0,inf,aparece,unidad_responsable_entre_ramos,,,241,,,
,94.9,100.2,5.3,0.7,0.7,continúa,unidad_responsable_entre_ramos,,,335,,,
,155.5,160.9,5.4,-2.1,-1.3,continúa,unidad_responsable_entre_ramos,,,329,,,
,284.8,290.2,5.4,-8.2,-2.8,continúa,unidad_responsable_entre_ramos,,,941,,,
,159.9,165.5,5.6,-2.1,-1.2,continúa,unidad_responsable_entre_ramos,,,91W,,,
,161.7,167.3,5.7,-2.1,-1.2,continúa,unidad_responsable_entre_ramos,,,91I,,,
,0.0,5.7,5.7,5.7,inf,aparece,unidad_responsable_entre_ramos,,,245,,,
,0.0,5.9,5.9,5.9,inf,aparece,unidad_responsable_entre_ramos,,,319,,,
,100.1,106.0,5.9,1.1,1.1,continúa,unidad_responsable_entre_ramos,,,532,,,
,44.9,50.9,6.0,3.8,8.1,continúa,unidad_responsable_entre_ramos,,,341,,,
,36.9,43.1,6.2,4.4,11.4,continúa,unidad_responsable_entre_ramos,,,338,,,
,9.9,16.2,6.3,5.8,56.1,continúa,unidad_responsable_entre_ramos,,,232,,,
,0.0,7.0,7.0,7.0,inf,aparece,unidad_responsable_entre_ramos,,,233,,,
,200.1,207.1,7.0,-2.6,-1.2,continúa,unidad_responsable_entre_ramos,,,90S,,,
,69.6,76.8,7.2,3.8,5.2,continúa,unidad_responsable_entre_ramos,,,227,,,
,205.4,212.6,7.2,-2.7,-1.2,continúa,unidad_responsable_entre_ramos,,,90C,,,
,209.9,217.2,7.3,-2.7,-1.2,continúa,unidad_responsable_entre_ramos,,,90G,,,
,211.3,218.6,7.4,-2.7,-1.2,continúa,unidad_responsable_entre_ramos,,,90U,,,
,212.1,219.6,7.4,-2.8,-1.2,continúa,unidad_responsable_entre_ramos,,,91S,,,
,39.0,46.6,7.6,5.7,14.0,continúa,unidad_responsable_entre_ramos,,,303,,,
,148.3,156.1,7.9,0.8,0.5,continúa,unidad_responsable_entre_ramos,,,914,,,
,59.9,67.8,7.9,5.1,8.1,continúa,unidad_responsable_entre_ramos,,,Q00,,,
,240.4,248.8,8.4,-3.1,-1.2,continúa,unidad_responsable_entre_ramos,,,NCH,,,
,487.0,495.9,8.9,-14.5,-2.8,continúa,unidad_responsable_entre_ramos,,,212,,,
,0.0,8.9,8.9,8.9,inf,aparece,unidad_responsable_entre_ramos,,,235,,,
,0.0,9.2,9.2,9.2,inf,aparece,unidad_responsable_entre_ramos,,,246,,,
,154.5,163.8,9.3,1.9,1.2,continúa,unidad_responsable_entre_ramos,,,190,,,
,42.8,52.2,9.4,7.4,16.4,continúa,unidad_responsable_entre_ramos,,,615,,,
,216.6,226.6,10.0,-0.4,-0.2,continúa,unidad_responsable_entre_ramos,,,90I,,,
,298.1,308.5,10.4,-3.9,-1.2,continúa,unidad_responsable_entre_ramos,,,90Q,,,
,1.8,12.4,10.6,10.5,572.7,continúa,unidad_responsable_entre_ramos,,,MGJ,,,
,315.2,326.2,11.0,-4.1,-1.2,continúa,unidad_responsable_entre_ramos,,,90Y,,,
,69.3,80.4,11.0,7.7,10.6,continúa,unidad_responsable_entre_ramos,,,531,,,
,101.1,112.9,11.7,6.9,6.5,continúa,unidad_responsable_entre_ramos,,,345,,,
,342.5,354.4,12.0,-4.5,-1.2,continúa,unidad_responsable_entre_ramos,,,90W,,,
,345.1,357.2,12.1,-4.5,-1.2,continúa,unidad_responsable_entre_ramos,,,9ZU,,,
,0.0,12.2,12.2,12.2,inf,aparece,unidad_responsable_entre_ramos,,,554,,,
,0.0,12.7,12.7,12.7,inf,aparece,unidad_responsable_entre_ramos,,,431,,,
,25.4,38.3,13.0,11.8,44.3,continúa,unidad_responsable_entre_ramos,,,860,,,
,55.0,68.3,13.3,10.7,18.6,continúa,unidad_responsable_entre_ramos,,,620,,,
,1342.4,1355.8,13.5,-51.0,-3.6,continúa,unidad_responsable_entre_ramos,,,123,,,
,2347.9,2361.6,13.7,-99.0,-4.0,continúa,unidad_responsable_entre_ramos,,,124,,,
,397.9,411.8,13.9,-5.2,-1.2,continúa,unidad_responsable_entre_ramos,,,91U,,,
,418.1,432.7,14.6,-5.4,-1.2,continúa,unidad_responsable_entre_ramos,,,90M,,,
,1074.9,1089.8,14.9,-36.7,-3.3,continúa,unidad_responsable_entre_ramos,,,219,,,
,314.2,329.4,15.2,0.1,0.0,continúa,unidad_responsable_entre_ramos,,,MDC,,,
,196.3,211.7,15.3,5.9,2.9,continúa,unidad_responsable_entre_ramos,,,MDE,,,
,1066.7,1082.8,16.0,-35.2,-3.1,continúa,unidad_responsable_entre_ramos,,,850,,,
,5865.3,5881.8,16.5,-265.1,-4.3,continúa,unidad_responsable_entre_ramos,,,514,,,
,485.2,502.2,17.0,-6.3,-1.2,continúa,unidad_responsable_entre_ramos,,,M7F,,,
,890.9,908.4,17.5,-25.3,-2.7,continúa,unidad_responsable_entre_ramos,,,515,,,
,508.3,526.1,17.8,-6.6,-1.2,continúa,unidad_responsable_entre_ramos,,,90O,,,
,538.7,557.5,18.9,-7.0,-1.2,continúa,unidad_responsable_entre_ramos,,,NDY,,,
,83.4,102.5,19.1,15.1,17.3,continúa,unidad_responsable_entre_ramos,,,NCE,,,
,67.8,87.4,19.6,16.4,23.0,continúa,unidad_responsable_entre_ramos,,,90A,,,
,0.0,20.7,20.7,20.7,inf,aparece,unidad_responsable_entre_ramos,,,268,,,
,599.4,620.4,21.0,-7.8,-1.2,continúa,unidad_responsable_entre_ramos,,,9ZW,,,
,705.6,727.9,22.3,-11.6,-1.6,continúa,unidad_responsable_entre_ramos,,,119,,,
,0.0,22.7,22.7,22.7,inf,aparece,unidad_responsable_entre_ramos,,,533,,,
,66.7,89.8,23.1,19.9,28.5,continúa,unidad_responsable_entre_ramos,,,831,,,
,7.0,30.1,23.2,22.8,311.7,continúa,unidad_responsable_entre_ramos,,,516,,,
,48.7,72.9,24.2,21.8,42.8,continúa,unidad_responsable_entre_ramos,,,330,,,
,9337.2,9363.9,26.7,-421.5,-4.3,continúa,unidad_responsable_entre_ramos,,,200,,,
,828.7,857.7,29.0,-10.8,-1.2,continúa,unidad_responsable_entre_ramos,,,M7K,,,
,356.1,385.3,29.1,12.1,3.2,continúa,unidad_responsable_entre_ramos,,,91C,,,
,213.9,244.1,30.3,20.0,8.9,continúa,unidad_responsable_entre_ramos,,,90E,,,
,80.4,111.6,31.2,27.3,32.4,continúa,unidad_responsable_entre_ramos,,,346,,,
,0.0,32.4,32.4,32.4,inf,aparece,unidad_responsable_entre_ramos,,,262,,,
,113.7,146.2,32.5,27.1,22.7,continúa,unidad_responsable_entre_ramos,,,530,,,
,220.8,254.4,33.6,23.0,10.0,continúa,unidad_responsable_entre_ramos,,,812,,,
,11.4,47.4,36.0,35.5,297.4,continúa,unidad_responsable_entre_ramos,,,263,,,
,0.0,36.1,36.1,36.1,inf,aparece,unidad_responsable_entre_ramos,,,281,,,
,1145.9,1182.1,36.1,-18.9,-1.6,continúa,unidad_responsable_entre_ramos,,,109,,,
,0.0,37.3,37.3,37.3,inf,aparece,unidad_responsable_entre_ramos,,,276,,,
,0.0,37.3,37.3,37.3,inf,aparece,unidad_responsable_entre_ramos,,,282,,,
,598.3,638.1,39.8,11.1,1.8,continúa,unidad_responsable_entre_ramos,,,915,,,
,2129.0,2169.9,40.9,-61.3,-2.7,continúa,unidad_responsable_entre_ramos,,,127,,,
,53.5,94.9,41.4,38.8,69.2,continúa,unidad_responsable_entre_ramos,,,840,,,
,397.4,441.2,43.8,24.7,5.9,continúa,unidad_responsable_entre_ramos,,,91E,,,
,75.2,119.4,44.1,40.5,51.4,continúa,unidad_responsable_entre_ramos,,,161,,,
,255.6,300.4,44.8,32.5,12.1,continúa,unidad_responsable_entre_ramos,,,900,,,
,1283.3,1328.2,44.9,-16.7,-1.2,continúa,unidad_responsable_entre_ramos,,,NCK,,,
,12.4,59.1,46.7,46.1,354.7,continúa,unidad_responsable_entre_ramos,,,265,,,
,11.7,59.5,47.8,47.2,386.2,continúa,unidad_responsable_entre_ramos,,,264,,,
,23.9,71.8,47.9,46.8,186.4,continúa,unidad_responsable_entre_ramos,,,250,,,
,1677.0,1727.3,50.3,-30.2,-1.7,continúa,unidad_responsable_entre_ramos,,,L5X,,,
,0.0,50.8,50.8,50.8,inf,aparece,unidad_responsable_entre_ramos,,,288,,,
,53.2,104.5,51.3,48.7,87.3,continúa,unidad_responsable_entre_ramos,,,280,,,
,48.8,100.3,51.5,49.2,96.2,continúa,unidad_responsable_entre_ramos,,,618,,,
,305.9,357.7,51.9,37.2,11.6,continúa,unidad_responsable_entre_ramos,,,91Q,,,
,1118.9,1171.5,52.5,-1.2,-0.1,continúa,unidad_responsable_entre_ramos,,,AYJ,,,
,1083.5,1136.4,52.9,0.9,0.1,continúa,unidad_responsable_entre_ramos,,,LAT,,,
,0.0,54.4,54.4,54.4,inf,aparece,unidad_responsable_entre_ramos,,,277,,,
,0.0,54.6,54.6,54.6,inf,aparece,unidad_responsable_entre_ramos,,,278,,,
,115.1,170.2,55.2,49.7,41.2,continúa,unidad_responsable_entre_ramos,,,261,,,
,0.0,57.0,57.0,57.0,inf,aparece,unidad_responsable_entre_ramos,,,292,,,
,417.4,475.3,57.9,37.9,8.7,continúa,unidad_responsable_entre_ramos,,,9ZY,,,
,204.5,264.9,60.4,50.6,23.6,continúa,unidad_responsable_entre_ramos,,,340,,,
,47.9,109.2,61.3,59.1,117.7,continúa,unidad_responsable_entre_ramos,,,N00,,,
,0.0,62.9,62.9,62.9,inf,aparece,unidad_responsable_entre_ramos,,,501,,,
,857.9,922.2,64.2,23.1,2.6,continúa,unidad_responsable_entre_ramos,,,W3N,,,
,335.9,401.2,65.3,49.2,14.0,continúa,unidad_responsable_entre_ramos,,,AYL,,,
,361.8,427.9,66.1,48.7,12.8,continúa,unidad_responsable_entre_ramos,,,L3P,,,
,1905.3,1972.0,66.7,-24.8,-1.2,continúa,unidad_responsable_entre_ramos,,,NDF,,,
,2332.6,2402.6,70.0,-42.0,-1.7,continúa,unidad_responsable_entre_ramos,,,L5N,,,
,0.0,71.0,71.0,71.0,inf,aparece,unidad_responsable_entre_ramos,,,286,,,
,0.0,72.0,72.0,72.0,inf,aparece,unidad_responsable_entre_ramos,,,283,,,
,0.0,72.8,72.8,72.8,inf,aparece,unidad_responsable_entre_ramos,,,285,,,
,1187.6,1260.4,72.8,15.8,1.3,continúa,unidad_responsable_entre_ramos,,,NDE,,,
,0.0,75.0,75.0,75.0,inf,aparece,unidad_responsable_entre_ramos,,,543,,,
,0.0,78.0,78.0,78.0,inf,aparece,unidad_responsable_entre_ramos,,,269,,,
,11.5,90.1,78.6,78.1,649.7,continúa,unidad_responsable_entre_ramos,,,272,,,
,989.8,1072.0,82.2,34.6,3.3,continúa,unidad_responsable_entre_ramos,,,512,,,
,303.0,385.8,82.8,68.3,21.5,continúa,unidad_responsable_entre_ramos,,,270,,,
,0.0,86.1,86.1,86.1,inf,aparece,unidad_responsable_entre_ramos,,,291,,,
,0.0,86.4,86.4,86.4,inf,aparece,unidad_responsable_entre_ramos,,,290,,,
,3014.9,3105.4,90.4,-54.3,-1.7,continúa,unidad_responsable_entre_ramos,,,MEY,,,
,0.0,91.4,91.4,91.4,inf,aparece,unidad_responsable_entre_ramos,,,267,,,
,19.4,111.7,92.3,91.4,449.0,continúa,unidad_responsable_entre_ramos,,,430,,,
,77.4,170.3,92.9,89.2,109.9,continúa,unidad_responsable_entre_ramos,,,520,,,
,0.0,94.0,94.0,94.0,inf,aparece,unidad_responsable_entre_ramos,,,284,,,
,722.1,819.3,97.3,62.6,8.3,continúa,unidad_responsable_entre_ramos,,,L8K,,,
,14.0,112.9,98.9,98.2,667.7,continúa,unidad_responsable_entre_ramos,,,273,,,
,2528.5,2633.0,104.5,-16.9,-0.6,continúa,unidad_responsable_entre_ramos,,,811,,,
,139.5,245.4,105.9,99.2,67.8,continúa,unidad_responsable_entre_ramos,,,271,,,
,0.0,110.4,110.4,110.4,inf,aparece,unidad_responsable_entre_ramos,,,279,,,
,0.0,111.5,111.5,111.5,inf,aparece,unidad_responsable_entre_ramos,,,HZK,,,
,1102.0,1214.7,112.7,59.8,5.2,continúa,unidad_responsable_entre_ramos,,,X00,,,
,0.0,114.7,114.7,114.7,inf,aparece,unidad_responsable_entre_ramos,,,274,,,
,0.0,116.4,116.4,116.4,inf,aparece,unidad_responsable_entre_ramos,,,287,,,
,0.0,124.0,124.0,124.0,inf,aparece,unidad_responsable_entre_ramos,,,275,,,
,2240.3,2366.2,125.9,18.4,0.8,continúa,unidad_responsable_entre_ramos,,,I00,,,
,9751.5,9881.2,129.7,-338.4,-3.3,continúa,unidad_responsable_entre_ramos,,,121,,,
,1360.7,1492.8,132.1,66.8,4.7,continúa,unidad_responsable_entre_ramos,,,800,,,
,283.5,422.6,139.1,125.5,42.2,continúa,unidad_responsable_entre_ramos,,,QDV,,,
,5010.7,5150.4,139.7,-100.8,-1.9,continúa,unidad_responsable_entre_ramos,,,NHK,,,
,284.9,427.1,142.2,128.5,43.1,continúa,unidad_responsable_entre_ramos,,,T0K,,,
,852.3,995.7,143.4,102.5,11.5,continúa,unidad_responsable_entre_ramos,,,216,,,
,0.0,149.2,149.2,149.2,inf,aparece,unidad_responsable_entre_ramos,,,289,,,
,2443.9,2613.5,169.6,52.2,2.0,continúa,unidad_responsable_entre_ramos,,,830,,,
,2434.2,2604.2,170.0,53.2,2.1,continúa,unidad_responsable_entre_ramos,,,NCZ,,,
,11953.0,12131.0,178.0,-395.7,-3.2,continúa,unidad_responsable_entre_ramos,,,111,,,
,4657.4,4836.6,179.3,-44.3,-0.9,continúa,unidad_responsable_entre_ramos,,,R00,,,
,0.0,189.4,189.4,189.4,inf,aparece,unidad_responsable_entre_ramos,,,266,,,
,1153.1,1343.7,190.6,135.3,11.2,continúa,unidad_responsable_entre_ramos,,,MGH,,,
,1615.0,1806.7,191.6,114.1,6.7,continúa,unidad_responsable_entre_ramos,,,IZC,,,
,1416.8,1610.9,194.0,126.0,8.5,continúa,unidad_responsable_entre_ramos,,,260,,,
,4856.1,5051.9,195.8,-37.3,-0.7,continúa,unidad_responsable_entre_ramos,,,AYB,,,
,218.2,425.2,207.0,196.5,85.9,continúa,unidad_responsable_entre_ramos,,,230,,,
,1629.8,1837.1,207.2,129.0,7.6,continúa,unidad_responsable_entre_ramos,,,A00,,,
,2761.7,2971.3,209.7,77.1,2.7,continúa,unidad_responsable_entre_ramos,,,126,,,
,1645.3,1874.7,229.4,150.4,8.7,continúa,unidad_responsable_entre_ramos,,,NBB,,,
,16426.1,16655.7,229.6,-558.9,-3.2,continúa,unidad_responsable_entre_ramos,,,115,,,
,2024.8,2263.3,238.5,141.3,6.7,continúa,unidad_responsable_entre_ramos,,,NBG,,,
,2488.4,2742.5,254.1,134.7,5.2,continúa,unidad_responsable_entre_ramos,,,131,,,
,1972.2,2233.0,260.8,166.1,8.0,continúa,unidad_responsable_entre_ramos,,,NBV,,,
,0.0,269.9,269.9,269.9,inf,aparece,unidad_responsable_entre_ramos,,,KDN,,,
,1810.5,2081.7,271.3,184.4,9.7,continúa,unidad_responsable_entre_ramos,,,NCA,,,
,282.5,567.5,285.0,271.5,91.7,continúa,unidad_responsable_entre_ramos,,,870,,,
,1230.8,1521.8,291.1,232.0,18.0,continúa,unidad_responsable_entre_ramos,,,130,,,
,2259.5,2560.4,300.9,192.5,8.1,continúa,unidad_responsable_entre_ramos,,,NAW,,,
,3078.6,3382.6,304.0,156.2,4.8,continúa,unidad_responsable_entre_ramos,,,125,,,
,2973.4,3278.5,305.0,162.3,5.2,continúa,unidad_responsable_entre_ramos,,,K00,,,
,2539.8,2871.6,331.8,209.9,7.9,continúa,unidad_responsable_entre_ramos,,,400,,,
,2414.5,2747.9,333.3,217.5,8.6,continúa,unidad_responsable_entre_ramos,,,NCG,,,
,3423.4,3782.6,359.2,194.8,5.4,continúa,unidad_responsable_entre_ramos,,,A1I,,,
,9135.9,9504.2,368.3,-70.2,-0.7,continúa,unidad_responsable_entre_ramos,,,HXA,,,
,4791.9,5176.7,384.8,154.8,3.1,continúa,unidad_responsable_entre_ramos,,,NBD,,,
,2644.3,3100.1,455.8,328.9,11.9,continúa,unidad_responsable_entre_ramos,,,L4J,,,
,1106.4,1586.6,480.2,427.1,36.8,continúa,unidad_responsable_entre_ramos,,,KCZ,,,
,774.4,1290.1,515.7,478.5,59.0,continúa,unidad_responsable_entre_ramos,,,146,,,
,0.0,523.3,523.3,523.3,inf,aparece,unidad_responsable_entre_ramos,,,J3F,,,
,1771.1,2497.2,726.1,641.1,34.5,continúa,unidad_responsable_entre_ramos,,,NCD,,,
,16267.4,17018.3,751.0,-29.9,-0.2,continúa,unidad_responsable_entre_ramos,,,E00,,,
,3859.5,4613.9,754.4,569.2,14.1,continúa,unidad_responsable_entre_ramos,,,160,,,
,29.7,800.5,770.8,769.3,2470.8,continúa,unidad_responsable_entre_ramos,,,J3C,,,
,0.0,776.0,776.0,776.0,inf,aparece,unidad_responsable_entre_ramos,,,J3G,,,
,2687.8,3519.0,831.1,702.1,24.9,continúa,unidad_responsable_entre_ramos,,,J9E,,,
,24434.4,25431.0,996.6,-176.3,-0.7,continúa,unidad_responsable_entre_ramos,,,320,,,
,25233.9,26237.5,1003.6,-207.7,-0.8,continúa,unidad_responsable_entre_ramos,,,180,,,
,0.0,1050.0,1050.0,1050.0,inf,aparece,unidad_responsable_entre_ramos,,,92M,,,
,2275.5,3441.9,1166.4,1057.2,44.3,continúa,unidad_responsable_entre_ramos,,,H0C,,,
,4206.7,5489.3,1282.5,1080.6,24.5,continúa,unidad_responsable_entre_ramos,,,F00,,,
,32117.6,33474.9,1357.4,-184.3,-0.5,continúa,unidad_responsable_entre_ramos,,,QCW,,,
,1971.7,3876.2,1904.5,1809.9,87.6,continúa,unidad_responsable_entre_ramos,,,142,,,
,4117.3,6049.2,1931.9,1734.2,40.2,continúa,unidad_responsable_entre_ramos,,,117,,,
,8128.1,10090.8,1962.7,1572.6,18.5,continúa,unidad_responsable_entre_ramos,,,A2M,,,
,56811.3,58776.1,1964.8,-762.1,-1.3,continúa,unidad_responsable_entre_ramos,,,C00,,,
,6818.0,8908.4,2090.4,1763.1,24.7,continúa,unidad_responsable_entre_ramos,,,132,,,
,17858.9,20016.2,2157.2,1300.0,6.9,continúa,unidad_responsable_entre_ramos,,,145,,,
,20138.9,22479.5,2340.6,1374.0,6.5,continúa,unidad_responsable_entre_ramos,,,M00,,,
,38702.3,42251.9,3549.6,1691.8,4.2,continúa,unidad_responsable_entre_ramos,,,700,,,
,66254.9,71133.9,4879.0,1698.7,2.4,continúa,unidad_responsable_entre_ramos,,,B00,,,
,29915.1,35413.1,5498.0,4062.1,13.0,continúa,unidad_responsable_entre_ramos,,,211,,,
,165562.6,172492.4,6929.8,-1017.2,-0.6,continúa,unidad_responsable_entre_ramos,,,AYO,,,
,45058.3,53748.5,8690.2,6527.4,13.8,continúa,unidad_responsable_entre_ramos,,,A3Q,,,
,2560.8,15664.1,13103.2,12980.3,483.7,continúa,unidad_responsable_entre_ramos,,,VSS,,,
,3260.3,19238.8,15978.5,15822.0,463.1,continúa,unidad_responsable_entre_ramos,,,140,,,
,0.0,18216.5,18216.5,18216.5,inf,aparece,unidad_responsable_entre_ramos,,,237,,,
,583951.1,602567.5,18616.4,-9413.3,-1.5,continúa,unidad_responsable_entre_ramos,,,TVV,,,
,957965.8,977626.0,19660.2,-26322.1,-2.6,continúa,unidad_responsable_entre_ramos,,,GYN,,,
,169.5,23539.3,23369.8,23361.7,13153.5,continúa,unidad_responsable_entre_ramos,,,148,,,
,4304.8,47681.7,43376.8,43170.2,956.9,continúa,unidad_responsable_entre_ramos,,,220,,,
,133704.5,187529.0,53824.5,47406.7,33.8,continúa,unidad_responsable_entre_ramos,,,O00,,,
,19914.4,94701.4,74787.0,73831.1,353.8,continúa,unidad_responsable_entre_ramos,,,120,,,
,30002.9,124280.6,94277.7,92837.6,295.3,continúa,unidad_responsable_entre_ramos,,,D00,,,
,532613.5,627096.2,94482.6,68917.2,12.3,continúa,unidad_responsable_entre_ramos,,,201,,,
,612145.9,708200.9,96055.0,66672.0,10.4,continúa,unidad_responsable_entre_ramos,,,TYY,,,
,1341444.4,1457205.8,115761.4,51372.1,3.7,continúa,unidad_responsable_entre_ramos,,,114,,,
,144798.8,270254.4,125455.6,118505.2,78.1,continúa,unidad_responsable_entre_ramos,,,500,,,
,1211064.6,1361734.3,150669.7,92538.6,7.3,continúa,unidad_responsable_entre_ramos,,,210,,,
,2384687.0,2553656.3,168969.2,54504.3,2.2,continúa,unidad_responsable_entre_ramos,,,GYR,,,
,256549.4,1412487.9,1155938.5,1143624.2,425.4,continúa,unidad_responsable_entre_ramos,,,411,,,
,40476.1,22837.2,-17638.8,-19581.7,-46.2,continúa,subfuncion,,,,1,3,6
,52451.9,35553.4,-16898.5,-19416.2,-35.3,continúa,subfuncion,,,,4,3,2
,158106.1,146386.1,-11720.0,-19309.1,-11.7,continúa,subfuncion,,,,3,5,3
,35951.5,28214.1,-7737.4,-9463.1,-25.1,continúa,subfuncion,,,,1,7,1
,23996.1,18643.8,-5352.3,-6504.1,-25.9,continúa,subfuncion,,,,2,3,1
,10244.1,5399.8,-4844.3,-5336.0,-49.7,continúa,subfuncion,,,,2,1,2
,3984.1,590.3,-3393.8,-3585.0,-85.9,continúa,subfuncion,,,,1,8,5
,18851.6,16212.8,-2638.8,-3543.7,-17.9,continúa,subfuncion,,,,2,3,3
,3721.8,1237.3,-2484.5,-2663.1,-68.3,continúa,subfuncion,,,,2,2,1
,5735.6,4029.0,-1706.6,-1981.9,-33.0,continúa,subfuncion,,,,3,6,1
,19194.3,17560.2,-1634.0,-2555.4,-12.7,continúa,subfuncion,,,,2,2,3
,6312.6,5033.5,-1279.0,-1582.0,-23.9,continúa,subfuncion,,,,1,3,4
,3416.1,2431.4,-984.7,-1148.6,-32.1,continúa,subfuncion,,,,3,5,6
,971.8,0.0,-971.8,-1018.5,-100.0,desaparece,subfuncion,,,,1,8,4
,18341.9,17852.7,-489.2,-1369.6,-7.1,continúa,subfuncion,,,,2,3,5
,12245.3,11807.5,-437.8,-1025.6,-8.0,continúa,subfuncion,,,,1,8,2
,3239.2,2822.6,-416.6,-572.1,-16.9,continúa,subfuncion,,,,1,1,2
,1818.5,1512.1,-306.4,-393.7,-20.7,continúa,subfuncion,,,,3,8,4
,34303.9,34177.5,-126.5,-1773.1,-4.9,continúa,subfuncion,,,,1,6,2
,14830.4,14706.5,-123.9,-835.8,-5.4,continúa,subfuncion,,,,1,1,1
,867.6,800.5,-67.2,-108.8,-12.0,continúa,subfuncion,,,,1,3,1
,2619.3,2562.1,-57.3,-183.0,-6.7,continúa,subfuncion,,,,2,4,1
,1430.8,1382.2,-48.7,-117.3,-7.8,continúa,subfuncion,,,,3,8,2
,977.6,947.7,-29.9,-76.8,-7.5,continúa,subfuncion,,,,1,3,9
,1009.1,995.9,-13.1,-61.6,-5.8,continúa,subfuncion,,,,2,6,6
,2577.7,2565.3,-12.4,-136.1,-5.0,continúa,subfuncion,,,,3,2,2
,176.9,167.7,-9.2,-17.7,-9.6,continúa,subfuncion,,,,3,4,1
,9294.2,9294.2,-0.0,-446.1,-4.6,continúa,subfuncion,,,,1,4,1
,0.0,0.0,0.0,0.0,41.4,continúa,subfuncion,,,,4,3,3
,0.0,0.0,0.0,0.0,172.6,continúa,subfuncion,,,,4,3,4
,1001.1,1002.3,1.2,-46.8,-4.5,continúa,subfuncion,,,,2,1,5
,149.6,153.1,3.5,-3.7,-2.3,continúa,subfuncion,,,,1,3,5
,1873.3,1893.1,19.8,-70.1,-3.6,continúa,subfuncion,,,,3,7,1
,107.0,161.3,54.2,49.1,43.7,continúa,subfuncion,,,,3,3,3
,176.0,231.1,55.0,46.6,25.2,continúa,subfuncion,,,,1,7,2
,5640.5,5699.8,59.3,-211.5,-3.6,continúa,subfuncion,,,,2,5,5
,997.7,1098.3,100.6,52.8,5.0,continúa,subfuncion,,,,1,8,3
,115.8,218.8,103.0,97.5,80.3,continúa,subfuncion,,,,1,3,3
,2217.0,2361.5,144.5,38.0,1.6,continúa,subfuncion,,,,3,2,3
,4040.7,4203.6,162.9,-31.1,-0.7,continúa,subfuncion,,,,3,9,1
,3260.1,3434.6,174.5,18.0,0.5,continúa,subfuncion,,,,2,1,6
,4843.9,5038.9,195.0,-37.5,-0.7,continúa,subfuncion,,,,2,6,7
,4230.5,4450.7,220.2,17.1,0.4,continúa,subfuncion,,,,1,3,2
,151771.4,152047.2,275.8,-7009.2,-4.4,continúa,subfuncion,,,,2,5,2
,5040.9,5361.9,321.0,79.0,1.5,continúa,subfuncion,,,,1,2,4
,2206.2,2534.3,328.0,222.1,9.6,continúa,subfuncion,,,,1,3,7
,61833.7,62269.9,436.2,-2531.9,-3.9,continúa,subfuncion,,,,3,2,1
,11396.6,11867.7,471.1,-75.9,-0.6,continúa,subfuncion,,,,1,7,4
,6239.6,6738.8,499.2,199.7,3.1,continúa,subfuncion,,,,3,1,1
,2357.0,2879.0,522.1,409.0,16.6,continúa,subfuncion,,,,2,7,1
,26837.3,27543.4,706.1,-582.1,-2.1,continúa,subfuncion,,,,3,1,2
,21227.7,21987.0,759.2,-259.7,-1.2,continúa,subfuncion,,,,1,2,2
,18914.3,19676.8,762.5,-145.4,-0.7,continúa,subfuncion,,,,3,9,3
,4941.8,5740.7,798.9,561.7,10.8,continúa,subfuncion,,,,3,5,4
,20299.8,21114.3,814.4,-159.9,-0.8,continúa,subfuncion,,,,2,6,3
,2852.1,3836.6,984.5,847.6,28.4,continúa,subfuncion,,,,3,8,3
,91237.7,92273.8,1036.1,-3343.3,-3.5,continúa,subfuncion,,,,1,2,1
,54830.9,55872.5,1041.7,-1590.2,-2.8,continúa,subfuncion,,,,2,5,6
,2760.0,3863.4,1103.4,970.9,33.6,continúa,subfuncion,,,,1,6,3
,57252.4,58401.0,1148.6,-1599.5,-2.7,continúa,subfuncion,,,,1,5,2
,32129.2,33472.3,1343.2,-199.0,-0.6,continúa,subfuncion,,,,2,2,5
,9430.3,10819.5,1389.3,936.6,9.5,continúa,subfuncion,,,,2,5,4
,25242.8,26789.9,1547.1,335.4,1.3,continúa,subfuncion,,,,1,2,3
,927.9,2519.3,1591.4,1546.9,159.1,continúa,subfuncion,,,,3,3,4
,16910.7,18579.3,1668.6,856.9,4.8,continúa,subfuncion,,,,2,4,2
,4674.2,6587.8,1913.6,1689.3,34.5,continúa,subfuncion,,,,3,2,5
,332.0,2380.0,2048.0,2032.0,584.0,continúa,subfuncion,,,,3,5,2
,2916.7,5349.8,2433.1,2293.1,75.0,continúa,subfuncion,,,,1,5,1
,53260.0,56980.7,3720.7,1164.2,2.1,continúa,subfuncion,,,,3,8,1
,96411.8,100483.3,4071.5,-556.2,-0.6,continúa,subfuncion,,,,1,6,1
,3003.6,7138.4,4134.7,3990.6,126.8,continúa,subfuncion,,,,2,1,3
,37641.7,42072.7,4431.0,2624.2,6.7,continúa,subfuncion,,,,2,6,1
,159807.9,170612.8,10804.9,3134.1,1.9,continúa,subfuncion,,,,2,5,3
,37119.5,53527.7,16408.2,14626.4,37.6,continúa,subfuncion,,,,3,5,1
,609170.6,627391.4,18220.8,-11019.4,-1.7,continúa,subfuncion,,,,3,3,5
,5578.4,23819.4,18241.1,17973.3,307.4,continúa,subfuncion,,,,1,7,3
,247693.9,266447.6,18753.7,6864.4,2.6,continúa,subfuncion,,,,2,6,9
,10043.7,34880.8,24837.2,24355.1,231.4,continúa,subfuncion,,,,2,3,4
,45800.0,70855.7,25055.7,22857.3,47.6,continúa,subfuncion,,,,4,4,1
,170873.2,198869.1,27996.0,19794.0,11.1,continúa,subfuncion,,,,4,1,2
,317871.6,346633.0,28761.4,13503.6,4.1,continúa,subfuncion,,,,2,2,7
,817293.8,886712.0,69418.2,30188.1,3.5,continúa,subfuncion,,,,2,3,2
,690468.9,766810.6,76341.7,43199.2,6.0,continúa,subfuncion,,,,2,5,1
,602889.6,699616.3,96726.7,67788.0,10.7,continúa,subfuncion,,,,2,6,8
,2657844.7,2758176.3,100331.6,-27245.0,-1.0,continúa,subfuncion,,,,2,6,2
,1340210.9,1456045.9,115835.0,51504.9,3.7,continúa,subfuncion,,,,4,2,2
,978678.4,1098811.9,120133.5,73157.0,7.1,continúa,subfuncion,,,,4,1,1
,763060.6,984734.5,221673.9,185047.0,23.1,continúa,subfuncion,,,,3,3,2
