RAMO_K,mdp_2026,mdp_2027,dif_nominal,dif_real,var_real_pct,estado,nivel,PP_K,PP_NUM,UR_K,F_K,FN_K,SF_K
18,267439.1,85634.2,-181804.9,-192502.5,-69.2,continúa,ramo,,,,,,
TYY,708200.9,678662.7,-29538.2,-57866.2,-7.9,continúa,ramo,,,,,,
TVV,602567.5,575215.6,-27351.9,-51454.6,-8.2,continúa,ramo,,,,,,
03,85960.2,72264.7,-13695.5,-17133.9,-19.2,continúa,ramo,,,,,,
23,167652.2,162153.2,-5499.1,-12205.2,-7.0,continúa,ramo,,,,,,
35,1834.3,1650.9,-183.4,-256.8,-13.5,continúa,ramo,,,,,,
49,21059.4,20893.6,-165.8,-1008.2,-4.6,continúa,ramo,,,,,,
02,800.5,800.5,0.0,-32.0,-3.8,continúa,ramo,,,,,,
37,153.1,160.8,7.7,1.5,1.0,continúa,ramo,,,,,,
40,11807.5,11816.0,8.5,-463.8,-3.8,continúa,ramo,,,,,,
31,895.3,924.2,28.9,-6.9,-0.7,continúa,ramo,,,,,,
27,1743.1,1799.3,56.2,-13.5,-0.7,continúa,ramo,,,,,,
21,1793.5,1851.3,57.9,-13.9,-0.7,continúa,ramo,,,,,,
32,3400.0,3509.7,109.7,-26.3,-0.7,continúa,ramo,,,,,,
10,3535.5,3649.5,114.1,-27.3,-0.7,continúa,ramo,,,,,,
54,2141.0,2269.4,128.4,42.8,1.9,continúa,ramo,,,,,,
06,26792.1,27096.6,304.5,-767.2,-2.8,continúa,ramo,,,,,,
47,8365.5,8740.1,374.6,39.9,0.5,continúa,ramo,,,,,,
01,17529.1,17931.0,401.9,-299.2,-1.6,continúa,ramo,,,,,,
55,3852.7,4328.8,476.2,322.1,8.0,continúa,ramo,,,,,,
04,9959.7,10766.4,806.7,408.3,3.9,continúa,ramo,,,,,,
05,9294.2,10176.6,882.4,510.6,5.3,continúa,ramo,,,,,,
15,36290.1,37873.6,1583.5,131.9,0.3,continúa,ramo,,,,,,
14,28441.9,30852.7,2410.8,1273.1,4.3,continúa,ramo,,,,,,
48,13097.4,15858.7,2761.3,2237.4,16.4,continúa,ramo,,,,,,
36,60110.9,64486.9,4376.0,1971.6,3.2,continúa,ramo,,,,,,
16,44064.1,49508.3,5444.2,3681.7,8.0,continúa,ramo,,,,,,
12,66825.8,72305.5,5479.7,2806.7,4.0,continúa,ramo,,,,,,
38,34860.8,42217.7,7356.9,5962.5,16.4,continúa,ramo,,,,,,
24,1297681.1,1306035.6,8354.5,-43552.8,-3.2,continúa,ramo,,,,,,
25,85182.4,95543.0,10360.6,6953.3,7.8,continúa,ramo,,,,,,
30,70855.7,81400.4,10544.7,7710.5,10.5,continúa,ramo,,,,,,
09,153539.3,167074.8,13535.6,7394.0,4.6,continúa,ramo,,,,,,
08,75195.5,88758.8,13563.3,10555.5,13.5,continúa,ramo,,,,,,
07,170753.1,185706.1,14953.0,8122.9,4.6,continúa,ramo,,,,,,
13,65926.8,81223.4,15296.6,12659.5,18.5,continúa,ramo,,,,,,
22,22837.2,42274.5,19437.3,18523.8,78.0,continúa,ramo,,,,,,
56,172492.4,193987.2,21494.8,14595.1,8.1,continúa,ramo,,,,,,
20,674510.0,697106.3,22596.3,-4384.1,-0.6,continúa,ramo,,,,,,
34,35553.4,65906.1,30352.7,28930.6,78.2,continúa,ramo,,,,,,
GYN,539020.8,571592.3,32571.5,11010.7,2.0,continúa,ramo,,,,,,
11,513015.6,576631.9,63616.3,43095.6,8.1,continúa,ramo,,,,,,
28,1456045.9,1547607.9,91562.0,33320.1,2.2,continúa,ramo,,,,,,
33,1041892.9,1136351.6,94458.7,52782.9,4.9,continúa,ramo,,,,,,
19,1541518.7,1661007.9,119489.2,57828.4,3.6,continúa,ramo,,,,,,
GYR,1590308.7,1803009.1,212700.4,149088.1,9.0,continúa,ramo,,,,,,
28,329115.1,0.0,-329115.1,-342279.7,-100.0,desaparece,programa,C003,,,,,
18,263700.0,81507.6,-182192.4,-192740.4,-70.3,continúa,programa,P038,,,,,
TVV,98679.2,0.0,-98679.2,-102626.4,-100.0,desaparece,programa,077 ,,,,,
56,80768.4,15673.7,-65094.7,-68325.5,-81.3,continúa,programa,U013,,,,,
TVV,50097.3,0.0,-50097.3,-52101.2,-100.0,desaparece,programa,079 ,,,,,
TYY,223247.8,184079.2,-39168.6,-48098.5,-20.7,continúa,programa,001 ,,,,,
36,24804.3,0.0,-24804.3,-25796.4,-100.0,desaparece,programa,E055,,,,,
07,19978.4,0.0,-19978.4,-20777.5,-100.0,desaparece,programa,A015,,,,,
TVV,16547.8,0.0,-16547.8,-17209.7,-100.0,desaparece,programa,078 ,,,,,
09,49152.0,35420.0,-13732.0,-15698.1,-30.7,continúa,programa,K016,,,,,
03,85960.2,72264.7,-13695.5,-17133.9,-19.2,continúa,programa,R001,,,,,
07,30000.0,17158.8,-12841.2,-14041.2,-45.0,continúa,programa,K019,,,,,
36,19459.3,8276.0,-11183.3,-11961.6,-59.1,continúa,programa,K004,,,,,
TVV,54529.3,43897.0,-10632.3,-12813.5,-22.6,continúa,programa,080 ,,,,,
TVV,11143.8,779.2,-10364.6,-10810.4,-93.3,continúa,programa,032 ,,,,,
06,9516.8,0.0,-9516.8,-9897.5,-100.0,desaparece,programa,E013,,,,,
TVV,113702.6,104256.7,-9445.9,-13994.0,-11.8,continúa,programa,037 ,,,,,
23,11500.0,2072.9,-9427.1,-9887.1,-82.7,continúa,programa,R013,,,,,
13,7677.7,18.9,-7658.9,-7966.0,-99.8,continúa,programa,A015,,,,,
34,35553.4,27921.8,-7631.6,-9053.7,-24.5,continúa,programa,D011,,,,,
11,26000.0,20000.0,-6000.0,-7040.0,-26.0,continúa,programa,S282,,,,,
19,43693.1,38500.0,-5193.1,-6940.9,-15.3,continúa,programa,J006,,,,,
36,3863.4,0.0,-3863.4,-4017.9,-100.0,desaparece,programa,P049,,,,,
GYR,34599.7,30802.3,-3797.3,-5181.3,-14.4,continúa,programa,016 ,,,,,
06,3426.4,0.0,-3426.4,-3563.4,-100.0,desaparece,programa,E012,,,,,
16,16947.9,13577.2,-3370.7,-4048.6,-23.0,continúa,programa,K027,,,,,
19,29936.4,26584.6,-3351.8,-4549.3,-14.6,continúa,programa,J011,,,,,
24,151456.7,148596.3,-2860.4,-8918.7,-5.7,continúa,programa,D005,,,,,
09,3750.5,926.4,-2824.2,-2974.2,-76.2,continúa,programa,E019,,,,,
24,25455.5,22849.5,-2605.9,-3624.2,-13.7,continúa,programa,D007,,,,,
48,2596.5,0.0,-2596.5,-2700.3,-100.0,desaparece,programa,E063,,,,,
08,13000.0,10445.0,-2555.0,-3075.0,-22.7,continúa,programa,S290,,,,,
TVV,61091.0,58691.6,-2399.4,-4843.0,-7.6,continúa,programa,024 ,,,,,
12,2751.5,405.0,-2346.5,-2456.5,-85.8,continúa,programa,U012,,,,,
36,4529.4,2211.7,-2317.7,-2498.9,-53.0,continúa,programa,E054,,,,,
13,2070.4,0.0,-2070.4,-2153.2,-100.0,desaparece,programa,K021,,,,,
TVV,67841.7,66154.8,-1686.9,-4400.6,-6.2,continúa,programa,022 ,,,,,
07,1510.9,0.0,-1510.9,-1571.4,-100.0,desaparece,programa,K003,,,,,
19,1422.4,92.0,-1330.4,-1387.3,-93.8,continúa,programa,J005,,,,,
07,3422.2,2152.0,-1270.2,-1407.1,-39.5,continúa,programa,E017,,,,,
08,18200.0,17000.0,-1200.0,-1928.0,-10.2,continúa,programa,S292,,,,,
09,1604.0,471.6,-1132.4,-1196.5,-71.7,continúa,programa,G006,,,,,
24,20262.1,19137.4,-1124.7,-1935.2,-9.2,continúa,programa,D009,,,,,
TYY,1069.6,0.0,-1069.6,-1112.4,-100.0,desaparece,programa,029 ,,,,,
TYY,2577.0,1512.8,-1064.2,-1167.3,-43.6,continúa,programa,036 ,,,,,
16,3848.7,2799.0,-1049.7,-1203.6,-30.1,continúa,programa,E045,,,,,
TVV,11511.0,10733.6,-777.4,-1237.9,-10.3,continúa,programa,030 ,,,,,
TYY,755.4,0.0,-755.4,-785.6,-100.0,desaparece,programa,075 ,,,,,
07,744.7,0.0,-744.7,-774.5,-100.0,desaparece,programa,E014,,,,,
06,645.9,0.0,-645.9,-671.7,-100.0,desaparece,programa,E006,,,,,
TVV,30500.0,30000.0,-500.0,-1720.0,-5.4,continúa,programa,033 ,,,,,
16,2257.5,1771.7,-485.9,-576.2,-24.5,continúa,programa,U074,,,,,
23,5117.9,4637.0,-480.8,-685.6,-12.9,continúa,programa,R029,,,,,
36,478.3,0.0,-478.3,-497.4,-100.0,desaparece,programa,P048,,,,,
08,17472.0,17000.0,-472.0,-1170.9,-6.4,continúa,programa,S293,,,,,
19,681.6,253.2,-428.4,-455.7,-64.3,continúa,programa,U002,,,,,
TYY,18166.4,17738.5,-427.9,-1154.5,-6.1,continúa,programa,076 ,,,,,
16,1932.9,1514.7,-418.2,-495.5,-24.6,continúa,programa,U217,,,,,
GYR,1353.7,1000.0,-353.7,-407.8,-29.0,continúa,programa,007 ,,,,,
49,1048.7,696.2,-352.5,-394.4,-36.2,continúa,programa,E006,,,,,
09,1589.4,1276.1,-313.3,-376.9,-22.8,continúa,programa,M001,,,,,
16,500.0,204.2,-295.8,-315.8,-60.7,continúa,programa,K028,,,,,
05,2422.6,2145.1,-277.5,-374.4,-14.9,continúa,programa,P016,,,,,
13,2137.3,1865.7,-271.6,-357.1,-16.1,continúa,programa,A020,,,,,
TYY,1212.0,948.2,-263.8,-312.3,-24.8,continúa,programa,007 ,,,,,
09,405.2,160.0,-245.2,-261.4,-62.0,continúa,programa,P022,,,,,
09,369.2,125.2,-244.0,-258.7,-67.4,continúa,programa,G009,,,,,
08,4576.6,4337.3,-239.3,-422.3,-8.9,continúa,programa,P021,,,,,
11,238.2,0.0,-238.2,-247.8,-100.0,desaparece,programa,E084,,,,,
20,509.6,277.9,-231.8,-252.1,-47.6,continúa,programa,U011,,,,,
55,283.1,69.0,-214.1,-225.5,-76.6,continúa,programa,P060,,,,,
GYN,3994.2,3799.9,-194.3,-354.1,-8.5,continúa,programa,074 ,,,,,
27,846.3,665.5,-180.8,-214.7,-24.4,continúa,programa,O001,,,,,
49,178.8,0.0,-178.8,-185.9,-100.0,desaparece,programa,K022,,,,,
35,959.4,782.9,-176.5,-214.9,-21.5,continúa,programa,E002,,,,,
19,174.8,0.4,-174.3,-181.3,-99.8,continúa,programa,U004,,,,,
GYN,188.1,14.3,-173.9,-181.4,-92.7,continúa,programa,018 ,,,,,
20,40664.0,40500.0,-164.0,-1790.6,-4.2,continúa,programa,S287,,,,,
49,2589.8,2440.1,-149.6,-253.2,-9.4,continúa,programa,M001,,,,,
23,1512.1,1370.0,-142.1,-202.6,-12.9,continúa,programa,R016,,,,,
23,1488.8,1349.0,-139.9,-199.4,-12.9,continúa,programa,R028,,,,,
21,135.9,0.0,-135.9,-141.3,-100.0,desaparece,programa,E050,,,,,
04,3186.9,3053.2,-133.7,-261.2,-7.9,continúa,programa,P005,,,,,
18,128.6,0.0,-128.6,-133.8,-100.0,desaparece,programa,G017,,,,,
27,430.3,302.4,-127.9,-145.1,-32.4,continúa,programa,P044,,,,,
09,146.4,21.4,-125.1,-130.9,-86.0,continúa,programa,G008,,,,,
09,3120.9,3000.0,-120.9,-245.8,-7.6,continúa,programa,U004,,,,,
40,150.6,32.6,-118.0,-124.0,-79.2,continúa,programa,P004,,,,,
49,116.5,0.0,-116.5,-121.2,-100.0,desaparece,programa,E010,,,,,
11,3090.0,2986.6,-103.4,-227.0,-7.1,continúa,programa,U083,,,,,
06,102.9,0.0,-102.9,-107.1,-100.0,desaparece,programa,E087,,,,,
13,128.6,26.7,-101.9,-107.0,-80.0,continúa,programa,O001,,,,,
09,143.7,42.3,-101.4,-107.2,-71.7,continúa,programa,Q005,,,,,
10,298.7,212.4,-86.3,-98.2,-31.6,continúa,programa,P025,,,,,
14,318.0,232.7,-85.3,-98.0,-29.6,continúa,programa,U100,,,,,
18,907.3,831.4,-75.9,-112.2,-11.9,continúa,programa,P037,,,,,
TVV,328.4,255.0,-73.4,-86.5,-25.3,continúa,programa,058 ,,,,,
18,282.6,211.1,-71.5,-82.8,-28.2,continúa,programa,P039,,,,,
10,379.6,308.2,-71.4,-86.6,-21.9,continúa,programa,F020,,,,,
49,205.6,139.0,-66.5,-74.7,-35.0,continúa,programa,E011,,,,,
15,95.5,30.0,-65.5,-69.3,-69.8,continúa,programa,U003,,,,,
15,151.3,87.8,-63.6,-69.6,-44.2,continúa,programa,P033,,,,,
06,261.6,200.0,-61.6,-72.1,-26.5,continúa,programa,R001,,,,,
15,247.0,185.6,-61.3,-71.2,-27.7,continúa,programa,U001,,,,,
40,10398.5,10337.5,-60.9,-476.9,-4.4,continúa,programa,P002,,,,,
TVV,50.4,0.0,-50.4,-52.4,-100.0,desaparece,programa,031 ,,,,,
13,132.0,81.8,-50.2,-55.5,-40.4,continúa,programa,E037,,,,,
08,3072.0,3022.0,-50.0,-172.9,-5.4,continúa,programa,B006,,,,,
06,425.2,375.3,-49.9,-66.9,-15.1,continúa,programa,P017,,,,,
48,679.6,630.9,-48.6,-75.8,-10.7,continúa,programa,S320,,,,,
06,397.3,349.4,-47.9,-63.8,-15.4,continúa,programa,P019,,,,,
54,856.8,812.0,-44.8,-79.1,-8.9,continúa,programa,U012,,,,,
10,133.7,95.3,-38.3,-43.7,-31.4,continúa,programa,F019,,,,,
18,1850.9,1812.9,-37.9,-112.0,-5.8,continúa,programa,Q013,,,,,
06,561.2,523.9,-37.3,-59.8,-10.2,continúa,programa,P018,,,,,
31,614.9,577.7,-37.2,-61.8,-9.7,continúa,programa,E052,,,,,
04,890.2,853.1,-37.1,-72.7,-7.9,continúa,programa,P010,,,,,
13,77.7,40.6,-37.1,-40.2,-49.7,continúa,programa,F022,,,,,
06,346.8,310.0,-36.8,-50.7,-14.1,continúa,programa,P020,,,,,
19,197.7,161.0,-36.7,-44.6,-21.7,continúa,programa,R009,,,,,
32,35.3,0.0,-35.3,-36.8,-100.0,desaparece,programa,K025,,,,,
11,901.4,866.5,-34.9,-71.0,-7.6,continúa,programa,U312,,,,,
16,55.4,20.9,-34.5,-36.7,-63.7,continúa,programa,P035,,,,,
38,78.7,45.2,-33.5,-36.7,-44.8,continúa,programa,O001,,,,,
36,231.1,197.9,-33.1,-42.4,-17.6,continúa,programa,N005,,,,,
49,292.8,261.1,-31.8,-43.5,-14.3,continúa,programa,E012,,,,,
49,115.2,83.4,-31.7,-36.3,-30.3,continúa,programa,E008,,,,,
10,323.3,291.8,-31.5,-44.4,-13.2,continúa,programa,P024,,,,,
06,1226.6,1195.4,-31.2,-80.3,-6.3,continúa,programa,G005,,,,,
40,108.0,77.2,-30.8,-35.2,-31.3,continúa,programa,P006,,,,,
21,133.2,108.0,-25.2,-30.5,-22.0,continúa,programa,F025,,,,,
19,324.4,300.0,-24.4,-37.4,-11.1,continúa,programa,J008,,,,,
06,169.0,147.0,-21.9,-28.7,-16.3,continúa,programa,G002,,,,,
07,77.8,56.5,-21.4,-24.5,-30.2,continúa,programa,A012,,,,,
05,570.8,550.5,-20.2,-43.1,-7.3,continúa,programa,E005,,,,,
08,2664.1,2644.4,-19.7,-126.2,-4.6,continúa,programa,S053,,,,,
15,27.7,8.8,-18.9,-20.0,-69.4,continúa,programa,O001,,,,,
27,18.8,0.0,-18.8,-19.5,-100.0,desaparece,programa,E051,,,,,
04,290.2,274.2,-16.0,-27.6,-9.1,continúa,programa,E004,,,,,
06,155.5,140.1,-15.4,-21.6,-13.4,continúa,programa,G001,,,,,
06,190.0,174.9,-15.1,-22.7,-11.5,continúa,programa,G003,,,,,
09,18.2,3.4,-14.8,-15.5,-82.0,continúa,programa,O001,,,,,
10,74.8,60.2,-14.7,-17.6,-22.7,continúa,programa,F021,,,,,
15,719.3,704.9,-14.4,-43.2,-5.8,continúa,programa,P034,,,,,
15,23.6,9.6,-13.9,-14.9,-60.6,continúa,programa,L001,,,,,
35,55.0,41.8,-13.3,-15.5,-27.1,continúa,programa,P019,,,,,
10,119.9,107.4,-12.5,-17.3,-13.9,continúa,programa,G010,,,,,
13,259.6,249.2,-10.3,-20.7,-7.7,continúa,programa,E039,,,,,
10,697.5,689.5,-8.0,-35.9,-5.0,continúa,programa,E020,,,,,
01,303.8,296.9,-6.9,-19.1,-6.0,continúa,programa,K027,,,,,
35,37.5,30.8,-6.7,-8.2,-21.0,continúa,programa,E008,,,,,
35,52.9,46.3,-6.6,-8.7,-15.8,continúa,programa,E016,,,,,
35,69.5,63.0,-6.5,-9.3,-12.8,continúa,programa,E015,,,,,
54,6.4,0.0,-6.4,-6.6,-100.0,desaparece,programa,O001,,,,,
11,2047.4,2041.5,-5.9,-87.8,-4.1,continúa,programa,S269,,,,,
06,166.9,161.3,-5.6,-12.3,-7.1,continúa,programa,B002,,,,,
35,58.0,52.5,-5.5,-7.8,-13.0,continúa,programa,E003,,,,,
35,33.6,28.1,-5.5,-6.8,-19.5,continúa,programa,E006,,,,,
37,34.7,29.6,-5.1,-6.5,-17.9,continúa,programa,M001,,,,,
14,29.2,24.7,-4.5,-5.7,-18.7,continúa,programa,F023,,,,,
14,18.6,14.2,-4.4,-5.2,-26.8,continúa,programa,P032,,,,,
10,156.7,152.7,-4.0,-10.3,-6.3,continúa,programa,Q006,,,,,
20,11.5,7.7,-3.8,-4.2,-35.3,continúa,programa,P042,,,,,
35,39.5,35.9,-3.7,-5.2,-12.7,continúa,programa,E017,,,,,
11,259.5,256.1,-3.3,-13.7,-5.1,continúa,programa,O001,,,,,
35,55.9,52.9,-3.1,-5.3,-9.1,continúa,programa,E018,,,,,
35,37.8,34.9,-2.9,-4.4,-11.2,continúa,programa,E013,,,,,
21,162.9,161.0,-1.9,-8.4,-5.0,continúa,programa,P043,,,,,
47,724.6,723.1,-1.5,-30.4,-4.0,continúa,programa,E059,,,,,
35,27.2,25.8,-1.4,-2.5,-8.8,continúa,programa,E023,,,,,
56,2703.8,2702.5,-1.2,-109.4,-3.9,continúa,programa,M001,,,,,
23,12.6,11.4,-1.2,-1.7,-12.9,continúa,programa,R017,,,,,
21,232.3,231.2,-1.1,-10.4,-4.3,continúa,programa,M001,,,,,
02,703.9,702.8,-1.0,-29.2,-4.0,continúa,programa,P002,,,,,
35,20.2,19.2,-1.0,-1.8,-8.7,continúa,programa,E007,,,,,
10,367.3,366.3,-1.0,-15.7,-4.1,continúa,programa,G011,,,,,
35,5.2,4.4,-0.8,-1.0,-18.5,continúa,programa,M002,,,,,
35,11.5,10.8,-0.8,-1.2,-10.3,continúa,programa,E011,,,,,
35,19.9,19.1,-0.8,-1.6,-7.5,continúa,programa,E014,,,,,
06,491.1,490.5,-0.6,-20.2,-4.0,continúa,programa,E007,,,,,
35,14.5,13.9,-0.5,-1.1,-7.4,continúa,programa,E024,,,,,
35,8.0,7.7,-0.3,-0.6,-7.7,continúa,programa,E012,,,,,
GYN,9.9,9.6,-0.3,-0.7,-6.6,continúa,programa,028 ,,,,,
02,45.4,45.2,-0.2,-2.0,-4.3,continúa,programa,P003,,,,,
55,43.1,43.1,-0.0,-1.8,-3.9,continúa,programa,Q014,,,,,
19,0.2,0.2,-0.0,-0.0,-18.7,continúa,programa,J007,,,,,
55,1.8,1.8,-0.0,-0.1,-4.5,continúa,programa,O001,,,,,
16,0.0,0.0,-0.0,-0.0,-24.5,continúa,programa,U001,,,,,
24,0.0,0.0,-0.0,-0.0,-10.6,continúa,programa,D006,,,,,
11,781.5,781.5,-0.0,-31.3,-3.8,continúa,programa,U270,,,,,
06,2879.0,2879.0,0.0,-115.2,-3.8,continúa,programa,F001,,,,,
34,0.0,0.0,0.0,-0.0,-3.8,continúa,programa,D006,,,,,
34,0.0,0.0,0.0,-0.0,-3.8,continúa,programa,D003,,,,,
02,2.1,2.1,0.0,-0.1,-3.8,continúa,programa,P004,,,,,
34,0.0,0.0,0.0,-0.0,-3.8,continúa,programa,D007,,,,,
34,0.0,0.0,0.0,-0.0,-3.8,continúa,programa,D008,,,,,
34,0.0,0.0,0.0,-0.0,-3.8,continúa,programa,D009,,,,,
GYN,0.3,0.3,0.0,-0.0,-3.8,continúa,programa,073 ,,,,,
34,0.0,0.0,0.0,-0.0,-3.8,continúa,programa,D002,,,,,
07,93.5,93.5,0.0,-3.7,-3.8,continúa,programa,Q003,,,,,
34,0.0,0.0,0.0,-0.0,-3.8,continúa,programa,D001,,,,,
08,3787.2,3787.2,0.0,-151.5,-3.8,continúa,programa,S263,,,,,
56,118.6,118.6,0.0,-4.7,-3.8,continúa,programa,O001,,,,,
56,425.4,425.4,0.0,-17.0,-3.8,continúa,programa,Q008,,,,,
56,3695.5,3695.5,0.0,-147.8,-3.8,continúa,programa,U200,,,,,
34,0.0,0.0,0.0,-0.0,-3.8,continúa,programa,D004,,,,,
11,858.5,858.5,0.0,-34.3,-3.8,continúa,programa,U079,,,,,
32,169.0,169.0,0.0,-6.8,-3.8,continúa,programa,M001,,,,,
04,889.1,889.1,0.0,-35.6,-3.8,continúa,programa,U008,,,,,
16,976.2,976.2,0.0,-39.0,-3.8,continúa,programa,S219,,,,,
18,0.0,0.0,0.0,0.0,inf,aparece,programa,G018,,,,,
47,1704.0,1704.1,0.2,-68.0,-3.8,continúa,programa,S249,,,,,
48,55.8,56.0,0.2,-2.1,-3.6,continúa,programa,S057,,,,,
07,101.4,101.6,0.2,-3.8,-3.6,continúa,programa,A016,,,,,
21,44.2,44.6,0.3,-1.4,-3.1,continúa,programa,G020,,,,,
20,7.1,7.5,0.3,0.1,0.7,continúa,programa,O001,,,,,
18,11.6,12.1,0.4,-0.0,-0.2,continúa,programa,O001,,,,,
35,6.9,7.4,0.5,0.2,3.0,continúa,programa,E032,,,,,
31,4.6,5.3,0.8,0.6,12.4,continúa,programa,O001,,,,,
35,3.6,4.8,1.2,1.1,29.1,continúa,programa,E035,,,,,
02,49.1,50.4,1.2,-0.7,-1.4,continúa,programa,M001,,,,,
10,486.0,487.4,1.4,-18.1,-3.6,continúa,programa,M001,,,,,
48,19.2,20.6,1.5,0.7,3.4,continúa,programa,E065,,,,,
21,32.4,34.0,1.7,0.4,1.2,continúa,programa,O001,,,,,
19,61.7,63.6,1.9,-0.6,-1.0,continúa,programa,R010,,,,,
04,0.9,3.0,2.1,2.1,211.7,continúa,programa,O001,,,,,
25,39.0,41.3,2.4,0.8,2.0,continúa,programa,O001,,,,,
35,6.7,9.1,2.4,2.1,30.8,continúa,programa,E036,,,,,
12,44.4,47.0,2.6,0.8,1.8,continúa,programa,S039,,,,,
35,16.4,19.0,2.6,2.0,11.5,continúa,programa,E033,,,,,
35,9.7,12.4,2.7,2.3,23.0,continúa,programa,E026,,,,,
15,87.6,90.3,2.7,-0.8,-0.9,continúa,programa,S213,,,,,
48,64.7,67.5,2.7,0.1,0.2,continúa,programa,P056,,,,,
22,11.0,14.0,3.0,2.6,22.4,continúa,programa,P001,,,,,
47,57.8,60.8,3.0,0.7,1.2,continúa,programa,O001,,,,,
16,28.2,32.4,4.2,3.1,10.4,continúa,programa,O001,,,,,
35,18.7,22.9,4.2,3.4,17.7,continúa,programa,E022,,,,,
04,72.4,76.9,4.5,1.6,2.2,continúa,programa,P007,,,,,
04,76.8,81.5,4.7,1.7,2.1,continúa,programa,P011,,,,,
GYN,13.7,18.7,4.9,4.4,30.8,continúa,programa,019 ,,,,,
04,141.8,146.9,5.0,-0.6,-0.4,continúa,programa,P061,,,,,
12,2990.7,2995.8,5.2,-114.5,-3.7,continúa,programa,P029,,,,,
23,172.9,178.4,5.6,-1.3,-0.7,continúa,programa,R015,,,,,
47,34.4,40.2,5.8,4.4,12.2,continúa,programa,P053,,,,,
49,138.0,143.9,5.9,0.4,0.3,continúa,programa,E004,,,,,
40,100.2,106.5,6.4,2.4,2.3,continúa,programa,O001,,,,,
47,219.4,226.5,7.2,-1.6,-0.7,continúa,programa,E057,,,,,
31,76.3,83.7,7.3,4.3,5.4,continúa,programa,M001,,,,,
07,14.3,21.7,7.4,6.8,45.5,continúa,programa,R006,,,,,
14,2.5,10.0,7.5,7.4,280.3,continúa,programa,O001,,,,,
13,36.7,44.5,7.8,6.3,16.6,continúa,programa,E036,,,,,
06,210.6,218.5,7.9,-0.6,-0.3,continúa,programa,P062,,,,,
23,246.7,254.6,8.0,-1.9,-0.7,continúa,programa,N004,,,,,
15,0.0,8.0,8.0,8.0,inf,aparece,programa,U273,,,,,
04,109.2,117.6,8.4,4.0,3.5,continúa,programa,E001,,,,,
48,143.9,152.3,8.4,2.7,1.8,continúa,programa,E025,,,,,
04,325.6,334.4,8.7,-4.3,-1.3,continúa,programa,P012,,,,,
11,31.1,40.0,8.9,7.7,23.8,continúa,programa,S298,,,,,
04,510.9,520.8,9.9,-10.6,-2.0,continúa,programa,P006,,,,,
21,269.5,279.3,9.9,-0.9,-0.3,continúa,programa,E049,,,,,
11,824.4,834.3,10.0,-23.0,-2.7,continúa,programa,U295,,,,,
22,168.3,178.5,10.2,3.4,2.0,continúa,programa,M002,,,,,
GYN,345.4,355.8,10.5,-3.3,-0.9,continúa,programa,071 ,,,,,
40,340.3,351.1,10.8,-2.8,-0.8,continúa,programa,P001,,,,,
08,34.7,46.1,11.3,9.9,27.5,continúa,programa,O001,,,,,
13,14.3,25.7,11.4,10.9,73.2,continúa,programa,N001,,,,,
47,186.0,197.5,11.5,4.0,2.1,continúa,programa,E058,,,,,
47,1073.2,1084.8,11.6,-31.3,-2.8,continúa,programa,E060,,,,,
04,28.0,39.8,11.9,10.7,36.9,continúa,programa,P013,,,,,
11,165.3,177.3,12.0,5.4,3.1,continúa,programa,E026,,,,,
06,209.7,222.2,12.4,4.0,1.9,continúa,programa,G004,,,,,
25,167.1,179.7,12.5,5.9,3.4,continúa,programa,U001,,,,,
13,69.9,82.6,12.7,9.9,13.7,continúa,programa,E035,,,,,
37,118.4,131.2,12.7,8.0,6.5,continúa,programa,P050,,,,,
35,47.6,60.7,13.1,11.1,22.5,continúa,programa,O001,,,,,
19,343.0,356.7,13.7,0.0,0.0,continúa,programa,U001,,,,,
48,15.1,29.5,14.4,13.8,88.0,continúa,programa,S303,,,,,
10,32.6,47.6,15.0,13.7,40.5,continúa,programa,O001,,,,,
47,90.3,105.9,15.7,12.1,12.8,continúa,programa,P054,,,,,
47,2047.7,2064.8,17.1,-64.8,-3.0,continúa,programa,S178,,,,,
14,323.8,341.2,17.4,4.5,1.3,continúa,programa,S043,,,,,
06,232.5,251.7,19.2,9.9,4.1,continúa,programa,O001,,,,,
11,10.6,30.0,19.4,19.0,172.4,continúa,programa,U081,,,,,
GYN,123.9,143.5,19.6,14.6,11.3,continúa,programa,008 ,,,,,
10,465.4,485.0,19.7,1.1,0.2,continúa,programa,P023,,,,,
36,50.1,71.1,21.0,18.9,36.3,continúa,programa,G022,,,,,
19,615.4,636.6,21.3,-3.3,-0.5,continúa,programa,T003,,,,,
19,187.3,210.0,22.7,15.3,7.8,continúa,programa,R008,,,,,
GYN,346.0,369.1,23.1,9.3,2.6,continúa,programa,313 ,,,,,
35,219.2,244.7,25.6,16.8,7.4,continúa,programa,M001,,,,,
11,856.6,882.3,25.7,-8.6,-1.0,continúa,programa,U300,,,,,
04,93.6,119.9,26.3,22.5,23.2,continúa,programa,P057,,,,,
19,260.4,286.9,26.5,16.1,5.9,continúa,programa,U003,,,,,
49,120.0,146.7,26.6,21.8,17.5,continúa,programa,O001,,,,,
14,50.9,77.8,26.9,24.9,47.1,continúa,programa,P063,,,,,
22,182.0,209.3,27.3,20.0,10.6,continúa,programa,O001,,,,,
23,62.0,90.0,28.0,25.5,39.6,continúa,programa,U116,,,,,
27,0.0,28.1,28.1,28.1,inf,aparece,programa,P046,,,,,
24,30.2,58.7,28.5,27.3,86.7,continúa,programa,D003,,,,,
13,85.5,115.1,29.6,26.2,29.5,continúa,programa,E038,,,,,
04,58.2,89.2,31.0,28.7,47.4,continúa,programa,P008,,,,,
16,213.7,244.7,31.0,22.5,10.1,continúa,programa,V005,,,,,
15,832.9,863.9,31.0,-2.3,-0.3,continúa,programa,M001,,,,,
47,397.9,429.5,31.6,15.7,3.8,continúa,programa,E061,,,,,
49,1415.1,1447.0,31.9,-24.7,-1.7,continúa,programa,E003,,,,,
04,407.5,442.3,34.9,18.6,4.4,continúa,programa,E003,,,,,
05,122.2,157.1,34.9,30.0,23.6,continúa,programa,P014,,,,,
36,1166.1,1201.1,35.0,-11.7,-1.0,continúa,programa,U002,,,,,
19,2742.1,2777.7,35.6,-74.1,-2.6,continúa,programa,J012,,,,,
13,30.8,67.8,37.0,35.8,111.8,continúa,programa,A023,,,,,
07,62.7,100.4,37.8,35.3,54.1,continúa,programa,A013,,,,,
27,0.0,37.8,37.8,37.8,inf,aparece,programa,G021,,,,,
55,0.0,38.2,38.2,38.2,inf,aparece,programa,E082,,,,,
48,205.8,244.7,38.9,30.6,14.3,continúa,programa,E064,,,,,
08,0.0,40.0,40.0,40.0,inf,aparece,programa,K017,,,,,
05,1095.6,1136.1,40.5,-3.4,-0.3,continúa,programa,M001,,,,,
16,177.6,219.9,42.3,35.2,19.1,continúa,programa,Q011,,,,,
06,2426.0,2471.1,45.1,-52.0,-2.1,continúa,programa,M002,,,,,
54,171.7,217.2,45.5,38.7,21.7,continúa,programa,P059,,,,,
14,369.3,415.0,45.7,31.0,8.1,continúa,programa,M001,,,,,
48,116.4,165.5,49.1,44.4,36.7,continúa,programa,Q007,,,,,
TVV,0.0,49.2,49.2,49.2,inf,aparece,programa,018 ,,,,,
13,179.4,231.4,52.0,44.9,24.0,continúa,programa,Q009,,,,,
48,1812.8,1867.2,54.4,-18.1,-1.0,continúa,programa,E066,,,,,
48,64.1,118.8,54.7,52.1,78.1,continúa,programa,O001,,,,,
54,785.0,839.7,54.7,23.3,2.9,continúa,programa,S319,,,,,
20,246.1,302.0,55.9,46.0,18.0,continúa,programa,E048,,,,,
GYN,1432.0,1487.9,55.9,-1.4,-0.1,continúa,programa,020 ,,,,,
48,686.6,742.9,56.3,28.8,4.0,continúa,programa,E023,,,,,
31,199.5,257.5,58.0,50.0,24.1,continúa,programa,E053,,,,,
16,158.8,218.9,60.0,53.7,32.5,continúa,programa,Q010,,,,,
48,223.0,285.3,62.3,53.4,23.0,continúa,programa,U283,,,,,
21,783.2,847.8,64.6,33.3,4.1,continúa,programa,F026,,,,,
47,722.4,787.4,64.9,36.0,4.8,continúa,programa,M001,,,,,
16,167.6,234.3,66.7,60.0,34.4,continúa,programa,S046,,,,,
49,681.7,749.6,67.9,40.6,5.7,continúa,programa,E009,,,,,
14,772.1,840.1,68.0,37.1,4.6,continúa,programa,P031,,,,,
40,667.1,736.3,69.3,42.6,6.1,continúa,programa,M001,,,,,
12,178.4,248.3,69.9,62.8,33.8,continúa,programa,O001,,,,,
49,277.7,354.1,76.4,65.3,22.6,continúa,programa,E013,,,,,
54,321.2,400.5,79.3,66.5,19.9,continúa,programa,M001,,,,,
25,1368.9,1451.3,82.4,27.7,1.9,continúa,programa,E086,,,,,
16,48.3,136.0,87.7,85.7,170.7,continúa,programa,N002,,,,,
19,29859.2,29946.9,87.7,-1106.7,-3.6,continúa,programa,T005,,,,,
01,2822.6,2914.0,91.4,-21.5,-0.7,continúa,programa,R002,,,,,
13,184.5,276.9,92.4,85.0,44.3,continúa,programa,P030,,,,,
06,0.0,97.2,97.2,97.2,inf,aparece,programa,X002,,,,,
11,1625.0,1729.2,104.2,39.2,2.3,continúa,programa,E029,,,,,
20,3312.0,3418.0,106.0,-26.5,-0.8,continúa,programa,S174,,,,,
28,0.0,107.5,107.5,107.5,inf,aparece,programa,C010,,,,,
04,732.5,841.2,108.7,79.4,10.4,continúa,programa,M001,,,,,
GYR,889.1,1010.4,121.3,85.7,9.3,continúa,programa,008 ,,,,,
28,3680.0,3804.0,124.0,-23.2,-0.6,continúa,programa,C004,,,,,
48,212.9,339.8,126.9,118.4,53.5,continúa,programa,S268,,,,,
18,151.2,281.1,129.9,123.9,78.8,continúa,programa,G019,,,,,
40,42.8,174.7,131.8,130.1,292.1,continúa,programa,P003,,,,,
55,3417.2,3556.1,138.8,2.1,0.1,continúa,programa,E083,,,,,
27,87.8,228.5,140.6,137.1,150.1,continúa,programa,M001,,,,,
24,1694.8,1836.1,141.2,73.4,4.2,continúa,programa,D008,,,,,
GYR,2349.5,2493.4,143.9,49.9,2.0,continúa,programa,071 ,,,,,
32,3195.6,3340.7,145.1,17.2,0.5,continúa,programa,E001,,,,,
21,0.0,145.4,145.4,145.4,inf,aparece,programa,X008,,,,,
11,1739.2,1884.9,145.7,76.1,4.2,continúa,programa,S243,,,,,
25,329.7,483.8,154.2,141.0,41.1,continúa,programa,I003,,,,,
23,4889.5,5047.3,157.8,-37.8,-0.7,continúa,programa,R031,,,,,
16,133.2,291.1,157.9,152.6,110.1,continúa,programa,E046,,,,,
55,107.4,266.3,158.8,154.5,138.3,continúa,programa,M001,,,,,
12,1501.3,1664.1,162.9,102.8,6.6,continúa,programa,P027,,,,,
16,1345.2,1509.0,163.9,110.0,7.9,continúa,programa,V002,,,,,
15,825.3,995.2,169.8,136.8,15.9,continúa,programa,E042,,,,,
38,922.4,1093.8,171.3,134.4,14.0,continúa,programa,M001,,,,,
33,3953.1,4124.6,171.4,13.3,0.3,continúa,programa,I010,,,,,
11,284.1,456.8,172.7,161.4,54.6,continúa,programa,S247,,,,,
49,0.0,173.9,173.9,173.9,inf,aparece,programa,E007,,,,,
27,359.9,537.0,177.2,162.8,43.5,continúa,programa,P045,,,,,
11,514.6,696.6,182.0,161.4,30.2,continúa,programa,E027,,,,,
22,211.0,394.3,183.3,174.9,79.7,continúa,programa,R010,,,,,
14,896.0,1087.5,191.5,155.7,16.7,continúa,programa,E040,,,,,
47,1108.0,1315.6,207.6,163.3,14.2,continúa,programa,P052,,,,,
08,1898.6,2118.1,219.5,143.6,7.3,continúa,programa,S304,,,,,
33,6858.3,7099.7,241.4,-32.9,-0.5,continúa,programa,I009,,,,,
16,408.6,669.4,260.8,244.5,57.5,continúa,programa,G016,,,,,
04,83.4,348.0,264.6,261.3,301.2,continúa,programa,P009,,,,,
11,3878.4,4143.9,265.5,110.4,2.7,continúa,programa,E028,,,,,
12,2685.6,2953.3,267.8,160.3,5.7,continúa,programa,P028,,,,,
25,4461.7,4735.0,273.3,94.9,2.0,continúa,programa,M001,,,,,
08,2172.6,2447.1,274.4,187.5,8.3,continúa,programa,M001,,,,,
07,744.1,1021.6,277.5,247.7,32.0,continúa,programa,E015,,,,,
16,97.3,387.7,290.4,286.5,283.0,continúa,programa,V003,,,,,
07,78.3,371.1,292.8,289.6,355.5,continúa,programa,A008,,,,,
11,4826.1,5135.1,309.0,116.0,2.3,continúa,programa,E024,,,,,
01,14402.7,14720.1,317.5,-258.6,-1.7,continúa,programa,R001,,,,,
GYR,1583.6,1906.3,322.7,259.3,15.7,continúa,programa,068 ,,,,,
11,0.0,329.3,329.3,329.3,inf,aparece,programa,X005,,,,,
11,4954.7,5285.1,330.4,132.3,2.6,continúa,programa,E030,,,,,
13,0.0,336.5,336.5,336.5,inf,aparece,programa,A024,,,,,
13,1219.5,1560.6,341.2,292.4,23.1,continúa,programa,A022,,,,,
10,0.0,345.7,345.7,345.7,inf,aparece,programa,G024,,,,,
55,0.0,354.5,354.5,354.5,inf,aparece,programa,G023,,,,,
08,6778.2,7146.4,368.2,97.1,1.4,continúa,programa,Q004,,,,,
49,13879.6,14258.6,379.0,-176.2,-1.2,continúa,programa,E002,,,,,
13,0.0,380.0,380.0,380.0,inf,aparece,programa,K007,,,,,
19,4800.0,5200.0,400.0,208.0,4.2,continúa,programa,J010,,,,,
11,12650.0,13058.2,408.2,-97.8,-0.7,continúa,programa,S283,,,,,
23,7070.4,7501.0,430.6,147.8,2.0,continúa,programa,U093,,,,,
GYR,6769.2,7234.9,465.7,194.9,2.8,continúa,programa,069 ,,,,,
GYN,0.0,466.0,466.0,466.0,inf,aparece,programa,038 ,,,,,
04,2062.5,2535.3,472.8,390.3,18.2,continúa,programa,E002,,,,,
20,556.3,1031.8,475.5,453.2,78.3,continúa,programa,M001,,,,,
16,463.0,942.4,479.4,460.9,95.7,continúa,programa,P036,,,,,
33,9951.1,10447.9,496.8,98.8,1.0,continúa,programa,I011,,,,,
11,528.4,1039.8,511.4,490.3,89.2,continúa,programa,E025,,,,,
13,0.0,526.5,526.5,526.5,inf,aparece,programa,K022,,,,,
48,1890.0,2421.5,531.5,455.9,23.2,continúa,programa,M001,,,,,
36,833.3,1368.4,535.0,501.7,57.9,continúa,programa,P047,,,,,
15,0.0,535.7,535.7,535.7,inf,aparece,programa,G009,,,,,
12,0.0,544.2,544.2,544.2,inf,aparece,programa,R038,,,,,
38,14879.5,15432.3,552.8,-42.4,-0.3,continúa,programa,S190,,,,,
36,0.0,554.6,554.6,554.6,inf,aparece,programa,X010,,,,,
06,2751.0,3309.2,558.2,448.2,15.7,continúa,programa,M001,,,,,
16,2236.7,2805.6,568.9,479.5,20.6,continúa,programa,M001,,,,,
18,407.0,978.0,571.0,554.8,131.1,continúa,programa,M001,,,,,
12,4225.4,4798.6,573.2,404.2,9.2,continúa,programa,E034,,,,,
19,6923.2,7512.0,588.8,311.8,4.3,continúa,programa,T002,,,,,
36,0.0,595.3,595.3,595.3,inf,aparece,programa,S321,,,,,
33,19340.5,19943.5,603.0,-170.7,-0.8,continúa,programa,I015,,,,,
33,8449.5,9055.8,606.3,268.3,3.1,continúa,programa,I008,,,,,
12,665.0,1271.3,606.4,579.8,83.8,continúa,programa,G012,,,,,
23,19430.1,20057.1,627.0,-150.2,-0.7,continúa,programa,N003,,,,,
TYY,0.0,642.6,642.6,642.6,inf,aparece,programa,013 ,,,,,
12,3842.1,4502.4,660.2,506.5,12.7,continúa,programa,M001,,,,,
38,1050.0,1730.0,680.0,638.0,58.4,continúa,programa,E023,,,,,
07,2073.1,2759.2,686.2,603.2,28.0,continúa,programa,A025,,,,,
07,4084.1,4774.2,690.1,526.8,12.4,continúa,programa,A009,,,,,
38,6449.0,7139.7,690.7,432.8,6.5,continúa,programa,Q007,,,,,
12,4748.2,5448.2,700.0,510.1,10.3,continúa,programa,E033,,,,,
22,1834.6,2567.0,732.4,659.0,34.5,continúa,programa,R008,,,,,
16,955.4,1700.3,744.9,706.7,71.1,continúa,programa,G014,,,,,
38,1619.4,2366.9,747.5,682.8,40.5,continúa,programa,P051,,,,,
07,131.1,881.9,750.8,745.6,546.7,continúa,programa,E016,,,,,
07,2800.9,3578.8,777.9,665.8,22.9,continúa,programa,A011,,,,,
23,28380.5,29182.5,802.0,-333.2,-1.1,continúa,programa,R032,,,,,
20,5460.3,6270.5,810.2,591.8,10.4,continúa,programa,P041,,,,,
14,25173.0,25985.3,812.3,-194.6,-0.7,continúa,programa,S280,,,,,
28,0.0,814.2,814.2,814.2,inf,aparece,programa,C013,,,,,
06,0.0,845.2,845.2,845.2,inf,aparece,programa,X001,,,,,
07,1060.4,1912.2,851.8,809.4,73.4,continúa,programa,A026,,,,,
07,1102.7,1958.3,855.6,811.4,70.8,continúa,programa,A010,,,,,
11,3011.6,3958.3,946.7,826.2,26.4,continúa,programa,B008,,,,,
TYY,0.0,989.1,989.1,989.1,inf,aparece,programa,014 ,,,,,
20,4000.0,5000.0,1000.0,840.0,20.2,continúa,programa,S317,,,,,
19,9504.2,10551.5,1047.3,667.2,6.7,continúa,programa,T004,,,,,
11,3513.6,4571.3,1057.7,917.2,25.1,continúa,programa,P026,,,,,
15,33280.0,34353.9,1073.9,-257.3,-0.7,continúa,programa,S177,,,,,
12,32397.4,33473.1,1075.7,-220.2,-0.7,continúa,programa,E031,,,,,
33,15021.4,16099.2,1077.8,476.9,3.1,continúa,programa,I007,,,,,
19,18131.3,19212.8,1081.5,356.2,1.9,continúa,programa,R011,,,,,
05,5082.9,6187.7,1104.8,901.4,17.1,continúa,programa,P015,,,,,
22,1643.2,2799.5,1156.3,1090.6,63.8,continúa,programa,R011,,,,,
20,36266.0,37436.3,1170.3,-280.3,-0.7,continúa,programa,S286,,,,,
33,16371.3,17546.0,1174.6,519.8,3.1,continúa,programa,I003,,,,,
11,20431.3,21646.3,1215.1,397.8,1.9,continúa,programa,Q007,,,,,
48,4311.0,5559.0,1248.0,1075.5,24.0,continúa,programa,E062,,,,,
24,6050.1,7305.1,1255.0,1013.0,16.1,continúa,programa,D002,,,,,
14,488.6,1824.3,1335.7,1316.2,259.0,continúa,programa,E041,,,,,
11,42559.0,43932.4,1373.4,-329.0,-0.7,continúa,programa,S311,,,,,
19,1252.6,2633.1,1380.5,1330.4,102.1,continúa,programa,R012,,,,,
GYN,6420.6,7822.8,1402.2,1145.4,17.2,continúa,programa,072 ,,,,,
24,6820.9,8242.0,1421.1,1148.3,16.2,continúa,programa,D004,,,,,
33,19993.7,21428.3,1434.5,634.8,3.1,continúa,programa,I006,,,,,
GYN,4306.2,5748.0,1441.8,1269.6,28.3,continúa,programa,006 ,,,,,
07,5374.3,6816.5,1442.2,1227.2,22.0,continúa,programa,A003,,,,,
12,1528.7,3048.2,1519.6,1458.4,91.7,continúa,programa,E032,,,,,
07,715.0,2250.0,1535.0,1506.4,202.6,continúa,programa,A017,,,,,
22,3910.4,5447.2,1536.7,1380.3,33.9,continúa,programa,R005,,,,,
22,2479.9,4070.1,1590.2,1491.0,57.8,continúa,programa,M001,,,,,
GYR,12495.7,14101.2,1605.5,1105.7,8.5,continúa,programa,072 ,,,,,
12,9267.3,10905.9,1638.6,1267.9,13.2,continúa,programa,Q008,,,,,
28,0.0,1833.7,1833.7,1833.7,inf,aparece,programa,C007,,,,,
38,9170.0,11153.5,1983.5,1616.7,17.0,continúa,programa,S191,,,,,
13,22929.6,25000.0,2070.4,1153.2,4.8,continúa,programa,K019,,,,,
13,0.0,2163.4,2163.4,2163.4,inf,aparece,programa,V001,,,,,
GYN,73841.1,76041.0,2199.9,-753.7,-1.0,continúa,programa,001 ,,,,,
07,6922.1,9134.4,2212.4,1935.5,26.9,continúa,programa,A004,,,,,
19,8744.9,10972.7,2227.8,1878.0,20.6,continúa,programa,J009,,,,,
TYY,123339.6,125597.7,2258.1,-2675.5,-2.1,continúa,programa,010 ,,,,,
GYR,17120.1,19498.3,2378.2,1693.4,9.5,continúa,programa,070 ,,,,,
13,268.9,2652.9,2384.0,2373.3,848.6,continúa,programa,M001,,,,,
20,56969.0,59356.3,2387.3,108.5,0.2,continúa,programa,S316,,,,,
13,3538.4,5959.2,2420.8,2279.3,61.9,continúa,programa,A021,,,,,
56,0.0,2500.0,2500.0,2500.0,inf,aparece,programa,R038,,,,,
33,12773.6,15330.2,2556.6,2045.7,15.4,continúa,programa,I014,,,,,
38,691.8,3256.3,2564.5,2536.8,352.6,continúa,programa,F027,,,,,
23,87768.8,90401.9,2633.1,-877.7,-1.0,continúa,programa,U129,,,,,
22,7572.2,10317.3,2745.1,2442.2,31.0,continúa,programa,R009,,,,,
19,44181.0,46950.0,2769.0,1001.8,2.2,continúa,programa,J004,,,,,
16,7297.8,10068.1,2770.3,2478.3,32.7,continúa,programa,G015,,,,,
33,13915.7,16700.9,2785.2,2228.6,15.4,continúa,programa,I016,,,,,
25,48448.3,51371.7,2923.5,985.5,2.0,continúa,programa,E085,,,,,
48,0.0,3157.2,3157.2,3157.2,inf,aparece,programa,X012,,,,,
22,2510.3,5787.5,3277.2,3176.8,121.7,continúa,programa,R002,,,,,
06,0.0,3456.8,3456.8,3456.8,inf,aparece,programa,X003,,,,,
TYY,92563.5,96369.9,3806.4,103.9,0.1,continúa,programa,021 ,,,,,
28,53396.3,57227.5,3831.2,1695.3,3.1,continúa,programa,C002,,,,,
11,129386.0,133561.3,4175.3,-1000.2,-0.7,continúa,programa,S072,,,,,
36,0.0,4310.0,4310.0,4310.0,inf,aparece,programa,X011,,,,,
33,84635.9,89714.0,5078.2,1692.7,1.9,continúa,programa,I002,,,,,
11,51359.4,56444.4,5085.1,3030.7,5.7,continúa,programa,E022,,,,,
36,4695.6,9910.4,5214.8,5027.0,102.9,continúa,programa,M001,,,,,
08,1539.5,6866.9,5327.4,5265.8,328.9,continúa,programa,S052,,,,,
33,74754.9,80118.5,5363.7,2373.5,3.1,continúa,programa,I012,,,,,
16,3814.0,9184.7,5370.7,5218.2,131.6,continúa,programa,K026,,,,,
TYY,245269.7,250784.8,5515.1,-4295.7,-1.7,continúa,programa,025 ,,,,,
13,20408.6,26174.9,5766.3,4949.9,23.3,continúa,programa,A018,,,,,
11,70097.1,76037.8,5940.6,3136.8,4.3,continúa,programa,E023,,,,,
TVV,86545.1,92607.2,6062.2,2600.3,2.9,continúa,programa,001 ,,,,,
19,151218.0,157909.6,6691.6,642.9,0.4,continúa,programa,T001,,,,,
25,30367.9,37280.2,6912.3,5697.6,18.0,continúa,programa,I002,,,,,
11,10600.7,17545.4,6944.7,6520.6,59.1,continúa,programa,U080,,,,,
28,0.0,7782.9,7782.9,7782.9,inf,aparece,programa,C009,,,,,
28,0.0,8041.2,8041.2,8041.2,inf,aparece,programa,C006,,,,,
56,84780.8,92827.7,8046.8,4655.6,5.3,continúa,programa,E031,,,,,
22,2314.3,10489.9,8175.6,8083.0,335.8,continúa,programa,R003,,,,,
07,16934.2,25126.9,8192.7,7515.3,42.7,continúa,programa,E056,,,,,
GYR,7796.5,16006.9,8210.3,7898.5,97.4,continúa,programa,006 ,,,,,
33,118689.4,127205.3,8515.9,3768.4,3.1,continúa,programa,I004,,,,,
GYR,32325.8,40975.8,8650.0,7357.0,21.9,continúa,programa,014 ,,,,,
07,18057.1,26734.9,8677.8,7955.5,42.4,continúa,programa,M001,,,,,
13,4477.4,13342.3,8864.8,8685.7,186.5,continúa,programa,A019,,,,,
GYR,99666.9,108920.8,9253.9,5267.2,5.1,continúa,programa,001 ,,,,,
06,0.0,9277.8,9277.8,9277.8,inf,aparece,programa,X004,,,,,
07,9996.3,19618.3,9622.0,9222.2,88.7,continúa,programa,A002,,,,,
33,136817.4,146634.1,9816.6,4343.9,3.1,continúa,programa,I005,,,,,
30,70855.7,81400.4,10544.7,7710.5,10.5,continúa,programa,H001,,,,,
08,0.0,11858.4,11858.4,11858.4,inf,aparece,programa,S318,,,,,
56,0.0,12033.0,12033.0,12033.0,inf,aparece,programa,U014,,,,,
24,1085910.7,1098010.5,12099.8,-31336.6,-2.8,continúa,programa,D001,,,,,
GYN,54210.5,66824.2,12613.6,10445.2,18.5,continúa,programa,031 ,,,,,
36,0.0,12710.4,12710.4,12710.4,inf,aparece,programa,E088,,,,,
TVV,0.0,12933.6,12933.6,12933.6,inf,aparece,programa,016 ,,,,,
07,44673.4,59083.2,14409.8,12622.9,27.2,continúa,programa,A001,,,,,
GYN,393788.8,408491.2,14702.4,-1049.2,-0.3,continúa,programa,017 ,,,,,
11,108736.6,124114.7,15378.1,11028.7,9.8,continúa,programa,U006,,,,,
09,838.2,16911.7,16073.6,16040.0,1840.1,continúa,programa,G007,,,,,
09,92401.6,108716.8,16315.2,12619.1,13.1,continúa,programa,K019,,,,,
20,526508.0,543498.4,16990.4,-4070.0,-0.7,continúa,programa,S176,,,,,
19,390440.0,409867.0,19427.0,3809.4,0.9,continúa,programa,J002,,,,,
28,0.0,20583.5,20583.5,20583.5,inf,aparece,programa,C008,,,,,
36,0.0,23080.0,23080.0,23080.0,inf,aparece,programa,X009,,,,,
11,6255.3,31306.2,25050.9,24800.7,381.2,continúa,programa,M001,,,,,
GYR,147797.5,174447.5,26650.1,20738.2,13.5,continúa,programa,015 ,,,,,
28,0.0,36185.4,36185.4,36185.4,inf,aparece,programa,C011,,,,,
34,0.0,37984.3,37984.3,37984.3,36523389282.7,continúa,programa,D005,,,,,
33,500367.1,554903.6,54536.6,34521.9,6.6,continúa,programa,I013,,,,,
TVV,0.0,57509.2,57509.2,57509.2,inf,aparece,programa,017 ,,,,,
56,0.0,64010.9,64010.9,64010.9,inf,aparece,programa,E089,,,,,
GYR,429737.1,494581.9,64844.8,47655.3,10.7,continúa,programa,031 ,,,,,
28,0.0,64998.4,64998.4,64998.4,inf,aparece,programa,C014,,,,,
28,0.0,71534.4,71534.4,71534.4,inf,aparece,programa,C005,,,,,
28,1069854.4,1146547.6,76693.2,33899.0,3.0,continúa,programa,C001,,,,,
GYR,795824.4,890029.5,94205.1,62372.1,7.5,continúa,programa,013 ,,,,,
19,795824.0,890029.5,94205.5,62372.5,7.5,continúa,programa,J003,,,,,
TVV,0.0,97348.6,97348.6,97348.6,inf,aparece,programa,015 ,,,,,
28,0.0,128147.5,128147.5,128147.5,inf,aparece,programa,C012,,,,,
28,329115.1,0.0,-329115.1,-342279.7,-100.0,desaparece,programa_por_numero,,003,,,,
18,263700.0,81507.6,-182192.4,-192740.4,-70.3,continúa,programa_por_numero,,038,,,,
TVV,98679.2,0.0,-98679.2,-102626.4,-100.0,desaparece,programa_por_numero,,77 ,,,,
56,80768.4,15673.7,-65094.7,-68325.5,-81.3,continúa,programa_por_numero,,013,,,,
TVV,50097.3,0.0,-50097.3,-52101.2,-100.0,desaparece,programa_por_numero,,79 ,,,,
TYY,223247.8,184079.2,-39168.6,-48098.5,-20.7,continúa,programa_por_numero,,01 ,,,,
36,24804.3,0.0,-24804.3,-25796.4,-100.0,desaparece,programa_por_numero,,055,,,,
07,20722.5,1021.6,-19700.9,-20529.8,-95.3,continúa,programa_por_numero,,015,,,,
TVV,16547.8,0.0,-16547.8,-17209.7,-100.0,desaparece,programa_por_numero,,78 ,,,,
09,49152.0,35420.0,-13732.0,-15698.1,-30.7,continúa,programa_por_numero,,016,,,,
03,85960.2,72264.7,-13695.5,-17133.9,-19.2,continúa,programa_por_numero,,001,,,,
07,30000.0,17158.8,-12841.2,-14041.2,-45.0,continúa,programa_por_numero,,019,,,,
36,19459.3,8276.0,-11183.3,-11961.6,-59.1,continúa,programa_por_numero,,004,,,,
TVV,54529.3,43897.0,-10632.3,-12813.5,-22.6,continúa,programa_por_numero,,80 ,,,,
TVV,11143.8,779.2,-10364.6,-10810.4,-93.3,continúa,programa_por_numero,,32 ,,,,
06,9516.8,0.0,-9516.8,-9897.5,-100.0,desaparece,programa_por_numero,,013,,,,
TVV,113702.6,104256.7,-9445.9,-13994.0,-11.8,continúa,programa_por_numero,,37 ,,,,
23,11500.0,2072.9,-9427.1,-9887.1,-82.7,continúa,programa_por_numero,,013,,,,
13,7677.7,18.9,-7658.9,-7966.0,-99.8,continúa,programa_por_numero,,015,,,,
34,35553.4,27921.8,-7631.6,-9053.7,-24.5,continúa,programa_por_numero,,011,,,,
11,26000.0,20000.0,-6000.0,-7040.0,-26.0,continúa,programa_por_numero,,282,,,,
19,43693.1,38500.0,-5193.1,-6940.9,-15.3,continúa,programa_por_numero,,006,,,,
36,3863.4,0.0,-3863.4,-4017.9,-100.0,desaparece,programa_por_numero,,049,,,,
GYR,34599.7,30802.3,-3797.3,-5181.3,-14.4,continúa,programa_por_numero,,16 ,,,,
06,3426.4,0.0,-3426.4,-3563.4,-100.0,desaparece,programa_por_numero,,012,,,,
16,16947.9,13577.2,-3370.7,-4048.6,-23.0,continúa,programa_por_numero,,027,,,,
24,151456.7,148596.3,-2860.4,-8918.7,-5.7,continúa,programa_por_numero,,005,,,,
24,25455.5,22849.5,-2605.9,-3624.2,-13.7,continúa,programa_por_numero,,007,,,,
48,2596.5,0.0,-2596.5,-2700.3,-100.0,desaparece,programa_por_numero,,063,,,,
08,13000.0,10445.0,-2555.0,-3075.0,-22.7,continúa,programa_por_numero,,290,,,,
TVV,61091.0,58691.6,-2399.4,-4843.0,-7.6,continúa,programa_por_numero,,24 ,,,,
36,4529.4,2211.7,-2317.7,-2498.9,-53.0,continúa,programa_por_numero,,054,,,,
19,48067.7,45797.4,-2270.3,-4193.0,-8.4,continúa,programa_por_numero,,011,,,,
12,3416.4,1676.3,-1740.1,-1876.8,-52.8,continúa,programa_por_numero,,012,,,,
TVV,67841.7,66154.8,-1686.9,-4400.6,-6.2,continúa,programa_por_numero,,22 ,,,,
19,31281.6,30038.9,-1242.7,-2494.0,-7.7,continúa,programa_por_numero,,005,,,,
08,18200.0,17000.0,-1200.0,-1928.0,-10.2,continúa,programa_por_numero,,292,,,,
09,1604.0,471.6,-1132.4,-1196.5,-71.7,continúa,programa_por_numero,,006,,,,
24,20262.1,19137.4,-1124.7,-1935.2,-9.2,continúa,programa_por_numero,,009,,,,
TYY,1069.6,0.0,-1069.6,-1112.4,-100.0,desaparece,programa_por_numero,,29 ,,,,
TYY,2577.0,1512.8,-1064.2,-1167.3,-43.6,continúa,programa_por_numero,,36 ,,,,
16,3848.7,2799.0,-1049.7,-1203.6,-30.1,continúa,programa_por_numero,,045,,,,
TVV,11511.0,10733.6,-777.4,-1237.9,-10.3,continúa,programa_por_numero,,30 ,,,,
TYY,755.4,0.0,-755.4,-785.6,-100.0,desaparece,programa_por_numero,,75 ,,,,
07,744.7,0.0,-744.7,-774.5,-100.0,desaparece,programa_por_numero,,014,,,,
06,645.9,0.0,-645.9,-671.7,-100.0,desaparece,programa_por_numero,,006,,,,
TVV,30500.0,30000.0,-500.0,-1720.0,-5.4,continúa,programa_por_numero,,33 ,,,,
16,2257.5,1771.7,-485.9,-576.2,-24.5,continúa,programa_por_numero,,074,,,,
23,5117.9,4637.0,-480.8,-685.6,-12.9,continúa,programa_por_numero,,029,,,,
36,478.3,0.0,-478.3,-497.4,-100.0,desaparece,programa_por_numero,,048,,,,
08,17472.0,17000.0,-472.0,-1170.9,-6.4,continúa,programa_por_numero,,293,,,,
TYY,18166.4,17738.5,-427.9,-1154.5,-6.1,continúa,programa_por_numero,,76 ,,,,
16,1932.9,1514.7,-418.2,-495.5,-24.6,continúa,programa_por_numero,,217,,,,
GYR,1353.7,1000.0,-353.7,-407.8,-29.0,continúa,programa_por_numero,,07 ,,,,
49,1048.7,696.2,-352.5,-394.4,-36.2,continúa,programa_por_numero,,006,,,,
09,1607.6,1279.5,-328.1,-392.4,-23.5,continúa,programa_por_numero,,001,,,,
16,500.0,204.2,-295.8,-315.8,-60.7,continúa,programa_por_numero,,028,,,,
05,2422.6,2145.1,-277.5,-374.4,-14.9,continúa,programa_por_numero,,016,,,,
13,2137.3,1865.7,-271.6,-357.1,-16.1,continúa,programa_por_numero,,020,,,,
TYY,1212.0,948.2,-263.8,-312.3,-24.8,continúa,programa_por_numero,,07 ,,,,
09,405.2,160.0,-245.2,-261.4,-62.0,continúa,programa_por_numero,,022,,,,
09,369.2,125.2,-244.0,-258.7,-67.4,continúa,programa_por_numero,,009,,,,
08,4576.6,4337.3,-239.3,-422.3,-8.9,continúa,programa_por_numero,,021,,,,
11,238.2,0.0,-238.2,-247.8,-100.0,desaparece,programa_por_numero,,084,,,,
20,509.6,277.9,-231.8,-252.1,-47.6,continúa,programa_por_numero,,011,,,,
55,283.1,69.0,-214.1,-225.5,-76.6,continúa,programa_por_numero,,060,,,,
GYN,3994.2,3799.9,-194.3,-354.1,-8.5,continúa,programa_por_numero,,74 ,,,,
49,178.8,0.0,-178.8,-185.9,-100.0,desaparece,programa_por_numero,,022,,,,
35,964.5,787.2,-177.3,-215.9,-21.5,continúa,programa_por_numero,,002,,,,
GYN,188.1,14.3,-173.9,-181.4,-92.7,continúa,programa_por_numero,,18 ,,,,
20,40664.0,40500.0,-164.0,-1790.6,-4.2,continúa,programa_por_numero,,287,,,,
23,1512.1,1370.0,-142.1,-202.6,-12.9,continúa,programa_por_numero,,016,,,,
23,1488.8,1349.0,-139.9,-199.4,-12.9,continúa,programa_por_numero,,028,,,,
21,135.9,0.0,-135.9,-141.3,-100.0,desaparece,programa_por_numero,,050,,,,
04,3186.9,3053.2,-133.7,-261.2,-7.9,continúa,programa_por_numero,,005,,,,
18,128.6,0.0,-128.6,-133.8,-100.0,desaparece,programa_por_numero,,017,,,,
27,430.3,302.4,-127.9,-145.1,-32.4,continúa,programa_por_numero,,044,,,,
09,146.4,21.4,-125.1,-130.9,-86.0,continúa,programa_por_numero,,008,,,,
49,2709.8,2586.8,-123.0,-231.4,-8.2,continúa,programa_por_numero,,001,,,,
09,3120.9,3000.0,-120.9,-245.8,-7.6,continúa,programa_por_numero,,004,,,,
40,150.6,32.6,-118.0,-124.0,-79.2,continúa,programa_por_numero,,004,,,,
49,116.5,0.0,-116.5,-121.2,-100.0,desaparece,programa_por_numero,,010,,,,
11,3090.0,2986.6,-103.4,-227.0,-7.1,continúa,programa_por_numero,,083,,,,
06,102.9,0.0,-102.9,-107.1,-100.0,desaparece,programa_por_numero,,087,,,,
09,143.7,42.3,-101.4,-107.2,-71.7,continúa,programa_por_numero,,005,,,,
10,298.7,212.4,-86.3,-98.2,-31.6,continúa,programa_por_numero,,025,,,,
14,318.0,232.7,-85.3,-98.0,-29.6,continúa,programa_por_numero,,100,,,,
10,1077.2,997.7,-79.4,-122.5,-10.9,continúa,programa_por_numero,,020,,,,
18,907.3,831.4,-75.9,-112.2,-11.9,continúa,programa_por_numero,,037,,,,
TVV,328.4,255.0,-73.4,-86.5,-25.3,continúa,programa_por_numero,,58 ,,,,
18,282.6,211.1,-71.5,-82.8,-28.2,continúa,programa_por_numero,,039,,,,
07,6978.7,6910.0,-68.8,-347.9,-4.8,continúa,programa_por_numero,,003,,,,
49,205.6,139.0,-66.5,-74.7,-35.0,continúa,programa_por_numero,,011,,,,
15,95.5,30.0,-65.5,-69.3,-69.8,continúa,programa_por_numero,,003,,,,
15,151.3,87.8,-63.6,-69.6,-44.2,continúa,programa_por_numero,,033,,,,
15,1131.1,1068.0,-63.1,-108.4,-9.2,continúa,programa_por_numero,,001,,,,
40,10398.5,10337.5,-60.9,-476.9,-4.4,continúa,programa_por_numero,,002,,,,
TVV,50.4,0.0,-50.4,-52.4,-100.0,desaparece,programa_por_numero,,31 ,,,,
13,132.0,81.8,-50.2,-55.5,-40.4,continúa,programa_por_numero,,037,,,,
08,3072.0,3022.0,-50.0,-172.9,-5.4,continúa,programa_por_numero,,006,,,,
06,425.2,375.3,-49.9,-66.9,-15.1,continúa,programa_por_numero,,017,,,,
48,679.6,630.9,-48.6,-75.8,-10.7,continúa,programa_por_numero,,320,,,,
06,397.3,349.4,-47.9,-63.8,-15.4,continúa,programa_por_numero,,019,,,,
54,856.8,812.0,-44.8,-79.1,-8.9,continúa,programa_por_numero,,012,,,,
27,934.2,893.9,-40.2,-77.6,-8.0,continúa,programa_por_numero,,001,,,,
10,133.7,95.3,-38.3,-43.7,-31.4,continúa,programa_por_numero,,019,,,,
18,1850.9,1812.9,-37.9,-112.0,-5.8,continúa,programa_por_numero,,013,,,,
06,561.2,523.9,-37.3,-59.8,-10.2,continúa,programa_por_numero,,018,,,,
31,614.9,577.7,-37.2,-61.8,-9.7,continúa,programa_por_numero,,052,,,,
04,890.2,853.1,-37.1,-72.7,-7.9,continúa,programa_por_numero,,010,,,,
06,346.8,310.0,-36.8,-50.7,-14.1,continúa,programa_por_numero,,020,,,,
32,35.3,0.0,-35.3,-36.8,-100.0,desaparece,programa_por_numero,,025,,,,
11,901.4,866.5,-34.9,-71.0,-7.6,continúa,programa_por_numero,,312,,,,
16,55.4,20.9,-34.5,-36.7,-63.7,continúa,programa_por_numero,,035,,,,
36,231.1,197.9,-33.1,-42.4,-17.6,continúa,programa_por_numero,,005,,,,
49,292.8,261.1,-31.8,-43.5,-14.3,continúa,programa_por_numero,,012,,,,
49,115.2,83.4,-31.7,-36.3,-30.3,continúa,programa_por_numero,,008,,,,
06,1226.6,1195.4,-31.2,-80.3,-6.3,continúa,programa_por_numero,,005,,,,
40,108.0,77.2,-30.8,-35.2,-31.3,continúa,programa_por_numero,,006,,,,
21,133.2,108.0,-25.2,-30.5,-22.0,continúa,programa_por_numero,,025,,,,
07,77.8,56.5,-21.4,-24.5,-30.2,continúa,programa_por_numero,,012,,,,
05,570.8,550.5,-20.2,-43.1,-7.3,continúa,programa_por_numero,,005,,,,
08,2664.1,2644.4,-19.7,-126.2,-4.6,continúa,programa_por_numero,,053,,,,
27,18.8,0.0,-18.8,-19.5,-100.0,desaparece,programa_por_numero,,051,,,,
04,290.2,274.2,-16.0,-27.6,-9.1,continúa,programa_por_numero,,004,,,,
10,74.8,60.2,-14.7,-17.6,-22.7,continúa,programa_por_numero,,021,,,,
15,719.3,704.9,-14.4,-43.2,-5.8,continúa,programa_por_numero,,034,,,,
35,55.0,41.8,-13.3,-15.5,-27.1,continúa,programa_por_numero,,019,,,,
10,119.9,107.4,-12.5,-17.3,-13.9,continúa,programa_por_numero,,010,,,,
13,259.6,249.2,-10.3,-20.7,-7.7,continúa,programa_por_numero,,039,,,,
01,303.8,296.9,-6.9,-19.1,-6.0,continúa,programa_por_numero,,027,,,,
35,37.5,30.8,-6.7,-8.2,-21.0,continúa,programa_por_numero,,008,,,,
35,52.9,46.3,-6.6,-8.7,-15.8,continúa,programa_por_numero,,016,,,,
35,69.5,63.0,-6.5,-9.3,-12.8,continúa,programa_por_numero,,015,,,,
11,2047.4,2041.5,-5.9,-87.8,-4.1,continúa,programa_por_numero,,269,,,,
35,58.0,52.5,-5.5,-7.8,-13.0,continúa,programa_por_numero,,003,,,,
35,33.6,28.1,-5.5,-6.8,-19.5,continúa,programa_por_numero,,006,,,,
37,34.7,29.6,-5.1,-6.5,-17.9,continúa,programa_por_numero,,001,,,,
14,29.2,24.7,-4.5,-5.7,-18.7,continúa,programa_por_numero,,023,,,,
14,18.6,14.2,-4.4,-5.2,-26.8,continúa,programa_por_numero,,032,,,,
10,156.7,152.7,-4.0,-10.3,-6.3,continúa,programa_por_numero,,006,,,,
20,11.5,7.7,-3.8,-4.2,-35.3,continúa,programa_por_numero,,042,,,,
35,39.5,35.9,-3.7,-5.2,-12.7,continúa,programa_por_numero,,017,,,,
35,55.9,52.9,-3.1,-5.3,-9.1,continúa,programa_por_numero,,018,,,,
35,37.8,34.9,-2.9,-4.4,-11.2,continúa,programa_por_numero,,013,,,,
21,162.9,161.0,-1.9,-8.4,-5.0,continúa,programa_por_numero,,043,,,,
19,511.6,510.0,-1.6,-22.1,-4.2,continúa,programa_por_numero,,008,,,,
47,724.6,723.1,-1.5,-30.4,-4.0,continúa,programa_por_numero,,059,,,,
35,27.2,25.8,-1.4,-2.5,-8.8,continúa,programa_por_numero,,023,,,,
56,2822.3,2821.1,-1.2,-114.1,-3.9,continúa,programa_por_numero,,001,,,,
23,12.6,11.4,-1.2,-1.7,-12.9,continúa,programa_por_numero,,017,,,,
02,703.9,702.8,-1.0,-29.2,-4.0,continúa,programa_por_numero,,002,,,,
35,20.2,19.2,-1.0,-1.8,-8.7,continúa,programa_por_numero,,007,,,,
10,367.3,366.3,-1.0,-15.7,-4.1,continúa,programa_por_numero,,011,,,,
35,11.5,10.8,-0.8,-1.2,-10.3,continúa,programa_por_numero,,011,,,,
35,19.9,19.1,-0.8,-1.6,-7.5,continúa,programa_por_numero,,014,,,,
06,491.1,490.5,-0.6,-20.2,-4.0,continúa,programa_por_numero,,007,,,,
35,14.5,13.9,-0.5,-1.1,-7.4,continúa,programa_por_numero,,024,,,,
35,8.0,7.7,-0.3,-0.6,-7.7,continúa,programa_por_numero,,012,,,,
GYN,9.9,9.6,-0.3,-0.7,-6.6,continúa,programa_por_numero,,28 ,,,,
02,45.4,45.2,-0.2,-2.0,-4.3,continúa,programa_por_numero,,003,,,,
55,43.1,43.1,-0.0,-1.8,-3.9,continúa,programa_por_numero,,014,,,,
19,0.2,0.2,-0.0,-0.0,-18.7,continúa,programa_por_numero,,007,,,,
24,0.0,0.0,-0.0,-0.0,-10.6,continúa,programa_por_numero,,006,,,,
11,781.5,781.5,-0.0,-31.3,-3.8,continúa,programa_por_numero,,270,,,,
34,0.0,0.0,0.0,-0.0,-3.8,continúa,programa_por_numero,,009,,,,
34,0.0,0.0,0.0,-0.0,-3.8,continúa,programa_por_numero,,006,,,,
02,2.1,2.1,0.0,-0.1,-3.8,continúa,programa_por_numero,,004,,,,
34,0.0,0.0,0.0,-0.0,-3.8,continúa,programa_por_numero,,007,,,,
34,0.0,0.0,0.0,-0.0,-3.8,continúa,programa_por_numero,,008,,,,
34,0.0,0.0,0.0,-0.0,-3.8,continúa,programa_por_numero,,004,,,,
34,0.0,0.0,0.0,-0.0,-3.8,continúa,programa_por_numero,,001,,,,
56,425.4,425.4,0.0,-17.0,-3.8,continúa,programa_por_numero,,008,,,,
GYN,0.3,0.3,0.0,-0.0,-3.8,continúa,programa_por_numero,,73 ,,,,
34,0.0,0.0,0.0,-0.0,-3.8,continúa,programa_por_numero,,002,,,,
16,976.2,976.2,0.0,-39.0,-3.8,continúa,programa_por_numero,,219,,,,
11,858.5,858.5,0.0,-34.3,-3.8,continúa,programa_por_numero,,079,,,,
34,0.0,0.0,0.0,-0.0,-3.8,continúa,programa_por_numero,,003,,,,
08,3787.2,3787.2,0.0,-151.5,-3.8,continúa,programa_por_numero,,263,,,,
56,3695.5,3695.5,0.0,-147.8,-3.8,continúa,programa_por_numero,,200,,,,
18,0.0,0.0,0.0,0.0,inf,aparece,programa_por_numero,,018,,,,
47,1704.0,1704.1,0.2,-68.0,-3.8,continúa,programa_por_numero,,249,,,,
48,55.8,56.0,0.2,-2.1,-3.6,continúa,programa_por_numero,,057,,,,
21,44.2,44.6,0.3,-1.4,-3.1,continúa,programa_por_numero,,020,,,,
35,6.9,7.4,0.5,0.2,3.0,continúa,programa_por_numero,,032,,,,
21,264.7,265.3,0.6,-10.0,-3.6,continúa,programa_por_numero,,001,,,,
35,3.6,4.8,1.2,1.1,29.1,continúa,programa_por_numero,,035,,,,
02,49.1,50.4,1.2,-0.7,-1.4,continúa,programa_por_numero,,001,,,,
48,19.2,20.6,1.5,0.7,3.4,continúa,programa_por_numero,,065,,,,
35,6.7,9.1,2.4,2.1,30.8,continúa,programa_por_numero,,036,,,,
12,44.4,47.0,2.6,0.8,1.8,continúa,programa_por_numero,,039,,,,
35,16.4,19.0,2.6,2.0,11.5,continúa,programa_por_numero,,033,,,,
35,9.7,12.4,2.7,2.3,23.0,continúa,programa_por_numero,,026,,,,
15,87.6,90.3,2.7,-0.8,-0.9,continúa,programa_por_numero,,213,,,,
48,64.7,67.5,2.7,0.1,0.2,continúa,programa_por_numero,,056,,,,
35,18.7,22.9,4.2,3.4,17.7,continúa,programa_por_numero,,022,,,,
04,72.4,76.9,4.5,1.6,2.2,continúa,programa_por_numero,,007,,,,
04,76.8,81.5,4.7,1.7,2.1,continúa,programa_por_numero,,011,,,,
GYN,13.7,18.7,4.9,4.4,30.8,continúa,programa_por_numero,,19 ,,,,
04,141.8,146.9,5.0,-0.6,-0.4,continúa,programa_por_numero,,061,,,,
12,2990.7,2995.8,5.2,-114.5,-3.7,continúa,programa_por_numero,,029,,,,
23,172.9,178.4,5.6,-1.3,-0.7,continúa,programa_por_numero,,015,,,,
47,34.4,40.2,5.8,4.4,12.2,continúa,programa_por_numero,,053,,,,
49,138.0,143.9,5.9,0.4,0.3,continúa,programa_por_numero,,004,,,,
47,219.4,226.5,7.2,-1.6,-0.7,continúa,programa_por_numero,,057,,,,
07,14.3,21.7,7.4,6.8,45.5,continúa,programa_por_numero,,006,,,,
13,36.7,44.5,7.8,6.3,16.6,continúa,programa_por_numero,,036,,,,
06,210.6,218.5,7.9,-0.6,-0.3,continúa,programa_por_numero,,062,,,,
23,246.7,254.6,8.0,-1.9,-0.7,continúa,programa_por_numero,,004,,,,
15,0.0,8.0,8.0,8.0,inf,aparece,programa_por_numero,,273,,,,
31,80.9,89.0,8.1,4.9,5.8,continúa,programa_por_numero,,001,,,,
48,143.9,152.3,8.4,2.7,1.8,continúa,programa_por_numero,,025,,,,
04,325.6,334.4,8.7,-4.3,-1.3,continúa,programa_por_numero,,012,,,,
11,31.1,40.0,8.9,7.7,23.8,continúa,programa_por_numero,,298,,,,
04,510.9,520.8,9.9,-10.6,-2.0,continúa,programa_por_numero,,006,,,,
21,269.5,279.3,9.9,-0.9,-0.3,continúa,programa_por_numero,,049,,,,
11,824.4,834.3,10.0,-23.0,-2.7,continúa,programa_por_numero,,295,,,,
GYN,345.4,355.8,10.5,-3.3,-0.9,continúa,programa_por_numero,,71 ,,,,
47,186.0,197.5,11.5,4.0,2.1,continúa,programa_por_numero,,058,,,,
47,1073.2,1084.8,11.6,-31.3,-2.8,continúa,programa_por_numero,,060,,,,
04,28.0,39.8,11.9,10.7,36.9,continúa,programa_por_numero,,013,,,,
13,69.9,82.6,12.7,9.9,13.7,continúa,programa_por_numero,,035,,,,
37,118.4,131.2,12.7,8.0,6.5,continúa,programa_por_numero,,050,,,,
48,15.1,29.5,14.4,13.8,88.0,continúa,programa_por_numero,,303,,,,
47,90.3,105.9,15.7,12.1,12.8,continúa,programa_por_numero,,054,,,,
10,518.6,534.9,16.4,-4.4,-0.8,continúa,programa_por_numero,,001,,,,
47,2047.7,2064.8,17.1,-64.8,-3.0,continúa,programa_por_numero,,178,,,,
14,323.8,341.2,17.4,4.5,1.3,continúa,programa_por_numero,,043,,,,
11,10.6,30.0,19.4,19.0,172.4,continúa,programa_por_numero,,081,,,,
GYN,123.9,143.5,19.6,14.6,11.3,continúa,programa_por_numero,,08 ,,,,
10,465.4,485.0,19.7,1.1,0.2,continúa,programa_por_numero,,023,,,,
36,50.1,71.1,21.0,18.9,36.3,continúa,programa_por_numero,,022,,,,
GYN,346.0,369.1,23.1,9.3,2.6,continúa,programa_por_numero,,13 ,,,,
11,856.6,882.3,25.7,-8.6,-1.0,continúa,programa_por_numero,,300,,,,
04,93.6,119.9,26.3,22.5,23.2,continúa,programa_por_numero,,057,,,,
14,50.9,77.8,26.9,24.9,47.1,continúa,programa_por_numero,,063,,,,
23,62.0,90.0,28.0,25.5,39.6,continúa,programa_por_numero,,116,,,,
27,0.0,28.1,28.1,28.1,inf,aparece,programa_por_numero,,046,,,,
24,30.2,58.7,28.5,27.3,86.7,continúa,programa_por_numero,,003,,,,
13,85.5,115.1,29.6,26.2,29.5,continúa,programa_por_numero,,038,,,,
04,947.3,978.3,31.0,-6.9,-0.7,continúa,programa_por_numero,,008,,,,
16,213.7,244.7,31.0,22.5,10.1,continúa,programa_por_numero,,005,,,,
47,397.9,429.5,31.6,15.7,3.8,continúa,programa_por_numero,,061,,,,
49,1415.1,1447.0,31.9,-24.7,-1.7,continúa,programa_por_numero,,003,,,,
04,407.5,442.3,34.9,18.6,4.4,continúa,programa_por_numero,,003,,,,
05,122.2,157.1,34.9,30.0,23.6,continúa,programa_por_numero,,014,,,,
36,1166.1,1201.1,35.0,-11.7,-1.0,continúa,programa_por_numero,,002,,,,
13,30.8,67.8,37.0,35.8,111.8,continúa,programa_por_numero,,023,,,,
07,62.7,100.4,37.8,35.3,54.1,continúa,programa_por_numero,,013,,,,
27,0.0,37.8,37.8,37.8,inf,aparece,programa_por_numero,,021,,,,
55,0.0,38.2,38.2,38.2,inf,aparece,programa_por_numero,,082,,,,
35,266.8,305.4,38.6,27.9,10.1,continúa,programa_por_numero,,001,,,,
48,205.8,244.7,38.9,30.6,14.3,continúa,programa_por_numero,,064,,,,
08,0.0,40.0,40.0,40.0,inf,aparece,programa_por_numero,,017,,,,
05,1095.6,1136.1,40.5,-3.4,-0.3,continúa,programa_por_numero,,001,,,,
16,177.6,219.9,42.3,35.2,19.1,continúa,programa_por_numero,,011,,,,
54,171.7,217.2,45.5,38.7,21.7,continúa,programa_por_numero,,059,,,,
48,116.4,165.5,49.1,44.4,36.7,continúa,programa_por_numero,,007,,,,
TVV,0.0,49.2,49.2,49.2,inf,aparece,programa_por_numero,,18 ,,,,
13,179.4,231.4,52.0,44.9,24.0,continúa,programa_por_numero,,009,,,,
14,371.8,425.0,53.2,38.3,9.9,continúa,programa_por_numero,,001,,,,
48,1812.8,1867.2,54.4,-18.1,-1.0,continúa,programa_por_numero,,066,,,,
54,785.0,839.7,54.7,23.3,2.9,continúa,programa_por_numero,,319,,,,
20,246.1,302.0,55.9,46.0,18.0,continúa,programa_por_numero,,048,,,,
GYN,1432.0,1487.9,55.9,-1.4,-0.1,continúa,programa_por_numero,,20 ,,,,
48,686.6,742.9,56.3,28.8,4.0,continúa,programa_por_numero,,023,,,,
31,199.5,257.5,58.0,50.0,24.1,continúa,programa_por_numero,,053,,,,
16,158.8,218.9,60.0,53.7,32.5,continúa,programa_por_numero,,010,,,,
48,223.0,285.3,62.3,53.4,23.0,continúa,programa_por_numero,,283,,,,
21,783.2,847.8,64.6,33.3,4.1,continúa,programa_por_numero,,026,,,,
49,681.7,749.6,67.9,40.6,5.7,continúa,programa_por_numero,,009,,,,
47,780.2,848.2,68.0,36.8,4.5,continúa,programa_por_numero,,001,,,,
14,772.1,840.1,68.0,37.1,4.6,continúa,programa_por_numero,,031,,,,
54,327.6,400.5,73.0,59.8,17.6,continúa,programa_por_numero,,001,,,,
49,277.7,354.1,76.4,65.3,22.6,continúa,programa_por_numero,,013,,,,
25,1368.9,1451.3,82.4,27.7,1.9,continúa,programa_por_numero,,086,,,,
40,1107.6,1194.0,86.4,42.1,3.7,continúa,programa_por_numero,,001,,,,
01,2822.6,2914.0,91.4,-21.5,-0.7,continúa,programa_por_numero,,002,,,,
13,184.5,276.9,92.4,85.0,44.3,continúa,programa_por_numero,,030,,,,
11,1625.0,1729.2,104.2,39.2,2.3,continúa,programa_por_numero,,029,,,,
20,3312.0,3418.0,106.0,-26.5,-0.8,continúa,programa_por_numero,,174,,,,
28,0.0,107.5,107.5,107.5,inf,aparece,programa_por_numero,,010,,,,
06,2761.8,2876.6,114.8,4.3,0.2,continúa,programa_por_numero,,002,,,,
04,842.7,961.8,119.2,85.5,9.8,continúa,programa_por_numero,,001,,,,
GYR,889.1,1010.4,121.3,85.7,9.3,continúa,programa_por_numero,,08 ,,,,
28,3680.0,3804.0,124.0,-23.2,-0.6,continúa,programa_por_numero,,004,,,,
48,212.9,339.8,126.9,118.4,53.5,continúa,programa_por_numero,,268,,,,
18,151.2,281.1,129.9,123.9,78.8,continúa,programa_por_numero,,019,,,,
40,42.8,174.7,131.8,130.1,292.1,continúa,programa_por_numero,,003,,,,
38,1001.1,1139.0,137.8,97.8,9.4,continúa,programa_por_numero,,001,,,,
55,3417.2,3556.1,138.8,2.1,0.1,continúa,programa_por_numero,,083,,,,
24,1694.8,1836.1,141.2,73.4,4.2,continúa,programa_por_numero,,008,,,,
GYR,2349.5,2493.4,143.9,49.9,2.0,continúa,programa_por_numero,,71 ,,,,
32,3364.7,3509.7,145.1,10.5,0.3,continúa,programa_por_numero,,001,,,,
21,0.0,145.4,145.4,145.4,inf,aparece,programa_por_numero,,008,,,,
11,1739.2,1884.9,145.7,76.1,4.2,continúa,programa_por_numero,,243,,,,
25,329.7,483.8,154.2,141.0,41.1,continúa,programa_por_numero,,003,,,,
23,4889.5,5047.3,157.8,-37.8,-0.7,continúa,programa_por_numero,,031,,,,
55,109.2,268.1,158.8,154.5,136.0,continúa,programa_por_numero,,001,,,,
12,1501.3,1664.1,162.9,102.8,6.6,continúa,programa_por_numero,,027,,,,
15,825.3,995.2,169.8,136.8,15.9,continúa,programa_por_numero,,042,,,,
33,3953.1,4124.6,171.4,13.3,0.3,continúa,programa_por_numero,,010,,,,
11,284.1,456.8,172.7,161.4,54.6,continúa,programa_por_numero,,247,,,,
49,0.0,173.9,173.9,173.9,inf,aparece,programa_por_numero,,007,,,,
27,359.9,537.0,177.2,162.8,43.5,continúa,programa_por_numero,,045,,,,
11,514.6,696.6,182.0,161.4,30.2,continúa,programa_por_numero,,027,,,,
22,211.0,394.3,183.3,174.9,79.7,continúa,programa_por_numero,,010,,,,
14,896.0,1087.5,191.5,155.7,16.7,continúa,programa_por_numero,,040,,,,
47,1108.0,1315.6,207.6,163.3,14.2,continúa,programa_por_numero,,052,,,,
08,1898.6,2118.1,219.5,143.6,7.3,continúa,programa_por_numero,,304,,,,
16,300.8,525.4,224.6,212.6,68.0,continúa,programa_por_numero,,046,,,,
33,6858.3,7099.7,241.4,-32.9,-0.5,continúa,programa_por_numero,,009,,,,
16,1393.5,1645.0,251.5,195.8,13.5,continúa,programa_por_numero,,002,,,,
16,408.6,669.4,260.8,244.5,57.5,continúa,programa_por_numero,,016,,,,
04,83.4,348.0,264.6,261.3,301.2,continúa,programa_por_numero,,009,,,,
07,4137.2,4402.0,264.8,99.3,2.3,continúa,programa_por_numero,,017,,,,
11,3878.4,4143.9,265.5,110.4,2.7,continúa,programa_por_numero,,028,,,,
12,2685.6,2953.3,267.8,160.3,5.7,continúa,programa_por_numero,,028,,,,
08,2207.4,2493.1,285.8,197.5,8.6,continúa,programa_por_numero,,001,,,,
25,4667.8,4956.0,288.2,101.5,2.1,continúa,programa_por_numero,,001,,,,
16,97.3,387.7,290.4,286.5,283.0,continúa,programa_por_numero,,003,,,,
07,78.3,371.1,292.8,289.6,355.5,continúa,programa_por_numero,,008,,,,
11,4826.1,5135.1,309.0,116.0,2.3,continúa,programa_por_numero,,024,,,,
10,323.3,637.6,314.2,301.3,89.6,continúa,programa_por_numero,,024,,,,
01,14402.7,14720.1,317.5,-258.6,-1.7,continúa,programa_por_numero,,001,,,,
GYR,1583.6,1906.3,322.7,259.3,15.7,continúa,programa_por_numero,,68 ,,,,
11,0.0,329.3,329.3,329.3,inf,aparece,programa_por_numero,,005,,,,
11,4954.7,5285.1,330.4,132.3,2.6,continúa,programa_por_numero,,030,,,,
13,0.0,336.5,336.5,336.5,inf,aparece,programa_por_numero,,024,,,,
13,5608.8,5959.2,350.4,126.0,2.2,continúa,programa_por_numero,,021,,,,
55,0.0,354.5,354.5,354.5,inf,aparece,programa_por_numero,,023,,,,
08,6778.2,7146.4,368.2,97.1,1.4,continúa,programa_por_numero,,004,,,,
49,13879.6,14258.6,379.0,-176.2,-1.2,continúa,programa_por_numero,,002,,,,
13,0.0,380.0,380.0,380.0,inf,aparece,programa_por_numero,,007,,,,
19,4861.7,5263.6,401.9,207.4,4.1,continúa,programa_por_numero,,010,,,,
11,12650.0,13058.2,408.2,-97.8,-0.7,continúa,programa_por_numero,,283,,,,
23,7070.4,7501.0,430.6,147.8,2.0,continúa,programa_por_numero,,093,,,,
GYR,6769.2,7234.9,465.7,194.9,2.8,continúa,programa_por_numero,,69 ,,,,
GYN,0.0,466.0,466.0,466.0,inf,aparece,programa_por_numero,,38 ,,,,
04,2062.5,2535.3,472.8,390.3,18.2,continúa,programa_por_numero,,002,,,,
20,563.4,1039.3,475.8,453.3,77.4,continúa,programa_por_numero,,001,,,,
16,463.0,942.4,479.4,460.9,95.7,continúa,programa_por_numero,,036,,,,
33,9951.1,10447.9,496.8,98.8,1.0,continúa,programa_por_numero,,011,,,,
11,528.4,1039.8,511.4,490.3,89.2,continúa,programa_por_numero,,025,,,,
36,833.3,1368.4,535.0,501.7,57.9,continúa,programa_por_numero,,047,,,,
15,0.0,535.7,535.7,535.7,inf,aparece,programa_por_numero,,009,,,,
12,0.0,544.2,544.2,544.2,inf,aparece,programa_por_numero,,038,,,,
38,14879.5,15432.3,552.8,-42.4,-0.3,continúa,programa_por_numero,,190,,,,
36,0.0,554.6,554.6,554.6,inf,aparece,programa_por_numero,,010,,,,
18,418.6,990.1,571.5,554.7,127.4,continúa,programa_por_numero,,001,,,,
16,2264.9,2838.0,573.1,482.5,20.5,continúa,programa_por_numero,,001,,,,
12,4225.4,4798.6,573.2,404.2,9.2,continúa,programa_por_numero,,034,,,,
48,1954.1,2540.3,586.2,508.0,25.0,continúa,programa_por_numero,,001,,,,
36,0.0,595.3,595.3,595.3,inf,aparece,programa_por_numero,,321,,,,
33,19340.5,19943.5,603.0,-170.7,-0.8,continúa,programa_por_numero,,015,,,,
33,8449.5,9055.8,606.3,268.3,3.1,continúa,programa_por_numero,,008,,,,
23,19430.1,20057.1,627.0,-150.2,-0.7,continúa,programa_por_numero,,003,,,,
TYY,0.0,642.6,642.6,642.6,inf,aparece,programa_por_numero,,13 ,,,,
38,1050.0,1730.0,680.0,638.0,58.4,continúa,programa_por_numero,,023,,,,
07,2073.1,2759.2,686.2,603.2,28.0,continúa,programa_por_numero,,025,,,,
07,4084.1,4774.2,690.1,526.8,12.4,continúa,programa_por_numero,,009,,,,
38,6449.0,7139.7,690.7,432.8,6.5,continúa,programa_por_numero,,007,,,,
12,4748.2,5448.2,700.0,510.1,10.3,continúa,programa_por_numero,,033,,,,
12,4020.5,4750.7,730.1,569.3,13.6,continúa,programa_por_numero,,001,,,,
22,1834.6,2567.0,732.4,659.0,34.5,continúa,programa_por_numero,,008,,,,
16,955.4,1700.3,744.9,706.7,71.1,continúa,programa_por_numero,,014,,,,
38,1619.4,2366.9,747.5,682.8,40.5,continúa,programa_por_numero,,051,,,,
07,232.5,983.5,751.0,741.7,306.7,continúa,programa_por_numero,,016,,,,
07,2800.9,3578.8,777.9,665.8,22.9,continúa,programa_por_numero,,011,,,,
23,28380.5,29182.5,802.0,-333.2,-1.1,continúa,programa_por_numero,,032,,,,
20,5460.3,6270.5,810.2,591.8,10.4,continúa,programa_por_numero,,041,,,,
14,25173.0,25985.3,812.3,-194.6,-0.7,continúa,programa_por_numero,,280,,,,
28,0.0,814.2,814.2,814.2,inf,aparece,programa_por_numero,,013,,,,
13,1297.2,2127.8,830.6,778.7,57.7,continúa,programa_por_numero,,022,,,,
07,1060.4,1912.2,851.8,809.4,73.4,continúa,programa_por_numero,,026,,,,
07,1102.7,1958.3,855.6,811.4,70.8,continúa,programa_por_numero,,010,,,,
11,3011.6,3958.3,946.7,826.2,26.4,continúa,programa_por_numero,,008,,,,
TYY,0.0,989.1,989.1,989.1,inf,aparece,programa_por_numero,,14 ,,,,
20,4000.0,5000.0,1000.0,840.0,20.2,continúa,programa_por_numero,,317,,,,
11,3678.9,4748.7,1069.7,922.6,24.1,continúa,programa_por_numero,,026,,,,
15,33280.0,34353.9,1073.9,-257.3,-0.7,continúa,programa_por_numero,,177,,,,
12,32397.4,33473.1,1075.7,-220.2,-0.7,continúa,programa_por_numero,,031,,,,
33,15021.4,16099.2,1077.8,476.9,3.1,continúa,programa_por_numero,,007,,,,
05,5082.9,6187.7,1104.8,901.4,17.1,continúa,programa_por_numero,,015,,,,
22,1643.2,2799.5,1156.3,1090.6,63.8,continúa,programa_por_numero,,011,,,,
20,36266.0,37436.3,1170.3,-280.3,-0.7,continúa,programa_por_numero,,286,,,,
33,16371.3,17546.0,1174.6,519.8,3.1,continúa,programa_por_numero,,003,,,,
11,20431.3,21646.3,1215.1,397.8,1.9,continúa,programa_por_numero,,007,,,,
48,4311.0,5559.0,1248.0,1075.5,24.0,continúa,programa_por_numero,,062,,,,
24,6050.1,7305.1,1255.0,1013.0,16.1,continúa,programa_por_numero,,002,,,,
14,488.6,1824.3,1335.7,1316.2,259.0,continúa,programa_por_numero,,041,,,,
06,6279.7,7625.2,1345.5,1094.3,16.8,continúa,programa_por_numero,,001,,,,
11,42559.0,43932.4,1373.4,-329.0,-0.7,continúa,programa_por_numero,,311,,,,
GYN,6420.6,7822.8,1402.2,1145.4,17.2,continúa,programa_por_numero,,72 ,,,,
19,3994.7,5410.8,1416.1,1256.3,30.2,continúa,programa_por_numero,,012,,,,
24,6820.9,8242.0,1421.1,1148.3,16.2,continúa,programa_por_numero,,004,,,,
33,19993.7,21428.3,1434.5,634.8,3.1,continúa,programa_por_numero,,006,,,,
GYN,4306.2,5748.0,1441.8,1269.6,28.3,continúa,programa_por_numero,,06 ,,,,
12,1528.7,3048.2,1519.6,1458.4,91.7,continúa,programa_por_numero,,032,,,,
22,3910.4,5447.2,1536.7,1380.3,33.9,continúa,programa_por_numero,,005,,,,
GYR,12495.7,14101.2,1605.5,1105.7,8.5,continúa,programa_por_numero,,72 ,,,,
22,2672.9,4293.4,1620.5,1513.6,54.4,continúa,programa_por_numero,,001,,,,
12,9267.3,10905.9,1638.6,1267.9,13.2,continúa,programa_por_numero,,008,,,,
28,0.0,1833.7,1833.7,1833.7,inf,aparece,programa_por_numero,,007,,,,
38,9170.0,11153.5,1983.5,1616.7,17.0,continúa,programa_por_numero,,191,,,,
19,8942.5,11133.7,2191.2,1833.5,19.7,continúa,programa_por_numero,,009,,,,
GYN,73841.1,76041.0,2199.9,-753.7,-1.0,continúa,programa_por_numero,,01 ,,,,
07,6922.1,9134.4,2212.4,1935.5,26.9,continúa,programa_por_numero,,004,,,,
TYY,123339.6,125597.7,2258.1,-2675.5,-2.1,continúa,programa_por_numero,,10 ,,,,
GYR,17120.1,19498.3,2378.2,1693.4,9.5,continúa,programa_por_numero,,70 ,,,,
20,56969.0,59356.3,2387.3,108.5,0.2,continúa,programa_por_numero,,316,,,,
56,0.0,2500.0,2500.0,2500.0,inf,aparece,programa_por_numero,,038,,,,
33,12773.6,15330.2,2556.6,2045.7,15.4,continúa,programa_por_numero,,014,,,,
38,691.8,3256.3,2564.5,2536.8,352.6,continúa,programa_por_numero,,027,,,,
23,87768.8,90401.9,2633.1,-877.7,-1.0,continúa,programa_por_numero,,129,,,,
22,7572.2,10317.3,2745.1,2442.2,31.0,continúa,programa_por_numero,,009,,,,
16,7297.8,10068.1,2770.3,2478.3,32.7,continúa,programa_por_numero,,015,,,,
33,13915.7,16700.9,2785.2,2228.6,15.4,continúa,programa_por_numero,,016,,,,
25,48448.3,51371.7,2923.5,985.5,2.0,continúa,programa_por_numero,,085,,,,
48,0.0,3157.2,3157.2,3157.2,inf,aparece,programa_por_numero,,012,,,,
22,2678.6,5965.9,3287.3,3180.2,114.2,continúa,programa_por_numero,,002,,,,
06,190.0,3631.7,3441.8,3434.2,1738.4,continúa,programa_por_numero,,003,,,,
19,53860.0,57502.0,3642.0,1487.6,2.7,continúa,programa_por_numero,,004,,,,
TYY,92563.5,96369.9,3806.4,103.9,0.1,continúa,programa_por_numero,,21 ,,,,
28,53396.3,57227.5,3831.2,1695.3,3.1,continúa,programa_por_numero,,002,,,,
11,129386.0,133561.3,4175.3,-1000.2,-0.7,continúa,programa_por_numero,,072,,,,
36,0.0,4310.0,4310.0,4310.0,inf,aparece,programa_por_numero,,011,,,,
13,411.8,4868.7,4456.9,4440.5,1036.9,continúa,programa_por_numero,,001,,,,
33,84635.9,89714.0,5078.2,1692.7,1.9,continúa,programa_por_numero,,002,,,,
11,51359.4,56444.4,5085.1,3030.7,5.7,continúa,programa_por_numero,,022,,,,
36,4695.6,9910.4,5214.8,5027.0,102.9,continúa,programa_por_numero,,001,,,,
08,1539.5,6866.9,5327.4,5265.8,328.9,continúa,programa_por_numero,,052,,,,
33,74754.9,80118.5,5363.7,2373.5,3.1,continúa,programa_por_numero,,012,,,,
16,3814.0,9184.7,5370.7,5218.2,131.6,continúa,programa_por_numero,,026,,,,
TYY,245269.7,250784.8,5515.1,-4295.7,-1.7,continúa,programa_por_numero,,25 ,,,,
13,20408.6,26174.9,5766.3,4949.9,23.3,continúa,programa_por_numero,,018,,,,
11,70097.1,76037.8,5940.6,3136.8,4.3,continúa,programa_por_numero,,023,,,,
TVV,86545.1,92607.2,6062.2,2600.3,2.9,continúa,programa_por_numero,,01 ,,,,
19,151561.0,158266.3,6705.4,642.9,0.4,continúa,programa_por_numero,,001,,,,
25,30367.9,37280.2,6912.3,5697.6,18.0,continúa,programa_por_numero,,002,,,,
11,10600.7,17545.4,6944.7,6520.6,59.1,continúa,programa_por_numero,,080,,,,
28,0.0,7782.9,7782.9,7782.9,inf,aparece,programa_por_numero,,009,,,,
28,0.0,8041.2,8041.2,8041.2,inf,aparece,programa_por_numero,,006,,,,
56,84780.8,92827.7,8046.8,4655.6,5.3,continúa,programa_por_numero,,031,,,,
22,2314.3,10489.9,8175.6,8083.0,335.8,continúa,programa_por_numero,,003,,,,
07,16934.2,25126.9,8192.7,7515.3,42.7,continúa,programa_por_numero,,056,,,,
GYR,7796.5,16006.9,8210.3,7898.5,97.4,continúa,programa_por_numero,,06 ,,,,
33,118689.4,127205.3,8515.9,3768.4,3.1,continúa,programa_por_numero,,004,,,,
GYR,32325.8,40975.8,8650.0,7357.0,21.9,continúa,programa_por_numero,,14 ,,,,
GYR,99666.9,108920.8,9253.9,5267.2,5.1,continúa,programa_por_numero,,01 ,,,,
06,209.7,9500.0,9290.3,9281.9,4255.5,continúa,programa_por_numero,,004,,,,
07,9996.3,19618.3,9622.0,9222.2,88.7,continúa,programa_por_numero,,002,,,,
33,136817.4,146634.1,9816.6,4343.9,3.1,continúa,programa_por_numero,,005,,,,
30,70855.7,81400.4,10544.7,7710.5,10.5,continúa,programa_por_numero,,001,,,,
13,27407.0,38342.3,10935.3,9839.0,34.5,continúa,programa_por_numero,,019,,,,
08,0.0,11858.4,11858.4,11858.4,inf,aparece,programa_por_numero,,318,,,,
56,0.0,12033.0,12033.0,12033.0,inf,aparece,programa_por_numero,,014,,,,
24,1085910.7,1098010.5,12099.8,-31336.6,-2.8,continúa,programa_por_numero,,001,,,,
GYN,54210.5,66824.2,12613.6,10445.2,18.5,continúa,programa_por_numero,,31 ,,,,
36,0.0,12710.4,12710.4,12710.4,inf,aparece,programa_por_numero,,088,,,,
TVV,0.0,12933.6,12933.6,12933.6,inf,aparece,programa_por_numero,,16 ,,,,
09,96152.1,109643.2,13491.0,9645.0,9.6,continúa,programa_por_numero,,019,,,,
GYN,393788.8,408491.2,14702.4,-1049.2,-0.3,continúa,programa_por_numero,,17 ,,,,
11,108736.6,124114.7,15378.1,11028.7,9.8,continúa,programa_por_numero,,006,,,,
09,838.2,16911.7,16073.6,16040.0,1840.1,continúa,programa_por_numero,,007,,,,
20,526508.0,543498.4,16990.4,-4070.0,-0.7,continúa,programa_por_numero,,176,,,,
19,398044.8,417632.1,19587.3,3665.5,0.9,continúa,programa_por_numero,,002,,,,
28,0.0,20583.5,20583.5,20583.5,inf,aparece,programa_por_numero,,008,,,,
36,0.0,23080.0,23080.0,23080.0,inf,aparece,programa_por_numero,,009,,,,
07,62730.6,85818.2,23087.6,20578.4,31.5,continúa,programa_por_numero,,001,,,,
11,6514.8,31562.4,25047.6,24787.0,365.8,continúa,programa_por_numero,,001,,,,
GYR,147797.5,174447.5,26650.1,20738.2,13.5,continúa,programa_por_numero,,15 ,,,,
28,0.0,36185.4,36185.4,36185.4,inf,aparece,programa_por_numero,,011,,,,
34,0.0,37984.3,37984.3,37984.3,36523389282.7,continúa,programa_por_numero,,005,,,,
33,500367.1,554903.6,54536.6,34521.9,6.6,continúa,programa_por_numero,,013,,,,
TVV,0.0,57509.2,57509.2,57509.2,inf,aparece,programa_por_numero,,17 ,,,,
56,0.0,64010.9,64010.9,64010.9,inf,aparece,programa_por_numero,,089,,,,
GYR,429737.1,494581.9,64844.8,47655.3,10.7,continúa,programa_por_numero,,31 ,,,,
28,0.0,64998.4,64998.4,64998.4,inf,aparece,programa_por_numero,,014,,,,
28,0.0,71534.4,71534.4,71534.4,inf,aparece,programa_por_numero,,005,,,,
28,1069854.4,1146547.6,76693.2,33899.0,3.0,continúa,programa_por_numero,,001,,,,
GYR,795824.4,890029.5,94205.1,62372.1,7.5,continúa,programa_por_numero,,13 ,,,,
19,796699.8,890953.0,94253.2,62385.2,7.5,continúa,programa_por_numero,,003,,,,
TVV,0.0,97348.6,97348.6,97348.6,inf,aparece,programa_por_numero,,15 ,,,,
28,0.0,128147.5,128147.5,128147.5,inf,aparece,programa_por_numero,,012,,,,
18,263519.1,81267.1,-182252.0,-192792.8,-70.3,continúa,unidad_responsable,,,500,,,
09,92524.6,0.0,-92524.6,-96225.6,-100.0,desaparece,unidad_responsable,,,D00,,,
TYY,708200.9,678662.7,-29538.2,-57866.2,-7.9,continúa,unidad_responsable,,,TYY,,,
TVV,602567.5,575215.6,-27351.9,-51454.6,-8.2,continúa,unidad_responsable,,,TVV,,,
07,19978.4,0.0,-19978.4,-20777.5,-100.0,desaparece,unidad_responsable,,,145,,,
08,18216.5,0.0,-18216.5,-18945.1,-100.0,desaparece,unidad_responsable,,,237,,,
08,17479.4,7.7,-17471.7,-18170.9,-100.0,continúa,unidad_responsable,,,220,,,
09,24575.1,7260.2,-17315.0,-18298.0,-71.6,continúa,unidad_responsable,,,210,,,
36,18215.9,4875.0,-13340.9,-14069.6,-74.3,continúa,unidad_responsable,,,140,,,
07,30744.1,18180.4,-12563.7,-13793.5,-43.1,continúa,unidad_responsable,,,H0M,,,
09,27755.4,19328.8,-8426.5,-9536.7,-33.0,continúa,unidad_responsable,,,211,,,
13,7677.7,0.0,-7677.7,-7984.9,-100.0,desaparece,unidad_responsable,,,121,,,
11,26000.0,20046.1,-5953.9,-6993.9,-25.9,continúa,unidad_responsable,,,180,,,
03,5869.7,0.0,-5869.7,-6104.5,-100.0,desaparece,unidad_responsable,,,100,,,
19,130061.7,124341.7,-5720.0,-10922.4,-8.1,continúa,unidad_responsable,,,411,,,
23,167652.2,162153.2,-5499.1,-12205.2,-7.0,continúa,unidad_responsable,,,411,,,
12,4777.2,960.1,-3817.1,-4008.2,-80.7,continúa,unidad_responsable,,,500,,,
49,3522.8,36.4,-3486.4,-3627.3,-99.0,continúa,unidad_responsable,,,220,,,
03,2981.4,0.0,-2981.4,-3100.6,-100.0,desaparece,unidad_responsable,,,210,,,
09,3913.1,990.0,-2923.1,-3079.7,-75.7,continúa,unidad_responsable,,,C00,,,
08,15664.1,13089.4,-2574.7,-3201.2,-19.7,continúa,unidad_responsable,,,VSS,,,
36,4721.3,2211.7,-2509.6,-2698.5,-55.0,continúa,unidad_responsable,,,B00,,,
49,2548.4,577.4,-1970.9,-2072.9,-78.2,continúa,unidad_responsable,,,830,,,
03,74224.4,72264.7,-1959.7,-4928.7,-6.4,continúa,unidad_responsable,,,120,,,
03,1856.6,0.0,-1856.6,-1930.8,-100.0,desaparece,unidad_responsable,,,300,,,
49,1568.3,11.0,-1557.3,-1620.0,-99.3,continúa,unidad_responsable,,,260,,,
13,1543.6,0.0,-1543.6,-1605.3,-100.0,desaparece,unidad_responsable,,,116,,,
05,1388.6,0.0,-1388.6,-1444.1,-100.0,desaparece,unidad_responsable,,,150,,,
07,3441.9,2152.0,-1289.9,-1427.6,-39.9,continúa,unidad_responsable,,,H0C,,,
49,1082.8,0.0,-1082.8,-1126.1,-100.0,desaparece,unidad_responsable,,,850,,,
03,1028.1,0.0,-1028.1,-1069.2,-100.0,desaparece,unidad_responsable,,,211,,,
13,1018.8,0.0,-1018.8,-1059.5,-100.0,desaparece,unidad_responsable,,,219,,,
07,1255.2,332.9,-922.3,-972.5,-74.5,continúa,unidad_responsable,,,146,,,
49,883.0,0.0,-883.0,-918.3,-100.0,desaparece,unidad_responsable,,,811,,,
07,5667.5,4842.7,-824.8,-1051.5,-17.8,continúa,unidad_responsable,,,117,,,
27,813.5,7.8,-805.7,-838.3,-99.1,continúa,unidad_responsable,,,600,,,
13,776.0,0.0,-776.0,-807.0,-100.0,desaparece,unidad_responsable,,,J3G,,,
07,773.1,0.0,-773.1,-804.0,-100.0,desaparece,unidad_responsable,,,140,,,
13,800.5,32.8,-767.6,-799.7,-96.1,continúa,unidad_responsable,,,J3C,,,
49,917.3,166.6,-750.7,-787.4,-82.5,continúa,unidad_responsable,,,800,,,
07,744.7,0.0,-744.7,-774.5,-100.0,desaparece,unidad_responsable,,,HZI,,,
48,739.0,0.0,-739.0,-768.5,-100.0,desaparece,unidad_responsable,,,300,,,
49,567.5,0.0,-567.5,-590.2,-100.0,desaparece,unidad_responsable,,,870,,,
48,554.6,0.0,-554.6,-576.8,-100.0,desaparece,unidad_responsable,,,410,,,
13,523.3,0.0,-523.3,-544.3,-100.0,desaparece,unidad_responsable,,,J3F,,,
48,692.8,184.5,-508.4,-536.1,-74.4,continúa,unidad_responsable,,,200,,,
09,657.5,175.4,-482.1,-508.4,-74.3,continúa,unidad_responsable,,,E00,,,
49,494.6,13.9,-480.7,-500.5,-97.3,continúa,unidad_responsable,,,210,,,
12,520.7,109.0,-411.7,-432.5,-79.9,continúa,unidad_responsable,,,611,,,
38,413.2,8.8,-404.4,-420.9,-98.0,continúa,unidad_responsable,,,200,,,
49,400.5,0.0,-400.5,-416.5,-100.0,desaparece,unidad_responsable,,,880,,,
54,436.5,43.1,-393.4,-410.8,-90.5,continúa,unidad_responsable,,,200,,,
07,358.7,0.0,-358.7,-373.0,-100.0,desaparece,unidad_responsable,,,142,,,
48,334.8,0.0,-334.8,-348.1,-100.0,desaparece,unidad_responsable,,,310,,,
18,589.1,269.6,-319.5,-343.0,-56.0,continúa,unidad_responsable,,,111,,,
36,296.5,0.0,-296.5,-308.4,-100.0,desaparece,unidad_responsable,,,212,,,
04,2747.7,2451.6,-296.1,-406.0,-14.2,continúa,unidad_responsable,,,211,,,
36,26789.9,26495.7,-294.2,-1365.8,-4.9,continúa,unidad_responsable,,,D00,,,
49,431.1,139.0,-292.0,-309.3,-69.0,continúa,unidad_responsable,,,500,,,
08,271.3,0.0,-271.3,-282.2,-100.0,desaparece,unidad_responsable,,,225,,,
05,463.9,194.9,-269.0,-287.6,-59.6,continúa,unidad_responsable,,,800,,,
16,553.7,297.5,-256.1,-278.3,-48.3,continúa,unidad_responsable,,,512,,,
18,427.1,181.6,-245.5,-262.6,-59.1,continúa,unidad_responsable,,,T0K,,,
55,242.3,7.8,-234.5,-244.2,-96.9,continúa,unidad_responsable,,,120,,,
20,533.7,304.6,-229.0,-250.4,-45.1,continúa,unidad_responsable,,,115,,,
09,244.4,16.5,-227.9,-237.7,-93.5,continúa,unidad_responsable,,,713,,,
48,212.2,0.0,-212.2,-220.7,-100.0,desaparece,unidad_responsable,,,320,,,
48,210.2,0.0,-210.2,-218.6,-100.0,desaparece,unidad_responsable,,,210,,,
13,179.4,0.0,-179.4,-186.6,-100.0,desaparece,unidad_responsable,,,122,,,
49,231.0,51.7,-179.3,-188.6,-78.5,continúa,unidad_responsable,,,180,,,
13,2040.1,1865.7,-174.4,-256.0,-12.1,continúa,unidad_responsable,,,313,,,
49,161.7,0.0,-161.7,-168.2,-100.0,desaparece,unidad_responsable,,,418,,,
49,160.9,0.0,-160.9,-167.3,-100.0,desaparece,unidad_responsable,,,329,,,
05,160.0,0.0,-160.0,-166.4,-100.0,desaparece,unidad_responsable,,,151,,,
20,40664.0,40506.8,-157.2,-1783.7,-4.2,continúa,unidad_responsable,,,311,,,
48,155.9,0.0,-155.9,-162.2,-100.0,desaparece,unidad_responsable,,,340,,,
08,148.2,0.0,-148.2,-154.1,-100.0,desaparece,unidad_responsable,,,230,,,
09,217.9,70.7,-147.2,-155.9,-68.8,continúa,unidad_responsable,,,312,,,
09,146.4,21.4,-125.1,-130.9,-86.0,continúa,unidad_responsable,,,J4Q,,,
49,123.7,0.0,-123.7,-128.6,-100.0,desaparece,unidad_responsable,,,570,,,
27,130.8,8.0,-122.8,-128.1,-94.1,continúa,unidad_responsable,,,230,,,
49,112.9,0.0,-112.9,-117.4,-100.0,desaparece,unidad_responsable,,,345,,,
04,186.4,73.7,-112.7,-120.1,-62.0,continúa,unidad_responsable,,,811,,,
49,111.6,0.0,-111.6,-116.1,-100.0,desaparece,unidad_responsable,,,346,,,
36,109.9,0.0,-109.9,-114.3,-100.0,desaparece,unidad_responsable,,,161,,,
49,109.7,0.0,-109.7,-114.1,-100.0,desaparece,unidad_responsable,,,261,,,
04,156.1,47.7,-108.5,-114.7,-70.7,continúa,unidad_responsable,,,914,,,
11,107.2,0.0,-107.2,-111.5,-100.0,desaparece,unidad_responsable,,,173,,,
49,102.6,0.0,-102.6,-106.8,-100.0,desaparece,unidad_responsable,,,334,,,
13,101.9,0.0,-101.9,-106.0,-100.0,desaparece,unidad_responsable,,,218,,,
09,237.3,135.5,-101.8,-111.3,-45.1,continúa,unidad_responsable,,,711,,,
09,152.1,51.1,-101.0,-107.1,-67.7,continúa,unidad_responsable,,,640,,,
49,100.2,0.0,-100.2,-104.2,-100.0,desaparece,unidad_responsable,,,335,,,
49,99.4,0.0,-99.4,-103.4,-100.0,desaparece,unidad_responsable,,,813,,,
49,93.6,0.0,-93.6,-97.3,-100.0,desaparece,unidad_responsable,,,322,,,
12,824.9,735.6,-89.3,-122.3,-14.3,continúa,unidad_responsable,,,513,,,
48,87.9,0.0,-87.9,-91.4,-100.0,desaparece,unidad_responsable,,,350,,,
49,87.6,0.0,-87.6,-91.2,-100.0,desaparece,unidad_responsable,,,360,,,
49,89.8,2.4,-87.4,-91.0,-97.4,continúa,unidad_responsable,,,831,,,
27,92.3,6.6,-85.7,-89.4,-93.1,continúa,unidad_responsable,,,430,,,
14,318.0,232.7,-85.3,-98.0,-29.6,continúa,unidad_responsable,,,113,,,
49,82.6,0.0,-82.6,-85.9,-100.0,desaparece,unidad_responsable,,,339,,,
06,292.0,211.8,-80.2,-91.9,-30.2,continúa,unidad_responsable,,,411,,,
49,80.1,0.0,-80.1,-83.3,-100.0,desaparece,unidad_responsable,,,348,,,
36,79.2,0.0,-79.2,-82.4,-100.0,desaparece,unidad_responsable,,,C00,,,
07,944.9,866.0,-78.9,-116.7,-11.9,continúa,unidad_responsable,,,144,,,
08,76.8,0.0,-76.8,-79.9,-100.0,desaparece,unidad_responsable,,,227,,,
09,108.0,31.8,-76.2,-80.5,-71.7,continúa,unidad_responsable,,,A00,,,
48,76.1,0.0,-76.1,-79.2,-100.0,desaparece,unidad_responsable,,,420,,,
10,118.6,42.5,-76.1,-80.9,-65.6,continúa,unidad_responsable,,,610,,,
09,110.0,34.0,-76.0,-80.4,-70.3,continúa,unidad_responsable,,,313,,,
11,75.3,0.0,-75.3,-78.3,-100.0,desaparece,unidad_responsable,,,411,,,
27,79.4,4.4,-75.0,-78.2,-94.7,continúa,unidad_responsable,,,410,,,
09,110.1,36.0,-74.2,-78.6,-68.6,continúa,unidad_responsable,,,639,,,
49,72.7,0.0,-72.7,-75.6,-100.0,desaparece,unidad_responsable,,,328,,,
49,71.0,0.0,-71.0,-73.8,-100.0,desaparece,unidad_responsable,,,327,,,
14,91.0,20.5,-70.5,-74.1,-78.4,continúa,unidad_responsable,,,500,,,
49,69.3,0.0,-69.3,-72.0,-100.0,desaparece,unidad_responsable,,,336,,,
08,69.0,0.0,-69.0,-71.7,-100.0,desaparece,unidad_responsable,,,811,,,
27,75.2,6.9,-68.2,-71.3,-91.1,continúa,unidad_responsable,,,240,,,
15,155.8,89.1,-66.7,-72.9,-45.0,continúa,unidad_responsable,,,411,,,
54,876.1,812.0,-64.1,-99.2,-10.9,continúa,unidad_responsable,,,300,,,
11,63.5,0.0,-63.5,-66.1,-100.0,desaparece,unidad_responsable,,,415,,,
09,93.2,31.4,-61.9,-65.6,-67.6,continúa,unidad_responsable,,,642,,,
09,90.8,30.4,-60.5,-64.1,-67.9,continúa,unidad_responsable,,,636,,,
49,60.3,0.0,-60.3,-62.7,-100.0,desaparece,unidad_responsable,,,331,,,
15,102.4,42.2,-60.1,-64.2,-60.3,continúa,unidad_responsable,,,214,,,
49,138.0,78.1,-59.9,-65.4,-45.6,continúa,unidad_responsable,,,150,,,
09,89.9,30.0,-59.9,-63.5,-67.9,continúa,unidad_responsable,,,627,,,
49,56.8,0.0,-56.8,-59.1,-100.0,desaparece,unidad_responsable,,,814,,,
09,82.1,25.8,-56.3,-59.6,-69.8,continúa,unidad_responsable,,,712,,,
48,56.1,0.0,-56.1,-58.3,-100.0,desaparece,unidad_responsable,,,130,,,
49,55.8,0.0,-55.8,-58.1,-100.0,desaparece,unidad_responsable,,,325,,,
49,55.7,0.0,-55.7,-58.0,-100.0,desaparece,unidad_responsable,,,571,,,
49,129.1,73.4,-55.7,-60.8,-45.3,continúa,unidad_responsable,,,100,,,
09,82.8,27.7,-55.1,-58.4,-67.8,continúa,unidad_responsable,,,632,,,
49,57.8,2.9,-54.9,-57.2,-95.1,continúa,unidad_responsable,,,340,,,
08,186.8,132.6,-54.2,-61.6,-31.7,continúa,unidad_responsable,,,511,,,
27,62.5,8.3,-54.1,-56.6,-87.2,continúa,unidad_responsable,,,500,,,
05,53.7,0.0,-53.7,-55.8,-100.0,desaparece,unidad_responsable,,,153,,,
09,77.7,24.2,-53.5,-56.6,-70.0,continúa,unidad_responsable,,,623,,,
09,79.2,26.4,-52.8,-56.0,-68.0,continúa,unidad_responsable,,,622,,,
49,52.6,0.0,-52.6,-54.7,-100.0,desaparece,unidad_responsable,,,332,,,
09,78.8,26.4,-52.3,-55.5,-67.7,continúa,unidad_responsable,,,637,,,
09,77.9,25.9,-52.0,-55.2,-68.1,continúa,unidad_responsable,,,625,,,
09,76.9,25.6,-51.3,-54.4,-68.0,continúa,unidad_responsable,,,624,,,
09,76.9,25.9,-51.1,-54.1,-67.7,continúa,unidad_responsable,,,644,,,
49,50.9,0.0,-50.9,-53.0,-100.0,desaparece,unidad_responsable,,,341,,,
36,50.1,0.0,-50.1,-52.2,-100.0,desaparece,unidad_responsable,,,223,,,
09,75.2,25.1,-50.1,-53.1,-67.9,continúa,unidad_responsable,,,647,,,
09,75.2,25.1,-50.1,-53.1,-67.9,continúa,unidad_responsable,,,645,,,
09,74.4,24.5,-49.9,-52.9,-68.3,continúa,unidad_responsable,,,650,,,
10,108.3,58.8,-49.6,-53.9,-47.8,continúa,unidad_responsable,,,110,,,
09,74.3,24.7,-49.6,-52.5,-68.0,continúa,unidad_responsable,,,634,,,
09,74.2,24.7,-49.5,-52.5,-68.0,continúa,unidad_responsable,,,648,,,
09,74.0,24.5,-49.5,-52.5,-68.1,continúa,unidad_responsable,,,646,,,
54,101.9,52.6,-49.2,-53.3,-50.3,continúa,unidad_responsable,,,100,,,
49,48.7,0.0,-48.7,-50.7,-100.0,desaparece,unidad_responsable,,,333,,,
49,48.5,0.0,-48.5,-50.5,-100.0,desaparece,unidad_responsable,,,840,,,
49,48.4,0.0,-48.4,-50.3,-100.0,desaparece,unidad_responsable,,,342,,,
35,212.0,163.7,-48.3,-56.8,-25.8,continúa,unidad_responsable,,,101,,,
36,101.8,54.3,-47.5,-51.6,-48.7,continúa,unidad_responsable,,,143,,,
49,46.9,0.0,-46.9,-48.7,-100.0,desaparece,unidad_responsable,,,337,,,
49,46.6,0.0,-46.6,-48.5,-100.0,desaparece,unidad_responsable,,,520,,,
02,79.7,33.1,-46.6,-49.8,-60.1,continúa,unidad_responsable,,,140,,,
09,69.8,23.5,-46.4,-49.2,-67.7,continúa,unidad_responsable,,,641,,,
49,46.0,0.0,-46.0,-47.9,-100.0,desaparece,unidad_responsable,,,347,,,
09,68.5,22.7,-45.8,-48.6,-68.2,continúa,unidad_responsable,,,628,,,
09,70.7,25.1,-45.6,-48.4,-65.9,continúa,unidad_responsable,,,110,,,
09,67.8,22.8,-45.1,-47.8,-67.7,continúa,unidad_responsable,,,630,,,
09,67.5,22.6,-44.8,-47.5,-67.8,continúa,unidad_responsable,,,633,,,
55,44.7,0.0,-44.7,-46.4,-100.0,desaparece,unidad_responsable,,,B00,,,
27,50.9,6.7,-44.2,-46.3,-87.3,continúa,unidad_responsable,,,411,,,
49,80.3,36.6,-43.7,-46.9,-56.2,continúa,unidad_responsable,,,350,,,
20,56.4,12.9,-43.5,-45.7,-77.9,continúa,unidad_responsable,,,712,,,
15,61.9,18.5,-43.4,-45.9,-71.3,continúa,unidad_responsable,,,120,,,
09,64.7,21.5,-43.2,-45.7,-68.0,continúa,unidad_responsable,,,651,,,
49,43.1,0.0,-43.1,-44.8,-100.0,desaparece,unidad_responsable,,,338,,,
09,64.0,20.9,-43.1,-45.6,-68.5,continúa,unidad_responsable,,,643,,,
09,63.2,21.0,-42.3,-44.8,-68.1,continúa,unidad_responsable,,,621,,,
09,66.5,24.4,-42.2,-44.9,-64.8,continúa,unidad_responsable,,,300,,,
49,42.1,0.0,-42.1,-43.8,-100.0,desaparece,unidad_responsable,,,343,,,
09,72.0,30.0,-41.9,-44.8,-59.9,continúa,unidad_responsable,,,652,,,
09,63.2,21.3,-41.9,-44.5,-67.7,continúa,unidad_responsable,,,649,,,
36,177.3,135.6,-41.7,-48.8,-26.5,continúa,unidad_responsable,,,211,,,
27,53.7,12.0,-41.7,-43.8,-78.5,continúa,unidad_responsable,,,250,,,
49,41.4,0.0,-41.4,-43.1,-100.0,desaparece,unidad_responsable,,,344,,,
18,75.0,33.7,-41.3,-44.3,-56.8,continúa,unidad_responsable,,,543,,,
09,62.1,20.8,-41.3,-43.8,-67.8,continúa,unidad_responsable,,,638,,,
09,61.4,20.6,-40.8,-43.3,-67.8,continúa,unidad_responsable,,,631,,,
10,101.7,61.8,-39.9,-44.0,-41.6,continúa,unidad_responsable,,,416,,,
49,39.3,0.0,-39.3,-40.8,-100.0,desaparece,unidad_responsable,,,812,,,
49,38.8,0.0,-38.8,-40.3,-100.0,desaparece,unidad_responsable,,,324,,,
49,38.3,0.0,-38.3,-39.9,-100.0,desaparece,unidad_responsable,,,860,,,
36,38.2,0.0,-38.2,-39.7,-100.0,desaparece,unidad_responsable,,,181,,,
04,142.8,104.9,-37.9,-43.7,-29.4,continúa,unidad_responsable,,,271,,,
49,37.6,0.0,-37.6,-39.1,-100.0,desaparece,unidad_responsable,,,510,,,
49,37.5,0.0,-37.5,-39.0,-100.0,desaparece,unidad_responsable,,,323,,,
31,634.5,597.4,-37.1,-62.5,-9.5,continúa,unidad_responsable,,,200,,,
49,37.1,0.0,-37.1,-38.6,-100.0,desaparece,unidad_responsable,,,572,,,
49,36.8,0.0,-36.8,-38.3,-100.0,desaparece,unidad_responsable,,,613,,,
27,64.3,28.1,-36.2,-38.7,-57.9,continúa,unidad_responsable,,,520,,,
36,36.1,0.0,-36.1,-37.5,-100.0,desaparece,unidad_responsable,,,222,,,
10,61.2,25.2,-36.0,-38.5,-60.4,continúa,unidad_responsable,,,440,,,
49,35.8,0.0,-35.8,-37.2,-100.0,desaparece,unidad_responsable,,,540,,,
48,35.3,0.0,-35.3,-36.7,-100.0,desaparece,unidad_responsable,,,J00,,,
49,47.6,13.8,-33.8,-35.8,-72.2,continúa,unidad_responsable,,,420,,,
20,48.6,14.9,-33.8,-35.7,-70.6,continúa,unidad_responsable,,,300,,,
09,49.4,15.6,-33.8,-35.7,-69.6,continúa,unidad_responsable,,,214,,,
49,33.1,0.0,-33.1,-34.4,-100.0,desaparece,unidad_responsable,,,351,,,
49,33.1,0.0,-33.1,-34.4,-100.0,desaparece,unidad_responsable,,,352,,,
10,124.1,91.1,-33.1,-38.0,-29.5,continúa,unidad_responsable,,,500,,,
49,32.1,0.0,-32.1,-33.4,-100.0,desaparece,unidad_responsable,,,349,,,
10,85.7,53.7,-32.0,-35.4,-39.8,continúa,unidad_responsable,,,530,,,
49,32.0,0.0,-32.0,-33.2,-100.0,desaparece,unidad_responsable,,,326,,,
08,80.6,49.6,-31.1,-34.3,-40.9,continúa,unidad_responsable,,,510,,,
49,30.7,0.0,-30.7,-32.0,-100.0,desaparece,unidad_responsable,,,550,,,
49,60.9,30.4,-30.5,-32.9,-52.0,continúa,unidad_responsable,,,440,,,
27,57.8,27.6,-30.2,-32.5,-54.1,continúa,unidad_responsable,,,510,,,
09,50.5,20.4,-30.1,-32.2,-61.2,continúa,unidad_responsable,,,100,,,
06,89.3,60.4,-28.9,-32.5,-35.0,continúa,unidad_responsable,,,310,,,
49,28.8,0.0,-28.8,-30.0,-100.0,desaparece,unidad_responsable,,,321,,,
20,37.3,8.7,-28.5,-30.0,-77.5,continúa,unidad_responsable,,,213,,,
35,139.2,111.3,-27.8,-33.4,-23.1,continúa,unidad_responsable,,,102,,,
49,48.3,20.7,-27.6,-29.5,-58.8,continúa,unidad_responsable,,,330,,,
36,27.6,0.0,-27.6,-28.7,-100.0,desaparece,unidad_responsable,,,122,,,
15,422.6,395.2,-27.4,-44.3,-10.1,continúa,unidad_responsable,,,QDV,,,
36,27.2,0.0,-27.2,-28.3,-100.0,desaparece,unidad_responsable,,,121,,,
36,26.8,0.0,-26.8,-27.9,-100.0,desaparece,unidad_responsable,,,182,,,
20,64.6,39.0,-25.5,-28.1,-41.9,continúa,unidad_responsable,,,117,,,
36,25.2,0.0,-25.2,-26.2,-100.0,desaparece,unidad_responsable,,,221,,,
10,64.7,39.5,-25.1,-27.7,-41.2,continúa,unidad_responsable,,,192,,,
05,24.9,0.0,-24.9,-25.9,-100.0,desaparece,unidad_responsable,,,154,,,
10,84.5,59.6,-24.8,-28.2,-32.1,continúa,unidad_responsable,,,711,,,
48,24.7,0.0,-24.7,-25.7,-100.0,desaparece,unidad_responsable,,,120,,,
36,24.0,0.0,-24.0,-24.9,-100.0,desaparece,unidad_responsable,,,123,,,
14,46.2,22.7,-23.6,-25.4,-52.9,continúa,unidad_responsable,,,120,,,
36,23.4,0.0,-23.4,-24.4,-100.0,desaparece,unidad_responsable,,,124,,,
36,22.4,0.0,-22.4,-23.3,-100.0,desaparece,unidad_responsable,,,152,,,
06,169.0,147.0,-21.9,-28.7,-16.3,continúa,unidad_responsable,,,110,,,
10,71.2,49.5,-21.7,-24.5,-33.2,continúa,unidad_responsable,,,410,,,
08,114.7,93.2,-21.5,-26.0,-21.8,continúa,unidad_responsable,,,274,,,
36,21.4,0.0,-21.4,-22.2,-100.0,desaparece,unidad_responsable,,,171,,,
07,77.8,56.5,-21.4,-24.5,-30.2,continúa,unidad_responsable,,,147,,,
09,35.0,14.0,-21.0,-22.4,-61.6,continúa,unidad_responsable,,,111,,,
49,20.8,0.0,-20.8,-21.7,-100.0,desaparece,unidad_responsable,,,259,,,
13,1316.6,1295.8,-20.8,-73.5,-5.4,continúa,unidad_responsable,,,220,,,
35,101.7,81.0,-20.7,-24.8,-23.4,continúa,unidad_responsable,,,103,,,
06,114.4,94.2,-20.2,-24.8,-20.8,continúa,unidad_responsable,,,511,,,
12,53.4,33.3,-20.0,-22.2,-40.0,continúa,unidad_responsable,,,618,,,
06,130.3,110.5,-19.8,-25.1,-18.5,continúa,unidad_responsable,,,210,,,
49,19.4,0.0,-19.4,-20.2,-100.0,desaparece,unidad_responsable,,,530,,,
08,19.3,0.0,-19.3,-20.1,-100.0,desaparece,unidad_responsable,,,226,,,
35,118.0,98.8,-19.2,-24.0,-19.5,continúa,unidad_responsable,,,117,,,
12,212.6,193.4,-19.1,-27.6,-12.5,continúa,unidad_responsable,,,514,,,
36,19.1,0.0,-19.1,-19.9,-100.0,desaparece,unidad_responsable,,,150,,,
36,19.1,0.0,-19.1,-19.9,-100.0,desaparece,unidad_responsable,,,231,,,
06,99.3,80.4,-18.9,-22.9,-22.2,continúa,unidad_responsable,,,211,,,
14,28.8,10.5,-18.3,-19.4,-65.0,continúa,unidad_responsable,,,653,,,
09,27.6,9.3,-18.3,-19.4,-67.6,continúa,unidad_responsable,,,700,,,
13,18.0,0.0,-18.0,-18.7,-100.0,desaparece,unidad_responsable,,,111,,,
36,17.9,0.0,-17.9,-18.6,-100.0,desaparece,unidad_responsable,,,163,,,
21,42.9,25.0,-17.9,-19.6,-43.9,continúa,unidad_responsable,,,410,,,
14,22.0,4.4,-17.6,-18.5,-80.8,continúa,unidad_responsable,,,652,,,
49,17.3,0.0,-17.3,-18.0,-100.0,desaparece,unidad_responsable,,,254,,,
09,31.1,13.8,-17.3,-18.5,-57.3,continúa,unidad_responsable,,,200,,,
21,17.3,0.0,-17.3,-18.0,-100.0,desaparece,unidad_responsable,,,416,,,
35,136.1,119.0,-17.1,-22.5,-15.9,continúa,unidad_responsable,,,116,,,
10,189.1,172.3,-16.8,-24.4,-12.4,continúa,unidad_responsable,,,710,,,
14,24.5,7.7,-16.8,-17.7,-69.7,continúa,unidad_responsable,,,160,,,
15,61.6,45.1,-16.5,-19.0,-29.6,continúa,unidad_responsable,,,200,,,
04,290.2,274.2,-16.0,-27.6,-9.1,continúa,unidad_responsable,,,941,,,
14,21.2,5.3,-15.9,-16.7,-75.9,continúa,unidad_responsable,,,644,,,
13,57.4,41.6,-15.8,-18.1,-30.3,continúa,unidad_responsable,,,413,,,
49,15.6,0.0,-15.6,-16.2,-100.0,desaparece,unidad_responsable,,,112,,,
14,84.8,69.3,-15.5,-18.9,-21.4,continúa,unidad_responsable,,,513,,,
36,15.5,0.0,-15.5,-16.1,-100.0,desaparece,unidad_responsable,,,172,,,
36,15.4,0.0,-15.4,-16.0,-100.0,desaparece,unidad_responsable,,,151,,,
05,15.2,0.0,-15.2,-15.8,-100.0,desaparece,unidad_responsable,,,141,,,
49,15.0,0.0,-15.0,-15.6,-100.0,desaparece,unidad_responsable,,,470,,,
20,25.1,10.1,-15.0,-16.0,-61.3,continúa,unidad_responsable,,,111,,,
10,15.0,0.1,-15.0,-15.6,-99.6,continúa,unidad_responsable,,,534,,,
36,14.9,0.0,-14.9,-15.5,-100.0,desaparece,unidad_responsable,,,162,,,
49,205.6,190.7,-14.9,-23.1,-10.8,continúa,unidad_responsable,,,700,,,
10,74.8,60.2,-14.7,-17.6,-22.7,continúa,unidad_responsable,,,532,,,
15,34.0,19.4,-14.6,-16.0,-45.2,continúa,unidad_responsable,,,500,,,
09,26.7,12.4,-14.3,-15.4,-55.4,continúa,unidad_responsable,,,114,,,
06,89.3,74.9,-14.3,-17.9,-19.3,continúa,unidad_responsable,,,114,,,
13,14.3,0.0,-14.3,-14.9,-100.0,desaparece,unidad_responsable,,,123,,,
35,177.4,163.1,-14.3,-21.3,-11.6,continúa,unidad_responsable,,,121,,,
04,84.8,70.6,-14.2,-17.6,-19.9,continúa,unidad_responsable,,,800,,,
08,124.0,110.0,-14.0,-19.0,-14.7,continúa,unidad_responsable,,,275,,,
06,87.8,73.8,-14.0,-17.5,-19.1,continúa,unidad_responsable,,,513,,,
13,13.8,0.0,-13.8,-14.4,-100.0,desaparece,unidad_responsable,,,112,,,
49,13.8,0.0,-13.8,-14.3,-100.0,desaparece,unidad_responsable,,,111,,,
37,30.9,17.2,-13.7,-14.9,-46.4,continúa,unidad_responsable,,,100,,,
06,71.2,57.7,-13.5,-16.4,-22.1,continúa,unidad_responsable,,,311,,,
06,78.5,65.3,-13.3,-16.4,-20.1,continúa,unidad_responsable,,,400,,,
11,13.2,0.0,-13.2,-13.7,-100.0,desaparece,unidad_responsable,,,412,,,
48,13.2,0.0,-13.2,-13.7,-100.0,desaparece,unidad_responsable,,,220,,,
35,63.5,50.4,-13.1,-15.6,-23.7,continúa,unidad_responsable,,,109,,,
14,18.5,5.6,-12.9,-13.7,-71.0,continúa,unidad_responsable,,,666,,,
10,49.8,37.1,-12.8,-14.7,-28.5,continúa,unidad_responsable,,,713,,,
49,12.5,0.0,-12.5,-13.0,-100.0,desaparece,unidad_responsable,,,901,,,
14,24.5,12.1,-12.3,-13.3,-52.3,continúa,unidad_responsable,,,668,,,
49,12.2,0.0,-12.2,-12.7,-100.0,desaparece,unidad_responsable,,,416,,,
08,98.4,86.2,-12.2,-16.1,-15.8,continúa,unidad_responsable,,,273,,,
08,91.4,79.3,-12.0,-15.7,-16.5,continúa,unidad_responsable,,,267,,,
14,14.4,2.4,-12.0,-12.6,-84.0,continúa,unidad_responsable,,,657,,,
49,12.0,0.0,-12.0,-12.4,-100.0,desaparece,unidad_responsable,,,611,,,
09,17.6,5.8,-11.8,-12.5,-68.5,continúa,unidad_responsable,,,600,,,
06,70.6,58.9,-11.7,-14.6,-19.8,continúa,unidad_responsable,,,710,,,
06,57.3,45.7,-11.5,-13.8,-23.2,continúa,unidad_responsable,,,410,,,
05,11.4,0.0,-11.4,-11.9,-100.0,desaparece,unidad_responsable,,,617,,,
14,14.5,3.1,-11.4,-11.9,-79.4,continúa,unidad_responsable,,,664,,,
10,18.6,7.3,-11.4,-12.1,-62.4,continúa,unidad_responsable,,,432,,,
14,13.7,2.6,-11.0,-11.6,-81.6,continúa,unidad_responsable,,,649,,,
35,78.7,67.8,-10.9,-14.1,-17.2,continúa,unidad_responsable,,,115,,,
05,309.1,298.1,-10.9,-23.3,-7.3,continúa,unidad_responsable,,,611,,,
09,21.4,10.6,-10.8,-11.7,-52.3,continúa,unidad_responsable,,,119,,,
14,12.8,2.0,-10.8,-11.3,-84.8,continúa,unidad_responsable,,,647,,,
06,89.2,78.4,-10.8,-14.4,-15.5,continúa,unidad_responsable,,,200,,,
06,55.6,44.9,-10.7,-12.9,-22.3,continúa,unidad_responsable,,,510,,,
08,25.5,14.9,-10.6,-11.6,-43.7,continúa,unidad_responsable,,,500,,,
08,189.4,178.8,-10.5,-18.1,-9.2,continúa,unidad_responsable,,,266,,,
14,12.3,1.7,-10.5,-11.0,-86.3,continúa,unidad_responsable,,,654,,,
27,20.8,10.3,-10.5,-11.3,-52.3,continúa,unidad_responsable,,,100,,,
14,14.3,4.0,-10.2,-10.8,-72.8,continúa,unidad_responsable,,,641,,,
35,115.6,105.4,-10.2,-14.8,-12.3,continúa,unidad_responsable,,,104,,,
14,14.9,4.7,-10.2,-10.8,-69.5,continúa,unidad_responsable,,,663,,,
21,26.7,16.7,-10.1,-11.1,-40.1,continúa,unidad_responsable,,,800,,,
08,72.8,62.8,-10.0,-12.9,-17.0,continúa,unidad_responsable,,,285,,,
14,12.3,2.4,-9.9,-10.4,-81.1,continúa,unidad_responsable,,,662,,,
49,9.9,0.0,-9.9,-10.3,-100.0,desaparece,unidad_responsable,,,257,,,
21,9.8,0.0,-9.8,-10.2,-100.0,desaparece,unidad_responsable,,,415,,,
08,78.0,68.4,-9.6,-12.7,-15.6,continúa,unidad_responsable,,,269,,,
06,66.3,56.8,-9.5,-12.1,-17.6,continúa,unidad_responsable,,,312,,,
49,9.3,0.0,-9.3,-9.7,-100.0,desaparece,unidad_responsable,,,265,,,
14,16.4,7.1,-9.3,-10.0,-58.3,continúa,unidad_responsable,,,659,,,
14,10.3,1.0,-9.2,-9.6,-90.2,continúa,unidad_responsable,,,646,,,
08,94.0,84.8,-9.2,-13.0,-13.3,continúa,unidad_responsable,,,284,,,
08,9.2,0.0,-9.2,-9.5,-100.0,desaparece,unidad_responsable,,,246,,,
21,9.1,0.0,-9.1,-9.5,-100.0,desaparece,unidad_responsable,,,812,,,
10,1136.4,1127.4,-9.0,-54.5,-4.6,continúa,unidad_responsable,,,LAT,,,
08,8.9,0.0,-8.9,-9.3,-100.0,desaparece,unidad_responsable,,,235,,,
35,27.9,19.3,-8.6,-9.7,-33.4,continúa,unidad_responsable,,,100,,,
49,8.5,0.0,-8.5,-8.9,-100.0,desaparece,unidad_responsable,,,264,,,
08,86.2,77.8,-8.4,-11.9,-13.2,continúa,unidad_responsable,,,270,,,
49,19.5,11.1,-8.3,-9.1,-45.0,continúa,unidad_responsable,,,460,,,
08,49.8,41.5,-8.3,-10.3,-19.9,continúa,unidad_responsable,,,265,,,
12,140.5,132.3,-8.2,-13.8,-9.4,continúa,unidad_responsable,,,100,,,
08,36.1,28.1,-8.0,-9.5,-25.2,continúa,unidad_responsable,,,281,,,
14,9.2,1.3,-7.9,-8.2,-86.2,continúa,unidad_responsable,,,648,,,
05,7.8,0.0,-7.8,-8.1,-100.0,desaparece,unidad_responsable,,,152,,,
49,27.7,19.9,-7.8,-8.9,-30.9,continúa,unidad_responsable,,,450,,,
36,7.7,0.0,-7.7,-8.0,-100.0,desaparece,unidad_responsable,,,160,,,
15,44.1,36.5,-7.6,-9.4,-20.5,continúa,unidad_responsable,,,110,,,
14,13.8,6.2,-7.6,-8.2,-56.9,continúa,unidad_responsable,,,650,,,
14,10.1,2.5,-7.6,-8.0,-76.4,continúa,unidad_responsable,,,669,,,
35,49.7,42.1,-7.6,-9.6,-18.5,continúa,unidad_responsable,,,124,,,
14,10.6,3.3,-7.4,-7.8,-70.6,continúa,unidad_responsable,,,658,,,
10,29.3,22.0,-7.2,-8.4,-27.7,continúa,unidad_responsable,,,412,,,
14,9.8,2.8,-7.0,-7.4,-72.5,continúa,unidad_responsable,,,667,,,
49,7.0,0.0,-7.0,-7.3,-100.0,desaparece,unidad_responsable,,,263,,,
08,7.0,0.0,-7.0,-7.3,-100.0,desaparece,unidad_responsable,,,233,,,
08,50.9,43.9,-7.0,-9.0,-17.0,continúa,unidad_responsable,,,264,,,
14,12.8,5.8,-7.0,-7.5,-56.2,continúa,unidad_responsable,,,660,,,
08,149.2,142.2,-6.9,-12.9,-8.3,continúa,unidad_responsable,,,289,,,
04,27.5,20.5,-6.9,-8.0,-28.1,continúa,unidad_responsable,,,913,,,
36,6.9,0.0,-6.9,-7.2,-100.0,desaparece,unidad_responsable,,,170,,,
04,34.6,27.7,-6.9,-8.3,-23.0,continúa,unidad_responsable,,,510,,,
08,116.4,109.6,-6.8,-11.4,-9.5,continúa,unidad_responsable,,,287,,,
35,37.5,30.8,-6.7,-8.2,-21.0,continúa,unidad_responsable,,,119,,,
10,45.5,39.0,-6.5,-8.3,-17.6,continúa,unidad_responsable,,,191,,,
36,6.5,0.0,-6.5,-6.7,-100.0,desaparece,unidad_responsable,,,180,,,
35,69.5,63.0,-6.5,-9.3,-12.8,continúa,unidad_responsable,,,105,,,
14,10.7,4.3,-6.4,-6.8,-61.0,continúa,unidad_responsable,,,655,,,
14,9.8,3.5,-6.4,-6.7,-66.1,continúa,unidad_responsable,,,670,,,
10,48.0,41.6,-6.3,-8.3,-16.5,continúa,unidad_responsable,,,531,,,
10,55.9,49.7,-6.3,-8.5,-14.6,continúa,unidad_responsable,,,712,,,
20,15.4,9.2,-6.2,-6.8,-42.4,continúa,unidad_responsable,,,700,,,
08,54.4,48.2,-6.1,-8.3,-14.7,continúa,unidad_responsable,,,277,,,
08,57.0,50.9,-6.1,-8.4,-14.2,continúa,unidad_responsable,,,292,,,
14,7.3,1.3,-6.0,-6.3,-82.5,continúa,unidad_responsable,,,645,,,
08,6.0,0.0,-6.0,-6.2,-100.0,desaparece,unidad_responsable,,,232,,,
14,9.6,3.7,-6.0,-6.3,-63.3,continúa,unidad_responsable,,,665,,,
14,9.3,3.4,-5.9,-6.3,-65.3,continúa,unidad_responsable,,,661,,,
10,27.6,21.6,-5.9,-7.0,-24.5,continúa,unidad_responsable,,,415,,,
08,40.4,34.4,-5.9,-7.5,-18.0,continúa,unidad_responsable,,,263,,,
20,17.1,11.3,-5.8,-6.5,-36.6,continúa,unidad_responsable,,,200,,,
14,10.5,4.7,-5.8,-6.2,-57.0,continúa,unidad_responsable,,,643,,,
14,7.7,2.0,-5.8,-6.1,-75.5,continúa,unidad_responsable,,,642,,,
08,72.0,66.3,-5.7,-8.6,-11.5,continúa,unidad_responsable,,,283,,,
06,102.9,97.2,-5.7,-9.8,-9.2,continúa,unidad_responsable,,,715,,,
08,5.7,0.0,-5.7,-5.9,-100.0,desaparece,unidad_responsable,,,245,,,
06,68.8,63.2,-5.7,-8.4,-11.7,continúa,unidad_responsable,,,412,,,
06,45.0,39.4,-5.6,-7.4,-15.8,continúa,unidad_responsable,,,214,,,
06,166.9,161.3,-5.6,-12.3,-7.1,continúa,unidad_responsable,,,713,,,
06,85.6,80.1,-5.6,-9.0,-10.1,continúa,unidad_responsable,,,600,,,
14,8.9,3.3,-5.6,-5.9,-64.4,continúa,unidad_responsable,,,640,,,
08,5.5,0.0,-5.5,-5.7,-100.0,desaparece,unidad_responsable,,,810,,,
18,36.1,30.7,-5.4,-6.9,-18.3,continúa,unidad_responsable,,,120,,,
08,60.6,55.2,-5.4,-7.8,-12.3,continúa,unidad_responsable,,,261,,,
08,71.0,65.8,-5.3,-8.1,-11.0,continúa,unidad_responsable,,,286,,,
14,9.2,4.0,-5.1,-5.5,-57.7,continúa,unidad_responsable,,,656,,,
36,5.1,0.0,-5.1,-5.3,-100.0,desaparece,unidad_responsable,,,120,,,
06,40.7,35.6,-5.1,-6.7,-15.9,continúa,unidad_responsable,,,512,,,
37,34.7,29.6,-5.1,-6.5,-17.9,continúa,unidad_responsable,,,109,,,
08,5.0,0.0,-5.0,-5.2,-100.0,desaparece,unidad_responsable,,,241,,,
05,5.0,0.0,-5.0,-5.2,-100.0,desaparece,unidad_responsable,,,140,,,
06,59.5,54.5,-5.0,-7.4,-11.9,continúa,unidad_responsable,,,213,,,
05,5.0,0.0,-5.0,-5.2,-100.0,desaparece,unidad_responsable,,,130,,,
38,15.4,10.4,-5.0,-5.6,-35.1,continúa,unidad_responsable,,,410,,,
36,5.0,0.0,-5.0,-5.2,-100.0,desaparece,unidad_responsable,,,220,,,
14,13.9,9.0,-5.0,-5.5,-38.2,continúa,unidad_responsable,,,651,,,
04,39.5,34.6,-4.9,-6.5,-15.8,continúa,unidad_responsable,,,219,,,
08,32.4,27.5,-4.9,-6.2,-18.4,continúa,unidad_responsable,,,262,,,
08,42.6,37.7,-4.9,-6.6,-14.9,continúa,unidad_responsable,,,260,,,
05,4.8,0.0,-4.8,-5.0,-100.0,desaparece,unidad_responsable,,,142,,,
35,27.9,23.1,-4.8,-5.9,-20.5,continúa,unidad_responsable,,,122,,,
06,51.0,46.2,-4.8,-6.8,-12.8,continúa,unidad_responsable,,,212,,,
20,72.8,68.1,-4.7,-7.7,-10.1,continúa,unidad_responsable,,,100,,,
35,27.1,22.4,-4.7,-5.8,-20.5,continúa,unidad_responsable,,,110,,,
05,4.6,0.0,-4.6,-4.8,-100.0,desaparece,unidad_responsable,,,814,,,
14,40.5,35.9,-4.6,-6.2,-14.7,continúa,unidad_responsable,,,671,,,
08,50.8,46.2,-4.6,-6.6,-12.5,continúa,unidad_responsable,,,288,,,
08,86.4,81.8,-4.6,-8.0,-8.9,continúa,unidad_responsable,,,290,,,
05,4.5,0.0,-4.5,-4.7,-100.0,desaparece,unidad_responsable,,,131,,,
14,29.2,24.7,-4.5,-5.7,-18.7,continúa,unidad_responsable,,,610,,,
18,32.4,27.9,-4.5,-5.8,-17.2,continúa,unidad_responsable,,,531,,,
18,31.2,26.7,-4.5,-5.7,-17.6,continúa,unidad_responsable,,,532,,,
21,18.1,13.7,-4.4,-5.2,-27.3,continúa,unidad_responsable,,,500,,,
20,36.2,31.8,-4.4,-5.8,-15.5,continúa,unidad_responsable,,,211,,,
08,78.2,73.9,-4.4,-7.5,-9.2,continúa,unidad_responsable,,,272,,,
35,59.6,55.4,-4.2,-6.5,-10.6,continúa,unidad_responsable,,,106,,,
37,25.3,21.2,-4.1,-5.1,-19.3,continúa,unidad_responsable,,,113,,,
49,4.6,0.6,-4.0,-4.2,-87.4,continúa,unidad_responsable,,,650,,,
08,37.3,33.3,-4.0,-5.5,-14.2,continúa,unidad_responsable,,,282,,,
08,110.4,106.4,-4.0,-8.4,-7.3,continúa,unidad_responsable,,,279,,,
06,109.2,105.2,-3.9,-8.3,-7.3,continúa,unidad_responsable,,,112,,,
15,26.1,22.3,-3.8,-4.9,-18.0,continúa,unidad_responsable,,,410,,,
06,126.8,123.1,-3.8,-8.9,-6.7,continúa,unidad_responsable,,,716,,,
08,54.6,50.8,-3.7,-5.9,-10.4,continúa,unidad_responsable,,,278,,,
35,39.5,35.9,-3.7,-5.2,-12.7,continúa,unidad_responsable,,,107,,,
21,71.1,67.8,-3.3,-6.2,-8.3,continúa,unidad_responsable,,,510,,,
20,12.6,9.3,-3.3,-3.8,-28.9,continúa,unidad_responsable,,,710,,,
02,57.7,54.5,-3.2,-5.5,-9.1,continúa,unidad_responsable,,,115,,,
18,27.5,24.4,-3.2,-4.3,-14.9,continúa,unidad_responsable,,,314,,,
35,55.9,52.9,-3.1,-5.3,-9.1,continúa,unidad_responsable,,,108,,,
10,17.8,14.8,-2.9,-3.6,-19.7,continúa,unidad_responsable,,,515,,,
10,18.1,15.4,-2.7,-3.4,-18.0,continúa,unidad_responsable,,,423,,,
06,44.5,41.9,-2.6,-4.4,-9.4,continúa,unidad_responsable,,,613,,,
15,12.7,10.2,-2.6,-3.1,-23.3,continúa,unidad_responsable,,,140,,,
06,43.3,41.0,-2.2,-4.0,-8.8,continúa,unidad_responsable,,,614,,,
21,60.9,58.7,-2.2,-4.6,-7.3,continúa,unidad_responsable,,,100,,,
49,21.3,19.2,-2.1,-2.9,-13.3,continúa,unidad_responsable,,,640,,,
20,14.8,12.7,-2.1,-2.7,-17.3,continúa,unidad_responsable,,,139,,,
15,4.1,2.0,-2.1,-2.2,-52.3,continúa,unidad_responsable,,,124,,,
35,7.3,5.2,-2.0,-2.3,-30.8,continúa,unidad_responsable,,,112,,,
15,4.9,2.9,-2.0,-2.2,-43.1,continúa,unidad_responsable,,,123,,,
10,174.1,172.2,-1.9,-8.9,-4.9,continúa,unidad_responsable,,,K2H,,,
05,35.0,33.1,-1.8,-3.2,-8.9,continúa,unidad_responsable,,,123,,,
08,102.6,100.8,-1.8,-5.9,-5.5,continúa,unidad_responsable,,,271,,,
15,6.6,4.9,-1.7,-2.0,-29.0,continúa,unidad_responsable,,,151,,,
35,88.7,86.9,-1.7,-5.3,-5.7,continúa,unidad_responsable,,,120,,,
05,47.5,45.8,-1.7,-3.6,-7.3,continúa,unidad_responsable,,,124,,,
05,1477.7,1476.0,-1.7,-60.8,-4.0,continúa,unidad_responsable,,,811,,,
15,4.9,3.2,-1.7,-1.9,-36.6,continúa,unidad_responsable,,,142,,,
15,5.2,3.6,-1.6,-1.8,-33.2,continúa,unidad_responsable,,,149,,,
20,9.6,8.1,-1.5,-1.9,-18.9,continúa,unidad_responsable,,,215,,,
36,5.2,3.8,-1.4,-1.7,-30.5,continúa,unidad_responsable,,,130,,,
10,15.1,13.7,-1.4,-2.0,-12.9,continúa,unidad_responsable,,,522,,,
10,27.1,25.7,-1.4,-2.5,-8.8,continúa,unidad_responsable,,,600,,,
13,37.9,36.6,-1.4,-2.9,-7.3,continúa,unidad_responsable,,,400,,,
21,15.6,14.2,-1.4,-2.0,-12.3,continúa,unidad_responsable,,,414,,,
15,4.1,2.8,-1.4,-1.5,-35.7,continúa,unidad_responsable,,,121,,,
15,10.7,9.4,-1.3,-1.8,-15.8,continúa,unidad_responsable,,,133,,,
10,16.7,15.4,-1.3,-2.0,-11.4,continúa,unidad_responsable,,,520,,,
02,533.7,532.5,-1.2,-22.6,-4.1,continúa,unidad_responsable,,,113,,,
08,37.3,36.1,-1.2,-2.7,-6.9,continúa,unidad_responsable,,,276,,,
20,19.9,18.7,-1.2,-2.0,-9.5,continúa,unidad_responsable,,,121,,,
15,5.3,4.1,-1.1,-1.4,-24.6,continúa,unidad_responsable,,,147,,,
04,29.0,28.1,-0.9,-2.0,-6.8,continúa,unidad_responsable,,,911,,,
15,4.4,3.5,-0.8,-1.0,-22.5,continúa,unidad_responsable,,,126,,,
21,14.1,13.3,-0.8,-1.4,-9.5,continúa,unidad_responsable,,,513,,,
21,9.8,9.0,-0.8,-1.2,-11.8,continúa,unidad_responsable,,,712,,,
15,23.6,22.8,-0.8,-1.7,-7.1,continúa,unidad_responsable,,,511,,,
35,5.2,4.4,-0.8,-1.0,-18.5,continúa,unidad_responsable,,,126,,,
38,6.2,5.5,-0.8,-1.0,-15.6,continúa,unidad_responsable,,,600,,,
05,30.2,29.5,-0.7,-1.9,-6.1,continúa,unidad_responsable,,,310,,,
36,12.4,11.7,-0.7,-1.2,-9.3,continúa,unidad_responsable,,,111,,,
20,8.2,7.5,-0.7,-1.0,-11.9,continúa,unidad_responsable,,,711,,,
05,21.8,21.1,-0.7,-1.6,-6.9,continúa,unidad_responsable,,,812,,,
08,40.3,39.6,-0.6,-2.2,-5.3,continúa,unidad_responsable,,,110,,,
18,15.3,14.7,-0.6,-1.2,-7.4,continúa,unidad_responsable,,,315,,,
05,22.8,22.3,-0.5,-1.5,-6.1,continúa,unidad_responsable,,,314,,,
35,14.5,13.9,-0.5,-1.1,-7.4,continúa,unidad_responsable,,,127,,,
15,3.1,2.6,-0.5,-0.6,-19.3,continúa,unidad_responsable,,,122,,,
05,46.6,46.2,-0.4,-2.3,-4.7,continúa,unidad_responsable,,,412,,,
02,0.4,0.0,-0.4,-0.4,-100.0,desaparece,unidad_responsable,,,138,,,
05,150.0,149.6,-0.4,-6.4,-4.1,continúa,unidad_responsable,,,311,,,
02,0.3,0.0,-0.3,-0.4,-100.0,desaparece,unidad_responsable,,,114,,,
54,0.3,0.0,-0.3,-0.3,-100.0,desaparece,unidad_responsable,,,110,,,
21,16.5,16.2,-0.3,-1.0,-5.6,continúa,unidad_responsable,,,700,,,
11,1701.5,1701.3,-0.3,-68.3,-3.9,continúa,unidad_responsable,,,310,,,
02,0.2,0.0,-0.2,-0.2,-100.0,desaparece,unidad_responsable,,,139,,,
11,0.2,0.0,-0.2,-0.2,-100.0,desaparece,unidad_responsable,,,172,,,
08,0.2,0.0,-0.2,-0.2,-100.0,desaparece,unidad_responsable,,,231,,,
05,59.7,59.5,-0.2,-2.6,-4.2,continúa,unidad_responsable,,,121,,,
15,7.3,7.2,-0.1,-0.4,-5.4,continúa,unidad_responsable,,,127,,,
11,0.1,0.0,-0.1,-0.1,-100.0,desaparece,unidad_responsable,,,417,,,
21,15.1,15.0,-0.1,-0.7,-4.3,continúa,unidad_responsable,,,711,,,
14,9.5,9.4,-0.1,-0.4,-4.5,continúa,unidad_responsable,,,161,,,
06,1586.6,1586.6,-0.0,-63.5,-3.8,continúa,unidad_responsable,,,KCZ,,,
32,30.8,30.8,0.0,-1.2,-3.8,continúa,unidad_responsable,,,205,,,
32,31.5,31.5,0.0,-1.3,-3.8,continúa,unidad_responsable,,,219,,,
32,37.6,37.6,0.0,-1.5,-3.8,continúa,unidad_responsable,,,203,,,
32,34.0,34.0,0.0,-1.4,-3.8,continúa,unidad_responsable,,,211,,,
32,37.7,37.7,0.0,-1.5,-3.8,continúa,unidad_responsable,,,209,,,
32,45.6,45.6,0.0,-1.8,-3.8,continúa,unidad_responsable,,,204,,,
32,32.6,32.6,0.0,-1.3,-3.8,continúa,unidad_responsable,,,217,,,
32,45.0,45.0,0.0,-1.8,-3.8,continúa,unidad_responsable,,,113,,,
32,36.4,36.4,0.0,-1.5,-3.8,continúa,unidad_responsable,,,122,,,
32,41.2,41.2,0.0,-1.6,-3.8,continúa,unidad_responsable,,,201,,,
32,39.5,39.5,0.0,-1.6,-3.8,continúa,unidad_responsable,,,202,,,
32,37.0,37.0,0.0,-1.5,-3.8,continúa,unidad_responsable,,,119,,,
32,41.5,41.5,0.0,-1.7,-3.8,continúa,unidad_responsable,,,120,,,
32,36.4,36.4,0.0,-1.5,-3.8,continúa,unidad_responsable,,,111,,,
32,41.6,41.6,0.0,-1.7,-3.8,continúa,unidad_responsable,,,112,,,
32,41.4,41.4,0.0,-1.7,-3.8,continúa,unidad_responsable,,,118,,,
32,37.0,37.0,0.0,-1.5,-3.8,continúa,unidad_responsable,,,117,,,
32,36.1,36.1,0.0,-1.4,-3.8,continúa,unidad_responsable,,,116,,,
32,37.5,37.5,0.0,-1.5,-3.8,continúa,unidad_responsable,,,115,,,
32,31.1,31.1,0.0,-1.2,-3.8,continúa,unidad_responsable,,,207,,,
32,37.5,37.5,0.0,-1.5,-3.8,continúa,unidad_responsable,,,308,,,
32,21.1,21.1,0.0,-0.8,-3.8,continúa,unidad_responsable,,,311,,,
32,34.3,34.3,0.0,-1.4,-3.8,continúa,unidad_responsable,,,307,,,
32,29.5,29.5,0.0,-1.2,-3.8,continúa,unidad_responsable,,,212,,,
32,29.7,29.7,0.0,-1.2,-3.8,continúa,unidad_responsable,,,213,,,
32,34.0,34.0,0.0,-1.4,-3.8,continúa,unidad_responsable,,,214,,,
32,32.9,32.9,0.0,-1.3,-3.8,continúa,unidad_responsable,,,215,,,
32,31.1,31.1,0.0,-1.2,-3.8,continúa,unidad_responsable,,,310,,,
32,36.8,36.8,0.0,-1.5,-3.8,continúa,unidad_responsable,,,206,,,
32,36.5,36.5,0.0,-1.5,-3.8,continúa,unidad_responsable,,,301,,,
32,34.5,34.5,0.0,-1.4,-3.8,continúa,unidad_responsable,,,225,,,
32,20.8,20.8,0.0,-0.8,-3.8,continúa,unidad_responsable,,,413,,,
32,50.5,50.5,0.0,-2.0,-3.8,continúa,unidad_responsable,,,412,,,
32,35.6,35.6,0.0,-1.4,-3.8,continúa,unidad_responsable,,,302,,,
32,46.6,46.6,0.0,-1.9,-3.8,continúa,unidad_responsable,,,303,,,
32,22.8,22.8,0.0,-0.9,-3.8,continúa,unidad_responsable,,,411,,,
47,765.7,765.7,0.0,-30.6,-3.8,continúa,unidad_responsable,,,AYI,,,
32,10.0,10.0,0.0,-0.4,-3.8,continúa,unidad_responsable,,,414,,,
10,230.4,230.4,0.0,-9.2,-3.8,continúa,unidad_responsable,,,LAU,,,
32,37.3,37.3,0.0,-1.5,-3.8,continúa,unidad_responsable,,,306,,,
32,36.4,36.4,0.0,-1.5,-3.8,continúa,unidad_responsable,,,218,,,
32,57.2,57.2,0.0,-2.3,-3.8,continúa,unidad_responsable,,,410,,,
32,41.8,41.8,0.0,-1.7,-3.8,continúa,unidad_responsable,,,114,,,
06,3468.1,3468.1,0.0,-138.7,-3.8,continúa,unidad_responsable,,,H00,,,
06,11261.4,11261.4,0.0,-450.5,-3.8,continúa,unidad_responsable,,,E00,,,
06,218.8,218.8,0.0,-8.8,-3.8,continúa,unidad_responsable,,,A00,,,
06,229.4,229.4,0.0,-9.2,-3.8,continúa,unidad_responsable,,,D00,,,
01,5103.8,5103.8,0.0,-204.2,-3.8,continúa,unidad_responsable,,,200,,,
06,2787.3,2787.3,0.0,-111.5,-3.8,continúa,unidad_responsable,,,HKA,,,
06,1292.4,1292.4,0.0,-51.7,-3.8,continúa,unidad_responsable,,,HJO,,,
06,540.1,540.1,0.0,-21.6,-3.8,continúa,unidad_responsable,,,G3A,,,
06,1507.7,1507.7,0.0,-60.3,-3.8,continúa,unidad_responsable,,,B00,,,
06,240.6,240.6,0.0,-9.6,-3.8,continúa,unidad_responsable,,,C00,,,
32,32.2,32.2,0.0,-1.3,-3.8,continúa,unidad_responsable,,,208,,,
32,30.3,30.3,0.0,-1.2,-3.8,continúa,unidad_responsable,,,304,,,
32,7.6,7.6,0.0,-0.3,-3.8,continúa,unidad_responsable,,,400,,,
32,31.2,31.2,0.0,-1.2,-3.8,continúa,unidad_responsable,,,312,,,
32,52.5,52.5,0.0,-2.1,-3.8,continúa,unidad_responsable,,,121,,,
02,2.2,2.2,0.0,-0.1,-3.8,continúa,unidad_responsable,,,142,,,
02,12.2,12.2,0.0,-0.5,-3.8,continúa,unidad_responsable,,,128,,,
02,34.9,34.9,0.0,-1.4,-3.8,continúa,unidad_responsable,,,127,,,
15,4.1,4.2,0.1,-0.1,-2.6,continúa,unidad_responsable,,,144,,,
15,3.3,3.4,0.1,-0.1,-1.8,continúa,unidad_responsable,,,128,,,
20,11.9,11.9,0.1,-0.4,-3.2,continúa,unidad_responsable,,,125,,,
05,18.3,18.4,0.1,-0.6,-3.3,continúa,unidad_responsable,,,103,,,
18,14.1,14.2,0.1,-0.5,-3.1,continúa,unidad_responsable,,,114,,,
15,4.6,4.7,0.1,-0.1,-1.3,continúa,unidad_responsable,,,148,,,
08,123.2,123.4,0.1,-4.8,-3.7,continúa,unidad_responsable,,,D00,,,
15,40.3,40.5,0.2,-1.4,-3.4,continúa,unidad_responsable,,,100,,,
05,74.1,74.3,0.2,-2.8,-3.6,continúa,unidad_responsable,,,111,,,
20,16.0,16.1,0.2,-0.5,-2.8,continúa,unidad_responsable,,,122,,,
21,15.9,16.1,0.2,-0.4,-2.4,continúa,unidad_responsable,,,810,,,
05,20.5,20.7,0.2,-0.6,-2.7,continúa,unidad_responsable,,,810,,,
13,269.9,270.1,0.2,-10.6,-3.8,continúa,unidad_responsable,,,KDN,,,
05,11.2,11.5,0.3,-0.2,-1.4,continúa,unidad_responsable,,,813,,,
27,33.0,33.3,0.3,-1.0,-3.0,continúa,unidad_responsable,,,700,,,
21,12.5,12.8,0.3,-0.2,-1.5,continúa,unidad_responsable,,,412,,,
21,8.5,8.8,0.3,-0.0,-0.4,continúa,unidad_responsable,,,411,,,
18,13.9,14.2,0.3,-0.2,-1.7,continúa,unidad_responsable,,,121,,,
05,50.7,51.0,0.3,-1.7,-3.2,continúa,unidad_responsable,,,112,,,
21,19.7,20.1,0.3,-0.4,-2.2,continúa,unidad_responsable,,,413,,,
18,19.5,19.9,0.4,-0.4,-2.1,continúa,unidad_responsable,,,530,,,
15,2.6,3.1,0.4,0.3,11.7,continúa,unidad_responsable,,,139,,,
21,12.0,12.4,0.4,-0.0,-0.4,continúa,unidad_responsable,,,710,,,
20,13.8,14.3,0.5,-0.1,-0.6,continúa,unidad_responsable,,,146,,,
08,104.5,105.0,0.5,-3.7,-3.4,continúa,unidad_responsable,,,280,,,
11,7.6,8.1,0.5,0.2,2.7,continúa,unidad_responsable,,,G00,,,
11,12.4,12.9,0.5,0.0,0.2,continúa,unidad_responsable,,,MGJ,,,
21,13.5,14.1,0.6,0.0,0.1,continúa,unidad_responsable,,,811,,,
15,5.3,5.9,0.6,0.4,7.1,continúa,unidad_responsable,,,141,,,
15,2.2,2.8,0.6,0.5,22.4,continúa,unidad_responsable,,,130,,,
15,2.5,3.1,0.6,0.5,21.1,continúa,unidad_responsable,,,131,,,
15,8.2,8.9,0.7,0.3,3.9,continúa,unidad_responsable,,,514,,,
15,3.9,4.6,0.7,0.5,12.8,continúa,unidad_responsable,,,134,,,
15,2.4,3.1,0.7,0.6,23.7,continúa,unidad_responsable,,,138,,,
15,12.8,13.5,0.7,0.2,1.7,continúa,unidad_responsable,,,400,,,
08,86.1,86.9,0.8,-2.7,-3.0,continúa,unidad_responsable,,,291,,,
15,1.8,2.6,0.8,0.7,37.8,continúa,unidad_responsable,,,125,,,
21,18.2,19.0,0.8,0.1,0.6,continúa,unidad_responsable,,,112,,,
12,42.2,43.1,0.9,-0.8,-1.9,continúa,unidad_responsable,,,170,,,
15,0.0,0.9,0.9,0.9,inf,aparece,unidad_responsable,,,216,,,
04,8.9,9.8,0.9,0.6,6.1,continúa,unidad_responsable,,,540,,,
15,4.3,5.2,0.9,0.7,16.8,continúa,unidad_responsable,,,129,,,
15,3.9,4.8,0.9,0.8,19.3,continúa,unidad_responsable,,,132,,,
04,9.0,9.9,0.9,0.6,6.2,continúa,unidad_responsable,,,520,,,
15,4.5,5.4,1.0,0.8,16.7,continúa,unidad_responsable,,,137,,,
02,78.7,79.7,1.0,-2.2,-2.7,continúa,unidad_responsable,,,112,,,
15,5.9,6.9,1.0,0.7,11.9,continúa,unidad_responsable,,,150,,,
38,16.3,17.3,1.0,0.4,2.1,continúa,unidad_responsable,,,230,,,
10,29.7,30.8,1.0,-0.2,-0.5,continúa,unidad_responsable,,,400,,,
20,16.2,17.3,1.0,0.4,2.4,continúa,unidad_responsable,,,134,,,
11,5.3,6.4,1.1,0.9,15.8,continúa,unidad_responsable,,,413,,,
10,48.2,49.3,1.2,-0.8,-1.5,continúa,unidad_responsable,,,510,,,
12,35.8,36.9,1.2,-0.2,-0.7,continúa,unidad_responsable,,,315,,,
21,22.3,23.5,1.2,0.3,1.3,continúa,unidad_responsable,,,512,,,
15,1.8,3.1,1.2,1.2,61.5,continúa,unidad_responsable,,,152,,,
55,0.0,1.3,1.3,1.3,inf,aparece,unidad_responsable,,,100,,,
04,3.4,4.7,1.3,1.1,32.1,continúa,unidad_responsable,,,216,,,
55,0.0,1.3,1.3,1.3,inf,aparece,unidad_responsable,,,210,,,
15,6.0,7.3,1.3,1.1,17.3,continúa,unidad_responsable,,,145,,,
20,19.7,21.1,1.3,0.5,2.6,continúa,unidad_responsable,,,147,,,
37,21.1,22.5,1.4,0.5,2.5,continúa,unidad_responsable,,,112,,,
21,16.2,17.6,1.4,0.8,4.5,continúa,unidad_responsable,,,400,,,
55,0.0,1.4,1.4,1.4,inf,aparece,unidad_responsable,,,300,,,
18,15.4,16.9,1.5,0.8,5.2,continúa,unidad_responsable,,,316,,,
15,6.0,7.4,1.5,1.2,19.8,continúa,unidad_responsable,,,146,,,
04,25.9,27.4,1.5,0.5,1.7,continúa,unidad_responsable,,,223,,,
10,2.5,4.0,1.5,1.4,53.6,continúa,unidad_responsable,,,540,,,
48,27.1,28.6,1.5,0.5,1.6,continúa,unidad_responsable,,,L8P,,,
20,16.8,18.4,1.5,0.9,5.0,continúa,unidad_responsable,,,149,,,
18,22.7,24.3,1.6,0.6,2.7,continúa,unidad_responsable,,,533,,,
18,33.9,35.5,1.6,0.2,0.6,continúa,unidad_responsable,,,117,,,
18,14.0,15.5,1.6,1.0,6.9,continúa,unidad_responsable,,,T0U,,,
20,21.5,23.1,1.6,0.7,3.3,continúa,unidad_responsable,,,500,,,
10,8.9,10.5,1.6,1.2,13.3,continúa,unidad_responsable,,,521,,,
15,4.5,6.1,1.6,1.4,30.9,continúa,unidad_responsable,,,135,,,
06,78.5,80.2,1.7,-1.5,-1.8,continúa,unidad_responsable,,,100,,,
49,154.1,155.8,1.7,-4.5,-2.8,continúa,unidad_responsable,,,190,,,
06,39.2,40.9,1.7,0.1,0.3,continúa,unidad_responsable,,,419,,,
36,19.4,21.1,1.7,0.9,4.6,continúa,unidad_responsable,,,133,,,
04,10.2,12.0,1.8,1.4,12.9,continúa,unidad_responsable,,,232,,,
20,33.6,35.4,1.8,0.4,1.2,continúa,unidad_responsable,,,214,,,
08,0.0,1.8,1.8,1.8,inf,aparece,unidad_responsable,,,252,,,
08,22.4,24.3,1.9,1.0,4.3,continúa,unidad_responsable,,,112,,,
05,109.7,111.6,1.9,-2.5,-2.2,continúa,unidad_responsable,,,612,,,
20,18.3,20.3,2.0,1.3,6.6,continúa,unidad_responsable,,,124,,,
15,0.0,2.0,2.0,2.0,inf,aparece,unidad_responsable,,,515,,,
15,9.2,11.2,2.0,1.7,17.5,continúa,unidad_responsable,,,113,,,
06,226.1,228.1,2.0,-7.0,-3.0,continúa,unidad_responsable,,,712,,,
04,0.0,2.0,2.0,2.0,inf,aparece,unidad_responsable,,,121,,,
04,0.0,2.0,2.0,2.0,inf,aparece,unidad_responsable,,,122,,,
08,16.3,18.4,2.0,1.4,8.2,continúa,unidad_responsable,,,AFU,,,
08,33.4,35.5,2.0,0.7,2.0,continúa,unidad_responsable,,,I9H,,,
15,2.4,4.5,2.1,2.0,77.5,continúa,unidad_responsable,,,143,,,
15,7.7,9.8,2.1,1.8,22.6,continúa,unidad_responsable,,,136,,,
20,27.0,29.2,2.2,1.1,4.0,continúa,unidad_responsable,,,136,,,
15,16.5,18.8,2.2,1.6,9.2,continúa,unidad_responsable,,,510,,,
49,0.0,2.3,2.3,2.3,inf,aparece,unidad_responsable,,,835,,,
11,33.7,36.0,2.3,0.9,2.7,continúa,unidad_responsable,,,L8G,,,
18,0.0,2.3,2.3,2.3,inf,aparece,unidad_responsable,,,220,,,
20,24.4,26.7,2.4,1.4,5.5,continúa,unidad_responsable,,,110,,,
20,19.1,21.5,2.4,1.7,8.3,continúa,unidad_responsable,,,131,,,
55,0.0,2.4,2.4,2.4,inf,aparece,unidad_responsable,,,200,,,
49,42.0,44.4,2.4,0.8,1.7,continúa,unidad_responsable,,,370,,,
08,57.1,59.5,2.4,0.2,0.3,continúa,unidad_responsable,,,IZI,,,
04,0.0,2.4,2.4,2.4,inf,aparece,unidad_responsable,,,120,,,
20,12.9,15.4,2.5,1.9,14.4,continúa,unidad_responsable,,,145,,,
38,10.8,13.3,2.5,2.1,18.3,continúa,unidad_responsable,,,420,,,
27,25.0,27.6,2.5,1.5,5.8,continúa,unidad_responsable,,,T00,,,
38,7.4,9.9,2.5,2.2,28.7,continúa,unidad_responsable,,,110,,,
49,0.0,2.5,2.5,2.5,inf,aparece,unidad_responsable,,,730,,,
02,0.4,2.9,2.5,2.5,667.0,continúa,unidad_responsable,,,129,,,
04,42.1,44.7,2.6,0.9,2.0,continúa,unidad_responsable,,,Q00,,,
04,7.6,10.1,2.6,2.3,28.8,continúa,unidad_responsable,,,922,,,
04,6.7,9.3,2.7,2.4,34.6,continúa,unidad_responsable,,,133,,,
11,39.7,42.4,2.7,1.1,2.7,continúa,unidad_responsable,,,MGC,,,
38,16.7,19.5,2.8,2.1,12.2,continúa,unidad_responsable,,,320,,,
05,21.1,24.0,2.9,2.1,9.4,continúa,unidad_responsable,,,I00,,,
04,12.1,15.1,2.9,2.4,19.3,continúa,unidad_responsable,,,217,,,
20,12.9,16.0,3.0,2.5,18.7,continúa,unidad_responsable,,,144,,,
04,638.1,641.2,3.1,-22.4,-3.4,continúa,unidad_responsable,,,915,,,
04,7.4,10.5,3.1,2.8,36.5,continúa,unidad_responsable,,,515,,,
55,0.0,3.2,3.2,3.2,inf,aparece,unidad_responsable,,,430,,,
02,0.0,3.2,3.2,3.2,inf,aparece,unidad_responsable,,,145,,,
13,14.4,17.7,3.3,2.7,17.9,continúa,unidad_responsable,,,J2I,,,
04,7.2,10.5,3.3,3.0,39.7,continúa,unidad_responsable,,,516,,,
20,16.9,20.2,3.3,2.6,15.0,continúa,unidad_responsable,,,141,,,
55,0.0,3.3,3.3,3.3,inf,aparece,unidad_responsable,,,410,,,
18,0.0,3.3,3.3,3.3,inf,aparece,unidad_responsable,,,540,,,
12,32.0,35.4,3.4,2.1,6.3,continúa,unidad_responsable,,,V00,,,
20,18.0,21.4,3.4,2.7,14.2,continúa,unidad_responsable,,,128,,,
20,13.1,16.4,3.4,2.9,21.1,continúa,unidad_responsable,,,143,,,
18,13.0,16.4,3.4,2.9,21.4,continúa,unidad_responsable,,,212,,,
15,41.1,44.6,3.5,1.8,4.3,continúa,unidad_responsable,,,210,,,
36,0.0,3.5,3.5,3.5,inf,aparece,unidad_responsable,,,190,,,
18,0.0,3.5,3.5,3.5,inf,aparece,unidad_responsable,,,560,,,
20,18.0,21.5,3.5,2.8,14.9,continúa,unidad_responsable,,,133,,,
08,0.0,3.5,3.5,3.5,inf,aparece,unidad_responsable,,,920,,,
04,19.0,22.5,3.5,2.8,14.1,continúa,unidad_responsable,,,231,,,
04,10.2,13.7,3.5,3.1,29.6,continúa,unidad_responsable,,,132,,,
15,8.1,11.6,3.6,3.2,38.7,continúa,unidad_responsable,,,513,,,
04,7.6,11.1,3.6,3.3,41.5,continúa,unidad_responsable,,,921,,,
18,0.0,3.6,3.6,3.6,inf,aparece,unidad_responsable,,,550,,,
38,18.8,22.4,3.6,2.9,14.6,continúa,unidad_responsable,,,310,,,
18,0.0,3.8,3.8,3.8,inf,aparece,unidad_responsable,,,570,,,
04,11.9,15.6,3.8,3.3,26.9,continúa,unidad_responsable,,,272,,,
55,0.0,3.9,3.9,3.9,inf,aparece,unidad_responsable,,,420,,,
12,25.7,29.5,3.9,2.8,10.6,continúa,unidad_responsable,,,Q00,,,
49,79.5,83.4,3.9,0.7,0.9,continúa,unidad_responsable,,,110,,,
38,11.3,15.2,3.9,3.4,29.2,continúa,unidad_responsable,,,610,,,
15,31.9,35.9,4.0,2.7,8.2,continúa,unidad_responsable,,,512,,,
55,46.8,50.8,4.0,2.1,4.4,continúa,unidad_responsable,,,JZN,,,
04,12.2,16.2,4.0,3.5,27.9,continúa,unidad_responsable,,,212,,,
18,0.0,4.1,4.1,4.1,inf,aparece,unidad_responsable,,,222,,,
16,15.1,19.2,4.1,3.5,22.2,continúa,unidad_responsable,,,146,,,
05,73.7,77.8,4.1,1.2,1.5,continúa,unidad_responsable,,,600,,,
04,6.9,11.0,4.1,3.8,53.6,continúa,unidad_responsable,,,542,,,
08,0.0,4.1,4.1,4.1,inf,aparece,unidad_responsable,,,911,,,
04,14.5,18.7,4.2,3.6,23.7,continúa,unidad_responsable,,,273,,,
20,15.0,19.1,4.2,3.6,22.9,continúa,unidad_responsable,,,123,,,
10,10.4,14.5,4.2,3.8,35.0,continúa,unidad_responsable,,,514,,,
12,18.9,23.1,4.2,3.5,17.7,continúa,unidad_responsable,,,614,,,
11,62.4,66.7,4.2,1.7,2.7,continúa,unidad_responsable,,,L9T,,,
27,16.4,20.7,4.2,3.6,21.0,continúa,unidad_responsable,,,810,,,
16,13.6,17.9,4.3,3.7,26.3,continúa,unidad_responsable,,,139,,,
04,13.6,17.9,4.3,3.8,26.6,continúa,unidad_responsable,,,901,,,
18,0.0,4.4,4.4,4.4,inf,aparece,unidad_responsable,,,552,,,
20,21.1,25.5,4.4,3.6,16.2,continúa,unidad_responsable,,,400,,,
38,87.4,91.8,4.4,0.9,1.0,continúa,unidad_responsable,,,90A,,,
04,54.4,58.9,4.5,2.3,4.1,continúa,unidad_responsable,,,T00,,,
05,123.7,128.2,4.5,-0.4,-0.3,continúa,unidad_responsable,,,100,,,
27,12.7,17.2,4.5,4.0,30.5,continúa,unidad_responsable,,,431,,,
04,72.4,76.9,4.5,1.6,2.2,continúa,unidad_responsable,,,G00,,,
48,31.6,36.2,4.5,3.3,10.0,continúa,unidad_responsable,,,L3N,,,
04,26.2,30.8,4.6,3.5,12.8,continúa,unidad_responsable,,,220,,,
20,23.5,28.1,4.6,3.7,15.0,continúa,unidad_responsable,,,130,,,
04,7.2,11.9,4.7,4.4,58.1,continúa,unidad_responsable,,,521,,,
20,21.4,26.1,4.7,3.8,17.3,continúa,unidad_responsable,,,152,,,
18,12.2,16.9,4.7,4.2,33.2,continúa,unidad_responsable,,,554,,,
05,55.7,60.5,4.7,2.5,4.3,continúa,unidad_responsable,,,J00,,,
04,76.8,81.5,4.7,1.7,2.1,continúa,unidad_responsable,,,P00,,,
04,0.0,4.8,4.8,4.8,inf,aparece,unidad_responsable,,,213,,,
20,9.0,13.9,4.8,4.5,47.8,continúa,unidad_responsable,,,129,,,
04,7.2,12.0,4.9,4.6,61.5,continúa,unidad_responsable,,,522,,,
20,19.7,24.6,5.0,4.2,20.4,continúa,unidad_responsable,,,132,,,
20,19.5,24.5,5.0,4.2,20.7,continúa,unidad_responsable,,,151,,,
18,12.8,17.8,5.0,4.5,34.2,continúa,unidad_responsable,,,213,,,
20,26.0,31.0,5.0,4.0,14.8,continúa,unidad_responsable,,,150,,,
20,16.4,21.5,5.1,4.4,25.8,continúa,unidad_responsable,,,148,,,
08,0.0,5.1,5.1,5.1,inf,aparece,unidad_responsable,,,910,,,
08,18.1,23.2,5.1,4.4,23.4,continúa,unidad_responsable,,,250,,,
49,0.0,5.1,5.1,5.1,inf,aparece,unidad_responsable,,,833,,,
12,102.5,107.7,5.1,1.0,1.0,continúa,unidad_responsable,,,NCE,,,
55,0.0,5.2,5.2,5.2,inf,aparece,unidad_responsable,,,400,,,
49,0.0,5.2,5.2,5.2,inf,aparece,unidad_responsable,,,660,,,
20,19.6,24.9,5.3,4.6,22.4,continúa,unidad_responsable,,,140,,,
12,56.6,61.9,5.3,3.1,5.2,continúa,unidad_responsable,,,613,,,
04,32.8,38.2,5.4,4.0,11.8,continúa,unidad_responsable,,,A00,,,
38,107.1,112.5,5.4,1.1,1.0,continúa,unidad_responsable,,,91O,,,
18,5.9,11.3,5.5,5.2,85.6,continúa,unidad_responsable,,,319,,,
38,2.8,8.3,5.5,5.4,182.3,continúa,unidad_responsable,,,500,,,
16,23.1,28.6,5.5,4.6,19.0,continúa,unidad_responsable,,,140,,,
18,0.0,5.5,5.5,5.5,inf,aparece,unidad_responsable,,,564,,,
18,9.2,14.8,5.5,5.2,53.8,continúa,unidad_responsable,,,317,,,
55,0.0,5.6,5.6,5.6,inf,aparece,unidad_responsable,,,340,,,
04,21.1,26.7,5.6,4.8,21.8,continúa,unidad_responsable,,,131,,,
18,0.0,5.6,5.6,5.6,inf,aparece,unidad_responsable,,,551,,,
27,46.3,52.1,5.7,3.9,8.0,continúa,unidad_responsable,,,840,,,
04,12.8,18.6,5.7,5.2,38.9,continúa,unidad_responsable,,,920,,,
04,18.3,24.0,5.8,5.0,26.5,continúa,unidad_responsable,,,541,,,
08,58.2,64.0,5.8,3.4,5.7,continúa,unidad_responsable,,,C00,,,
36,19.2,25.0,5.8,5.0,25.3,continúa,unidad_responsable,,,131,,,
36,0.0,5.8,5.8,5.8,inf,aparece,unidad_responsable,,,440,,,
08,0.0,5.8,5.8,5.8,inf,aparece,unidad_responsable,,,912,,,
04,25.9,31.8,5.9,4.8,17.9,continúa,unidad_responsable,,,221,,,
49,0.0,5.9,5.9,5.9,inf,aparece,unidad_responsable,,,824,,,
20,18.0,23.9,6.0,5.2,28.0,continúa,unidad_responsable,,,137,,,
05,27.0,33.0,6.0,4.9,17.4,continúa,unidad_responsable,,,413,,,
20,16.6,22.6,6.0,5.3,30.7,continúa,unidad_responsable,,,135,,,
10,22.0,28.0,6.0,5.1,22.4,continúa,unidad_responsable,,,611,,,
16,27.7,33.7,6.0,4.9,17.0,continúa,unidad_responsable,,,135,,,
11,54.6,60.6,6.0,3.8,6.8,continúa,unidad_responsable,,,113,,,
11,58.5,64.6,6.1,3.7,6.1,continúa,unidad_responsable,,,111,,,
04,46.8,53.0,6.1,4.2,8.7,continúa,unidad_responsable,,,940,,,
18,5.3,11.4,6.1,5.9,107.9,continúa,unidad_responsable,,,130,,,
18,0.0,6.2,6.2,6.2,inf,aparece,unidad_responsable,,,118,,,
20,0.0,6.2,6.2,6.2,inf,aparece,unidad_responsable,,,310,,,
16,25.5,31.6,6.2,5.1,19.4,continúa,unidad_responsable,,,148,,,
18,74.0,80.2,6.2,3.3,4.2,continúa,unidad_responsable,,,410,,,
27,32.8,39.1,6.2,4.9,14.5,continúa,unidad_responsable,,,900,,,
16,21.4,27.7,6.3,5.4,24.4,continúa,unidad_responsable,,,124,,,
20,23.0,29.3,6.3,5.4,22.5,continúa,unidad_responsable,,,414,,,
18,0.0,6.5,6.5,6.5,inf,aparece,unidad_responsable,,,541,,,
16,18.6,25.2,6.5,5.8,29.9,continúa,unidad_responsable,,,123,,,
12,32.1,38.6,6.6,5.3,15.8,continúa,unidad_responsable,,,171,,,
20,26.1,32.6,6.6,5.5,20.3,continúa,unidad_responsable,,,127,,,
04,0.0,6.6,6.6,6.6,inf,aparece,unidad_responsable,,,214,,,
47,130.8,137.5,6.7,1.4,1.1,continúa,unidad_responsable,,,AYM,,,
27,0.0,6.7,6.7,6.7,inf,aparece,unidad_responsable,,,220,,,
16,11.9,18.6,6.7,6.2,50.5,continúa,unidad_responsable,,,152,,,
18,0.0,6.7,6.7,6.7,inf,aparece,unidad_responsable,,,133,,,
49,0.0,6.7,6.7,6.7,inf,aparece,unidad_responsable,,,401,,,
27,0.0,6.7,6.7,6.7,inf,aparece,unidad_responsable,,,260,,,
18,0.0,6.8,6.8,6.8,inf,aparece,unidad_responsable,,,561,,,
27,0.0,6.8,6.8,6.8,inf,aparece,unidad_responsable,,,412,,,
16,16.3,23.0,6.8,6.1,36.1,continúa,unidad_responsable,,,125,,,
20,0.0,6.8,6.8,6.8,inf,aparece,unidad_responsable,,,313,,,
16,18.1,24.9,6.8,6.1,32.6,continúa,unidad_responsable,,,151,,,
18,0.0,6.8,6.8,6.8,inf,aparece,unidad_responsable,,,571,,,
04,25.9,32.8,6.9,5.9,21.8,continúa,unidad_responsable,,,222,,,
20,4.0,10.9,6.9,6.8,164.0,continúa,unidad_responsable,,,212,,,
16,15.1,22.1,6.9,6.3,40.3,continúa,unidad_responsable,,,144,,,
55,0.0,7.0,7.0,7.0,inf,aparece,unidad_responsable,,,110,,,
18,16.4,23.5,7.0,6.4,37.2,continúa,unidad_responsable,,,210,,,
15,0.0,7.0,7.0,7.0,inf,aparece,unidad_responsable,,,215,,,
20,18.5,25.6,7.1,6.3,33.0,continúa,unidad_responsable,,,142,,,
18,0.0,7.1,7.1,7.1,inf,aparece,unidad_responsable,,,542,,,
20,31.4,38.7,7.2,6.0,18.3,continúa,unidad_responsable,,,510,,,
16,20.1,27.4,7.3,6.5,30.9,continúa,unidad_responsable,,,138,,,
05,0.0,7.3,7.3,7.3,inf,aparece,unidad_responsable,,,905,,,
49,0.0,7.3,7.3,7.3,inf,aparece,unidad_responsable,,,822,,,
18,0.0,7.4,7.4,7.4,inf,aparece,unidad_responsable,,,572,,,
49,0.0,7.4,7.4,7.4,inf,aparece,unidad_responsable,,,184,,,
18,0.0,7.4,7.4,7.4,inf,aparece,unidad_responsable,,,553,,,
16,13.2,20.7,7.4,6.9,50.1,continúa,unidad_responsable,,,121,,,
16,11.7,19.2,7.5,7.0,57.9,continúa,unidad_responsable,,,149,,,
18,0.0,7.5,7.5,7.5,inf,aparece,unidad_responsable,,,563,,,
14,0.0,7.6,7.6,7.6,inf,aparece,unidad_responsable,,,162,,,
18,0.0,7.6,7.6,7.6,inf,aparece,unidad_responsable,,,214,,,
48,74.9,82.5,7.6,4.6,5.9,continúa,unidad_responsable,,,MDB,,,
05,0.0,7.6,7.6,7.6,inf,aparece,unidad_responsable,,,906,,,
49,0.0,7.7,7.7,7.7,inf,aparece,unidad_responsable,,,240,,,
08,0.0,7.7,7.7,7.7,inf,aparece,unidad_responsable,,,JAL,,,
49,0.0,7.8,7.8,7.8,inf,aparece,unidad_responsable,,,823,,,
49,0.0,7.9,7.9,7.9,inf,aparece,unidad_responsable,,,834,,,
16,0.0,7.9,7.9,7.9,inf,aparece,unidad_responsable,,,800,,,
16,31.6,39.6,7.9,6.7,20.3,continúa,unidad_responsable,,,136,,,
36,17.6,25.6,8.0,7.3,39.7,continúa,unidad_responsable,,,132,,,
14,21.2,29.2,8.0,7.2,32.4,continúa,unidad_responsable,,,119,,,
16,10.7,18.7,8.0,7.6,68.5,continúa,unidad_responsable,,,131,,,
31,61.3,69.3,8.0,5.6,8.7,continúa,unidad_responsable,,,300,,,
13,30.1,38.1,8.0,6.8,21.8,continúa,unidad_responsable,,,N9W,,,
16,20.0,28.1,8.1,7.3,34.9,continúa,unidad_responsable,,,143,,,
12,76.9,84.9,8.1,5.0,6.2,continúa,unidad_responsable,,,E00,,,
16,18.9,26.9,8.1,7.3,37.4,continúa,unidad_responsable,,,145,,,
18,0.0,8.2,8.2,8.2,inf,aparece,unidad_responsable,,,132,,,
14,29.3,37.5,8.2,7.0,23.1,continúa,unidad_responsable,,,300,,,
16,15.6,23.9,8.3,7.7,47.6,continúa,unidad_responsable,,,141,,,
16,13.2,21.6,8.4,7.8,56.9,continúa,unidad_responsable,,,147,,,
04,109.2,117.6,8.4,4.0,3.5,continúa,unidad_responsable,,,N00,,,
27,0.0,8.4,8.4,8.4,inf,aparece,unidad_responsable,,,435,,,
08,20.7,29.1,8.4,7.6,35.3,continúa,unidad_responsable,,,268,,,
18,0.0,8.5,8.5,8.5,inf,aparece,unidad_responsable,,,562,,,
27,0.0,8.5,8.5,8.5,inf,aparece,unidad_responsable,,,540,,,
48,44.1,52.6,8.5,6.7,14.6,continúa,unidad_responsable,,,L9Y,,,
38,167.3,175.8,8.5,1.8,1.0,continúa,unidad_responsable,,,91I,,,
16,11.8,20.3,8.5,8.0,65.1,continúa,unidad_responsable,,,810,,,
40,11807.5,11816.0,8.5,-463.8,-3.8,continúa,unidad_responsable,,,100,,,
16,13.9,22.5,8.5,8.0,55.0,continúa,unidad_responsable,,,126,,,
20,22.1,30.7,8.5,7.7,33.2,continúa,unidad_responsable,,,138,,,
20,12.4,21.0,8.6,8.1,63.2,continúa,unidad_responsable,,,VRW,,,
36,0.0,8.7,8.7,8.7,inf,aparece,unidad_responsable,,,135,,,
04,1214.7,1223.5,8.7,-39.9,-3.2,continúa,unidad_responsable,,,X00,,,
20,24.9,33.6,8.8,7.8,30.0,continúa,unidad_responsable,,,210,,,
16,10.8,19.6,8.8,8.3,74.1,continúa,unidad_responsable,,,133,,,
15,0.0,8.9,8.9,8.9,inf,aparece,unidad_responsable,,,217,,,
04,0.0,8.9,8.9,8.9,inf,aparece,unidad_responsable,,,530,,,
11,55.5,64.5,9.0,6.8,11.7,continúa,unidad_responsable,,,300,,,
16,20.0,29.0,9.0,8.2,39.4,continúa,unidad_responsable,,,128,,,
16,22.9,32.0,9.1,8.2,34.3,continúa,unidad_responsable,,,122,,,
08,29.2,38.3,9.1,7.9,26.1,continúa,unidad_responsable,,,111,,,
38,31.3,40.4,9.1,7.9,24.2,continúa,unidad_responsable,,,510,,,
20,0.0,9.2,9.2,9.2,inf,aparece,unidad_responsable,,,312,,,
04,143.1,152.3,9.2,3.5,2.3,continúa,unidad_responsable,,,EZQ,,,
22,61.4,70.7,9.3,6.8,10.6,continúa,unidad_responsable,,,101,,,
16,21.5,30.8,9.3,8.4,37.7,continúa,unidad_responsable,,,127,,,
11,136.5,145.8,9.3,3.8,2.7,continúa,unidad_responsable,,,L6H,,,
16,26.4,35.7,9.3,8.2,30.1,continúa,unidad_responsable,,,134,,,
16,12.6,21.9,9.3,8.8,67.7,continúa,unidad_responsable,,,812,,,
11,139.2,148.7,9.5,3.9,2.7,continúa,unidad_responsable,,,MAR,,,
18,0.0,9.6,9.6,9.6,inf,aparece,unidad_responsable,,,221,,,
21,135.9,145.4,9.6,4.2,2.9,continúa,unidad_responsable,,,W3S,,,
27,0.0,9.6,9.6,9.6,inf,aparece,unidad_responsable,,,200,,,
21,0.0,9.7,9.7,9.7,inf,aparece,unidad_responsable,,,713,,,
47,191.3,201.1,9.8,2.1,1.1,continúa,unidad_responsable,,,MDL,,,
05,0.0,9.8,9.8,9.8,inf,aparece,unidad_responsable,,,902,,,
21,269.5,279.3,9.9,-0.9,-0.3,continúa,unidad_responsable,,,417,,,
12,94.3,104.2,9.9,6.1,6.2,continúa,unidad_responsable,,,M00,,,
22,170.1,180.0,9.9,3.1,1.8,continúa,unidad_responsable,,,114,,,
18,0.0,10.0,10.0,10.0,inf,aparece,unidad_responsable,,,573,,,
14,27.8,38.0,10.2,9.1,31.3,continúa,unidad_responsable,,,PBJ,,,
18,0.0,10.2,10.2,10.2,inf,aparece,unidad_responsable,,,574,,,
38,24.6,34.9,10.4,9.4,36.8,continúa,unidad_responsable,,,330,,,
20,17.5,28.1,10.6,9.8,54.0,continúa,unidad_responsable,,,126,,,
14,30.0,40.6,10.6,9.4,30.1,continúa,unidad_responsable,,,620,,,
16,14.6,25.2,10.6,10.0,66.1,continúa,unidad_responsable,,,142,,,
27,0.0,10.7,10.7,10.7,inf,aparece,unidad_responsable,,,243,,,
38,212.6,223.3,10.7,2.2,1.0,continúa,unidad_responsable,,,90C,,,
20,45.1,55.9,10.7,8.9,19.0,continúa,unidad_responsable,,,410,,,
48,77.2,87.9,10.8,7.7,9.6,continúa,unidad_responsable,,,I00,,,
11,90.7,101.6,10.8,7.2,7.6,continúa,unidad_responsable,,,100,,,
38,217.2,228.1,10.9,2.2,1.0,continúa,unidad_responsable,,,90G,,,
49,20.0,31.0,11.0,10.2,49.2,continúa,unidad_responsable,,,310,,,
27,0.0,11.1,11.1,11.1,inf,aparece,unidad_responsable,,,242,,,
21,0.0,11.2,11.2,11.2,inf,aparece,unidad_responsable,,,813,,,
27,0.0,11.2,11.2,11.2,inf,aparece,unidad_responsable,,,253,,,
18,40.8,52.1,11.3,9.6,22.7,continúa,unidad_responsable,,,200,,,
16,26.8,38.1,11.3,10.3,36.8,continúa,unidad_responsable,,,116,,,
27,0.0,11.6,11.6,11.6,inf,aparece,unidad_responsable,,,244,,,
04,62.9,74.7,11.7,9.2,14.1,continúa,unidad_responsable,,,501,,,
16,13.5,25.3,11.8,11.2,79.9,continúa,unidad_responsable,,,137,,,
18,0.0,11.8,11.8,11.8,inf,aparece,unidad_responsable,,,122,,,
16,28.8,40.9,12.0,10.9,36.3,continúa,unidad_responsable,,,130,,,
08,0.0,12.1,12.1,12.1,inf,aparece,unidad_responsable,,,119,,,
11,121.6,133.8,12.1,7.3,5.8,continúa,unidad_responsable,,,313,,,
16,40.5,52.6,12.2,10.6,25.1,continúa,unidad_responsable,,,150,,,
38,244.1,256.4,12.3,2.5,1.0,continúa,unidad_responsable,,,90E,,,
48,139.8,152.1,12.3,6.7,4.6,continúa,unidad_responsable,,,MHL,,,
05,471.1,483.6,12.5,-6.3,-1.3,continúa,unidad_responsable,,,613,,,
16,55.3,68.0,12.7,10.5,18.3,continúa,unidad_responsable,,,132,,,
48,102.8,115.6,12.8,8.7,8.1,continúa,unidad_responsable,,,L6U,,,
47,253.8,266.7,12.9,2.8,1.1,continúa,unidad_responsable,,,EZN,,,
14,27.9,40.9,12.9,11.8,40.7,continúa,unidad_responsable,,,117,,,
47,399.4,412.3,12.9,-3.0,-0.7,continúa,unidad_responsable,,,AYN,,,
12,86.9,99.9,13.0,9.6,10.6,continúa,unidad_responsable,,,I00,,,
35,47.6,60.7,13.1,11.1,22.5,continúa,unidad_responsable,,,113,,,
55,0.0,13.1,13.1,13.1,inf,aparece,unidad_responsable,,,320,,,
27,0.0,13.1,13.1,13.1,inf,aparece,unidad_responsable,,,300,,,
06,48.4,61.5,13.1,11.2,22.2,continúa,unidad_responsable,,,500,,,
08,0.0,13.2,13.2,13.2,inf,aparece,unidad_responsable,,,924,,,
48,87.5,100.7,13.2,9.7,10.7,continúa,unidad_responsable,,,F00,,,
08,37.0,50.3,13.3,11.8,30.6,continúa,unidad_responsable,,,100,,,
35,37.9,51.2,13.3,11.8,29.8,continúa,unidad_responsable,,,123,,,
12,248.8,262.2,13.4,3.4,1.3,continúa,unidad_responsable,,,NCH,,,
27,0.0,13.4,13.4,13.4,inf,aparece,unidad_responsable,,,252,,,
10,31.9,45.3,13.4,12.1,36.6,continúa,unidad_responsable,,,700,,,
55,0.0,13.6,13.6,13.6,inf,aparece,unidad_responsable,,,310,,,
49,0.0,14.0,14.0,14.0,inf,aparece,unidad_responsable,,,230,,,
16,40.0,54.1,14.1,12.5,30.1,continúa,unidad_responsable,,,112,,,
13,43.8,57.9,14.1,12.4,27.1,continúa,unidad_responsable,,,411,,,
49,0.0,14.2,14.2,14.2,inf,aparece,unidad_responsable,,,701,,,
04,55.6,70.0,14.5,12.2,21.1,continúa,unidad_responsable,,,130,,,
09,0.0,14.5,14.5,14.5,inf,aparece,unidad_responsable,,,217,,,
27,0.0,14.5,14.5,14.5,inf,aparece,unidad_responsable,,,232,,,
14,22.6,37.2,14.6,13.7,58.0,continúa,unidad_responsable,,,630,,,
27,0.0,14.7,14.7,14.7,inf,aparece,unidad_responsable,,,231,,,
14,30.0,44.7,14.7,13.5,43.4,continúa,unidad_responsable,,,511,,,
49,19.1,34.1,14.9,14.2,71.1,continúa,unidad_responsable,,,630,,,
18,171.9,186.8,14.9,8.1,4.5,continúa,unidad_responsable,,,E00,,,
11,899.2,914.1,14.9,-21.0,-2.2,continúa,unidad_responsable,,,312,,,
06,36.8,51.7,14.9,13.5,35.2,continúa,unidad_responsable,,,700,,,
12,58.7,73.7,14.9,12.6,20.6,continúa,unidad_responsable,,,300,,,
54,46.1,61.0,14.9,13.1,27.4,continúa,unidad_responsable,,,120,,,
18,0.0,15.2,15.2,15.2,inf,aparece,unidad_responsable,,,123,,,
16,23.9,39.3,15.4,14.4,57.9,continúa,unidad_responsable,,,513,,,
12,94.4,109.8,15.5,11.7,11.9,continúa,unidad_responsable,,,510,,,
38,135.2,150.7,15.5,10.1,7.2,continúa,unidad_responsable,,,91K,,,
27,0.0,15.7,15.7,15.7,inf,aparece,unidad_responsable,,,434,,,
38,129.2,145.2,16.0,10.8,8.0,continúa,unidad_responsable,,,90K,,,
16,3.4,19.4,16.0,15.9,446.9,continúa,unidad_responsable,,,811,,,
11,241.5,257.7,16.2,6.5,2.6,continúa,unidad_responsable,,,414,,,
15,22.9,39.2,16.2,15.3,64.3,continúa,unidad_responsable,,,516,,,
48,23.1,39.5,16.4,15.5,64.3,continúa,unidad_responsable,,,110,,,
05,302.9,319.4,16.5,4.4,1.4,continúa,unidad_responsable,,,610,,,
11,0.0,16.6,16.6,16.6,inf,aparece,unidad_responsable,,,119,,,
36,80.6,97.2,16.6,13.4,15.9,continúa,unidad_responsable,,,E00,,,
38,326.2,343.0,16.8,3.8,1.1,continúa,unidad_responsable,,,90Y,,,
21,0.0,16.8,16.8,16.8,inf,aparece,unidad_responsable,,,814,,,
05,126.8,143.7,16.9,11.8,9.0,continúa,unidad_responsable,,,614,,,
13,0.0,16.9,16.9,16.9,inf,aparece,unidad_responsable,,,420,,,
18,0.0,17.0,17.0,17.0,inf,aparece,unidad_responsable,,,131,,,
10,165.4,182.5,17.1,10.5,6.1,continúa,unidad_responsable,,,511,,,
27,0.0,17.1,17.1,17.1,inf,aparece,unidad_responsable,,,210,,,
12,297.6,315.0,17.4,5.5,1.8,continúa,unidad_responsable,,,310,,,
27,10.4,27.8,17.4,17.0,157.0,continúa,unidad_responsable,,,400,,,
14,323.8,341.2,17.4,4.5,1.3,continúa,unidad_responsable,,,310,,,
16,41.0,58.4,17.4,15.8,37.0,continúa,unidad_responsable,,,615,,,
06,25.3,42.8,17.4,16.4,62.3,continúa,unidad_responsable,,,418,,,
05,0.0,17.4,17.4,17.4,inf,aparece,unidad_responsable,,,904,,,
27,0.0,17.5,17.5,17.5,inf,aparece,unidad_responsable,,,262,,,
27,0.0,18.0,18.0,18.0,inf,aparece,unidad_responsable,,,241,,,
49,0.0,18.0,18.0,18.0,inf,aparece,unidad_responsable,,,832,,,
18,161.3,179.3,18.1,11.6,6.9,continúa,unidad_responsable,,,A00,,,
11,56.3,74.5,18.2,15.9,27.2,continúa,unidad_responsable,,,171,,,
16,17.2,35.5,18.3,17.7,98.7,continúa,unidad_responsable,,,120,,,
27,0.0,18.4,18.4,18.4,inf,aparece,unidad_responsable,,,610,,,
27,0.0,18.7,18.7,18.7,inf,aparece,unidad_responsable,,,211,,,
49,26.5,45.3,18.8,17.8,64.4,continúa,unidad_responsable,,,620,,,
11,201.2,220.0,18.8,10.8,5.2,continúa,unidad_responsable,,,400,,,
11,157.7,176.6,18.8,12.5,7.6,continúa,unidad_responsable,,,710,,,
12,0.0,19.0,19.0,19.0,inf,aparece,unidad_responsable,,,616,,,
16,50.2,69.3,19.1,17.0,32.6,continúa,unidad_responsable,,,511,,,
08,263.7,282.8,19.1,8.5,3.1,continúa,unidad_responsable,,,I6L,,,
10,9.7,28.8,19.1,18.8,186.0,continúa,unidad_responsable,,,190,,,
18,17.6,36.8,19.2,18.5,101.3,continúa,unidad_responsable,,,412,,,
27,0.0,19.3,19.3,19.3,inf,aparece,unidad_responsable,,,433,,,
38,385.3,404.7,19.5,4.1,1.0,continúa,unidad_responsable,,,91C,,,
18,0.0,19.5,19.5,19.5,inf,aparece,unidad_responsable,,,414,,,
12,16.9,36.5,19.6,18.9,107.3,continúa,unidad_responsable,,,600,,,
49,0.0,19.6,19.6,19.6,inf,aparece,unidad_responsable,,,710,,,
27,0.0,19.8,19.8,19.8,inf,aparece,unidad_responsable,,,233,,,
18,27.1,47.1,19.9,18.8,66.8,continúa,unidad_responsable,,,411,,,
27,65.1,85.1,20.0,17.4,25.6,continúa,unidad_responsable,,,830,,,
16,41.9,62.0,20.1,18.4,42.2,continúa,unidad_responsable,,,616,,,
06,0.0,20.3,20.3,20.3,inf,aparece,unidad_responsable,,,300,,,
27,0.0,20.3,20.3,20.3,inf,aparece,unidad_responsable,,,212,,,
27,0.0,20.4,20.4,20.4,inf,aparece,unidad_responsable,,,263,,,
49,0.0,20.7,20.7,20.7,inf,aparece,unidad_responsable,,,610,,,
38,165.5,186.2,20.7,14.1,8.2,continúa,unidad_responsable,,,91W,,,
18,13.6,34.8,21.2,20.6,145.9,continúa,unidad_responsable,,,311,,,
49,30.7,51.9,21.3,20.0,62.8,continúa,unidad_responsable,,,380,,,
27,0.0,21.3,21.3,21.3,inf,aparece,unidad_responsable,,,261,,,
27,0.0,21.5,21.5,21.5,inf,aparece,unidad_responsable,,,432,,,
38,432.7,454.5,21.8,4.5,1.0,continúa,unidad_responsable,,,90M,,,
15,24.1,45.9,21.8,20.9,83.2,continúa,unidad_responsable,,,211,,,
22,32.0,53.9,21.8,20.6,61.7,continúa,unidad_responsable,,,122,,,
38,51.2,74.1,22.9,20.9,39.2,continúa,unidad_responsable,,,340,,,
38,357.7,380.8,23.1,8.7,2.4,continúa,unidad_responsable,,,91Q,,,
36,0.0,23.1,23.1,23.1,inf,aparece,unidad_responsable,,,280,,,
38,11.8,35.1,23.3,22.8,185.8,continúa,unidad_responsable,,,620,,,
49,0.0,23.3,23.3,23.3,inf,aparece,unidad_responsable,,,272,,,
16,61.8,85.3,23.4,20.9,32.6,continúa,unidad_responsable,,,109,,,
27,0.0,23.4,23.4,23.4,inf,aparece,unidad_responsable,,,251,,,
16,13.2,36.7,23.6,23.1,168.4,continúa,unidad_responsable,,,115,,,
16,24.5,48.4,23.9,22.9,89.7,continúa,unidad_responsable,,,111,,,
22,72.7,96.8,24.1,21.2,28.0,continúa,unidad_responsable,,,106,,,
49,0.0,24.2,24.2,24.2,inf,aparece,unidad_responsable,,,250,,,
08,0.0,24.6,24.6,24.6,inf,aparece,unidad_responsable,,,253,,,
16,13.6,38.4,24.8,24.2,171.1,continúa,unidad_responsable,,,500,,,
27,0.0,24.9,24.9,24.9,inf,aparece,unidad_responsable,,,224,,,
16,53.6,78.5,24.9,22.8,40.9,continúa,unidad_responsable,,,600,,,
27,0.0,25.0,25.0,25.0,inf,aparece,unidad_responsable,,,223,,,
27,0.0,25.2,25.2,25.2,inf,aparece,unidad_responsable,,,221,,,
08,0.0,25.2,25.2,25.2,inf,aparece,unidad_responsable,,,900,,,
38,218.6,243.9,25.3,16.5,7.3,continúa,unidad_responsable,,,90U,,,
27,0.0,25.3,25.3,25.3,inf,aparece,unidad_responsable,,,222,,,
04,121.4,146.7,25.3,20.4,16.2,continúa,unidad_responsable,,,813,,,
12,73.1,98.7,25.6,22.7,29.8,continúa,unidad_responsable,,,111,,,
22,38.8,64.4,25.6,24.1,59.7,continúa,unidad_responsable,,,105,,,
04,29.0,54.7,25.7,24.5,81.2,continúa,unidad_responsable,,,230,,,
16,23.5,49.4,25.9,24.9,102.0,continúa,unidad_responsable,,,100,,,
27,0.0,26.0,26.0,26.0,inf,aparece,unidad_responsable,,,800,,,
49,120.0,146.7,26.6,21.8,17.5,continúa,unidad_responsable,,,170,,,
35,96.3,123.1,26.7,22.9,22.8,continúa,unidad_responsable,,,125,,,
08,188.0,214.8,26.9,19.4,9.9,continúa,unidad_responsable,,,513,,,
38,207.1,234.0,26.9,18.6,8.6,continúa,unidad_responsable,,,90S,,,
22,183.5,210.6,27.1,19.7,10.3,continúa,unidad_responsable,,,107,,,
38,219.6,246.9,27.3,18.5,8.1,continúa,unidad_responsable,,,91S,,,
49,0.0,27.4,27.4,27.4,inf,aparece,unidad_responsable,,,389,,,
27,0.0,27.6,27.6,27.6,inf,aparece,unidad_responsable,,,530,,,
49,0.0,27.8,27.8,27.8,inf,aparece,unidad_responsable,,,366,,,
49,0.0,28.0,28.0,28.0,inf,aparece,unidad_responsable,,,361,,,
12,0.0,28.0,28.0,28.0,inf,aparece,unidad_responsable,,,317,,,
08,10.7,39.2,28.5,28.1,253.0,continúa,unidad_responsable,,,200,,,
05,0.0,28.5,28.5,28.5,inf,aparece,unidad_responsable,,,160,,,
49,19.4,48.0,28.6,27.8,137.7,continúa,unidad_responsable,,,430,,,
49,0.0,28.8,28.8,28.8,inf,aparece,unidad_responsable,,,181,,,
38,226.6,255.5,28.9,19.9,8.4,continúa,unidad_responsable,,,90I,,,
37,41.1,70.2,29.1,27.4,64.1,continúa,unidad_responsable,,,114,,,
11,427.9,457.0,29.1,12.0,2.7,continúa,unidad_responsable,,,L3P,,,
47,401.2,430.7,29.5,13.4,3.2,continúa,unidad_responsable,,,AYL,,,
49,0.0,29.6,29.6,29.6,inf,aparece,unidad_responsable,,,301,,,
13,100.3,130.0,29.7,25.7,24.6,continúa,unidad_responsable,,,AYH,,,
11,0.1,30.0,29.9,29.9,55452.4,continúa,unidad_responsable,,,170,,,
49,0.0,30.2,30.2,30.2,inf,aparece,unidad_responsable,,,391,,,
27,0.0,30.5,30.5,30.5,inf,aparece,unidad_responsable,,,214,,,
49,0.0,30.6,30.6,30.6,inf,aparece,unidad_responsable,,,392,,,
48,139.5,170.2,30.7,25.1,17.3,continúa,unidad_responsable,,,VZG,,,
16,55.8,86.9,31.1,28.8,49.7,continúa,unidad_responsable,,,617,,,
13,82.6,113.9,31.3,28.0,32.6,continúa,unidad_responsable,,,J4V,,,
27,0.0,31.7,31.7,31.7,inf,aparece,unidad_responsable,,,620,,,
36,0.0,31.7,31.7,31.7,inf,aparece,unidad_responsable,,,290,,,
11,883.2,915.0,31.8,-3.5,-0.4,continúa,unidad_responsable,,,515,,,
49,0.0,32.5,32.5,32.5,inf,aparece,unidad_responsable,,,363,,,
10,74.3,106.8,32.6,29.6,38.3,continúa,unidad_responsable,,,100,,,
12,11.1,43.9,32.7,32.3,278.5,continúa,unidad_responsable,,,615,,,
05,384.8,417.7,32.9,17.5,4.4,continúa,unidad_responsable,,,K00,,,
49,0.0,33.0,33.0,33.0,inf,aparece,unidad_responsable,,,182,,,
13,58.5,92.3,33.7,31.4,51.5,continúa,unidad_responsable,,,300,,,
11,96.5,130.3,33.8,30.0,29.9,continúa,unidad_responsable,,,311,,,
38,354.4,388.3,33.9,19.7,5.3,continúa,unidad_responsable,,,90W,,,
49,0.0,34.1,34.1,34.1,inf,aparece,unidad_responsable,,,720,,,
10,58.8,93.2,34.3,32.0,52.3,continúa,unidad_responsable,,,443,,,
08,442.3,477.0,34.7,17.0,3.7,continúa,unidad_responsable,,,RJL,,,
04,407.5,442.3,34.9,18.6,4.4,continúa,unidad_responsable,,,F00,,,
16,17.7,53.1,35.5,34.8,189.4,continúa,unidad_responsable,,,114,,,
49,0.0,35.9,35.9,35.9,inf,aparece,unidad_responsable,,,364,,,
49,0.0,35.9,35.9,35.9,inf,aparece,unidad_responsable,,,410,,,
10,64.5,101.0,36.5,33.9,50.5,continúa,unidad_responsable,,,470,,,
22,59.9,96.5,36.6,34.2,54.9,continúa,unidad_responsable,,,123,,,
18,1154.1,1190.7,36.7,-9.5,-0.8,continúa,unidad_responsable,,,211,,,
04,167.9,204.8,36.8,30.1,17.2,continúa,unidad_responsable,,,810,,,
13,30.8,67.8,37.0,35.8,111.8,continúa,unidad_responsable,,,114,,,
49,0.0,37.1,37.1,37.1,inf,aparece,unidad_responsable,,,378,,,
04,299.6,336.9,37.3,25.3,8.1,continúa,unidad_responsable,,,270,,,
11,551.3,588.8,37.5,15.4,2.7,continúa,unidad_responsable,,,B01,,,
11,0.0,37.6,37.6,37.6,1807343.7,continúa,unidad_responsable,,,112,,,
49,0.0,37.8,37.8,37.8,inf,aparece,unidad_responsable,,,383,,,
55,0.0,38.2,38.2,38.2,inf,aparece,unidad_responsable,,,330,,,
14,84.7,123.1,38.4,35.0,39.7,continúa,unidad_responsable,,,510,,,
20,270.9,309.3,38.4,27.6,9.8,continúa,unidad_responsable,,,412,,,
14,65.3,103.8,38.5,35.9,52.8,continúa,unidad_responsable,,,VUY,,,
16,159.3,198.2,38.9,32.6,19.7,continúa,unidad_responsable,,,RJJ,,,
38,441.2,480.5,39.4,21.7,4.7,continúa,unidad_responsable,,,91E,,,
14,55.5,95.1,39.6,37.4,64.8,continúa,unidad_responsable,,,100,,,
49,0.0,39.9,39.9,39.9,inf,aparece,unidad_responsable,,,384,,,
36,0.0,40.5,40.5,40.5,inf,aparece,unidad_responsable,,,270,,,
36,0.0,40.7,40.7,40.7,inf,aparece,unidad_responsable,,,260,,,
49,29.1,69.8,40.8,39.6,131.0,continúa,unidad_responsable,,,320,,,
49,0.0,41.1,41.1,41.1,inf,aparece,unidad_responsable,,,382,,,
13,0.0,41.5,41.5,41.5,inf,aparece,unidad_responsable,,,410,,,
36,34.4,75.9,41.5,40.1,112.2,continúa,unidad_responsable,,,100,,,
13,0.0,41.8,41.8,41.8,inf,aparece,unidad_responsable,,,423,,,
49,0.0,42.4,42.4,42.4,inf,aparece,unidad_responsable,,,387,,,
38,357.2,400.8,43.6,29.4,7.9,continúa,unidad_responsable,,,9ZU,,,
11,356.3,400.0,43.7,29.5,8.0,continúa,unidad_responsable,,,K00,,,
16,192.8,237.2,44.4,36.7,18.3,continúa,unidad_responsable,,,RJE,,,
49,0.0,44.6,44.6,44.6,inf,aparece,unidad_responsable,,,271,,,
49,0.0,44.8,44.8,44.8,inf,aparece,unidad_responsable,,,377,,,
05,0.0,44.8,44.8,44.8,inf,aparece,unidad_responsable,,,903,,,
02,0.0,45.2,45.2,45.2,inf,aparece,unidad_responsable,,,144,,,
14,167.9,213.2,45.3,38.6,22.1,continúa,unidad_responsable,,,A00,,,
36,0.0,45.7,45.7,45.7,inf,aparece,unidad_responsable,,,144,,,
12,74.9,120.8,45.9,42.9,55.0,continúa,unidad_responsable,,,511,,,
49,0.0,46.0,46.0,46.0,inf,aparece,unidad_responsable,,,373,,,
11,15.5,61.6,46.1,45.4,281.8,continúa,unidad_responsable,,,715,,,
22,165.6,211.7,46.2,39.5,23.0,continúa,unidad_responsable,,,103,,,
49,0.0,46.2,46.2,46.2,inf,aparece,unidad_responsable,,,372,,,
38,308.5,354.8,46.3,34.0,10.6,continúa,unidad_responsable,,,90Q,,,
20,81.9,128.6,46.6,43.4,50.9,continúa,unidad_responsable,,,411,,,
49,6.2,53.1,46.8,46.6,718.8,continúa,unidad_responsable,,,120,,,
05,4.6,52.2,47.6,47.4,990.1,continúa,unidad_responsable,,,313,,,
13,41.1,88.8,47.7,46.0,107.7,continúa,unidad_responsable,,,200,,,
49,0.0,47.8,47.8,47.8,inf,aparece,unidad_responsable,,,381,,,
38,411.8,459.8,47.9,31.5,7.3,continúa,unidad_responsable,,,91U,,,
08,0.0,48.0,48.0,48.0,inf,aparece,unidad_responsable,,,120,,,
27,0.0,49.6,49.6,49.6,inf,aparece,unidad_responsable,,,213,,,
20,171.1,221.0,49.8,43.0,24.1,continúa,unidad_responsable,,,L00,,,
22,112.0,163.2,51.2,46.7,40.1,continúa,unidad_responsable,,,124,,,
04,56.9,108.2,51.2,49.0,82.7,continúa,unidad_responsable,,,200,,,
36,0.0,52.5,52.5,52.5,inf,aparece,unidad_responsable,,,134,,,
49,0.0,52.6,52.6,52.6,inf,aparece,unidad_responsable,,,371,,,
12,502.2,554.9,52.7,32.6,6.3,continúa,unidad_responsable,,,M7F,,,
49,0.0,53.7,53.7,53.7,inf,aparece,unidad_responsable,,,365,,,
13,45.4,99.3,53.9,52.1,110.4,continúa,unidad_responsable,,,412,,,
06,0.0,54.2,54.2,54.2,inf,aparece,unidad_responsable,,,421,,,
16,18.0,72.3,54.3,53.6,285.9,continúa,unidad_responsable,,,416,,,
11,819.3,875.1,55.7,22.9,2.7,continúa,unidad_responsable,,,L8K,,,
16,353.5,409.9,56.5,42.3,11.5,continúa,unidad_responsable,,,G00,,,
18,31.7,88.9,57.2,55.9,169.5,continúa,unidad_responsable,,,112,,,
31,199.5,257.5,58.0,50.0,24.1,continúa,unidad_responsable,,,100,,,
12,557.5,616.1,58.5,36.2,6.3,continúa,unidad_responsable,,,NDY,,,
47,1171.5,1230.0,58.6,11.7,1.0,continúa,unidad_responsable,,,AYJ,,,
18,35.2,94.2,59.0,57.6,157.4,continúa,unidad_responsable,,,300,,,
49,0.0,59.1,59.1,59.1,inf,aparece,unidad_responsable,,,362,,,
22,229.2,288.3,59.1,50.0,21.0,continúa,unidad_responsable,,,102,,,
14,57.8,117.7,60.0,57.7,96.0,continúa,unidad_responsable,,,512,,,
11,889.8,950.3,60.5,24.9,2.7,continúa,unidad_responsable,,,L00,,,
12,576.2,636.7,60.5,37.5,6.2,continúa,unidad_responsable,,,K00,,,
49,0.0,61.1,61.1,61.1,inf,aparece,unidad_responsable,,,376,,,
49,0.0,61.4,61.4,61.4,inf,aparece,unidad_responsable,,,367,,,
36,0.0,61.9,61.9,61.9,inf,aparece,unidad_responsable,,,250,,,
36,1438.4,1501.4,63.0,5.5,0.4,continúa,unidad_responsable,,,G00,,,
49,109.6,173.9,64.2,59.8,52.5,continúa,unidad_responsable,,,140,,,
36,0.0,64.2,64.2,64.2,inf,aparece,unidad_responsable,,,400,,,
04,0.0,64.5,64.5,64.5,inf,aparece,unidad_responsable,,,532,,,
49,481.8,546.3,64.6,45.3,9.0,continúa,unidad_responsable,,,600,,,
18,496.6,561.2,64.6,44.7,8.7,continúa,unidad_responsable,,,T0Q,,,
04,0.0,64.9,64.9,64.9,inf,aparece,unidad_responsable,,,531,,,
38,475.3,540.8,65.5,46.5,9.4,continúa,unidad_responsable,,,9ZY,,,
49,78.2,143.9,65.7,62.5,76.8,continúa,unidad_responsable,,,160,,,
38,21.6,88.2,66.6,65.7,292.7,continúa,unidad_responsable,,,530,,,
20,282.5,349.2,66.7,55.4,18.9,continúa,unidad_responsable,,,V3A,,,
13,0.0,67.5,67.5,67.5,inf,aparece,unidad_responsable,,,422,,,
18,78.1,146.2,68.1,64.9,79.9,continúa,unidad_responsable,,,100,,,
36,4.4,72.6,68.2,68.0,1481.9,continúa,unidad_responsable,,,210,,,
49,33.6,102.1,68.4,67.1,191.7,continúa,unidad_responsable,,,920,,,
49,0.0,68.8,68.8,68.8,inf,aparece,unidad_responsable,,,385,,,
49,0.0,70.5,70.5,70.5,inf,aparece,unidad_responsable,,,390,,,
11,1074.2,1144.9,70.7,27.7,2.5,continúa,unidad_responsable,,,500,,,
04,11.3,82.3,71.0,70.5,597.9,continúa,unidad_responsable,,,500,,,
49,0.0,71.0,71.0,71.0,inf,aparece,unidad_responsable,,,368,,,
49,0.0,71.0,71.0,71.0,inf,aparece,unidad_responsable,,,386,,,
36,0.0,71.1,71.1,71.1,inf,aparece,unidad_responsable,,,281,,,
38,526.1,597.5,71.4,50.4,9.2,continúa,unidad_responsable,,,90O,,,
21,922.2,994.7,72.6,35.7,3.7,continúa,unidad_responsable,,,W3N,,,
08,3782.6,3855.1,72.6,-78.7,-2.0,continúa,unidad_responsable,,,A1I,,,
54,327.6,400.5,73.0,59.8,17.6,continúa,unidad_responsable,,,400,,,
49,0.0,75.0,75.0,75.0,inf,aparece,unidad_responsable,,,388,,,
04,39.6,115.6,76.1,74.5,181.0,continúa,unidad_responsable,,,900,,,
15,53.7,130.3,76.6,74.4,133.3,continúa,unidad_responsable,,,412,,,
08,0.0,76.7,76.7,76.7,inf,aparece,unidad_responsable,,,922,,,
11,1148.3,1226.4,78.1,32.2,2.7,continúa,unidad_responsable,,,A00,,,
27,0.0,79.2,79.2,79.2,inf,aparece,unidad_responsable,,,820,,,
38,620.4,700.5,80.1,55.3,8.6,continúa,unidad_responsable,,,9ZW,,,
49,0.0,80.8,80.8,80.8,inf,aparece,unidad_responsable,,,379,,,
11,0.0,81.1,81.1,81.1,inf,aparece,unidad_responsable,,,178,,,
13,57.5,141.3,83.8,81.5,136.2,continúa,unidad_responsable,,,117,,,
04,67.2,151.5,84.3,81.6,116.8,continúa,unidad_responsable,,,100,,,
36,0.0,84.4,84.4,84.4,inf,aparece,unidad_responsable,,,430,,,
22,78.2,162.7,84.6,81.4,100.2,continúa,unidad_responsable,,,118,,,
12,151.9,237.2,85.4,79.3,50.2,continúa,unidad_responsable,,,512,,,
08,1806.7,1892.8,86.2,13.9,0.7,continúa,unidad_responsable,,,IZC,,,
48,329.4,415.7,86.3,73.1,21.3,continúa,unidad_responsable,,,MDC,,,
11,211.7,300.0,88.3,79.9,36.3,continúa,unidad_responsable,,,MDE,,,
11,0.0,89.0,89.0,89.0,inf,aparece,unidad_responsable,,,109,,,
16,56.5,146.3,89.8,87.5,148.9,continúa,unidad_responsable,,,417,,,
12,857.7,947.8,90.1,55.8,6.2,continúa,unidad_responsable,,,M7K,,,
49,0.0,90.8,90.8,90.8,inf,aparece,unidad_responsable,,,375,,,
49,0.0,91.0,91.0,91.0,inf,aparece,unidad_responsable,,,374,,,
11,1343.7,1435.1,91.4,37.6,2.7,continúa,unidad_responsable,,,MGH,,,
01,2822.6,2914.0,91.4,-21.5,-0.7,continúa,unidad_responsable,,,101,,,
22,105.7,197.5,91.8,87.6,79.7,continúa,unidad_responsable,,,104,,,
49,0.0,92.9,92.9,92.9,inf,aparece,unidad_responsable,,,130,,,
08,42.7,135.7,93.0,91.3,205.5,continúa,unidad_responsable,,,117,,,
49,0.0,93.3,93.3,93.3,inf,aparece,unidad_responsable,,,931,,,
36,0.0,93.4,93.4,93.4,inf,aparece,unidad_responsable,,,420,,,
16,92.9,187.8,94.9,91.2,94.4,continúa,unidad_responsable,,,400,,,
36,0.0,95.1,95.1,95.1,inf,aparece,unidad_responsable,,,240,,,
38,5.3,102.9,97.6,97.4,1768.1,continúa,unidad_responsable,,,400,,,
22,133.8,233.8,100.0,94.6,68.0,continúa,unidad_responsable,,,108,,,
11,3105.4,3205.6,100.2,-24.0,-0.7,continúa,unidad_responsable,,,MEY,,,
36,0.0,100.8,100.8,100.8,inf,aparece,unidad_responsable,,,410,,,
49,0.0,102.7,102.7,102.7,inf,aparece,unidad_responsable,,,270,,,
49,0.0,107.7,107.7,107.7,inf,aparece,unidad_responsable,,,183,,,
38,33.7,141.4,107.7,106.3,303.1,continúa,unidad_responsable,,,520,,,
12,2695.0,2802.8,107.8,0.0,0.0,continúa,unidad_responsable,,,L00,,,
11,0.0,107.8,107.8,107.8,inf,aparece,unidad_responsable,,,316,,,
49,0.0,108.1,108.1,108.1,inf,aparece,unidad_responsable,,,821,,,
32,1777.6,1887.3,109.7,38.6,2.1,continúa,unidad_responsable,,,110,,,
49,650.6,761.9,111.3,85.3,12.6,continúa,unidad_responsable,,,400,,,
12,164.5,278.3,113.8,107.3,62.7,continúa,unidad_responsable,,,172,,,
08,5086.1,5200.5,114.4,-89.0,-1.7,continúa,unidad_responsable,,,B00,,,
11,1727.3,1844.8,117.5,48.4,2.7,continúa,unidad_responsable,,,L5X,,,
11,1757.1,1876.6,119.5,49.2,2.7,continúa,unidad_responsable,,,MDA,,,
48,0.0,121.2,121.2,121.2,inf,aparece,unidad_responsable,,,250,,,
13,0.0,122.3,122.3,122.3,inf,aparece,unidad_responsable,,,310,,,
12,2497.2,2622.0,124.9,25.0,1.0,continúa,unidad_responsable,,,NCD,,,
38,0.0,131.1,131.1,131.1,inf,aparece,unidad_responsable,,,91V,,,
12,1260.4,1392.8,132.3,81.9,6.3,continúa,unidad_responsable,,,NDE,,,
08,0.0,133.1,133.1,133.1,inf,aparece,unidad_responsable,,,921,,,
12,492.1,630.0,137.9,118.2,23.1,continúa,unidad_responsable,,,316,,,
16,46.9,184.8,137.9,136.1,278.8,continúa,unidad_responsable,,,618,,,
12,1328.2,1467.7,139.5,86.3,6.3,continúa,unidad_responsable,,,NCK,,,
55,3519.0,3664.1,145.2,4.4,0.1,continúa,unidad_responsable,,,J9E,,,
14,728.1,874.3,146.2,117.1,15.5,continúa,unidad_responsable,,,110,,,
16,15.7,161.9,146.3,145.7,893.9,continúa,unidad_responsable,,,415,,,
12,1394.1,1540.5,146.4,90.6,6.3,continúa,unidad_responsable,,,O00,,,
16,217.6,365.0,147.4,138.7,61.3,continúa,unidad_responsable,,,510,,,
05,0.0,150.5,150.5,150.5,inf,aparece,unidad_responsable,,,901,,,
55,0.0,152.3,152.3,152.3,inf,aparece,unidad_responsable,,,500,,,
16,827.1,981.3,154.2,121.2,14.1,continúa,unidad_responsable,,,E00,,,
49,0.0,155.5,155.5,155.5,inf,aparece,unidad_responsable,,,369,,,
05,1267.2,1429.3,162.0,111.3,8.4,continúa,unidad_responsable,,,411,,,
11,2402.6,2565.9,163.4,67.3,2.7,continúa,unidad_responsable,,,L5N,,,
05,503.5,670.8,167.3,147.2,28.1,continúa,unidad_responsable,,,300,,,
04,171.7,343.0,171.3,164.5,92.1,continúa,unidad_responsable,,,812,,,
11,2564.0,2738.3,174.3,71.8,2.7,continúa,unidad_responsable,,,L6I,,,
49,0.0,181.6,181.6,181.6,inf,aparece,unidad_responsable,,,402,,,
48,135.0,317.3,182.2,176.8,125.9,continúa,unidad_responsable,,,100,,,
18,47.1,238.1,191.0,189.1,385.6,continúa,unidad_responsable,,,400,,,
07,628.3,819.3,191.0,165.9,25.4,continúa,unidad_responsable,,,129,,,
16,2589.7,2781.4,191.8,88.2,3.3,continúa,unidad_responsable,,,RHQ,,,
15,612.7,805.4,192.8,168.3,26.4,continúa,unidad_responsable,,,B00,,,
12,1874.7,2071.6,196.8,121.9,6.2,continúa,unidad_responsable,,,NBB,,,
08,213.7,418.0,204.3,195.8,88.1,continúa,unidad_responsable,,,512,,,
11,16.6,221.1,204.5,203.9,1183.3,continúa,unidad_responsable,,,617,,,
11,55.5,261.1,205.6,203.4,352.5,continúa,unidad_responsable,,,110,,,
12,5150.4,5356.4,206.0,-0.0,-0.0,continúa,unidad_responsable,,,NHK,,,
15,58.6,267.7,209.1,206.8,339.5,continúa,unidad_responsable,,,413,,,
06,472.4,682.1,209.7,190.8,38.8,continúa,unidad_responsable,,,610,,,
11,3100.1,3310.9,210.8,86.8,2.7,continúa,unidad_responsable,,,L4J,,,
12,2081.7,2300.3,218.6,135.3,6.3,continúa,unidad_responsable,,,NCA,,,
48,0.0,221.8,221.8,221.8,inf,aparece,unidad_responsable,,,500,,,
12,2131.8,2355.6,223.8,138.6,6.3,continúa,unidad_responsable,,,Y00,,,
18,128.6,352.5,223.9,218.7,163.5,continúa,unidad_responsable,,,F00,,,
16,87.0,313.3,226.3,222.8,246.2,continúa,unidad_responsable,,,418,,,
08,1289.4,1520.3,230.9,179.3,13.4,continúa,unidad_responsable,,,JAG,,,
07,219.6,457.2,237.6,228.8,100.2,continúa,unidad_responsable,,,141,,,
47,5051.9,5296.1,244.2,42.1,0.8,continúa,unidad_responsable,,,AYB,,,
49,165.0,418.5,253.5,246.9,143.9,continúa,unidad_responsable,,,200,,,
14,96.9,354.6,257.7,253.9,252.0,continúa,unidad_responsable,,,600,,,
15,789.9,1047.8,257.9,226.3,27.6,continúa,unidad_responsable,,,QEZ,,,
12,56.0,315.9,259.9,257.7,442.7,continúa,unidad_responsable,,,112,,,
11,3820.6,4081.6,261.0,108.2,2.7,continúa,unidad_responsable,,,613,,,
12,2560.4,2829.3,268.8,166.4,6.3,continúa,unidad_responsable,,,NAW,,,
13,610.7,881.8,271.1,246.6,38.8,continúa,unidad_responsable,,,119,,,
12,2604.2,2877.7,273.4,169.3,6.3,continúa,unidad_responsable,,,NCZ,,,
07,215.5,492.6,277.1,268.5,119.8,continúa,unidad_responsable,,,136,,,
07,159.3,443.2,284.0,277.6,167.6,continúa,unidad_responsable,,,135,,,
07,220.5,505.3,284.8,276.0,120.4,continúa,unidad_responsable,,,138,,,
12,2263.3,2553.1,289.7,199.2,8.5,continúa,unidad_responsable,,,NBG,,,
07,88.1,380.9,292.8,289.2,315.6,continúa,unidad_responsable,,,139,,,
07,2930.3,3223.6,293.2,176.0,5.8,continúa,unidad_responsable,,,126,,,
07,727.9,1022.5,294.5,265.4,35.1,continúa,unidad_responsable,,,114,,,
07,2665.4,2961.9,296.5,189.9,6.9,continúa,unidad_responsable,,,131,,,
08,2181.0,2483.5,302.4,215.2,9.5,continúa,unidad_responsable,,,I00,,,
11,35.5,338.2,302.7,301.3,816.8,continúa,unidad_responsable,,,410,,,
01,9602.7,9913.2,310.5,-73.6,-0.7,continúa,unidad_responsable,,,100,,,
12,1972.0,2289.4,317.4,238.6,11.6,continúa,unidad_responsable,,,NDF,,,
06,228.6,552.9,324.2,315.1,132.5,continúa,unidad_responsable,,,711,,,
49,0.0,337.7,337.7,337.7,inf,aparece,unidad_responsable,,,960,,,
22,378.7,716.9,338.2,323.0,82.0,continúa,unidad_responsable,,,120,,,
07,916.7,1254.9,338.2,301.5,31.6,continúa,unidad_responsable,,,122,,,
48,0.0,340.1,340.1,340.1,inf,aparece,unidad_responsable,,,260,,,
20,59.4,402.5,343.1,340.7,551.6,continúa,unidad_responsable,,,413,,,
11,5124.8,5473.3,348.5,143.5,2.7,continúa,unidad_responsable,,,L6W,,,
48,100.9,452.4,351.5,347.5,331.2,continúa,unidad_responsable,,,230,,,
49,228.0,580.1,352.1,343.0,144.7,continúa,unidad_responsable,,,900,,,
55,0.0,354.5,354.5,354.5,inf,aparece,unidad_responsable,,,A00,,,
12,4503.4,4871.9,368.4,188.3,4.0,continúa,unidad_responsable,,,160,,,
11,99.6,480.0,380.4,376.4,363.5,continúa,unidad_responsable,,,418,,,
07,2065.6,2451.8,386.2,303.6,14.1,continúa,unidad_responsable,,,127,,,
07,987.6,1382.4,394.7,355.2,34.6,continúa,unidad_responsable,,,130,,,
07,3256.3,3658.6,402.3,272.1,8.0,continúa,unidad_responsable,,,125,,,
07,686.8,1091.9,405.0,377.6,52.9,continúa,unidad_responsable,,,128,,,
07,2085.1,2490.5,405.4,322.0,14.9,continúa,unidad_responsable,,,124,,,
10,0.0,407.3,407.3,407.3,inf,aparece,unidad_responsable,,,K2I,,,
13,107.8,516.5,408.7,404.4,360.8,continúa,unidad_responsable,,,110,,,
07,1835.5,2249.4,413.8,340.4,17.8,continúa,unidad_responsable,,,121,,,
38,163.0,582.6,419.6,413.0,243.6,continúa,unidad_responsable,,,100,,,
07,1146.2,1566.8,420.6,374.7,31.4,continúa,unidad_responsable,,,123,,,
13,190.1,610.7,420.7,413.1,209.0,continúa,unidad_responsable,,,100,,,
12,2233.0,2657.3,424.3,334.9,14.4,continúa,unidad_responsable,,,NBV,,,
22,664.3,1108.2,443.9,417.4,60.4,continúa,unidad_responsable,,,115,,,
36,3863.4,4310.0,446.6,292.1,7.3,continúa,unidad_responsable,,,F00,,,
04,1961.2,2423.5,462.3,383.8,18.8,continúa,unidad_responsable,,,K00,,,
49,1937.6,2412.9,475.3,397.8,19.7,continúa,unidad_responsable,,,300,,,
09,89.8,577.7,487.9,484.4,518.7,continúa,unidad_responsable,,,212,,,
54,352.5,900.1,547.6,533.5,145.5,continúa,unidad_responsable,,,130,,,
38,1050.0,1598.9,548.9,506.9,46.4,continúa,unidad_responsable,,,92M,,,
05,1297.6,1849.8,552.2,500.3,37.1,continúa,unidad_responsable,,,400,,,
12,2747.9,3311.1,563.2,453.3,15.9,continúa,unidad_responsable,,,NCG,,,
49,0.0,569.6,569.6,569.6,inf,aparece,unidad_responsable,,,950,,,
48,0.0,580.0,580.0,580.0,inf,aparece,unidad_responsable,,,240,,,
12,790.3,1373.3,583.0,551.4,67.1,continúa,unidad_responsable,,,S00,,,
16,1002.3,1590.8,588.5,548.4,52.6,continúa,unidad_responsable,,,F00,,,
22,1558.5,2169.6,611.1,548.8,33.9,continúa,unidad_responsable,,,200,,,
27,0.0,626.4,626.4,626.4,inf,aparece,unidad_responsable,,,420,,,
48,0.0,642.4,642.4,642.4,inf,aparece,unidad_responsable,,,270,,,
12,5176.7,5843.7,667.0,460.0,8.5,continúa,unidad_responsable,,,NBD,,,
22,1384.3,2064.6,680.4,625.0,43.4,continúa,unidad_responsable,,,111,,,
13,12367.8,13049.0,681.2,186.5,1.5,continúa,unidad_responsable,,,115,,,
07,2073.1,2759.2,686.2,603.2,28.0,continúa,unidad_responsable,,,112,,,
11,10090.8,10776.9,686.2,282.5,2.7,continúa,unidad_responsable,,,A2M,,,
12,4836.6,5544.5,707.8,514.4,10.2,continúa,unidad_responsable,,,R00,,,
11,396.2,1128.3,732.1,716.3,173.8,continúa,unidad_responsable,,,713,,,
20,4171.9,4909.7,737.8,570.9,13.2,continúa,unidad_responsable,,,112,,,
22,1022.1,1760.4,738.3,697.4,65.6,continúa,unidad_responsable,,,109,,,
07,111.5,881.9,770.5,766.0,660.9,continúa,unidad_responsable,,,HZK,,,
11,11260.8,12032.5,771.7,321.3,2.7,continúa,unidad_responsable,,,610,,,
07,2902.9,3680.7,777.9,661.7,21.9,continúa,unidad_responsable,,,115,,,
12,0.0,812.6,812.6,812.6,inf,aparece,unidad_responsable,,,617,,,
14,25173.0,25999.5,826.5,-180.5,-0.7,continúa,unidad_responsable,,,320,,,
07,1060.4,1912.2,851.8,809.4,73.4,continúa,unidad_responsable,,,113,,,
13,0.0,900.4,900.4,900.4,inf,aparece,unidad_responsable,,,210,,,
11,3062.3,4000.0,937.7,815.2,25.6,continúa,unidad_responsable,,,L6J,,,
48,4613.4,5603.5,990.0,805.5,16.8,continúa,unidad_responsable,,,D00,,,
48,3943.0,4939.6,996.6,838.9,20.5,continúa,unidad_responsable,,,E00,,,
15,33474.9,34487.9,1013.0,-326.0,-0.9,continúa,unidad_responsable,,,QCW,,,
11,985.8,2000.0,1014.2,974.8,95.1,continúa,unidad_responsable,,,616,,,
19,9504.2,10551.5,1047.3,667.2,6.7,continúa,unidad_responsable,,,HXA,,,
38,275.0,1394.5,1119.5,1108.5,387.5,continúa,unidad_responsable,,,300,,,
11,5650.7,6785.2,1134.5,908.4,15.5,continúa,unidad_responsable,,,514,,,
48,35.2,1174.4,1139.2,1137.8,3110.4,continúa,unidad_responsable,,,400,,,
49,18.7,1220.1,1201.4,1200.6,6178.2,continúa,unidad_responsable,,,910,,,
22,909.7,2113.0,1203.2,1166.8,123.3,continúa,unidad_responsable,,,116,,,
49,0.0,1239.0,1239.0,1239.0,inf,aparece,unidad_responsable,,,940,,,
36,0.0,1267.2,1267.2,1267.2,inf,aparece,unidad_responsable,,,500,,,
14,442.4,1801.7,1359.3,1341.6,291.6,continúa,unidad_responsable,,,PBE,,,
13,0.0,1434.4,1434.4,1434.4,inf,aparece,unidad_responsable,,,421,,,
36,184.9,1636.3,1451.4,1444.0,751.0,continúa,unidad_responsable,,,141,,,
05,0.0,1556.9,1556.9,1556.9,inf,aparece,unidad_responsable,,,900,,,
13,992.3,2623.2,1630.8,1591.1,154.2,continúa,unidad_responsable,,,216,,,
38,21.3,1737.4,1716.1,1715.2,7749.6,continúa,unidad_responsable,,,210,,,
07,812.1,2535.9,1723.8,1691.3,200.3,continúa,unidad_responsable,,,143,,,
49,101.9,1847.1,1745.2,1741.2,1643.3,continúa,unidad_responsable,,,820,,,
12,5357.5,7278.4,1920.9,1706.6,30.6,continúa,unidad_responsable,,,610,,,
11,22265.9,24208.9,1943.0,1052.4,4.5,continúa,unidad_responsable,,,611,,,
49,0.0,2015.7,2015.7,2015.7,inf,aparece,unidad_responsable,,,930,,,
22,668.9,2715.9,2047.0,2020.2,290.4,continúa,unidad_responsable,,,113,,,
13,23051.6,25147.0,2095.4,1173.3,4.9,continúa,unidad_responsable,,,J3L,,,
07,6926.2,9142.8,2216.6,1939.5,26.9,continúa,unidad_responsable,,,116,,,
22,7103.9,9327.8,2223.9,1939.7,26.3,continúa,unidad_responsable,,,112,,,
11,53748.5,56006.0,2257.4,107.5,0.2,continúa,unidad_responsable,,,A3Q,,,
11,22385.2,24735.6,2350.4,1455.0,6.2,continúa,unidad_responsable,,,M00,,,
11,331.5,2751.7,2420.2,2406.9,698.1,continúa,unidad_responsable,,,712,,,
07,0.0,2554.1,2554.1,2554.1,inf,aparece,unidad_responsable,,,149,,,
09,65.5,2759.7,2694.1,2691.5,3949.1,continúa,unidad_responsable,,,626,,,
11,22472.4,25195.5,2723.1,1824.3,7.8,continúa,unidad_responsable,,,B00,,,
38,25318.4,28069.0,2750.6,1737.8,6.6,continúa,unidad_responsable,,,220,,,
13,2982.7,5748.3,2765.6,2646.3,85.3,continúa,unidad_responsable,,,312,,,
16,36689.1,39797.4,3108.3,1640.7,4.3,continúa,unidad_responsable,,,B00,,,
07,9757.6,12930.4,3172.8,2782.5,27.4,continúa,unidad_responsable,,,111,,,
25,54484.9,57779.0,3294.1,1114.7,2.0,continúa,unidad_responsable,,,C00,,,
13,625.1,3935.4,3310.3,3285.3,505.3,continúa,unidad_responsable,,,118,,,
49,82.2,3516.0,3433.9,3430.6,4014.0,continúa,unidad_responsable,,,810,,,
13,4085.1,7634.4,3549.3,3385.9,79.7,continúa,unidad_responsable,,,311,,,
13,2357.0,6210.8,3853.8,3759.5,153.4,continúa,unidad_responsable,,,211,,,
36,3472.5,8159.5,4687.0,4548.1,125.9,continúa,unidad_responsable,,,142,,,
08,4611.5,9888.9,5277.4,5092.9,106.2,continúa,unidad_responsable,,,VST,,,
11,25928.5,31790.3,5861.8,4824.6,17.9,continúa,unidad_responsable,,,600,,,
07,19482.2,25444.4,5962.1,5182.8,25.6,continúa,unidad_responsable,,,120,,,
13,1663.0,7851.6,6188.7,6122.2,354.0,continúa,unidad_responsable,,,113,,,
25,30697.5,37764.0,7066.5,5838.6,18.3,continúa,unidad_responsable,,,700,,,
11,186134.9,193819.0,7684.1,238.7,0.1,continúa,unidad_responsable,,,O00,,,
07,23492.8,31486.6,7993.8,7054.1,28.9,continúa,unidad_responsable,,,148,,,
24,1297681.1,1306035.6,8354.5,-43552.8,-3.2,continúa,unidad_responsable,,,210,,,
11,11187.6,19576.3,8388.6,7941.1,68.3,continúa,unidad_responsable,,,700,,,
09,80.9,8588.0,8507.1,8503.8,10107.9,continúa,unidad_responsable,,,635,,,
11,74958.8,83552.9,8594.0,5595.7,7.2,continúa,unidad_responsable,,,511,,,
07,10511.7,19876.5,9364.9,8944.4,81.8,continúa,unidad_responsable,,,110,,,
30,70855.7,81400.4,10544.7,7710.5,10.5,continúa,unidad_responsable,,,411,,,
22,7704.1,18268.1,10564.0,10255.9,128.0,continúa,unidad_responsable,,,300,,,
07,8801.8,19618.3,10816.5,10464.5,114.3,continúa,unidad_responsable,,,132,,,
08,0.0,11866.9,11866.9,11866.9,inf,aparece,unidad_responsable,,,923,,,
36,11.1,12684.4,12673.3,12672.9,109888.9,continúa,unidad_responsable,,,200,,,
08,6.6,17002.9,16996.3,16996.1,248526.0,continúa,unidad_responsable,,,222,,,
08,0.0,17005.7,17005.7,17005.7,inf,aparece,unidad_responsable,,,221,,,
09,76.5,17368.7,17292.2,17289.1,21721.8,continúa,unidad_responsable,,,710,,,
11,194.2,18746.7,18552.5,18544.8,9182.1,continúa,unidad_responsable,,,711,,,
19,438605.3,459027.1,20421.8,2877.6,0.6,continúa,unidad_responsable,,,GYN,,,
56,172492.4,193987.2,21494.8,14595.1,8.1,continúa,unidad_responsable,,,AYO,,,
20,627055.0,648731.7,21676.7,-3405.5,-0.5,continúa,unidad_responsable,,,201,,,
34,35553.4,65906.1,30352.7,28930.6,78.2,continúa,unidad_responsable,,,210,,,
GYN,539020.8,571592.3,32571.5,11010.7,2.0,continúa,unidad_responsable,,,GYN,,,
28,1456045.9,1547607.9,91562.0,33320.1,2.2,continúa,unidad_responsable,,,114,,,
33,1041892.9,1136351.6,94458.7,52782.9,4.9,continúa,unidad_responsable,,,411,,,
19,963347.6,1067087.5,103740.0,65206.1,6.5,continúa,unidad_responsable,,,GYR,,,
09,0.0,108767.7,108767.7,108767.7,inf,aparece,unidad_responsable,,,JZO,,,
GYR,1590308.7,1803009.1,212700.4,149088.1,9.0,continúa,unidad_responsable,,,GYR,,,
,270254.4,85533.7,-184720.6,-195530.8,-69.6,continúa,unidad_responsable_entre_ramos,,,500,,,
,124280.6,32452.0,-91828.6,-96799.9,-74.9,continúa,unidad_responsable_entre_ramos,,,D00,,,
,708200.9,678662.7,-29538.2,-57866.2,-7.9,continúa,unidad_responsable_entre_ramos,,,TYY,,,
,602567.5,575215.6,-27351.9,-51454.6,-8.2,continúa,unidad_responsable_entre_ramos,,,TVV,,,
,20016.2,52.8,-19963.3,-20764.0,-99.7,continúa,unidad_responsable_entre_ramos,,,145,,,
,47681.7,29448.7,-18233.0,-20140.2,-40.6,continúa,unidad_responsable_entre_ramos,,,220,,,
,18216.5,0.0,-18216.5,-18945.1,-100.0,desaparece,unidad_responsable_entre_ramos,,,237,,,
,19238.8,5145.6,-14093.1,-14862.7,-74.3,continúa,unidad_responsable_entre_ramos,,,140,,,
,30744.1,18180.4,-12563.7,-13793.5,-43.1,continúa,unidad_responsable_entre_ramos,,,H0M,,,
,9881.2,2582.9,-7298.3,-7693.6,-74.9,continúa,unidad_responsable_entre_ramos,,,121,,,
,26237.5,20097.8,-6139.7,-7189.2,-26.3,continúa,unidad_responsable_entre_ramos,,,180,,,
,35413.1,29528.3,-5884.8,-7301.3,-19.8,continúa,unidad_responsable_entre_ramos,,,211,,,
,29306.2,24976.6,-4329.6,-5501.8,-18.1,continúa,unidad_responsable_entre_ramos,,,100,,,
,15664.1,13089.4,-2574.7,-3201.2,-19.7,continúa,unidad_responsable_entre_ramos,,,VSS,,,
,2613.5,662.5,-1951.0,-2055.5,-75.6,continúa,unidad_responsable_entre_ramos,,,830,,,
,1618.1,168.6,-1449.5,-1514.2,-90.0,continúa,unidad_responsable_entre_ramos,,,150,,,
,3441.9,2152.0,-1289.9,-1427.6,-39.9,continúa,unidad_responsable_entre_ramos,,,H0C,,,
,1610.9,436.2,-1174.7,-1239.1,-74.0,continúa,unidad_responsable_entre_ramos,,,260,,,
,1082.8,0.0,-1082.8,-1126.1,-100.0,desaparece,unidad_responsable_entre_ramos,,,850,,,
,2633.0,1583.2,-1049.7,-1155.1,-42.2,continúa,unidad_responsable_entre_ramos,,,811,,,
,1089.8,66.1,-1023.7,-1067.3,-94.2,continúa,unidad_responsable_entre_ramos,,,219,,,
,1492.8,482.7,-1010.1,-1069.8,-68.9,continúa,unidad_responsable_entre_ramos,,,800,,,
,1290.1,373.9,-916.3,-967.9,-72.1,continúa,unidad_responsable_entre_ramos,,,146,,,
,776.0,0.0,-776.0,-807.0,-100.0,desaparece,unidad_responsable_entre_ramos,,,J3G,,,
,800.5,32.8,-767.6,-799.7,-96.1,continúa,unidad_responsable_entre_ramos,,,J3C,,,
,744.7,0.0,-744.7,-774.5,-100.0,desaparece,unidad_responsable_entre_ramos,,,HZI,,,
,6049.2,5370.8,-678.3,-920.3,-14.6,continúa,unidad_responsable_entre_ramos,,,117,,,
,567.5,0.0,-567.5,-590.2,-100.0,desaparece,unidad_responsable_entre_ramos,,,870,,,
,523.3,0.0,-523.3,-544.3,-100.0,desaparece,unidad_responsable_entre_ramos,,,J3F,,,
,400.5,0.0,-400.5,-416.5,-100.0,desaparece,unidad_responsable_entre_ramos,,,880,,,
,305.8,34.5,-271.3,-283.6,-89.2,continúa,unidad_responsable_entre_ramos,,,225,,,
,427.1,181.6,-245.5,-262.6,-59.1,continúa,unidad_responsable_entre_ramos,,,T0K,,,
,1058.7,870.3,-188.4,-230.8,-21.0,continúa,unidad_responsable_entre_ramos,,,410,,,
,2276.2,2092.4,-183.9,-274.9,-11.6,continúa,unidad_responsable_entre_ramos,,,313,,,
,264.9,82.6,-182.3,-192.9,-70.0,continúa,unidad_responsable_entre_ramos,,,340,,,
,2847.0,2673.7,-173.2,-287.1,-9.7,continúa,unidad_responsable_entre_ramos,,,310,,,
,219.6,54.3,-165.2,-174.0,-76.2,continúa,unidad_responsable_entre_ramos,,,151,,,
,160.9,0.0,-160.9,-167.3,-100.0,desaparece,unidad_responsable_entre_ramos,,,329,,,
,168.2,36.6,-131.6,-138.3,-79.1,continúa,unidad_responsable_entre_ramos,,,350,,,
,146.4,21.4,-125.1,-130.9,-86.0,continúa,unidad_responsable_entre_ramos,,,J4Q,,,
,123.7,3.8,-119.9,-124.9,-97.1,continúa,unidad_responsable_entre_ramos,,,570,,,
,112.9,0.0,-112.9,-117.4,-100.0,desaparece,unidad_responsable_entre_ramos,,,345,,,
,111.6,0.0,-111.6,-116.1,-100.0,desaparece,unidad_responsable_entre_ramos,,,346,,,
,119.4,9.4,-109.9,-114.7,-92.4,continúa,unidad_responsable_entre_ramos,,,161,,,
,182.2,73.6,-108.7,-116.0,-61.2,continúa,unidad_responsable_entre_ramos,,,640,,,
,156.1,47.7,-108.5,-114.7,-70.7,continúa,unidad_responsable_entre_ramos,,,914,,,
,107.2,0.0,-107.2,-111.5,-100.0,desaparece,unidad_responsable_entre_ramos,,,173,,,
,102.6,0.0,-102.6,-106.8,-100.0,desaparece,unidad_responsable_entre_ramos,,,334,,,
,138.3,36.4,-101.9,-107.4,-74.7,continúa,unidad_responsable_entre_ramos,,,218,,,
,100.2,0.0,-100.2,-104.2,-100.0,desaparece,unidad_responsable_entre_ramos,,,335,,,
,170.2,76.5,-93.7,-100.5,-56.8,continúa,unidad_responsable_entre_ramos,,,261,,,
,93.6,0.0,-93.6,-97.3,-100.0,desaparece,unidad_responsable_entre_ramos,,,322,,,
,87.6,0.0,-87.6,-91.2,-100.0,desaparece,unidad_responsable_entre_ramos,,,360,,,
,89.8,2.4,-87.4,-91.0,-97.4,continúa,unidad_responsable_entre_ramos,,,831,,,
,82.6,0.0,-82.6,-85.9,-100.0,desaparece,unidad_responsable_entre_ramos,,,339,,,
,80.1,0.0,-80.1,-83.3,-100.0,desaparece,unidad_responsable_entre_ramos,,,348,,,
,76.8,0.0,-76.8,-79.9,-100.0,desaparece,unidad_responsable_entre_ramos,,,227,,,
,110.1,36.0,-74.2,-78.6,-68.6,continúa,unidad_responsable_entre_ramos,,,639,,,
,1231.6,1157.8,-73.7,-123.0,-9.6,continúa,unidad_responsable_entre_ramos,,,513,,,
,72.7,0.0,-72.7,-75.6,-100.0,desaparece,unidad_responsable_entre_ramos,,,328,,,
,71.0,0.0,-71.0,-73.8,-100.0,desaparece,unidad_responsable_entre_ramos,,,327,,,
,69.3,0.0,-69.3,-72.0,-100.0,desaparece,unidad_responsable_entre_ramos,,,336,,,
,101.0,33.4,-67.6,-71.7,-68.2,continúa,unidad_responsable_entre_ramos,,,642,,,
,98.1,31.2,-66.9,-70.9,-69.5,continúa,unidad_responsable_entre_ramos,,,644,,,
,232.0,169.4,-62.6,-71.9,-29.8,continúa,unidad_responsable_entre_ramos,,,813,,,
,92.9,31.3,-61.6,-65.3,-67.6,continúa,unidad_responsable_entre_ramos,,,650,,,
,88.0,27.1,-60.9,-64.4,-70.4,continúa,unidad_responsable_entre_ramos,,,647,,,
,122.0,61.4,-60.7,-65.6,-51.7,continúa,unidad_responsable_entre_ramos,,,440,,,
,90.8,30.4,-60.5,-64.1,-67.9,continúa,unidad_responsable_entre_ramos,,,636,,,
,60.3,0.0,-60.3,-62.7,-100.0,desaparece,unidad_responsable_entre_ramos,,,331,,,
,89.9,30.0,-59.9,-63.5,-67.9,continúa,unidad_responsable_entre_ramos,,,627,,,
,94.0,34.4,-59.6,-63.3,-64.8,continúa,unidad_responsable_entre_ramos,,,652,,,
,84.3,25.6,-58.7,-62.1,-70.8,continúa,unidad_responsable_entre_ramos,,,646,,,
,83.4,26.0,-57.4,-60.7,-70.0,continúa,unidad_responsable_entre_ramos,,,648,,,
,84.1,27.5,-56.6,-60.0,-68.6,continúa,unidad_responsable_entre_ramos,,,641,,,
,82.6,26.5,-56.1,-59.4,-69.2,continúa,unidad_responsable_entre_ramos,,,645,,,
,55.8,0.0,-55.8,-58.1,-100.0,desaparece,unidad_responsable_entre_ramos,,,325,,,
,82.8,27.7,-55.1,-58.4,-67.8,continúa,unidad_responsable_entre_ramos,,,632,,,
,53.7,0.0,-53.7,-55.8,-100.0,desaparece,unidad_responsable_entre_ramos,,,153,,,
,77.7,24.2,-53.5,-56.6,-70.0,continúa,unidad_responsable_entre_ramos,,,623,,,
,264.4,211.3,-53.0,-63.6,-23.1,continúa,unidad_responsable_entre_ramos,,,214,,,
,76.9,23.9,-53.0,-56.1,-70.1,continúa,unidad_responsable_entre_ramos,,,649,,,
,79.2,26.4,-52.8,-56.0,-68.0,continúa,unidad_responsable_entre_ramos,,,622,,,
,52.6,0.0,-52.6,-54.7,-100.0,desaparece,unidad_responsable_entre_ramos,,,332,,,
,78.8,26.4,-52.3,-55.5,-67.7,continúa,unidad_responsable_entre_ramos,,,637,,,
,77.9,25.9,-52.0,-55.2,-68.1,continúa,unidad_responsable_entre_ramos,,,625,,,
,76.9,25.6,-51.3,-54.4,-68.0,continúa,unidad_responsable_entre_ramos,,,624,,,
,50.9,0.0,-50.9,-53.0,-100.0,desaparece,unidad_responsable_entre_ramos,,,341,,,
,74.3,24.7,-49.6,-52.5,-68.0,continúa,unidad_responsable_entre_ramos,,,634,,,
,55.7,6.8,-48.9,-51.1,-88.2,continúa,unidad_responsable_entre_ramos,,,571,,,
,74.5,25.6,-48.9,-51.8,-66.9,continúa,unidad_responsable_entre_ramos,,,643,,,
,48.7,0.0,-48.7,-50.7,-100.0,desaparece,unidad_responsable_entre_ramos,,,333,,,
,48.4,0.0,-48.4,-50.3,-100.0,desaparece,unidad_responsable_entre_ramos,,,342,,,
,78.6,30.5,-48.1,-51.3,-62.7,continúa,unidad_responsable_entre_ramos,,,651,,,
,46.9,0.0,-46.9,-48.7,-100.0,desaparece,unidad_responsable_entre_ramos,,,337,,,
,46.0,0.0,-46.0,-47.9,-100.0,desaparece,unidad_responsable_entre_ramos,,,347,,,
,68.5,22.7,-45.8,-48.6,-68.2,continúa,unidad_responsable_entre_ramos,,,628,,,
,67.5,22.6,-44.8,-47.5,-67.8,continúa,unidad_responsable_entre_ramos,,,633,,,
,61.5,16.8,-44.7,-47.1,-73.7,continúa,unidad_responsable_entre_ramos,,,814,,,
,43.1,0.0,-43.1,-44.8,-100.0,desaparece,unidad_responsable_entre_ramos,,,338,,,
,94.9,52.1,-42.8,-46.6,-47.2,continúa,unidad_responsable_entre_ramos,,,840,,,
,63.2,21.0,-42.3,-44.8,-68.1,continúa,unidad_responsable_entre_ramos,,,621,,,
,42.1,0.0,-42.1,-43.8,-100.0,desaparece,unidad_responsable_entre_ramos,,,343,,,
,41.4,0.0,-41.4,-43.1,-100.0,desaparece,unidad_responsable_entre_ramos,,,344,,,
,75.0,33.7,-41.3,-44.3,-56.8,continúa,unidad_responsable_entre_ramos,,,543,,,
,62.1,20.8,-41.3,-43.8,-67.8,continúa,unidad_responsable_entre_ramos,,,638,,,
,61.4,20.6,-40.8,-43.3,-67.8,continúa,unidad_responsable_entre_ramos,,,631,,,
,38.8,0.0,-38.8,-40.3,-100.0,desaparece,unidad_responsable_entre_ramos,,,324,,,
,38.3,0.0,-38.3,-39.9,-100.0,desaparece,unidad_responsable_entre_ramos,,,860,,,
,37.5,0.0,-37.5,-39.0,-100.0,desaparece,unidad_responsable_entre_ramos,,,323,,,
,33.1,0.0,-33.1,-34.4,-100.0,desaparece,unidad_responsable_entre_ramos,,,351,,,
,33.1,0.0,-33.1,-34.4,-100.0,desaparece,unidad_responsable_entre_ramos,,,352,,,
,32.1,0.0,-32.1,-33.4,-100.0,desaparece,unidad_responsable_entre_ramos,,,349,,,
,32.0,0.0,-32.0,-33.2,-100.0,desaparece,unidad_responsable_entre_ramos,,,326,,,
,91.1,60.5,-30.6,-34.2,-36.1,continúa,unidad_responsable_entre_ramos,,,J00,,,
,37.1,7.4,-29.7,-31.2,-80.9,continúa,unidad_responsable_entre_ramos,,,572,,,
,28.8,0.0,-28.8,-30.0,-100.0,desaparece,unidad_responsable_entre_ramos,,,321,,,
,422.6,395.2,-27.4,-44.3,-10.1,continúa,unidad_responsable_entre_ramos,,,QDV,,,
,30.7,3.6,-27.1,-28.4,-88.7,continúa,unidad_responsable_entre_ramos,,,550,,,
,64.7,39.5,-25.1,-27.7,-41.2,continúa,unidad_responsable_entre_ramos,,,192,,,
,24.9,0.0,-24.9,-25.9,-100.0,desaparece,unidad_responsable_entre_ramos,,,154,,,
,76.0,52.4,-23.6,-26.6,-33.7,continúa,unidad_responsable_entre_ramos,,,223,,,
,47.1,25.6,-21.5,-23.4,-47.8,continúa,unidad_responsable_entre_ramos,,,540,,,
,114.7,93.2,-21.5,-26.0,-21.8,continúa,unidad_responsable_entre_ramos,,,274,,,
,20.8,0.0,-20.8,-21.7,-100.0,desaparece,unidad_responsable_entre_ramos,,,259,,,
,19.3,0.0,-19.3,-20.1,-100.0,desaparece,unidad_responsable_entre_ramos,,,226,,,
,28.8,10.5,-18.3,-19.4,-65.0,continúa,unidad_responsable_entre_ramos,,,653,,,
,17.9,0.0,-17.9,-18.6,-100.0,desaparece,unidad_responsable_entre_ramos,,,163,,,
,59.1,41.5,-17.6,-20.0,-32.5,continúa,unidad_responsable_entre_ramos,,,265,,,
,65.3,47.8,-17.5,-20.2,-29.7,continúa,unidad_responsable_entre_ramos,,,152,,,
,17.3,0.0,-17.3,-18.0,-100.0,desaparece,unidad_responsable_entre_ramos,,,254,,,
,290.2,274.2,-16.0,-27.6,-9.1,continúa,unidad_responsable_entre_ramos,,,941,,,
,109.6,94.0,-15.6,-20.0,-17.5,continúa,unidad_responsable_entre_ramos,,,630,,,
,59.5,43.9,-15.5,-17.9,-29.0,continúa,unidad_responsable_entre_ramos,,,264,,,
,149.2,134.1,-15.1,-21.1,-13.6,continúa,unidad_responsable_entre_ramos,,,416,,,
,15.0,0.1,-15.0,-15.6,-99.6,continúa,unidad_responsable_entre_ramos,,,534,,,
,124.0,110.0,-14.0,-19.0,-14.7,continúa,unidad_responsable_entre_ramos,,,275,,,
,18.5,5.6,-12.9,-13.7,-71.0,continúa,unidad_responsable_entre_ramos,,,666,,,
,116.1,103.3,-12.8,-17.5,-14.5,continúa,unidad_responsable_entre_ramos,,,147,,,
,24.5,12.1,-12.3,-13.3,-52.3,continúa,unidad_responsable_entre_ramos,,,668,,,
,91.4,79.3,-12.0,-15.7,-16.5,continúa,unidad_responsable_entre_ramos,,,267,,,
,14.4,2.4,-12.0,-12.6,-84.0,continúa,unidad_responsable_entre_ramos,,,657,,,
,14.5,3.1,-11.4,-11.9,-79.4,continúa,unidad_responsable_entre_ramos,,,664,,,
,189.4,178.8,-10.5,-18.1,-9.2,continúa,unidad_responsable_entre_ramos,,,266,,,
,12.3,1.7,-10.5,-11.0,-86.3,continúa,unidad_responsable_entre_ramos,,,654,,,
,14.9,4.7,-10.2,-10.8,-69.5,continúa,unidad_responsable_entre_ramos,,,663,,,
,72.8,62.8,-10.0,-12.9,-17.0,continúa,unidad_responsable_entre_ramos,,,285,,,
,12.3,2.4,-9.9,-10.4,-81.1,continúa,unidad_responsable_entre_ramos,,,662,,,
,9.9,0.0,-9.9,-10.3,-100.0,desaparece,unidad_responsable_entre_ramos,,,257,,,
,78.0,68.4,-9.6,-12.7,-15.6,continúa,unidad_responsable_entre_ramos,,,269,,,
,38.2,28.8,-9.4,-10.9,-27.4,continúa,unidad_responsable_entre_ramos,,,181,,,
,16.4,7.1,-9.3,-10.0,-58.3,continúa,unidad_responsable_entre_ramos,,,659,,,
,94.0,84.8,-9.2,-13.0,-13.3,continúa,unidad_responsable_entre_ramos,,,284,,,
,9.2,0.0,-9.2,-9.5,-100.0,desaparece,unidad_responsable_entre_ramos,,,246,,,
,1136.4,1127.4,-9.0,-54.5,-4.6,continúa,unidad_responsable_entre_ramos,,,LAT,,,
,8.9,0.0,-8.9,-9.3,-100.0,desaparece,unidad_responsable_entre_ramos,,,235,,,
,19.5,11.1,-8.3,-9.1,-45.0,continúa,unidad_responsable_entre_ramos,,,460,,,
,112.9,104.9,-8.0,-12.5,-10.7,continúa,unidad_responsable_entre_ramos,,,273,,,
,27.7,19.9,-7.8,-8.9,-30.9,continúa,unidad_responsable_entre_ramos,,,450,,,
,10.1,2.5,-7.6,-8.0,-76.4,continúa,unidad_responsable_entre_ramos,,,669,,,
,10.6,3.3,-7.4,-7.8,-70.6,continúa,unidad_responsable_entre_ramos,,,658,,,
,14.9,7.6,-7.4,-8.0,-51.3,continúa,unidad_responsable_entre_ramos,,,162,,,
,9.8,2.8,-7.0,-7.4,-72.5,continúa,unidad_responsable_entre_ramos,,,667,,,
,149.2,142.2,-6.9,-12.9,-8.3,continúa,unidad_responsable_entre_ramos,,,289,,,
,27.5,20.5,-6.9,-8.0,-28.1,continúa,unidad_responsable_entre_ramos,,,913,,,
,116.4,109.6,-6.8,-11.4,-9.5,continúa,unidad_responsable_entre_ramos,,,287,,,
,45.5,39.0,-6.5,-8.3,-17.6,continúa,unidad_responsable_entre_ramos,,,191,,,
,10.7,4.3,-6.4,-6.8,-61.0,continúa,unidad_responsable_entre_ramos,,,655,,,
,9.8,3.5,-6.4,-6.7,-66.1,continúa,unidad_responsable_entre_ramos,,,670,,,
,54.4,48.2,-6.1,-8.3,-14.7,continúa,unidad_responsable_entre_ramos,,,277,,,
,57.0,50.9,-6.1,-8.4,-14.2,continúa,unidad_responsable_entre_ramos,,,292,,,
,9.6,3.7,-6.0,-6.3,-63.3,continúa,unidad_responsable_entre_ramos,,,665,,,
,9.3,3.4,-5.9,-6.3,-65.3,continúa,unidad_responsable_entre_ramos,,,661,,,
,72.0,66.3,-5.7,-8.6,-11.5,continúa,unidad_responsable_entre_ramos,,,283,,,
,5.7,0.0,-5.7,-5.9,-100.0,desaparece,unidad_responsable_entre_ramos,,,245,,,
,71.0,65.8,-5.3,-8.1,-11.0,continúa,unidad_responsable_entre_ramos,,,286,,,
,9.2,4.0,-5.1,-5.5,-57.7,continúa,unidad_responsable_entre_ramos,,,656,,,
,40.5,35.9,-4.6,-6.2,-14.7,continúa,unidad_responsable_entre_ramos,,,671,,,
,50.8,46.2,-4.6,-6.6,-12.5,continúa,unidad_responsable_entre_ramos,,,288,,,
,37.3,33.3,-4.0,-5.5,-14.2,continúa,unidad_responsable_entre_ramos,,,282,,,
,110.4,106.4,-4.0,-8.4,-7.3,continúa,unidad_responsable_entre_ramos,,,279,,,
,126.8,123.1,-3.8,-8.9,-6.7,continúa,unidad_responsable_entre_ramos,,,716,,,
,54.6,50.8,-3.7,-5.9,-10.4,continúa,unidad_responsable_entre_ramos,,,278,,,
,50.3,46.6,-3.7,-5.7,-10.9,continúa,unidad_responsable_entre_ramos,,,314,,,
,174.1,172.2,-1.9,-8.9,-4.9,continúa,unidad_responsable_entre_ramos,,,K2H,,,
,12.8,11.1,-1.7,-2.2,-16.8,continúa,unidad_responsable_entre_ramos,,,660,,,
,37.3,36.1,-1.2,-2.7,-6.9,continúa,unidad_responsable_entre_ramos,,,276,,,
,38.3,37.2,-1.1,-2.6,-6.6,continúa,unidad_responsable_entre_ramos,,,231,,,
,1586.6,1586.6,-0.0,-63.5,-3.8,continúa,unidad_responsable_entre_ramos,,,KCZ,,,
,45.6,45.6,0.0,-1.8,-3.8,continúa,unidad_responsable_entre_ramos,,,204,,,
,37.3,37.3,0.0,-1.5,-3.8,continúa,unidad_responsable_entre_ramos,,,306,,,
,34.3,34.3,0.0,-1.4,-3.8,continúa,unidad_responsable_entre_ramos,,,307,,,
,37.5,37.5,0.0,-1.5,-3.8,continúa,unidad_responsable_entre_ramos,,,308,,,
,37.7,37.7,0.0,-1.5,-3.8,continúa,unidad_responsable_entre_ramos,,,209,,,
,32.2,32.2,0.0,-1.3,-3.8,continúa,unidad_responsable_entre_ramos,,,208,,,
,230.4,230.4,0.0,-9.2,-3.8,continúa,unidad_responsable_entre_ramos,,,LAU,,,
,46.6,46.6,0.0,-1.9,-3.8,continúa,unidad_responsable_entre_ramos,,,303,,,
,30.3,30.3,0.0,-1.2,-3.8,continúa,unidad_responsable_entre_ramos,,,304,,,
,35.6,35.6,0.0,-1.4,-3.8,continúa,unidad_responsable_entre_ramos,,,302,,,
,39.5,39.5,0.0,-1.6,-3.8,continúa,unidad_responsable_entre_ramos,,,202,,,
,36.8,36.8,0.0,-1.5,-3.8,continúa,unidad_responsable_entre_ramos,,,206,,,
,31.1,31.1,0.0,-1.2,-3.8,continúa,unidad_responsable_entre_ramos,,,207,,,
,30.8,30.8,0.0,-1.2,-3.8,continúa,unidad_responsable_entre_ramos,,,205,,,
,37.6,37.6,0.0,-1.5,-3.8,continúa,unidad_responsable_entre_ramos,,,203,,,
,765.7,765.7,0.0,-30.6,-3.8,continúa,unidad_responsable_entre_ramos,,,AYI,,,
,1292.4,1292.4,0.0,-51.7,-3.8,continúa,unidad_responsable_entre_ramos,,,HJO,,,
,540.1,540.1,0.0,-21.6,-3.8,continúa,unidad_responsable_entre_ramos,,,G3A,,,
,3468.1,3468.1,0.0,-138.7,-3.8,continúa,unidad_responsable_entre_ramos,,,H00,,,
,2787.3,2787.3,0.0,-111.5,-3.8,continúa,unidad_responsable_entre_ramos,,,HKA,,,
,269.9,270.1,0.2,-10.6,-3.8,continúa,unidad_responsable_entre_ramos,,,KDN,,,
,12.4,12.9,0.5,0.0,0.2,continúa,unidad_responsable_entre_ramos,,,MGJ,,,
,51.1,51.7,0.6,-1.4,-2.7,continúa,unidad_responsable_entre_ramos,,,315,,,
,86.1,86.9,0.8,-2.7,-3.0,continúa,unidad_responsable_entre_ramos,,,291,,,
,27.1,28.6,1.5,0.5,1.6,continúa,unidad_responsable_entre_ramos,,,L8P,,,
,22.7,24.3,1.6,0.6,2.7,continúa,unidad_responsable_entre_ramos,,,533,,,
,14.0,15.5,1.6,1.0,6.9,continúa,unidad_responsable_entre_ramos,,,T0U,,,
,39.2,40.9,1.7,0.1,0.3,continúa,unidad_responsable_entre_ramos,,,419,,,
,109.7,111.6,1.9,-2.5,-2.2,continúa,unidad_responsable_entre_ramos,,,612,,,
,16.3,18.4,2.0,1.4,8.2,continúa,unidad_responsable_entre_ramos,,,AFU,,,
,33.4,35.5,2.0,0.7,2.0,continúa,unidad_responsable_entre_ramos,,,I9H,,,
,0.0,2.3,2.3,2.3,inf,aparece,unidad_responsable_entre_ramos,,,835,,,
,33.7,36.0,2.3,0.9,2.7,continúa,unidad_responsable_entre_ramos,,,L8G,,,
,42.0,44.4,2.4,0.8,1.7,continúa,unidad_responsable_entre_ramos,,,370,,,
,57.1,59.5,2.4,0.2,0.3,continúa,unidad_responsable_entre_ramos,,,IZI,,,
,0.0,2.5,2.5,2.5,inf,aparece,unidad_responsable_entre_ramos,,,730,,,
,39.7,42.4,2.7,1.1,2.7,continúa,unidad_responsable_entre_ramos,,,MGC,,,
,638.1,641.2,3.1,-22.4,-3.4,continúa,unidad_responsable_entre_ramos,,,915,,,
,29.0,32.2,3.2,2.1,6.9,continúa,unidad_responsable_entre_ramos,,,911,,,
,14.4,17.7,3.3,2.7,17.9,continúa,unidad_responsable_entre_ramos,,,J2I,,,
,109.7,113.1,3.4,-1.0,-0.9,continúa,unidad_responsable_entre_ramos,,,171,,,
,32.0,35.4,3.4,2.1,6.3,continúa,unidad_responsable_entre_ramos,,,V00,,,
,22.3,25.7,3.4,2.6,11.0,continúa,unidad_responsable_entre_ramos,,,522,,,
,0.0,3.5,3.5,3.5,inf,aparece,unidad_responsable_entre_ramos,,,560,,,
,46.8,50.8,4.0,2.1,4.4,continúa,unidad_responsable_entre_ramos,,,JZN,,,
,62.4,66.7,4.2,1.7,2.7,continúa,unidad_responsable_entre_ramos,,,L9T,,,
,0.0,4.4,4.4,4.4,inf,aparece,unidad_responsable_entre_ramos,,,552,,,
,87.4,91.8,4.4,0.9,1.0,continúa,unidad_responsable_entre_ramos,,,90A,,,
,12.7,17.2,4.5,4.0,30.5,continúa,unidad_responsable_entre_ramos,,,431,,,
,31.6,36.2,4.5,3.3,10.0,continúa,unidad_responsable_entre_ramos,,,L3N,,,
,12.2,16.9,4.7,4.2,33.2,continúa,unidad_responsable_entre_ramos,,,554,,,
,76.8,81.5,4.7,1.7,2.1,continúa,unidad_responsable_entre_ramos,,,P00,,,
,245.4,250.2,4.8,-5.0,-2.0,continúa,unidad_responsable_entre_ramos,,,271,,,
,0.0,5.1,5.1,5.1,inf,aparece,unidad_responsable_entre_ramos,,,833,,,
,102.5,107.7,5.1,1.0,1.0,continúa,unidad_responsable_entre_ramos,,,NCE,,,
,107.1,112.5,5.4,1.1,1.0,continúa,unidad_responsable_entre_ramos,,,91O,,,
,5.9,11.3,5.5,5.2,85.6,continúa,unidad_responsable_entre_ramos,,,319,,,
,0.0,5.5,5.5,5.5,inf,aparece,unidad_responsable_entre_ramos,,,564,,,
,42.5,48.1,5.5,3.8,8.7,continúa,unidad_responsable_entre_ramos,,,215,,,
,0.0,5.6,5.6,5.6,inf,aparece,unidad_responsable_entre_ramos,,,551,,,
,0.0,5.8,5.8,5.8,inf,aparece,unidad_responsable_entre_ramos,,,912,,,
,0.0,5.9,5.9,5.9,inf,aparece,unidad_responsable_entre_ramos,,,824,,,
,26.8,33.0,6.2,5.2,18.5,continúa,unidad_responsable_entre_ramos,,,182,,,
,16.1,22.4,6.3,5.6,33.4,continúa,unidad_responsable_entre_ramos,,,521,,,
,67.8,74.2,6.4,3.7,5.2,continúa,unidad_responsable_entre_ramos,,,Q00,,,
,130.8,137.5,6.7,1.4,1.1,continúa,unidad_responsable_entre_ramos,,,AYM,,,
,0.0,6.7,6.7,6.7,inf,aparece,unidad_responsable_entre_ramos,,,401,,,
,0.0,6.8,6.8,6.8,inf,aparece,unidad_responsable_entre_ramos,,,561,,,
,79.4,86.4,7.0,3.8,4.6,continúa,unidad_responsable_entre_ramos,,,T00,,,
,0.0,7.3,7.3,7.3,inf,aparece,unidad_responsable_entre_ramos,,,905,,,
,0.0,7.3,7.3,7.3,inf,aparece,unidad_responsable_entre_ramos,,,822,,,
,0.0,7.4,7.4,7.4,inf,aparece,unidad_responsable_entre_ramos,,,184,,,
,0.0,7.4,7.4,7.4,inf,aparece,unidad_responsable_entre_ramos,,,553,,,
,47.4,54.8,7.4,5.5,11.2,continúa,unidad_responsable_entre_ramos,,,263,,,
,0.0,7.5,7.5,7.5,inf,aparece,unidad_responsable_entre_ramos,,,563,,,
,74.9,82.5,7.6,4.6,5.9,continúa,unidad_responsable_entre_ramos,,,MDB,,,
,0.0,7.6,7.6,7.6,inf,aparece,unidad_responsable_entre_ramos,,,906,,,
,0.0,7.7,7.7,7.7,inf,aparece,unidad_responsable_entre_ramos,,,JAL,,,
,0.0,7.8,7.8,7.8,inf,aparece,unidad_responsable_entre_ramos,,,823,,,
,0.0,7.9,7.9,7.9,inf,aparece,unidad_responsable_entre_ramos,,,834,,,
,30.1,38.1,8.0,6.8,21.8,continúa,unidad_responsable_entre_ramos,,,N9W,,,
,109.2,117.6,8.4,4.0,3.5,continúa,unidad_responsable_entre_ramos,,,N00,,,
,0.0,8.4,8.4,8.4,inf,aparece,unidad_responsable_entre_ramos,,,435,,,
,20.7,29.1,8.4,7.6,35.3,continúa,unidad_responsable_entre_ramos,,,268,,,
,0.0,8.5,8.5,8.5,inf,aparece,unidad_responsable_entre_ramos,,,562,,,
,44.1,52.6,8.5,6.7,14.6,continúa,unidad_responsable_entre_ramos,,,L9Y,,,
,167.3,175.8,8.5,1.8,1.0,continúa,unidad_responsable_entre_ramos,,,91I,,,
,12.4,21.0,8.6,8.1,63.2,continúa,unidad_responsable_entre_ramos,,,VRW,,,
,1214.7,1223.5,8.7,-39.9,-3.2,continúa,unidad_responsable_entre_ramos,,,X00,,,
,143.1,152.3,9.2,3.5,2.3,continúa,unidad_responsable_entre_ramos,,,EZQ,,,
,136.5,145.8,9.3,3.8,2.7,continúa,unidad_responsable_entre_ramos,,,L6H,,,
,139.2,148.7,9.5,3.9,2.7,continúa,unidad_responsable_entre_ramos,,,MAR,,,
,135.9,145.4,9.6,4.2,2.9,continúa,unidad_responsable_entre_ramos,,,W3S,,,
,191.3,201.1,9.8,2.1,1.1,continúa,unidad_responsable_entre_ramos,,,MDL,,,
,0.0,9.8,9.8,9.8,inf,aparece,unidad_responsable_entre_ramos,,,902,,,
,0.0,10.0,10.0,10.0,inf,aparece,unidad_responsable_entre_ramos,,,573,,,
,18.6,28.8,10.2,9.4,48.6,continúa,unidad_responsable_entre_ramos,,,432,,,
,27.8,38.0,10.2,9.1,31.3,continúa,unidad_responsable_entre_ramos,,,PBJ,,,
,0.0,10.2,10.2,10.2,inf,aparece,unidad_responsable_entre_ramos,,,574,,,
,16.2,26.5,10.3,9.7,57.4,continúa,unidad_responsable_entre_ramos,,,232,,,
,0.0,10.7,10.7,10.7,inf,aparece,unidad_responsable_entre_ramos,,,243,,,
,212.6,223.3,10.7,2.2,1.0,continúa,unidad_responsable_entre_ramos,,,90C,,,
,217.2,228.1,10.9,2.2,1.0,continúa,unidad_responsable_entre_ramos,,,90G,,,
,0.0,11.1,11.1,11.1,inf,aparece,unidad_responsable_entre_ramos,,,242,,,
,6.9,18.2,11.3,11.0,153.2,continúa,unidad_responsable_entre_ramos,,,542,,,
,0.0,11.6,11.6,11.6,inf,aparece,unidad_responsable_entre_ramos,,,244,,,
,62.9,74.7,11.7,9.2,14.1,continúa,unidad_responsable_entre_ramos,,,501,,,
,18.3,30.5,12.3,11.5,60.6,continúa,unidad_responsable_entre_ramos,,,541,,,
,244.1,256.4,12.3,2.5,1.0,continúa,unidad_responsable_entre_ramos,,,90E,,,
,139.8,152.1,12.3,6.7,4.6,continúa,unidad_responsable_entre_ramos,,,MHL,,,
,32.4,44.9,12.6,11.3,33.5,continúa,unidad_responsable_entre_ramos,,,262,,,
,102.8,115.6,12.8,8.7,8.1,continúa,unidad_responsable_entre_ramos,,,L6U,,,
,7.0,19.8,12.8,12.5,172.4,continúa,unidad_responsable_entre_ramos,,,233,,,
,253.8,266.7,12.9,2.8,1.1,continúa,unidad_responsable_entre_ramos,,,EZN,,,
,399.4,412.3,12.9,-3.0,-0.7,continúa,unidad_responsable_entre_ramos,,,AYN,,,
,5.0,18.0,13.0,12.8,244.5,continúa,unidad_responsable_entre_ramos,,,241,,,
,0.0,13.2,13.2,13.2,inf,aparece,unidad_responsable_entre_ramos,,,924,,,
,248.8,262.2,13.4,3.4,1.3,continúa,unidad_responsable_entre_ramos,,,NCH,,,
,0.0,14.2,14.2,14.2,inf,aparece,unidad_responsable_entre_ramos,,,701,,,
,0.0,15.2,15.2,15.2,inf,aparece,unidad_responsable_entre_ramos,,,252,,,
,135.2,150.7,15.5,10.1,7.2,continúa,unidad_responsable_entre_ramos,,,91K,,,
,0.0,15.7,15.7,15.7,inf,aparece,unidad_responsable_entre_ramos,,,434,,,
,129.2,145.2,16.0,10.8,8.0,continúa,unidad_responsable_entre_ramos,,,90K,,,
,326.2,343.0,16.8,3.8,1.1,continúa,unidad_responsable_entre_ramos,,,90Y,,,
,0.0,17.4,17.4,17.4,inf,aparece,unidad_responsable_entre_ramos,,,904,,,
,0.0,18.0,18.0,18.0,inf,aparece,unidad_responsable_entre_ramos,,,832,,,
,36.0,54.6,18.7,17.2,46.0,continúa,unidad_responsable_entre_ramos,,,137,,,
,189.0,207.9,18.9,11.3,5.8,continúa,unidad_responsable_entre_ramos,,,614,,,
,263.7,282.8,19.1,8.5,3.1,continúa,unidad_responsable_entre_ramos,,,I6L,,,
,108.3,127.4,19.1,14.8,13.2,continúa,unidad_responsable_entre_ramos,,,105,,,
,0.0,19.3,19.3,19.3,inf,aparece,unidad_responsable_entre_ramos,,,433,,,
,385.3,404.7,19.5,4.1,1.0,continúa,unidad_responsable_entre_ramos,,,91C,,,
,30.1,49.7,19.5,18.3,58.4,continúa,unidad_responsable_entre_ramos,,,516,,,
,132.3,152.2,19.9,14.7,10.7,continúa,unidad_responsable_entre_ramos,,,106,,,
,165.5,186.2,20.7,14.1,8.2,continúa,unidad_responsable_entre_ramos,,,91W,,,
,72.9,93.8,21.0,18.1,23.8,continúa,unidad_responsable_entre_ramos,,,330,,,
,30.7,51.9,21.3,20.0,62.8,continúa,unidad_responsable_entre_ramos,,,380,,,
,79.5,101.0,21.5,18.3,22.1,continúa,unidad_responsable_entre_ramos,,,470,,,
,432.7,454.5,21.8,4.5,1.0,continúa,unidad_responsable_entre_ramos,,,90M,,,
,977.1,999.1,22.0,-17.1,-1.7,continúa,unidad_responsable_entre_ramos,,,144,,,
,65.5,87.5,22.0,19.4,28.5,continúa,unidad_responsable_entre_ramos,,,133,,,
,90.1,112.8,22.7,19.1,20.4,continúa,unidad_responsable_entre_ramos,,,272,,,
,357.7,380.8,23.1,8.7,2.4,continúa,unidad_responsable_entre_ramos,,,91Q,,,
,0.0,23.4,23.4,23.4,inf,aparece,unidad_responsable_entre_ramos,,,251,,,
,223.0,246.4,23.4,14.5,6.3,continúa,unidad_responsable_entre_ramos,,,107,,,
,104.5,128.1,23.6,19.4,17.9,continúa,unidad_responsable_entre_ramos,,,280,,,
,163.8,188.1,24.3,17.7,10.4,continúa,unidad_responsable_entre_ramos,,,190,,,
,170.3,194.9,24.5,17.7,10.0,continúa,unidad_responsable_entre_ramos,,,520,,,
,0.0,24.9,24.9,24.9,inf,aparece,unidad_responsable_entre_ramos,,,224,,,
,218.6,243.9,25.3,16.5,7.3,continúa,unidad_responsable_entre_ramos,,,90U,,,
,285.6,311.1,25.5,14.1,4.7,continúa,unidad_responsable_entre_ramos,,,103,,,
,139.3,165.1,25.9,20.3,14.0,continúa,unidad_responsable_entre_ramos,,,213,,,
,44.7,71.1,26.4,24.6,52.9,continúa,unidad_responsable_entre_ramos,,,217,,,
,207.1,234.0,26.9,18.6,8.6,continúa,unidad_responsable_entre_ramos,,,90S,,,
,86.4,113.6,27.2,23.7,26.4,continúa,unidad_responsable_entre_ramos,,,290,,,
,219.6,246.9,27.3,18.5,8.1,continúa,unidad_responsable_entre_ramos,,,91S,,,
,0.0,27.4,27.4,27.4,inf,aparece,unidad_responsable_entre_ramos,,,389,,,
,0.0,27.8,27.8,27.8,inf,aparece,unidad_responsable_entre_ramos,,,366,,,
,0.0,28.0,28.0,28.0,inf,aparece,unidad_responsable_entre_ramos,,,361,,,
,226.6,255.5,28.9,19.9,8.4,continúa,unidad_responsable_entre_ramos,,,90I,,,
,427.9,457.0,29.1,12.0,2.7,continúa,unidad_responsable_entre_ramos,,,L3P,,,
,401.2,430.7,29.5,13.4,3.2,continúa,unidad_responsable_entre_ramos,,,AYL,,,
,36.5,66.2,29.6,28.2,74.1,continúa,unidad_responsable_entre_ramos,,,301,,,
,100.3,130.0,29.7,25.7,24.6,continúa,unidad_responsable_entre_ramos,,,AYH,,,
,0.0,30.2,30.2,30.2,inf,aparece,unidad_responsable_entre_ramos,,,391,,,
,111.7,142.2,30.5,26.0,22.4,continúa,unidad_responsable_entre_ramos,,,430,,,
,0.0,30.6,30.6,30.6,inf,aparece,unidad_responsable_entre_ramos,,,392,,,
,139.5,170.2,30.7,25.1,17.3,continúa,unidad_responsable_entre_ramos,,,VZG,,,
,368.3,399.6,31.3,16.6,4.3,continúa,unidad_responsable_entre_ramos,,,102,,,
,82.6,113.9,31.3,28.0,32.6,continúa,unidad_responsable_entre_ramos,,,J4V,,,
,0.0,32.5,32.5,32.5,inf,aparece,unidad_responsable_entre_ramos,,,363,,,
,9.2,42.8,33.6,33.2,345.6,continúa,unidad_responsable_entre_ramos,,,317,,,
,354.4,388.3,33.9,19.7,5.3,continúa,unidad_responsable_entre_ramos,,,90W,,,
,908.4,942.3,34.0,-2.4,-0.3,continúa,unidad_responsable_entre_ramos,,,515,,,
,0.0,34.1,34.1,34.1,inf,aparece,unidad_responsable_entre_ramos,,,720,,,
,58.8,93.2,34.3,32.0,52.3,continúa,unidad_responsable_entre_ramos,,,443,,,
,442.3,477.0,34.7,17.0,3.7,continúa,unidad_responsable_entre_ramos,,,RJL,,,
,0.0,35.8,35.8,35.8,inf,aparece,unidad_responsable_entre_ramos,,,253,,,
,0.0,35.9,35.9,35.9,inf,aparece,unidad_responsable_entre_ramos,,,364,,,
,0.0,37.1,37.1,37.1,inf,aparece,unidad_responsable_entre_ramos,,,378,,,
,551.3,588.8,37.5,15.4,2.7,continúa,unidad_responsable_entre_ramos,,,B01,,,
,0.0,37.8,37.8,37.8,inf,aparece,unidad_responsable_entre_ramos,,,383,,,
,65.3,103.8,38.5,35.9,52.8,continúa,unidad_responsable_entre_ramos,,,VUY,,,
,159.3,198.2,38.9,32.6,19.7,continúa,unidad_responsable_entre_ramos,,,RJJ,,,
,18.1,57.2,39.1,38.4,204.2,continúa,unidad_responsable_entre_ramos,,,423,,,
,441.2,480.5,39.4,21.7,4.7,continúa,unidad_responsable_entre_ramos,,,91E,,,
,0.0,39.9,39.9,39.9,inf,aparece,unidad_responsable_entre_ramos,,,384,,,
,118.4,158.8,40.4,35.6,28.9,continúa,unidad_responsable_entre_ramos,,,715,,,
,290.1,330.8,40.7,29.1,9.6,continúa,unidad_responsable_entre_ramos,,,414,,,
,0.0,41.1,41.1,41.1,inf,aparece,unidad_responsable_entre_ramos,,,382,,,
,0.0,42.4,42.4,42.4,inf,aparece,unidad_responsable_entre_ramos,,,387,,,
,357.2,400.8,43.6,29.4,7.9,continúa,unidad_responsable_entre_ramos,,,9ZU,,,
,192.8,237.2,44.4,36.7,18.3,continúa,unidad_responsable_entre_ramos,,,RJE,,,
,0.0,44.8,44.8,44.8,inf,aparece,unidad_responsable_entre_ramos,,,377,,,
,0.0,44.8,44.8,44.8,inf,aparece,unidad_responsable_entre_ramos,,,903,,,
,106.0,151.3,45.4,41.1,37.3,continúa,unidad_responsable_entre_ramos,,,532,,,
,0.0,46.0,46.0,46.0,inf,aparece,unidad_responsable_entre_ramos,,,373,,,
,0.0,46.2,46.2,46.2,inf,aparece,unidad_responsable_entre_ramos,,,372,,,
,308.5,354.8,46.3,34.0,10.6,continúa,unidad_responsable_entre_ramos,,,90Q,,,
,0.0,47.8,47.8,47.8,inf,aparece,unidad_responsable_entre_ramos,,,381,,,
,411.8,459.8,47.9,31.5,7.3,continúa,unidad_responsable_entre_ramos,,,91U,,,
,52.2,102.3,50.1,48.0,88.6,continúa,unidad_responsable_entre_ramos,,,615,,,
,169.3,219.8,50.5,43.7,24.8,continúa,unidad_responsable_entre_ramos,,,170,,,
,146.2,198.3,52.0,46.2,30.4,continúa,unidad_responsable_entre_ramos,,,530,,,
,3096.0,3148.4,52.4,-71.5,-2.2,continúa,unidad_responsable_entre_ramos,,,101,,,
,0.0,52.6,52.6,52.6,inf,aparece,unidad_responsable_entre_ramos,,,371,,,
,502.2,554.9,52.7,32.6,6.3,continúa,unidad_responsable_entre_ramos,,,M7F,,,
,0.0,53.7,53.7,53.7,inf,aparece,unidad_responsable_entre_ramos,,,365,,,
,80.4,134.5,54.1,50.9,60.9,continúa,unidad_responsable_entre_ramos,,,531,,,
,819.3,875.1,55.7,22.9,2.7,continúa,unidad_responsable_entre_ramos,,,L8K,,,
,557.5,616.1,58.5,36.2,6.3,continúa,unidad_responsable_entre_ramos,,,NDY,,,
,1171.5,1230.0,58.6,11.7,1.0,continúa,unidad_responsable_entre_ramos,,,AYJ,,,
,0.0,59.1,59.1,59.1,inf,aparece,unidad_responsable_entre_ramos,,,362,,,
,0.0,61.1,61.1,61.1,inf,aparece,unidad_responsable_entre_ramos,,,376,,,
,0.0,61.4,61.4,61.4,inf,aparece,unidad_responsable_entre_ramos,,,367,,,
,36.1,99.2,63.1,61.6,164.2,continúa,unidad_responsable_entre_ramos,,,281,,,
,46.5,110.0,63.5,61.6,127.5,continúa,unidad_responsable_entre_ramos,,,134,,,
,496.6,561.2,64.6,44.7,8.7,continúa,unidad_responsable_entre_ramos,,,T0Q,,,
,475.3,540.8,65.5,46.5,9.4,continúa,unidad_responsable_entre_ramos,,,9ZY,,,
,282.5,349.2,66.7,55.4,18.9,continúa,unidad_responsable_entre_ramos,,,V3A,,,
,116.6,183.6,67.0,62.3,51.4,continúa,unidad_responsable_entre_ramos,,,415,,,
,0.0,67.5,67.5,67.5,inf,aparece,unidad_responsable_entre_ramos,,,422,,,
,0.0,68.8,68.8,68.8,inf,aparece,unidad_responsable_entre_ramos,,,385,,,
,0.0,70.5,70.5,70.5,inf,aparece,unidad_responsable_entre_ramos,,,390,,,
,0.0,71.0,71.0,71.0,inf,aparece,unidad_responsable_entre_ramos,,,368,,,
,0.0,71.0,71.0,71.0,inf,aparece,unidad_responsable_entre_ramos,,,386,,,
,526.1,597.5,71.4,50.4,9.2,continúa,unidad_responsable_entre_ramos,,,90O,,,
,922.2,994.7,72.6,35.7,3.7,continúa,unidad_responsable_entre_ramos,,,W3N,,,
,3782.6,3855.1,72.6,-78.7,-2.0,continúa,unidad_responsable_entre_ramos,,,A1I,,,
,0.0,75.0,75.0,75.0,inf,aparece,unidad_responsable_entre_ramos,,,388,,,
,46.5,124.2,77.7,75.8,156.8,continúa,unidad_responsable_entre_ramos,,,920,,,
,7.6,86.8,79.3,79.0,1003.0,continúa,unidad_responsable_entre_ramos,,,922,,,
,620.4,700.5,80.1,55.3,8.6,continúa,unidad_responsable_entre_ramos,,,9ZW,,,
,0.0,80.8,80.8,80.8,inf,aparece,unidad_responsable_entre_ramos,,,379,,,
,0.0,81.1,81.1,81.1,inf,aparece,unidad_responsable_entre_ramos,,,178,,,
,221.3,302.9,81.6,72.8,31.6,continúa,unidad_responsable_entre_ramos,,,104,,,
,68.3,152.7,84.4,81.7,114.9,continúa,unidad_responsable_entre_ramos,,,620,,,
,1806.7,1892.8,86.2,13.9,0.7,continúa,unidad_responsable_entre_ramos,,,IZC,,,
,329.4,415.7,86.3,73.1,21.3,continúa,unidad_responsable_entre_ramos,,,MDC,,,
,211.7,300.0,88.3,79.9,36.3,continúa,unidad_responsable_entre_ramos,,,MDE,,,
,857.7,947.8,90.1,55.8,6.2,continúa,unidad_responsable_entre_ramos,,,M7K,,,
,0.0,90.8,90.8,90.8,inf,aparece,unidad_responsable_entre_ramos,,,375,,,
,0.0,91.0,91.0,91.0,inf,aparece,unidad_responsable_entre_ramos,,,374,,,
,1343.7,1435.1,91.4,37.6,2.7,continúa,unidad_responsable_entre_ramos,,,MGH,,,
,0.0,93.3,93.3,93.3,inf,aparece,unidad_responsable_entre_ramos,,,931,,,
,1072.0,1165.6,93.6,50.7,4.5,continúa,unidad_responsable_entre_ramos,,,512,,,
,189.7,286.6,96.9,89.3,45.3,continúa,unidad_responsable_entre_ramos,,,108,,,
,180.2,278.3,98.1,90.9,48.5,continúa,unidad_responsable_entre_ramos,,,172,,,
,326.1,425.6,99.5,86.5,25.5,continúa,unidad_responsable_entre_ramos,,,417,,,
,3105.4,3205.6,100.2,-24.0,-0.7,continúa,unidad_responsable_entre_ramos,,,MEY,,,
,861.3,962.6,101.3,66.9,7.5,continúa,unidad_responsable_entre_ramos,,,510,,,
,0.0,107.7,107.7,107.7,inf,aparece,unidad_responsable_entre_ramos,,,183,,,
,0.0,108.1,108.1,108.1,inf,aparece,unidad_responsable_entre_ramos,,,821,,,
,1727.3,1844.8,117.5,48.4,2.7,continúa,unidad_responsable_entre_ramos,,,L5X,,,
,100.3,218.2,117.9,113.9,109.2,continúa,unidad_responsable_entre_ramos,,,618,,,
,1757.1,1876.6,119.5,49.2,2.7,continúa,unidad_responsable_entre_ramos,,,MDA,,,
,425.2,546.4,121.2,104.1,23.5,continúa,unidad_responsable_entre_ramos,,,230,,,
,1871.7,1996.3,124.5,49.7,2.6,continúa,unidad_responsable_entre_ramos,,,G00,,,
,2497.2,2622.0,124.9,25.0,1.0,continúa,unidad_responsable_entre_ramos,,,NCD,,,
,0.0,131.1,131.1,131.1,inf,aparece,unidad_responsable_entre_ramos,,,91V,,,
,254.4,386.0,131.6,121.4,45.9,continúa,unidad_responsable_entre_ramos,,,812,,,
,1260.4,1392.8,132.3,81.9,6.3,continúa,unidad_responsable_entre_ramos,,,NDE,,,
,7.6,144.2,136.7,136.3,1732.4,continúa,unidad_responsable_entre_ramos,,,921,,,
,1328.2,1467.7,139.5,86.3,6.3,continúa,unidad_responsable_entre_ramos,,,NCK,,,
,26.1,168.5,142.3,141.3,519.5,continúa,unidad_responsable_entre_ramos,,,901,,,
,3519.0,3664.1,145.2,4.4,0.1,continúa,unidad_responsable_entre_ramos,,,J9E,,,
,0.0,155.5,155.5,155.5,inf,aparece,unidad_responsable_entre_ramos,,,369,,,
,2402.6,2565.9,163.4,67.3,2.7,continúa,unidad_responsable_entre_ramos,,,L5N,,,
,608.5,777.2,168.7,144.4,22.8,continúa,unidad_responsable_entre_ramos,,,412,,,
,71.8,242.4,170.6,167.7,224.5,continúa,unidad_responsable_entre_ramos,,,250,,,
,1262.0,1432.9,170.8,120.4,9.2,continúa,unidad_responsable_entre_ramos,,,122,,,
,2564.0,2738.3,174.3,71.8,2.7,continúa,unidad_responsable_entre_ramos,,,L6I,,,
,0.0,181.6,181.6,181.6,inf,aparece,unidad_responsable_entre_ramos,,,402,,,
,2589.7,2781.4,191.8,88.2,3.3,continúa,unidad_responsable_entre_ramos,,,RHQ,,,
,1874.7,2071.6,196.8,121.9,6.2,continúa,unidad_responsable_entre_ramos,,,NBB,,,
,641.9,841.3,199.3,173.7,26.0,continúa,unidad_responsable_entre_ramos,,,129,,,
,5150.4,5356.4,206.0,-0.0,-0.0,continúa,unidad_responsable_entre_ramos,,,NHK,,,
,3100.1,3310.9,210.8,86.8,2.7,continúa,unidad_responsable_entre_ramos,,,L4J,,,
,3755.9,3974.1,218.1,67.9,1.7,continúa,unidad_responsable_entre_ramos,,,L00,,,
,2081.7,2300.3,218.6,135.3,6.3,continúa,unidad_responsable_entre_ramos,,,NCA,,,
,495.9,717.2,221.3,201.5,39.1,continúa,unidad_responsable_entre_ramos,,,212,,,
,2131.8,2355.6,223.8,138.6,6.3,continúa,unidad_responsable_entre_ramos,,,Y00,,,
,1289.4,1520.3,230.9,179.3,13.4,continúa,unidad_responsable_entre_ramos,,,JAG,,,
,4429.7,4669.2,239.4,62.2,1.4,continúa,unidad_responsable_entre_ramos,,,613,,,
,5051.9,5296.1,244.2,42.1,0.8,continúa,unidad_responsable_entre_ramos,,,AYB,,,
,507.5,754.6,247.1,226.8,43.0,continúa,unidad_responsable_entre_ramos,,,316,,,
,789.9,1047.8,257.9,226.3,27.6,continúa,unidad_responsable_entre_ramos,,,QEZ,,,
,2560.4,2829.3,268.8,166.4,6.3,continúa,unidad_responsable_entre_ramos,,,NAW,,,
,2604.2,2877.7,273.4,169.3,6.3,continúa,unidad_responsable_entre_ramos,,,NCZ,,,
,281.8,571.1,289.3,278.1,94.9,continúa,unidad_responsable_entre_ramos,,,136,,,
,2263.3,2553.1,289.7,199.2,8.5,continúa,unidad_responsable_entre_ramos,,,NBG,,,
,727.9,1018.2,290.3,261.2,34.5,continúa,unidad_responsable_entre_ramos,,,119,,,
,119.4,414.5,295.2,290.4,233.9,continúa,unidad_responsable_entre_ramos,,,139,,,
,58776.1,59073.6,297.5,-2053.5,-3.4,continúa,unidad_responsable_entre_ramos,,,C00,,,
,265.5,566.5,301.0,290.3,105.1,continúa,unidad_responsable_entre_ramos,,,138,,,
,208.1,514.4,306.3,297.9,137.7,continúa,unidad_responsable_entre_ramos,,,135,,,
,2971.3,3282.0,310.7,191.8,6.2,continúa,unidad_responsable_entre_ramos,,,126,,,
,1972.0,2289.4,317.4,238.6,11.6,continúa,unidad_responsable_entre_ramos,,,NDF,,,
,2366.2,2695.3,329.1,234.5,9.5,continúa,unidad_responsable_entre_ramos,,,I00,,,
,2742.5,3074.0,331.5,221.8,7.8,continúa,unidad_responsable_entre_ramos,,,131,,,
,0.0,337.7,337.7,337.7,inf,aparece,unidad_responsable_entre_ramos,,,960,,,
,5124.8,5473.3,348.5,143.5,2.7,continúa,unidad_responsable_entre_ramos,,,L6W,,,
,2169.9,2571.3,401.4,314.6,13.9,continúa,unidad_responsable_entre_ramos,,,127,,,
,0.0,407.3,407.3,407.3,inf,aparece,unidad_responsable_entre_ramos,,,K2I,,,
,740.3,1157.8,417.5,387.9,50.4,continúa,unidad_responsable_entre_ramos,,,128,,,
,2233.0,2657.3,424.3,334.9,14.4,continúa,unidad_responsable_entre_ramos,,,NBV,,,
,1837.1,2262.1,425.1,351.6,18.4,continúa,unidad_responsable_entre_ramos,,,A00,,,
,2361.6,2791.8,430.1,335.7,13.7,continúa,unidad_responsable_entre_ramos,,,124,,,
,3382.6,3819.3,436.7,301.4,8.6,continúa,unidad_responsable_entre_ramos,,,125,,,
,4613.9,5052.0,438.1,253.6,5.3,continúa,unidad_responsable_entre_ramos,,,160,,,
,1355.8,1810.1,454.2,400.0,28.4,continúa,unidad_responsable_entre_ramos,,,123,,,
,373.6,836.1,462.4,447.5,115.2,continúa,unidad_responsable_entre_ramos,,,418,,,
,857.3,1352.9,495.6,461.3,51.7,continúa,unidad_responsable_entre_ramos,,,713,,,
,248.1,791.9,543.8,533.9,206.9,continúa,unidad_responsable_entre_ramos,,,413,,,
,1050.0,1598.9,548.9,506.9,46.4,continúa,unidad_responsable_entre_ramos,,,92M,,,
,2747.9,3311.1,563.2,453.3,15.9,continúa,unidad_responsable_entre_ramos,,,NCG,,,
,0.0,569.6,569.6,569.6,inf,aparece,unidad_responsable_entre_ramos,,,950,,,
,790.3,1373.3,583.0,551.4,67.1,continúa,unidad_responsable_entre_ramos,,,S00,,,
,3278.5,3877.9,599.4,468.3,13.7,continúa,unidad_responsable_entre_ramos,,,K00,,,
,75.2,689.8,614.6,611.6,782.2,continúa,unidad_responsable_entre_ramos,,,240,,,
,134.6,767.7,633.1,627.7,448.5,continúa,unidad_responsable_entre_ramos,,,420,,,
,5176.7,5843.7,667.0,460.0,8.5,continúa,unidad_responsable_entre_ramos,,,NBD,,,
,25431.0,26101.9,670.9,-346.3,-1.3,continúa,unidad_responsable_entre_ramos,,,320,,,
,10090.8,10776.9,686.2,282.5,2.7,continúa,unidad_responsable_entre_ramos,,,A2M,,,
,4836.6,5544.5,707.8,514.4,10.2,continúa,unidad_responsable_entre_ramos,,,R00,,,
,17018.3,17726.7,708.4,27.6,0.2,continúa,unidad_responsable_entre_ramos,,,E00,,,
,111.5,881.9,770.5,766.0,660.9,continúa,unidad_responsable_entre_ramos,,,HZK,,,
,385.8,1200.2,814.4,799.0,199.1,continúa,unidad_responsable_entre_ramos,,,270,,,
,1182.1,2014.6,832.5,785.2,63.9,continúa,unidad_responsable_entre_ramos,,,109,,,
,3062.3,4000.0,937.7,815.2,25.6,continúa,unidad_responsable_entre_ramos,,,L6J,,,
,1521.8,2532.4,1010.6,949.7,60.0,continúa,unidad_responsable_entre_ramos,,,130,,,
,33474.9,34487.9,1013.0,-326.0,-0.9,continúa,unidad_responsable_entre_ramos,,,QCW,,,
,83.8,1120.6,1036.8,1033.4,1185.6,continúa,unidad_responsable_entre_ramos,,,617,,,
,9504.2,10551.5,1047.3,667.2,6.7,continúa,unidad_responsable_entre_ramos,,,HXA,,,
,1027.7,2080.9,1053.3,1012.1,94.7,continúa,unidad_responsable_entre_ramos,,,616,,,
,5881.8,7002.0,1120.2,884.9,14.5,continúa,unidad_responsable_entre_ramos,,,514,,,
,18.7,1225.1,1206.4,1205.7,6204.4,continúa,unidad_responsable_entre_ramos,,,910,,,
,46.8,1291.9,1245.1,1243.2,2551.6,continúa,unidad_responsable_entre_ramos,,,940,,,
,5489.3,6796.3,1307.1,1087.5,19.0,continúa,unidad_responsable_entre_ramos,,,F00,,,
,442.4,1801.7,1359.3,1341.6,291.6,continúa,unidad_responsable_entre_ramos,,,PBE,,,
,0.0,1488.6,1488.6,1488.6,inf,aparece,unidad_responsable_entre_ramos,,,421,,,
,23129.6,24644.1,1514.4,589.2,2.4,continúa,unidad_responsable_entre_ramos,,,611,,,
,995.7,2628.7,1633.0,1593.2,153.8,continúa,unidad_responsable_entre_ramos,,,216,,,
,16655.7,18339.2,1683.5,1017.3,5.9,continúa,unidad_responsable_entre_ramos,,,115,,,
,457.5,2143.5,1686.0,1667.7,350.5,continúa,unidad_responsable_entre_ramos,,,141,,,
,949.4,2639.2,1689.8,1651.8,167.3,continúa,unidad_responsable_entre_ramos,,,143,,,
,101.9,1926.3,1824.4,1820.3,1718.0,continúa,unidad_responsable_entre_ramos,,,820,,,
,9578.5,11449.0,1870.5,1487.4,14.9,continúa,unidad_responsable_entre_ramos,,,116,,,
,0.0,2015.7,2015.7,2015.7,inf,aparece,unidad_responsable_entre_ramos,,,930,,,
,300.4,2316.9,2016.6,2004.5,641.7,continúa,unidad_responsable_entre_ramos,,,900,,,
,23051.6,25147.0,2095.4,1173.3,4.9,continúa,unidad_responsable_entre_ramos,,,J3L,,,
,53748.5,56006.0,2257.4,107.5,0.2,continúa,unidad_responsable_entre_ramos,,,A3Q,,,
,761.9,3077.2,2315.3,2284.8,288.4,continúa,unidad_responsable_entre_ramos,,,712,,,
,2871.6,5229.3,2357.7,2242.8,75.1,continúa,unidad_responsable_entre_ramos,,,400,,,
,22479.5,24839.8,2360.3,1461.2,6.2,continúa,unidad_responsable_entre_ramos,,,M00,,,
,33.7,2595.3,2561.6,2560.2,7299.2,continúa,unidad_responsable_entre_ramos,,,149,,,
,4197.3,6830.2,2633.0,2465.1,56.5,continúa,unidad_responsable_entre_ramos,,,312,,,
,65.5,2759.7,2694.1,2691.5,3949.1,continúa,unidad_responsable_entre_ramos,,,626,,,
,17552.7,20434.0,2881.2,2179.1,11.9,continúa,unidad_responsable_entre_ramos,,,610,,,
,744.7,4145.7,3401.0,3371.2,435.3,continúa,unidad_responsable_entre_ramos,,,118,,,
,45101.6,48534.8,3433.2,1629.2,3.5,continúa,unidad_responsable_entre_ramos,,,311,,,
,320.2,3798.6,3478.4,3465.6,1040.6,continúa,unidad_responsable_entre_ramos,,,810,,,
,12131.0,15661.0,3530.0,3044.8,24.1,continúa,unidad_responsable_entre_ramos,,,111,,,
,71133.9,74718.3,3584.4,739.0,1.0,continúa,unidad_responsable_entre_ramos,,,B00,,,
,13855.0,17841.7,3986.7,3432.5,23.8,continúa,unidad_responsable_entre_ramos,,,112,,,
,94701.4,98834.0,4132.6,344.6,0.3,continúa,unidad_responsable_entre_ramos,,,120,,,
,3876.2,8215.7,4339.5,4184.5,103.8,continúa,unidad_responsable_entre_ramos,,,142,,,
,4611.5,9888.9,5277.4,5092.9,106.2,continúa,unidad_responsable_entre_ramos,,,VST,,,
,27601.4,33008.8,5407.4,4303.3,15.0,continúa,unidad_responsable_entre_ramos,,,600,,,
,187529.0,195359.5,7830.5,329.3,0.2,continúa,unidad_responsable_entre_ramos,,,O00,,,
,23539.3,31544.5,8005.2,7063.6,28.9,continúa,unidad_responsable_entre_ramos,,,148,,,
,80.9,8588.0,8507.1,8503.8,10107.9,continúa,unidad_responsable_entre_ramos,,,635,,,
,75604.1,84219.7,8615.6,5591.5,7.1,continúa,unidad_responsable_entre_ramos,,,511,,,
,4425.7,13443.7,9018.0,8841.0,192.1,continúa,unidad_responsable_entre_ramos,,,113,,,
,14305.7,24063.8,9758.2,9186.0,61.7,continúa,unidad_responsable_entre_ramos,,,300,,,
,13774.8,23911.7,10136.9,9585.9,66.9,continúa,unidad_responsable_entre_ramos,,,110,,,
,8908.4,19763.3,10854.9,10498.5,113.3,continúa,unidad_responsable_entre_ramos,,,132,,,
,0.0,11866.9,11866.9,11866.9,inf,aparece,unidad_responsable_entre_ramos,,,923,,,
,9363.9,21659.0,12295.1,11920.5,122.4,continúa,unidad_responsable_entre_ramos,,,200,,,
,42251.9,57696.0,15444.2,13754.1,31.3,continúa,unidad_responsable_entre_ramos,,,700,,,
,68.6,17065.1,16996.5,16993.8,23833.7,continúa,unidad_responsable_entre_ramos,,,222,,,
,51.1,17072.3,17021.1,17019.1,32012.0,continúa,unidad_responsable_entre_ramos,,,221,,,
,518.5,17817.8,17299.2,17278.5,3203.9,continúa,unidad_responsable_entre_ramos,,,710,,,
,767.9,19517.3,18749.3,18718.6,2343.8,continúa,unidad_responsable_entre_ramos,,,711,,,
,1361734.3,1382156.8,20422.5,-34046.9,-2.4,continúa,unidad_responsable_entre_ramos,,,210,,,
,172492.4,193987.2,21494.8,14595.1,8.1,continúa,unidad_responsable_entre_ramos,,,AYO,,,
,627096.2,648772.9,21676.7,-3407.1,-0.5,continúa,unidad_responsable_entre_ramos,,,201,,,
,977626.0,1030619.4,52993.3,13888.3,1.4,continúa,unidad_responsable_entre_ramos,,,GYN,,,
,1457205.8,1549144.9,91939.1,33650.9,2.2,continúa,unidad_responsable_entre_ramos,,,114,,,
,1412487.9,1506248.9,93761.0,37261.5,2.5,continúa,unidad_responsable_entre_ramos,,,411,,,
,0.0,108767.7,108767.7,108767.7,inf,aparece,unidad_responsable_entre_ramos,,,JZO,,,
,2553656.3,2870096.6,316440.4,214294.1,8.1,continúa,unidad_responsable_entre_ramos,,,GYR,,,
,984734.5,773372.3,-211362.3,-250751.6,-24.5,continúa,subfuncion,,,,3,3,2
,34880.8,9337.5,-25543.3,-26938.6,-74.3,continúa,subfuncion,,,,2,3,4
,627391.4,604600.6,-22790.8,-47886.4,-7.3,continúa,subfuncion,,,,3,3,5
,92273.8,79475.7,-12798.1,-16489.1,-17.2,continúa,subfuncion,,,,1,2,1
,42072.7,33478.2,-8594.5,-10277.4,-23.5,continúa,subfuncion,,,,2,6,1
,58401.0,50141.8,-8259.2,-10595.3,-17.4,continúa,subfuncion,,,,1,5,2
,35553.4,27921.8,-7631.6,-9053.7,-24.5,continúa,subfuncion,,,,4,3,2
,198869.1,192419.3,-6449.9,-14404.6,-7.0,continúa,subfuncion,,,,4,1,2
,17560.2,13062.7,-4497.5,-5199.9,-28.5,continúa,subfuncion,,,,2,2,3
,5740.7,2326.8,-3413.9,-3643.5,-61.0,continúa,subfuncion,,,,3,5,4
,2380.0,432.6,-1947.4,-2042.6,-82.5,continúa,subfuncion,,,,3,5,2
,17852.7,16031.1,-1821.6,-2535.7,-13.7,continúa,subfuncion,,,,2,3,5
,4203.6,2644.4,-1559.2,-1727.3,-39.5,continúa,subfuncion,,,,3,9,1
,6738.8,5621.5,-1117.3,-1386.8,-19.8,continúa,subfuncion,,,,3,1,1
,2431.4,1521.4,-910.0,-1007.3,-39.8,continúa,subfuncion,,,,3,5,6
,5033.5,4586.2,-447.3,-648.7,-12.4,continúa,subfuncion,,,,1,3,4
,26789.9,26495.7,-294.2,-1365.8,-4.9,continúa,subfuncion,,,,1,2,3
,5361.9,5141.6,-220.4,-434.8,-7.8,continúa,subfuncion,,,,1,2,4
,1512.1,1370.0,-142.1,-202.6,-12.9,continúa,subfuncion,,,,3,8,4
,167.7,96.2,-71.5,-78.2,-44.9,continúa,subfuncion,,,,3,4,1
,590.3,527.9,-62.4,-86.0,-14.0,continúa,subfuncion,,,,1,8,5
,231.1,197.9,-33.1,-42.4,-17.6,continúa,subfuncion,,,,1,7,2
,0.0,0.0,0.0,-0.0,-3.8,continúa,subfuncion,,,,4,3,3
,2879.0,2879.0,0.0,-115.2,-3.8,continúa,subfuncion,,,,2,7,1
,800.5,800.5,0.0,-32.0,-3.8,continúa,subfuncion,,,,1,3,1
,218.8,218.8,0.0,-8.8,-3.8,continúa,subfuncion,,,,1,3,3
,1893.1,1899.1,6.0,-69.7,-3.5,continúa,subfuncion,,,,3,7,1
,153.1,160.8,7.7,1.5,1.0,continúa,subfuncion,,,,1,3,5
,11807.5,11816.0,8.5,-463.8,-3.8,continúa,subfuncion,,,,1,8,2
,5349.8,5363.7,13.9,-200.1,-3.6,continúa,subfuncion,,,,1,5,1
,161.3,179.3,18.1,11.6,6.9,continúa,subfuncion,,,,3,3,3
,1382.2,1432.5,50.3,-5.0,-0.3,continúa,subfuncion,,,,3,8,2
,1098.3,1149.1,50.8,6.8,0.6,continúa,subfuncion,,,,1,8,3
,995.9,1068.2,72.2,32.4,3.1,continúa,subfuncion,,,,2,6,6
,2822.6,2914.0,91.4,-21.5,-0.7,continúa,subfuncion,,,,1,1,2
,1237.3,1405.3,168.0,118.5,9.2,continúa,subfuncion,,,,2,2,1
,2562.1,2738.2,176.2,73.7,2.8,continúa,subfuncion,,,,2,4,1
,2565.3,2753.1,187.8,85.2,3.2,continúa,subfuncion,,,,3,2,2
,5038.9,5281.3,242.4,40.8,0.8,continúa,subfuncion,,,,2,6,7
,7138.4,7404.0,265.7,-19.9,-0.3,continúa,subfuncion,,,,2,1,3
,5699.8,5988.2,288.5,60.5,1.0,continúa,subfuncion,,,,2,5,5
,4450.7,4754.0,303.2,125.2,2.7,continúa,subfuncion,,,,1,3,2
,14706.5,15017.0,310.5,-277.7,-1.8,continúa,subfuncion,,,,1,1,1
,4029.0,4340.9,311.9,150.7,3.6,continúa,subfuncion,,,,3,6,1
,21987.0,22307.6,320.6,-558.9,-2.4,continúa,subfuncion,,,,1,2,2
,2361.5,2688.9,327.5,233.0,9.5,continúa,subfuncion,,,,3,2,3
,3863.4,4310.0,446.6,292.1,7.3,continúa,subfuncion,,,,1,6,3
,2519.3,2975.5,456.3,355.5,13.6,continúa,subfuncion,,,,3,3,4
,2534.3,3004.0,469.8,368.4,14.0,continúa,subfuncion,,,,1,3,7
,11867.7,12387.1,519.4,44.7,0.4,continúa,subfuncion,,,,1,7,4
,947.7,1481.5,533.8,495.9,50.3,continúa,subfuncion,,,,1,3,9
,1002.3,1590.8,588.5,548.4,52.6,continúa,subfuncion,,,,2,1,5
,19676.8,20311.7,635.0,-152.1,-0.7,continúa,subfuncion,,,,3,9,3
,9294.2,10176.6,882.4,510.6,5.3,continúa,subfuncion,,,,1,4,1
,33472.3,34487.7,1015.4,-323.5,-0.9,continúa,subfuncion,,,,2,2,5
,10819.5,12029.8,1210.3,777.5,6.9,continúa,subfuncion,,,,2,5,4
,3836.6,5238.3,1401.7,1248.2,31.3,continúa,subfuncion,,,,3,8,3
,3434.6,4906.9,1472.3,1334.9,37.4,continúa,subfuncion,,,,2,1,6
,53527.7,55476.7,1949.0,-192.1,-0.3,continúa,subfuncion,,,,3,5,1
,6587.8,8548.3,1960.5,1696.9,24.8,continúa,subfuncion,,,,3,2,5
,21114.3,23298.1,2183.8,1339.3,6.1,continúa,subfuncion,,,,2,6,3
,27543.4,29755.2,2211.8,1110.1,3.9,continúa,subfuncion,,,,3,1,2
,18643.8,21054.7,2410.8,1665.1,8.6,continúa,subfuncion,,,,2,3,1
,16212.8,18999.0,2786.2,2137.7,12.7,continúa,subfuncion,,,,2,3,3
,18579.3,21644.7,3065.4,2322.2,12.0,continúa,subfuncion,,,,2,4,2
,5399.8,10779.3,5379.5,5163.6,91.9,continúa,subfuncion,,,,2,1,2
,28214.1,33698.3,5484.2,4355.7,14.8,continúa,subfuncion,,,,1,7,1
,146386.1,152116.2,5730.1,-125.4,-0.1,continúa,subfuncion,,,,3,5,3
,23819.4,30577.5,6758.1,5805.3,23.4,continúa,subfuncion,,,,1,7,3
,56980.7,64207.5,7226.8,4947.6,8.3,continúa,subfuncion,,,,3,8,1
,266447.6,273853.2,7405.6,-3252.3,-1.2,continúa,subfuncion,,,,2,6,9
,152047.2,161187.9,9140.6,3058.8,1.9,continúa,subfuncion,,,,2,5,2
,70855.7,81400.4,10544.7,7710.5,10.5,continúa,subfuncion,,,,4,4,1
,34177.5,46923.8,12746.3,11379.2,32.0,continúa,subfuncion,,,,1,6,2
,62269.9,76900.1,14630.2,12139.4,18.7,continúa,subfuncion,,,,3,2,1
,1098811.9,1113616.3,14804.4,-29148.1,-2.6,continúa,subfuncion,,,,4,1,1
,100483.3,115592.5,15109.2,11089.8,10.6,continúa,subfuncion,,,,1,6,1
,170612.8,187259.6,16646.8,9822.3,5.5,continúa,subfuncion,,,,2,5,3
,22837.2,42274.5,19437.3,18523.8,78.0,continúa,subfuncion,,,,1,3,6
,699616.3,723843.5,24227.2,-3757.5,-0.5,continúa,subfuncion,,,,2,6,8
,346633.0,371503.9,24870.9,11005.6,3.1,continúa,subfuncion,,,,2,2,7
,0.0,37984.3,37984.3,37984.3,9130847317.8,continúa,subfuncion,,,,4,3,4
,55872.5,96507.1,40634.6,38399.7,66.1,continúa,subfuncion,,,,2,5,6
,766810.6,836253.6,69443.0,38770.6,4.9,continúa,subfuncion,,,,2,5,1
,1456045.9,1547607.9,91562.0,33320.1,2.2,continúa,subfuncion,,,,4,2,2
,886712.0,1049084.3,162372.2,126903.8,13.8,continúa,subfuncion,,,,2,3,2
,2758176.3,3016404.5,258228.2,147901.2,5.2,continúa,subfuncion,,,,2,6,2
