period,effect,second_diff
2005,0.06576852240738629,
2008,0.03150795130155815,0.04193089357946659
2010,0.03917827377519661,-0.043372028637734754
2013,0.0034765676111003126,0.05559492262802378
2015,0.023369784075027798,-0.0455031007492115
2017,-0.0022401002102562136,0.007776881569670501
2019,-0.020073102925869724,-0.03007086729961066
2023,-0.0679769729410939,0.04286991986326873
2024,-0.07301092309304934,
