cohort_start,effect,second_diff
1970,0.07635909623111498,
1975,0.05678940417433603,-0.02079031652974607
1980,0.01642939558781102,0.00774148811319935
1985,-0.01618912488551464,0.002394547653046336
1990,-0.046413097705793965,0.024795845035579862
1995,-0.05184122549049343,0.022134905363732874
2000,-0.03513444791146002,
