cohort_start,effect,second_diff
1970,0.02695036683776969,
1975,0.025540774289666904,-0.004641551969233472
1980,0.019489629772330645,-0.008938868681127005
1985,0.004499616573867382,-0.009353696564943278
1990,-0.01984409318953916,0.014079634523643025
1995,-0.030108168429302674,0.013844117814273405
2000,-0.026528125854792785,
