cohort_start,effect,second_diff
1970,0.0751457307060013,
1975,0.06349300709893388,-0.017526695438103493
1980,0.03431358805376296,-0.010815565199623262
1985,-0.005681396191031224,0.0011530946613894227
1990,-0.04452328577443598,0.022120908437811088
1995,-0.061244266920029655,0.01646187109242206
2000,-0.06150337697320127,
