cohort_start,effect,second_diff
1970,-0.002775322988410569,
1975,-0.0037132135700201313,0.00845735301020501
1980,0.0038062488585753162,0.0011331054003779185
1985,0.012458816687548682,-0.011187723604672867
1990,0.00992366091184918,-0.0034479606514875964
1995,0.003940544484662083,-0.021598162441679544
2000,-0.02364073438420456,
