cohort_start,effect,second_diff
1970,-0.014652460573130265,
1975,-0.00280852164747053,-0.009455293464242644
1980,-0.00041987618605343873,0.010586389675753457
1985,0.012555158951117109,-0.009748402406366315
1990,0.015781791681921342,-0.010789115614920287
1995,0.008219308797805287,-0.01933222693787874
2000,-0.018675401024189506,
