period,effect,second_diff
2005,-0.05087466636527595,
2008,-0.03343631979909109,-0.007271929708228528
2010,-0.023269902941134762,0.0035241519108628813
2013,-0.009579334172315553,-0.0015541687561289388
2015,0.0025570658403747176,-0.006210810239033257
2017,0.00848265561403173,0.0008438796058557818
2019,0.015252124993544525,0.025704853877154342
2023,0.04772644825021166,-0.03705884292722408
2024,0.04314192857965472,
