cohort_start,effect,second_diff
1970,-0.02451408589772878,
1975,-0.021482008661326015,0.006763059604331646
1980,-0.011686871820591601,0.010674574325144948
1985,0.00878283934528776,-0.0002622752920475504
1990,0.028990275219119573,-0.01773245414266698
1995,0.031465256950284404,-0.04549564381649456
2000,-0.011555405135045334,
