country,period_F,period_p,period_present
CRI,3.8510951727123377,0.0036144547330039458,True
