country,reference_spec,role,lag,n,beta,se,ci_lo,ci_hi,pvalue,amplifying,note,estimator_level
CRI,peer_younger,primary,1,36,0.17224224772999402,0.09587020149694955,-0.015659894394625062,0.3601443898546131,0.07239608919561663,False,,ecological — REDATAM pre-tabulated cells
CRI,peer_younger,primary,2,33,0.11532635088580358,0.03943047250032724,0.038044044891765175,0.19260865687984197,0.0034467472163938855,False,,ecological — REDATAM pre-tabulated cells
CRI,peer_older,clean,1,36,0.1597783949573977,0.09424228171023592,-0.024933083015542562,0.34448987293033795,0.08999950448449232,False,,ecological — REDATAM pre-tabulated cells
CRI,peer_older,clean,2,33,0.048799671639160005,0.04697412669985081,-0.04326792489776893,0.14086726817608894,0.2988685608125654,False,,ecological — REDATAM pre-tabulated cells
CRI,pop2039,robustness,1,48,0.2856775183089296,0.12232264387265586,0.04592954182480502,0.5254254947930542,0.01952030911441639,False,,ecological — REDATAM pre-tabulated cells
CRI,pop2039,robustness,2,44,0.07891070513253799,0.06910009898711264,-0.05652300021035546,0.21434441047543146,0.25346369206497377,False,,ecological — REDATAM pre-tabulated cells
CRI,own_lag,comparator,1,48,0.35648480712521124,0.09537313584369181,0.1695568957789292,0.5434127184714933,0.0001856444873104758,False,MECHANICAL own-lag — comparator only,ecological — REDATAM pre-tabulated cells
CRI,own_lag,comparator,2,36,-0.009446123950921079,0.08249640755564465,-0.17113611161392256,0.15224386371208043,0.9088387052150481,False,MECHANICAL own-lag — comparator only,ecological — REDATAM pre-tabulated cells
